proposalId,l1_tx,l1_block,l2_blocks,l2_gas,l2_gas_per_block,l1_cost_eth,l1_exec_eth,l1_blob_eth,cost_per_l2_block_eth,cost_per_l2_gas_wei,l1_effective_gas_price,l2_base_fee,l2_base_fee_revenue_eth,miner,ts_first,ts_last
39901,0x1a05ac3ea37c733791ae0d82d715781ed0e0df2b3e48468d3b70019db9d7a64d,26122480,192,22487422,117121.98958333333,8.7321144095538e-05,8.6196181037874e-05,1.124963057664e-06,4.547976254975938e-07,3883110.482630601,1140251621,10000000,0.00022487422,0x35376dd47c061bc3b8c8e8d61987019e7ed58f06,1791158519,1791158901
39902,0x06aa63995db29c8a5f389ef6edcb3c058e8eecdef8066c4c5fd4548d2d71cde2,26122512,192,22783326,118663.15625,8.6452724027084e-05,8.5428156354252e-05,1.024567672832e-06,4.502746043077292e-07,3794561.1640321524,1130091758,10000000,0.00022783326,0x5f62d006c10c009ff50c878cd6157ac861c99990,1791158903,1791159285
39903,0xcc626d055e3c8019840bf18fd9987bb350cdde2f319fe16ce97fd84a95ac88e1,26122544,192,23332025,121520.96354166667,8.5878386853834e-05,8.4872797095882e-05,1.005589757952e-06,4.472832648637187e-07,3680708.67632938,1122745153,10000000,0.00023332025,0x35376dd47c061bc3b8c8e8d61987019e7ed58f06,1791159287,1791159669
39904,0x2f84594c4d74267d6f2e4b148435c10dae83f40ddd3de2d95282bcf0f9c8ffda,26122576,192,22487422,117121.98958333333,8.5011424795534e-05,8.4081776188302e-05,9.29648607232e-07,4.4276783747673955e-07,3780398.8734472985,1112281083,10000000,0.00022487422,0x5f62d006c10c009ff50c878cd6157ac861c99990,1791159671,1791160053
39905,0x018bcee0fdb72f615d1ed881dbd950735f76b53cd71f23c635f2a1353e71c6db,26122609,192,22604183,117730.11979166667,8.4125384405818e-05,8.3376985961274e-05,7.48398444544e-07,4.3815304378030207e-07,3721673.3029376906,1102957721,10000000,0.00022604183,0x5f62d006c10c009ff50c878cd6157ac861c99990,1791160055,1791160437
39906,0xd8e89ee2f74d66e407cd72478a17432622c6b414c4dac261d2a9671c480d63f6,26122641,192,22622951,117827.86979166667,8.3994558152044e-05,8.3223434968428e-05,7.71123183616e-07,4.374716570418958e-07,3712802.903212936,1100926462,10000000,0.00022622951,0x35376dd47c061bc3b8c8e8d61987019e7ed58f06,1791160439,1791160821
39907,0x5cda6ad008c4e05b8cda520b196a606b3a095193dac78f7708cef46311c5d7fc,26122672,192,22531300,117350.52083333333,8.4537620404806e-05,8.3734119684678e-05,8.03500720128e-07,4.4030010627503123e-07,3752008.1133714435,1107682087,10000000,0.000225313,0x5f62d006c10c009ff50c878cd6157ac861c99990,1791160823,1791161205
39908,0x4b83e0718a826ebb3d24f31f971ee550d65543b159ad5ed6de858582406ade31,26122704,192,23512080,122458.75,8.3553115393598e-05,8.2871507177022e-05,6.81608216576e-07,4.351724760083229e-07,3553625.0044061607,1096270963,10000000,0.0002351208,0x5f62d006c10c009ff50c878cd6157ac861c99990,1791161207,1791161589
39909,0x65343cb9facd6b7b13aa18e45ce69ab57506505c0c65220cd5babc1d6e129f3b,26122737,192,22755945,118520.546875,8.3042039044994e-05,8.2312977128322e-05,7.29061916672e-07,4.325106200260104e-07,3649245.902334269,1088882413,10000000,0.00022755945,0x5f62d006c10c009ff50c878cd6157ac861c99990,1791161591,1791161973
39910,0x8e3d9049e409392c455c0b7fd2035f51c7aa2b676d7c3ff1a2096aa66ec64f53,26122768,192,23691067,123390.97395833333,8.2507627806618e-05,8.1858360557466e-05,6.49267249152e-07,4.2972722815946875e-07,3482647.185397686,1082868489,10000000,0.00023691067,0x5f62d006c10c009ff50c878cd6157ac861c99990,1791161975,1791162357
39911,0x6845b229cea1846ce0a0898c963e675094c2148154faebe409f3ba1362fd7b66,26122800,192,22508434,117231.42708333333,8.1844528920872e-05,8.12896223706e-05,5.54906550272e-07,4.2627358812954163e-07,3636171.619974628,1075344900,10000000,0.00022508434,0x5f62d006c10c009ff50c878cd6157ac861c99990,1791162359,1791162741
39912,0xf1e0c4f0ed5b4675e079c50cdf465cceb405c5f569f7c164254028afd3c95ccf,26122832,192,22541027,117401.18229166667,8.2738406089696e-05,8.2173028066272e-05,5.65378023424e-07,4.3092919838383336e-07,3670569.494890184,1087031088,10000000,0.00022541027,0x35376dd47c061bc3b8c8e8d61987019e7ed58f06,1791162743,1791163125
39913,0xa39b5d6beeff112981ead02d6c7e91785fb3b665f56b83d1bebabc07902dc1ff,26122864,192,23626201,123053.13020833333,8.3093587341146e-05,8.2391284952922e-05,7.02302388224e-07,4.327791007351354e-07,3517010.0915143318,1089918313,10000000,0.00023626201,0x5f62d006c10c009ff50c878cd6157ac861c99990,1791163127,1791163509
39914,0x9e6218f918c05e72b2c3055d31076a8443b9e386cb0a92b248d2a2f78b798dd3,26122896,192,22485106,117109.92708333333,8.2340200584076e-05,8.1705339327372e-05,6.34861256704e-07,4.288552113753958e-07,3661988.544064502,1080844238,10000000,0.00022485106,0x5f62d006c10c009ff50c878cd6157ac861c99990,1791163511,1791163893
39915,0xd82a13fa5e862865f19ae0d006e64e89280974be47e089ed24798e1e45707c97,26122928,192,22792446,118710.65625,8.3278138946862e-05,8.2664287089966e-05,6.13851856896e-07,4.3374030701490626e-07,3653760.5023551225,1093529739,10000000,0.00022792446,0x5f62d006c10c009ff50c878cd6157ac861c99990,1791163895,1791164277
39916,0x0007d3193cf737a608dbcb9d658dd7e6ba155941dca36d0bc1be3bd4754d3823,26122960,192,22663208,118037.54166666667,8.231609140425e-05,8.1731365056474e-05,5.84726347776e-07,4.2872964273046875e-07,3632146.490657898,1081188521,10000000,0.00022663208,0x35376dd47c061bc3b8c8e8d61987019e7ed58f06,1791164279,1791164661
39917,0x02715fbec4c2d250b6cf645985b1cdf689b9b83e3c28bdfa186ac4ffd925df98,26122992,192,22487470,117122.23958333333,8.3932504252498e-05,8.3232824877138e-05,6.9967937536e-07,4.371484596484271e-07,3732412.0611388474,1101050677,10000000,0.0002248747,0x35376dd47c061bc3b8c8e8d61987019e7ed58f06,1791164663,1791165045
39918,0x4121fe8e43dceffb66328f568a0a29dc6bb0a3f3d8b6b6dba72c83330744b414,26123024,192,23716310,123522.44791666667,8.2066645847036e-05,8.14797299415e-05,5.86915905536e-07,4.274304471199792e-07,3460346.3121807734,1077859750,10000000,0.0002371631,0x5f62d006c10c009ff50c878cd6157ac861c99990,1791165047,1791165429
39919,0x93f7617e4952ed53ae2410645c971d18fd3f145d497cc5ad4b6f0de10334d094,26123056,192,22758796,118535.39583333333,8.2285166259054e-05,8.1687174769518e-05,5.97991489536e-07,4.2856857426590624e-07,3615532.485068806,1080603947,10000000,0.00022758796,0x5f62d006c10c009ff50c878cd6157ac861c99990,1791165431,1791165813
39920,0xc2de0038ca29931329b79d099d45d805756452885f90f6c5071273ff1750e2ad,26123088,192,22798659,118743.015625,8.2577042337364e-05,8.1922906418772e-05,6.54135918592e-07,4.300887621737708e-07,3622013.13407793,1083722338,10000000,0.00022798659,0x35376dd47c061bc3b8c8e8d61987019e7ed58f06,1791165815,1791166197
39921,0xacc28648ee310e9eb3910398e5242983b9aaca9e4f25bad859cfae2d6497bc6b,26123120,192,23319764,121457.10416666667,8.263371778809e-05,8.1989292993978e-05,6.44424794112e-07,4.3038394681296876e-07,3543505.7485182956,1084600537,10000000,0.00023319764,0x5f62d006c10c009ff50c878cd6157ac861c99990,1791166199,1791166581
39922,0x40e4374ccbcb8a00eac781cff7a6b7611ebae1b09fd86dafbea62032f942b5b9,26123152,192,22531192,117349.95833333333,8.3003114595438e-05,8.2316397454446e-05,6.86717140992e-07,4.323078885179063e-07,3683920.255769779,1088927659,10000000,0.00022531192,0x35376dd47c061bc3b8c8e8d61987019e7ed58f06,1791166583,1791166965
39923,0xf3d97835e4b553cfb087ed753fca0f9ff66e11a6aa84a4259e1186ec49c70319,26123184,192,23387850,121811.71875,8.1758373714538e-05,8.1180172917354e-05,5.78200797184e-07,4.258248630965521e-07,3495762.7021952854,1073897041,10000000,0.0002338785,0x35376dd47c061bc3b8c8e8d61987019e7ed58f06,1791166967,1791167349
39924,0xc259f6ad81c7f606d333ca6857656a8dc40c676e79f8cfc5ca4bc827a53b1abb,26123216,192,22509630,117237.65625,8.1724845579278e-05,8.1126856317966e-05,5.97989261312e-07,4.2565023739207293e-07,3630661.435984421,1073191739,10000000,0.0002250963,0x5f62d006c10c009ff50c878cd6157ac861c99990,1791167351,1791167733
39925,0x4d745fdf469765e42ae063db37eed764d30ff59e6cf4b6b8c2194a92c6766e57,26123248,192,23061105,120109.921875,8.2642596145856e-05,8.202182434272e-05,6.20771803136e-07,4.3043018825966665e-07,3583635.569321418,1085030880,10000000,0.00023061105,0x35376dd47c061bc3b8c8e8d61987019e7ed58f06,1791167735,1791168117
39926,0xd84a790a8cbfcb4b7003943ea53f490eadaf8fcef21dfeabe7997c7d0fcbef24,26123280,192,22650819,117973.015625,8.2760459053584e-05,8.2068589210128e-05,6.91869843456e-07,4.3104405757075004e-07,3653751.286149256,1085649512,10000000,0.00022650819,0x35376dd47c061bc3b8c8e8d61987019e7ed58f06,1791168119,1791168501
39927,0x36714c8da92a0fd18998ff41e54d724fce2ce6c56f09be6ac85755e8d6308c0c,26123312,192,22608884,117754.60416666667,8.2580433694484e-05,8.1980205461268e-05,6.00228233216e-07,4.3010642549210415e-07,3652565.677035806,1084480322,10000000,0.00022608884,0x5f62d006c10c009ff50c878cd6157ac861c99990,1791168503,1791168885
39928,0xf25e4f385cc512aef4446f713f5e0834a70a2e1e97cdadea4eaf702ae2200227,26123344,192,23367525,121705.859375,8.3768154332526e-05,8.3076285275502e-05,6.91869057024e-07,4.362924704819062e-07,3584810.7291005785,1098979883,10000000,0.00023367525,0x35376dd47c061bc3b8c8e8d61987019e7ed58f06,1791168887,1791169269
39929,0x0fee7a3a93393465b8dcd8ad1fbce1f88230ab50b56a62e04f17af6ff4c1bfe8,26123376,192,22627475,117851.43229166667,8.270323260495e-05,8.2075459722006e-05,6.27772882944e-07,4.3074600315078126e-07,3654991.6685334975,1085740399,10000000,0.00022627475,0x35376dd47c061bc3b8c8e8d61987019e7ed58f06,1791169271,1791169653
39930,0x4bd2d5a6dc82b7f750f235ade983c302c4c8cb07025385dea52b905db4bae84c,26123408,192,22509618,117237.59375,8.4065930456e-05,8.3345012042688e-05,7.20918413312e-07,4.3784338779166665e-07,3734667.1301130033,1102534752,10000000,0.00022509618,0x5f62d006c10c009ff50c878cd6157ac861c99990,1791169655,1791170037
39931,0xea1a9c8bfdcf67460fbfd32a2db0e7f48210d27fb1d11df24ad8a947a30d0acd,26123440,192,22509642,117237.71875,8.5524115260274e-05,8.4635275002738e-05,8.88840257536e-07,4.4543810031392707e-07,3799443.6011143136,1119603077,10000000,0.00022509642,0x35376dd47c061bc3b8c8e8d61987019e7ed58f06,1791170039,1791170421
39932,0x0660127cdfd030ccca6df5eff8da804fad792b1b85b5e9fe6b211158b2ee3855,26123472,192,22834534,118929.86458333333,8.5211930736978e-05,8.4323091134802e-05,8.88839602176e-07,4.4381213925509374e-07,3731713.1471558823,1115473333,10000000,0.00022834534,0x35376dd47c061bc3b8c8e8d61987019e7ed58f06,1791170423,1791170805
39933,0x46dfc0a7301e6394b958254a6c6813a968b236adc16e241ee901748ced2999fe,26123504,192,23913032,124547.04166666667,8.3747567609408e-05,8.2982204384832e-05,7.65363224576e-07,4.3618524796566664e-07,3502172.6901635895,1097735328,10000000,0.00023913032,0x35376dd47c061bc3b8c8e8d61987019e7ed58f06,1791170807,1791171189
39934,0x512a5d5216f8f6cc2eebf40cdc62bedf9bcdc715bbd0da9d66bd90a22b6e9261,26123536,192,22702671,118243.078125,8.3488151892036e-05,8.2678635360324e-05,8.09516531712e-07,4.348341244376875e-07,3677459.4448395963,1093719546,10000000,0.00022702671,0x5f62d006c10c009ff50c878cd6157ac861c99990,1791171191,1791171573
39935,0xc33e17a8f0066324f26a1845a094b9ae3967a6c9442e0b0d8121c6410d0214d9,26123569,192,22636417,117898.00520833333,8.1955919186058e-05,8.1299339298954e-05,6.56579887104e-07,4.268537457607187e-07,3620534.0794904954,1075473441,10000000,0.00022636417,0x35376dd47c061bc3b8c8e8d61987019e7ed58f06,1791171575,1791171957
39936,0xbfcf2ef83afc93e4b9ae422a6ee35fcc7769fa0351d319d9f6f42b19577092a9,26123600,192,22530606,117346.90625,8.1908223957996e-05,8.1266210757612e-05,6.42013200384e-07,4.266053331145625e-07,3635420.3680982217,1075035198,10000000,0.00022530606,0x35376dd47c061bc3b8c8e8d61987019e7ed58f06,1791171959,1791172341
39937,0x0339136faa1374c2882167f0bff9e17818f347f18c44245b71c497df63d1f54a,26123632,192,22627475,117851.43229166667,8.193806950147e-05,8.1340085220894e-05,5.97984280576e-07,4.267607786534896e-07,3621176.004015914,1076012451,10000000,0.00022627475,0x5f62d006c10c009ff50c878cd6157ac861c99990,1791172343,1791172725
39938,0x986a6688d3f8dec12504253093cbcc44b0b47e033b8a351675265d8326440f2c,26123664,192,23482534,122304.86458333333,8.3315281872144e-05,8.254417585896e-05,7.71106013184e-07,4.3393375975075e-07,3547968.1141798412,1091940840,10000000,0.00023482534,0x35376dd47c061bc3b8c8e8d61987019e7ed58f06,1791172727,1791173109
39939,0x1703490ad656421b274c9b405d2e0fe5b8b7e04aff19425bd1fd51c316beebbf,26123696,192,22487434,117122.05208333333,8.4594780503418e-05,8.3705944440186e-05,8.88836063232e-07,4.4059781512196875e-07,3761868.9844033783,1107309369,10000000,0.00022487434,0x5f62d006c10c009ff50c878cd6157ac861c99990,1791173111,1791173493
39940,0x5f194f76d22f7909f660f3f5a17e4ff9f4c1dbc918b28e199c6efe429af931e3,26123728,192,22730403,118387.515625,8.2941068296526e-05,8.2291814285646e-05,6.4925401088e-07,4.319847307110729e-07,3648904.434141621,1088602459,10000000,0.00022730403,0x5f62d006c10c009ff50c878cd6157ac861c99990,1791173495,1791173877
39941,0x188f420476e653c4b2208d83407c65e439828944ba7ee64d78764cbe44b2d1b8,26123760,192,22727697,118373.421875,8.3393413098012e-05,8.2704131402268e-05,6.89281695744e-07,4.3434069321881247e-07,3669241.678908866,1094056822,10000000,0.00022727697,0x35376dd47c061bc3b8c8e8d61987019e7ed58f06,1791173879,1791174261
39942,0x45372f848dcc086af52a628d35bf417c8193cebf3fea1c78c14decf4c30bf8fd,26123791,192,22843049,118974.21354166667,8.2770201948e-05,8.2156361101152e-05,6.13840846848e-07,4.3109480181249997e-07,3623430.5651579173,1086810608,10000000,0.00022843049,0x35376dd47c061bc3b8c8e8d61987019e7ed58f06,1791174263,1791174645
39943,0x4bb1183990d58483a8ee2e7fb855f0861a4c3c0ad05fe0439a426eee1ef9bfc4,26123823,192,23430031,122031.41145833333,8.459874122639e-05,8.376464817039e-05,8.34093056e-07,4.4061844388744796e-07,3610696.9395981594,1108085935,10000000,0.00023430031,0x35376dd47c061bc3b8c8e8d61987019e7ed58f06,1791174647,1791175029
39944,0xa070ae84324ff4d8ae604ea13e3eca2d123344a5bed0122955450ae40fa66fa1,26123855,192,22606547,117742.43229166667,8.1885679641328e-05,8.1347138216688e-05,5.3854142464e-07,4.2648791479858336e-07,3622210.841900269,1076105752,10000000,0.00022606547,0x5f62d006c10c009ff50c878cd6157ac861c99990,1791175031,1791175413
39945,0xa8f57dcc239fb8770a7bf1f657e5171a8e9191bb1175dda792923bd1e591ecf4,26123887,192,22648511,117960.99479166667,8.1333969529972e-05,8.0744865246324e-05,5.89104283648e-07,4.236144246352708e-07,3591139.8117947797,1068138546,10000000,0.00022648511,0x35376dd47c061bc3b8c8e8d61987019e7ed58f06,1791175415,1791175797
39946,0x5b6e5b2d6463da8882d4dfd06dedf515b71b8fedc2ffaf9c84c0f46766dc2423,26123918,192,22571434,117559.55208333333,8.205084865395e-05,8.1495955210878e-05,5.54893443072e-07,4.2734817007265627e-07,3635163.30659142,1078074387,10000000,0.00022571434,0x5f62d006c10c009ff50c878cd6157ac861c99990,1791175799,1791176181
39947,0x6ddf416b3b5c2d246f2f0af1d1e82f122f6105083af391a7741194fbd9d37a66,26123950,192,22442890,116890.05208333333,8.291473079061e-05,8.2233140793042e-05,6.81589997568e-07,4.318475562010938e-07,3694476.5487247854,1087826293,10000000,0.0002244289,0x35376dd47c061bc3b8c8e8d61987019e7ed58f06,1791176183,1791176565
39948,0x71e6a1fd7657db03aad3e2c96261b2a75db23655cab9e526cd4d38b4a295de31,26123983,192,22865796,119092.6875,8.3656012327872e-05,8.2846502874048e-05,8.09509453824e-07,4.35708397541e-07,3658565.4979110286,1095940192,10000000,0.00022865796,0x35376dd47c061bc3b8c8e8d61987019e7ed58f06,1791176567,1791176949
39949,0xe3f1c3f1af0315061ab468fca719ef46f9340ded79b06fed572ffbed59003a34,26124014,192,23380656,121774.25,8.2216672545834e-05,8.1657614945322e-05,5.59057600512e-07,4.282118361762188e-07,3516439.9384616925,1080212913,10000000,0.00023380656,0x5f62d006c10c009ff50c878cd6157ac861c99990,1791176951,1791177333
39950,0x24a3bc19c7e26616640c98951380ea28d15ad11194475c7833246190b54ca9fe,26124046,192,22742900,118452.60416666667,8.4208017683996e-05,8.3505732597276e-05,7.0228508672e-07,4.3858342543747916e-07,3702606.865615027,1104660854,10000000,0.000227429,0x35376dd47c061bc3b8c8e8d61987019e7ed58f06,1791177335,1791177717
39951,0xf352e16062fce527614c8549bbdbe2cd42644e9274d7d1bfb9c06da87c5e7954,26124078,192,22681032,118130.375,8.5175031069866e-05,8.4350246616234e-05,8.24784453632e-07,4.436199534888854e-07,3755341.955774587,1115832561,10000000,0.00022681032,0x5f62d006c10c009ff50c878cd6157ac861c99990,1791177719,1791178101
39952,0xbdcf5d22cb2940247b151d6257a57cde919f29d8612b22cb8a514d4947dd0ee4,26124110,192,22976533,119669.44270833333,8.328647122328e-05,8.2573604300784e-05,7.12866922496e-07,4.3378370428791666e-07,3624849.3723261035,1092330136,10000000,0.00022976533,0x5f62d006c10c009ff50c878cd6157ac861c99990,1791178103,1791178485
39953,0x403af990c8147ba28c675a06600995dc4ab3ad8c7b2382467e6cafc0e3342606,26124141,192,23543708,122623.47916666667,8.1349083265992e-05,8.0824458017736e-05,5.24625248256e-07,4.23693142010375e-07,3455236.6715553897,1069191444,10000000,0.00023543708,0x5f62d006c10c009ff50c878cd6157ac861c99990,1791178487,1791178869
39954,0x762f6e57b61461fa7d8a8b35be3d9742750cc98cc55e218e4accf99e4bf7d82e,26124173,192,22536194,117376.01041666667,8.1801983257614e-05,8.1236621224974e-05,5.6536203264e-07,4.2605199613340623e-07,3629804.7158102207,1074643771,10000000,0.00022536194,0x35376dd47c061bc3b8c8e8d61987019e7ed58f06,1791178871,1791179253
39955,0x4216e69317a5b4dd0578f5b1a954b6d2fbf84cd2aa4a2d7a544113e73cc229d3,26124205,192,22787416,118684.45833333333,8.1286649719214e-05,8.0865885268398e-05,4.20764450816e-07,4.233679672875729e-07,3567172.764091111,1069739467,10000000,0.00022787416,0x35376dd47c061bc3b8c8e8d61987019e7ed58f06,1791179255,1791179637
39956,0x90b96409a097357d68999416f5afed642efcadccf657949d68f4c80d50b0e3dd,26124238,192,22896430,119252.23958333333,8.1730732339856e-05,8.118612057768e-05,5.44611762176e-07,4.2568089760341665e-07,3569584.094107946,1073975720,10000000,0.0002289643,0x35376dd47c061bc3b8c8e8d61987019e7ed58f06,1791179639,1791180021
39957,0x52af065645099cc4f921526ac5cd4741861f942beca38f42099c13a5d9bd2cf1,26124269,192,22622873,117827.46354166667,8.4073119240678e-05,8.3223294136806e-05,8.49825103872e-07,4.3788082937853123e-07,3716288.3441319764,1100924599,10000000,0.00022622873,0x35376dd47c061bc3b8c8e8d61987019e7ed58f06,1791180023,1791180405
39958,0x2542ac8160f5a42acf812ab1634bb83e935ea3d0ea3c94e6beaf9f765f7e9659,26124301,192,24065611,125341.72395833333,8.3959640210586e-05,8.3197146021018e-05,7.62494189568e-07,4.3728979276346876e-07,3488780.742387384,1100578697,10000000,0.00024065611,0x35376dd47c061bc3b8c8e8d61987019e7ed58f06,1791180407,1791180789
39959,0x07bcf60dd3a8ec8c0f10c7cb6ac8f2418df21b0f4a378af90df686dc26dae686,26124334,192,22481466,117090.96875,8.2135002759752e-05,8.1492999258696e-05,6.42003501056e-07,4.2778647270704165e-07,3653454.038973793,1078035284,10000000,0.00022481466,0x5f62d006c10c009ff50c878cd6157ac861c99990,1791180791,1791181173
39960,0xad35568fb510d95feffe2fb83f1b8297e54df9b1c030026eb8d8ce4f830b527d,26124365,192,23568975,122755.078125,8.1681364837304e-05,8.1103177933752e-05,5.78186903552e-07,4.2542377519429167e-07,3465630.76405758,1072878508,10000000,0.00023568975,0x35376dd47c061bc3b8c8e8d61987019e7ed58f06,1791181175,1791181557
39961,0x6d71f8d190dd637e95d32e4ffd5c640c6a56c7a8a6fd4dab8c019cb4be756d42,26124397,192,22540967,117400.86979166667,8.314412364997e-05,8.2428590591922e-05,7.15533058048e-07,4.3304231067692706e-07,3688578.384856781,1090411813,10000000,0.00022540967,0x35376dd47c061bc3b8c8e8d61987019e7ed58f06,1791181559,1791181941
39962,0x66f93bf3a5ae2e986c78c10e652746c71e7c8661ebec9b354b03a49c2039e3e6,26124428,192,22540955,117400.80729166667,8.383503590404e-05,8.3202564220968e-05,6.32471683072e-07,4.366408120002083e-07,3719231.767422454,1100650372,10000000,0.00022540955,0x5f62d006c10c009ff50c878cd6157ac861c99990,1791181943,1791182325
39963,0xd034ec815d5b96a8776b50725a816ee83d1f5b16ab8f4d9ce71900dd4b399d94,26124460,192,23383266,121787.84375,8.0941846913834e-05,8.0440244331306e-05,5.01602582528e-07,4.215721193428854e-07,3461528.72373919,1064108849,10000000,0.00023383266,0x35376dd47c061bc3b8c8e8d61987019e7ed58f06,1791182327,1791182709
39964,0x2399419fd62b0dd6418c74fa474529441c9191e5e6dfc797e997431d74685428,26124492,192,22800013,118750.06770833333,8.1759950984006e-05,8.1237287359302e-05,5.22663624704e-07,4.258330780416979e-07,3585960.717829678,1074652583,10000000,0.00022800013,0x5f62d006c10c009ff50c878cd6157ac861c99990,1791182711,1791183093
39965,0x62384f18b9ce835b95d5801e1dc2657834819f46af30429a876bc12225a60b6d,26124524,192,22770159,118594.578125,8.6662381626112e-05,8.5849848865536e-05,8.12532760576e-07,4.5136657096933333e-07,3805962.954677304,1135670144,10000000,0.00022770159,0x35376dd47c061bc3b8c8e8d61987019e7ed58f06,1791183095,1791183477
39966,0xb5efc88a2d9a1225c24688353f9ae72dc6e5b6ffc8db08a5dbc0f14502958bfe,26124556,192,22461586,116987.42708333333,8.6436676330894e-05,8.5449754240398e-05,9.86922090496e-07,4.5019102255673955e-07,3848200.0483355895,1130377467,10000000,0.00022461586,0x35376dd47c061bc3b8c8e8d61987019e7ed58f06,1791183479,1791183861
39967,0x00ea81365919144ba72aa67be5b86dfa7a6650a13f3971c8e1fd9809be36f859,26124588,192,23028196,119938.52083333333,8.7031905313864e-05,8.6112665920584e-05,9.1923939328e-07,4.532911735097083e-07,3779362.7131653735,1139146836,10000000,0.00023028196,0x5f62d006c10c009ff50c878cd6157ac861c99990,1791183863,1791184245
39968,0xf1d351050ce25cf4afe6c504672fe1f96c7ba5d77f95ab2313f7ac4d5bfd24f8,26124620,192,22655634,117998.09375,8.4420485772606e-05,8.3655139980606e-05,7.65345792e-07,4.3969003006565627e-07,3726246.8917270643,1106637299,10000000,0.00022655634,0x35376dd47c061bc3b8c8e8d61987019e7ed58f06,1791184247,1791184629
39969,0xee450ab53d4033040a10c531afe01e29afea5839cf7b82033ba7da2a4adde555,26124651,192,23418346,121970.55208333333,8.425258774436e-05,8.3421622328424e-05,8.30965415936e-07,4.3881556116854166e-07,3597717.2659572116,1103548196,10000000,0.00023418346,0x5f62d006c10c009ff50c878cd6157ac861c99990,1791184631,1791185013
39970,0x0a8c0bcc29968efe3dd62d3d51e5a6ef13335156cde7d20aa034c4be7f9e3abe,26124683,192,23107687,120352.53645833333,8.3283514163922e-05,8.2586470777554e-05,6.97043386368e-07,4.3376830293709376e-07,3604147.57928485,1092500341,10000000,0.00023107687,0x5f62d006c10c009ff50c878cd6157ac861c99990,1791185015,1791185397
39971,0xd5b83c046ee8cd3a877640ebf29f09a67c4963412df2fc7ac66fab702f91d572,26124715,192,23068324,120147.52083333333,8.8288041925472e-05,8.7441396235104e-05,8.46645690368e-07,4.5983355169516664e-07,3827241.2822653265,1114641498,10000000,0.00023068324,0x5f62d006c10c009ff50c878cd6157ac861c99990,1791185399,1791185781
39972,0x5f7549911a5cb2643851a8cb789186ac26223a4533234409ccc60b4c9ae52e35,26124747,192,23349578,121612.38541666667,8.475392572629e-05,8.390410927317e-05,8.4981645312e-07,4.4142669649109375e-07,3629784.046901833,1109930805,10000000,0.00023349578,0x5f62d006c10c009ff50c878cd6157ac861c99990,1791185783,1791186165
39973,0xdbc404794406ef5e3d5b7333fdcf2277ede29da478a18a9bbd93cd0a22471f29,26124778,192,23408814,121920.90625,8.5808348259188e-05,8.4922850075508e-05,8.8549818368e-07,4.4691848051660415e-07,3665642.7044611485,1123407282,10000000,0.00023408814,0x5f62d006c10c009ff50c878cd6157ac861c99990,1791186167,1791186549
39974,0x93de27c5e20d397d17851336ead7acbfefd9b56d3b2167823ca8fcb60c04d13c,26124811,192,22563115,117516.22395833333,8.9631854522274e-05,8.8387450924962e-05,1.244403597312e-06,4.668325756368437e-07,3972494.6897746166,1169238973,10000000,0.00022563115,0x35376dd47c061bc3b8c8e8d61987019e7ed58f06,1791186551,1791186933
39975,0x8399edf298e86434da5478c2d2bb8f49d6fca0200f037af45e744125cc9ed739,26124842,192,22540943,117400.74479166667,8.8635081916484e-05,8.7445280948292e-05,1.189800968192e-06,4.616410516483541e-07,3932181.6268504825,1156775418,10000000,0.00022540943,0x5f62d006c10c009ff50c878cd6157ac861c99990,1791186935,1791187317
39976,0x0bc5309d8988d6631f295f2a119ddf6f5598023d15b398fd18b3787eea07319d,26124874,192,22994728,119764.20833333333,8.4843234469028e-05,8.4042770818212e-05,8.00463650816e-07,4.418918461928542e-07,3689682.02054958,1111765098,10000000,0.00022994728,0x5f62d006c10c009ff50c878cd6157ac861c99990,1791187319,1791187701
39977,0xaeec62b23e530885a93ab93b4bcb9804f4c0ddbc0e21faf8b6178cf147638fb1,26124906,192,22711622,118289.69791666667,8.6098506531358e-05,8.5172374454814e-05,9.26132076544e-07,4.484297215174896e-07,3790944.8533159806,1126708131,10000000,0.00022711622,0x35376dd47c061bc3b8c8e8d61987019e7ed58f06,1791187703,1791188085
39978,0x0217007cd2fcb37db5fff5da3986cfbc9a2844e4b74f0d74d1c91c1f0ab550be,26124937,192,23141672,120529.54166666667,8.6522133013098e-05,8.5531523211882e-05,9.90609801216e-07,4.506361094432187e-07,3738802.149347636,1131459153,10000000,0.00023141672,0x35376dd47c061bc3b8c8e8d61987019e7ed58f06,1791188087,1791188469
39979,0x2bda5be787d62a12a8846d6b2675c865eec64508be274e0c779bde65a48fe51e,26124969,192,23531227,122558.47395833333,8.615879532413e-05,8.5138106333922e-05,1.020688990208e-06,4.487437256465104e-07,3661466.3283019625,1126254813,10000000,0.00023531227,0x35376dd47c061bc3b8c8e8d61987019e7ed58f06,1791188471,1791188853
39980,0x3caddf4535c92f5e4f5807ee305f86419bd11466b026e1e682dc283675dbed06,26125001,192,23141707,120529.72395833333,8.528907392232e-05,8.4348988051728e-05,9.40085870592e-07,4.4421392667875e-07,3685513.51558984,1115815912,10000000,0.00023141707,0x35376dd47c061bc3b8c8e8d61987019e7ed58f06,1791188855,1791189237
39981,0xf00e96d974ef017823c113fa2b83b771c7be5bd39932e0c27d9b47a54e5e6f70,26125033,192,23753728,123717.33333333333,8.4381730362696e-05,8.35931529762e-05,7.88577386496e-07,4.39488178972375e-07,3552357.354714847,1105817300,10000000,0.00023753728,0x5f62d006c10c009ff50c878cd6157ac861c99990,1791189239,1791189621
39982,0x1455148c34e2d3754c133305e600249f1c68eb8d82e399d6189d44a2fab16841,26125066,189,22169698,117299.98941798942,8.6824703474172e-05,8.5749162949116e-05,1.075540525056e-06,4.5938996547180955e-07,3916368.3453952326,1134338214,10000000,0.00022169698,0x35376dd47c061bc3b8c8e8d61987019e7ed58f06,1791189623,1791190005
39983,0x6e371e5e1d8c806b21134a9941a8906790625221519a09dbf05430b037d643bf,26125097,192,23387862,121811.78125,8.5616811564522e-05,8.4714609696234e-05,9.02201868288e-07,4.459208935652187e-07,3660736.991030732,1120652561,10000000,0.00023387862,0x5f62d006c10c009ff50c878cd6157ac861c99990,1791190007,1791190389
39984,0x07c9502a518600f836d2cdc73178d4bf6933270becbed0983f243c4fadce70ec,26125129,192,22450049,116927.33854166667,8.4966068202112e-05,8.4109880601216e-05,8.56187600896e-07,4.425316052193333e-07,3784671.837558662,1112652864,10000000,0.00022450049,0x35376dd47c061bc3b8c8e8d61987019e7ed58f06,1791190391,1791190773
39985,0xce6816cdc3fa5c478335ccb5156adf4ec75432ddb3c7615dd8d57f0d81f42598,26125161,192,22483722,117102.71875,8.5003522935296e-05,8.4184903715328e-05,8.18619219968e-07,4.4272668195466667e-07,3780669.5410704687,1113645312,10000000,0.00022483722,0x35376dd47c061bc3b8c8e8d61987019e7ed58f06,1791190775,1791191157
39986,0x2a8c643ab7c72a89a4bda78602b638148a565a8f3a1d47a5c915cde53dce2f3f,26125193,192,23027646,119935.65625,8.496876352806e-05,8.4147078140796e-05,8.21685387264e-07,4.425456433753125e-07,3689858.8560923683,1113144934,10000000,0.00023027646,0x5f62d006c10c009ff50c878cd6157ac861c99990,1791191159,1791191541
39987,0x118bb61c82fe85a6788a28395a3f0f559d65bbbbdaa6e641d772cac58294c785,26125225,192,22540979,117400.93229166667,8.560762745094e-05,8.4681502321212e-05,9.26125129728e-07,4.458730596403125e-07,3797866.4303329503,1120214598,10000000,0.00022540979,0x35376dd47c061bc3b8c8e8d61987019e7ed58f06,1791191543,1791191925
39988,0x10c746c095fc70f88e963566d5147296ee2a65b880b013c196ee5206499c122f,26125257,192,23289797,121301.02604166667,8.521621660633e-05,8.440065450969e-05,8.1556209664e-07,4.438344614913021e-07,3658950.5956762955,1116499385,10000000,0.00023289797,0x35376dd47c061bc3b8c8e8d61987019e7ed58f06,1791191927,1791192309
39989,0xb97cc680655cad7094e3c9526d8f497c0387224aeeaa839693492cb697936a48,26125288,192,22908452,119314.85416666667,8.4818169313924e-05,8.3885093829252e-05,9.33075484672e-07,4.417612985100209e-07,3702483.664715713,1109679258,10000000,0.00022908452,0x5f62d006c10c009ff50c878cd6157ac861c99990,1791192311,1791192693
39990,0x9f0e06d566e2732ae4e39258a1c4f4a2d54fdbeb5057a4ee5335fa5abd53dd35,26125320,192,24354840,126848.125,8.5096613758152e-05,8.4227528148168e-05,8.69085609984e-07,4.4321152999037495e-07,3494032.962571382,1114209172,10000000,0.0002435484,0x5f62d006c10c009ff50c878cd6157ac861c99990,1791192695,1791193077
39991,0x1eb8a70ec8755554f8b1f97fb57c21a5d39299b3d8682feba1d6d6d1bbfce28c,26125352,192,28413681,147987.921875,8.7225413741248e-05,8.6309622459072e-05,9.15791282176e-07,4.5429902990233336e-07,3069838.5661909836,1141752288,10000000,0.00028413681,0x5f62d006c10c009ff50c878cd6157ac861c99990,1791193079,1791193461
39992,0x837b75b9eb68841013b35bba12f8d9b041dde3655de1fc6d9bf42fd348891a53,26125384,192,29235057,152265.921875,8.5332699894346e-05,8.4482896548426e-05,8.4980334592e-07,4.444411452830521e-07,2918848.41867577,1117587329,10000000,0.00029235057,0x5f62d006c10c009ff50c878cd6157ac861c99990,1791193463,1791193845
39993,0x6b84a8801077cf322edaf53ee7fac9ce954adf9f41a3dfe03596ac7bf8e84f5d,26125416,192,23206488,120867.125,8.6412095648398e-05,8.5590414717582e-05,8.21680930816e-07,4.5006299816873957e-07,3723617.966165238,1132238203,10000000,0.00023206488,0x5f62d006c10c009ff50c878cd6157ac861c99990,1791193847,1791194229
39994,0xbc13b0751e188d35fc79f654f1b10add307324e42c12fe9c96c337543a1f15cc,26125448,192,23466353,122220.58854166667,9.3255698781168e-05,9.195420769176e-05,1.301491089408e-06,4.8570676448525e-07,3974017.5553128347,1216422040,10000000,0.00023466353,0x35376dd47c061bc3b8c8e8d61987019e7ed58f06,1791194231,1791194613
39995,0xa1a2179b37865e20094ce7803ca83c360fa4c2342d4bbc0d504b079b22ea6628,26125480,192,22755292,118517.14583333333,9.2453158139174e-05,9.0872335316262e-05,1.580822822912e-06,4.815268653081979e-07,4062929.98301995,1202110423,10000000,0.00022755292,0x5f62d006c10c009ff50c878cd6157ac861c99990,1791194615,1791194997
39996,0x3337b723e0bcaa389f9d360ea305234c10538021992035b661185ecb94833db7,26125512,192,22758998,118536.44791666667,8.5369155519272e-05,8.4382256366376e-05,9.86899152896e-07,4.4463101832954163e-07,3751006.767489149,1116256004,10000000,0.00022758998,0x5f62d006c10c009ff50c878cd6157ac861c99990,1791194999,1791195381
39997,0x95c26158c199dd3121faf9552b12d180652635e4b71e4c3868479dc9d7a329f9,26125544,192,22421926,116780.86458333333,8.5382890650036e-05,8.4504006097332e-05,8.78884552704e-07,4.447025554689375e-07,3808008.7611579844,1117866578,10000000,0.00022421926,0x5f62d006c10c009ff50c878cd6157ac861c99990,1791195383,1791195765
39998,0x934fdfea8557052b6ca6fb9d0f7dabced64be1c72acdc379d7ed53cb254b836d,26125576,192,22676634,118107.46875,8.5378564857478e-05,8.4417162878598e-05,9.6140197888e-07,4.446800252993646e-07,3765045.767263254,1116717767,10000000,0.00022676634,0x5f62d006c10c009ff50c878cd6157ac861c99990,1791195767,1791196149
39999,0xfff43321d6f85f089b7433fef2b2ad2a20c6042a3f5a276d9035f64bf2fd74c8,26125615,192,23596119,122896.453125,8.7244824104454e-05,8.6072707763718e-05,1.172116340736e-06,4.5440012554403123e-07,3697422.618713442,1138618247,10000000,0.00023596119,0x35376dd47c061bc3b8c8e8d61987019e7ed58f06,1791196231,1791196613
40000,0x2ccec7de6e02c8a575563ae5bbc8e4f0b3b1c3c7e3859decfb075b623ac83c1e,26125647,192,22935373,119455.06770833333,9.257527125106e-05,9.1135530265716e-05,1.439740985344e-06,4.821628710992708e-07,4036353.4201541,1205592114,10000000,0.00022935373,0x35376dd47c061bc3b8c8e8d61987019e7ed58f06,1791196615,1791196997
40001,0x525abd1bc04617541cadf7f1fa8cc1dacba76d60360d440ba8410a4611e79eb3,26125679,192,22681056,118130.5,8.9506678504252e-05,8.821005123462e-05,1.296627269632e-06,4.6618061720964587e-07,3946318.8356067725,1166892230,10000000,0.00022681056,0x35376dd47c061bc3b8c8e8d61987019e7ed58f06,1791196999,1791197381
40002,0xbc21e9945abb5ec5138915f06e4637c70a19216b7460b27650abcf001019fcae,26125711,192,22681080,118130.625,8.5362354291466e-05,8.4476875637514e-05,8.85478653952e-07,4.4459559526805205e-07,3763593.0163583923,1117507681,10000000,0.0002268108,0x35376dd47c061bc3b8c8e8d61987019e7ed58f06,1791197383,1791197765
40003,0x372f69014763c018ec58b38d1ff399503d49fd6132f18f643a392c33480fef2f,26125737,152,18905130,124375.8552631579,8.646990812328e-05,8.5710284803728e-05,7.59623319552e-07,5.688809744952631e-07,4573885.930606137,1133823912,10000000,0.0001890513,0x35376dd47c061bc3b8c8e8d61987019e7ed58f06,1791197767,1791198069
40004,0xf6431d042ed26b8279cbfd0c45bf2fd7913e679e34475889c73a9612d3467e04,26125768,192,22692401,118189.58854166667,8.8511597665176e-05,8.73084015318e-05,1.203196133376e-06,4.60997904506125e-07,3900495.0452433834,1154964700,10000000,0.00022692401,0x5f62d006c10c009ff50c878cd6157ac861c99990,1791198071,1791198453
40005,0x953ab375c5e2e8c3462655b2f50f7c368c2108b137751850ae3c269782fda981,26125799,192,22505719,117217.28645833333,8.5978258615746e-05,8.505560243757e-05,9.22656178176e-07,4.4780343029034376e-07,3820284.9069494735,1125163405,10000000,0.00022505719,0x35376dd47c061bc3b8c8e8d61987019e7ed58f06,1791198455,1791198837
40006,0xe70f5c658ba1eae959a38af46b011d408eada319ec76c4a407e7e8064b125619,26125830,192,22538675,117388.93229166667,8.6312130403742e-05,8.5361458634142e-05,9.506717696e-07,4.495423458528229e-07,3829512.178676963,1129209443,10000000,0.00022538675,0x5f62d006c10c009ff50c878cd6157ac861c99990,1791198839,1791199221
40007,0xdbb838b2776dec0b7e5dee051460fdd1f9f0dd911bcf94773c8887df8820ebca,26125862,192,25456606,132586.48958333334,8.561133643337e-05,8.4774157811418e-05,8.37178621952e-07,4.4589237725713546e-07,3363030.2654395485,1121440297,10000000,0.00025456606,0x35376dd47c061bc3b8c8e8d61987019e7ed58f06,1791199223,1791199605
40008,0xfb97fab87089a93555867aa6bf52111acbb1e1f2c4618df3683dc4a886836a08,26125894,192,24121133,125630.90104166667,8.643224569215e-05,8.5422964029174e-05,1.009281662976e-06,4.5016794631328125e-07,3583258.1202611835,1130023071,10000000,0.00024121133,0x35376dd47c061bc3b8c8e8d61987019e7ed58f06,1791199607,1791199989
40009,0x6e8b0a5547176c9f3e2eb6e8ab632d2920053d581488a73488b4ceb87609505c,26125927,192,23471058,122245.09375,8.6085611834602e-05,8.5109730462954e-05,9.75881371648e-07,4.483625616385521e-07,3667734.613181988,1125879441,10000000,0.00023471058,0x5f62d006c10c009ff50c878cd6157ac861c99990,1791199991,1791200373
40010,0xba587ebc5b38df22c7be39887f87238665a60e3b0f5890f3ad92018403081c88,26125957,192,22668950,118067.44791666667,8.5897156971348e-05,8.4932162046804e-05,9.64994924544e-07,4.473810258924375e-07,3789198.748567887,1123530466,10000000,0.0002266895,0x5f62d006c10c009ff50c878cd6157ac861c99990,1791200375,1791200757
40011,0x6784e778e1d267a0171b82ff18b0c18edcd05ce8663f1ac952e15f965be2dcee,26125989,192,22513207,117256.28645833333,8.8455245164604e-05,8.7304848764988e-05,1.150396399616e-06,4.6070440189897917e-07,3929037.9715606044,1154917702,10000000,0.00022513207,0x35376dd47c061bc3b8c8e8d61987019e7ed58f06,1791200759,1791201141
40012,0xcc725d4d1c0ed77afc88082553183b31c7391fa1dc8ef8a593e281d495e39ed7,26126021,192,22690363,118178.97395833333,0.000123595764898504,0.00012180735928596,1.788405612544e-06,6.437279421797083e-07,5447059.833221002,1611336340,10000000,0.00022690363,0x35376dd47c061bc3b8c8e8d61987019e7ed58f06,1791201143,1791201525
40013,0xa7535579e9651db268bbce3b0388d5b59b5f6c453029c74635d8a913858aeea7,26126052,192,22945239,119506.453125,0.000216023929743608,0.000213016563312888,3.00736643072e-06,1.1251246340812917e-06,9414760.497531014,2817903052,10000000,0.00022945239,0x5f62d006c10c009ff50c878cd6157ac861c99990,1791201527,1791201909
40014,0x248c32808715c82ccb33a7a3626ad583b4125bd23af70615b1e7ff5ea1ac7923,26126084,192,24050494,125262.98958333333,0.000283242252253268,0.000278108886841428,5.13336541184e-06,1.475220063819104e-06,11776982.720324498,3678980962,10000000,0.00024050494,0x5f62d006c10c009ff50c878cd6157ac861c99990,1791201911,1791202293
40015,0x97b34a69bbeca531540a2af3805a9e697a6e4beb9715808484b0cccc2fe525a0,26126116,192,22925961,119406.046875,0.000171139105669738,0.000161001166848618,1.013793882112e-05,8.91349508696552e-07,7464860.717059494,2129814097,10000000,0.00022925961,0x35376dd47c061bc3b8c8e8d61987019e7ed58f06,1791202295,1791202677
40016,0xe5007d5b71f53341690dd2b775a2a7887be4b431c7668b849caa34a828d621d2,26126148,192,22442878,116889.98958333333,0.0001471925019063,0.00014042280284454,6.76969906176e-06,7.666276140953125e-07,6558539.502210902,1857591910,10000000,0.00022442878,0x35376dd47c061bc3b8c8e8d61987019e7ed58f06,1791202679,1791203061
40017,0x2010aaf5044ef6d69e7199df82a332d79e3eac5c8bf5408d2acca212a1a7f2e5,26126179,192,22603907,117728.68229166667,0.000145986127402092,0.000139774297642092,6.21182976e-06,7.603444135525625e-07,6458446.648275982,1849013118,10000000,0.00022603907,0x35376dd47c061bc3b8c8e8d61987019e7ed58f06,1791203063,1791203445
40018,0xd95644dc9c2cc0e2d0461084621afa1223a6d457d832cb991287dbb5d94e33d2,26126211,192,23289773,121300.90104166667,0.000131245855414144,0.000125916928219008,5.328927195136e-06,6.835721636153334e-07,5635342.835421539,1665700032,10000000,0.00023289773,0x35376dd47c061bc3b8c8e8d61987019e7ed58f06,1791203447,1791203829
40019,0x1f4b15fa6d9e5afeabd332802505dd5961374eb8b4ddf5cbe765d8d55c9d0145,26126243,192,23011145,119849.71354166667,0.000123533425533468,0.00011906333110326,4.470094430208e-06,6.434032579868125e-07,5368417.153230228,1575036790,10000000,0.00023011145,0x35376dd47c061bc3b8c8e8d61987019e7ed58f06,1791203831,1791204213
40020,0x12aac1a0a32d54daaa6e7950cc659db51aa99ab76b9722eb1695f9febf243156,26126275,192,22582955,117619.55729166667,0.000108189584386388,0.000105067655653716,3.121928732672e-06,5.634874186791042e-07,4790762.961994478,1389894114,10000000,0.00022582955,0x35376dd47c061bc3b8c8e8d61987019e7ed58f06,1791204215,1791204597
40021,0x3f11eadd8e51fb1d3ffc320c1a67cef2d8dc66c6eb7db12ad1d77040d792d7e7,26126307,192,22802195,118761.43229166667,0.000103188421163138,0.00010048000781325,2.708413349888e-06,5.374396935580104e-07,4525372.279429152,1329206125,10000000,0.00022802195,0x35376dd47c061bc3b8c8e8d61987019e7ed58f06,1791204599,1791204981
40022,0xd207ad353b8d36dbb42f08f26c36ff2e21d801e835e426eb6c39671e5e894dde,26126339,192,22930696,119430.70833333333,0.000116502200866876,0.000113583480920124,2.918719946752e-06,6.067822961816459e-07,5080622.100039004,1502546246,10000000,0.00022930696,0x5f62d006c10c009ff50c878cd6157ac861c99990,1791204983,1791205365
40023,0xb7500623349dd7b3c07f4617e39e97758200a18f2d82ce9a8676a1eacf1830c3,26126371,192,23389553,121820.58854166667,0.000123768993990718,0.000119005545613374,4.763448377344e-06,6.446301770349896e-07,5291635.714060803,1574272371,10000000,0.00023389553,0x5f62d006c10c009ff50c878cd6157ac861c99990,1791205367,1791205749
40024,0xf3c5eecc40374b691984e7d2ed57d338ada5db393d83555a2805c167ba68685e,26126401,192,22466234,117011.63541666667,0.000128476747474024,0.000123513293317224,4.9634541568e-06,6.691497264272084e-07,5718659.721697193,1633903396,10000000,0.00022466234,0x5f62d006c10c009ff50c878cd6157ac861c99990,1791205751,1791206133
40025,0x05da693ef2c74737605b4660105dc03006a6231e9855b262fd08c781a27a0747,26126433,192,22788795,118691.640625,0.000124677993572688,0.00012025778055816,4.420213014528e-06,6.493645498577501e-07,5471021.770685462,1590837640,10000000,0.00022788795,0x5f62d006c10c009ff50c878cd6157ac861c99990,1791206135,1791206517
40026,0xbaf0be873c92d0f705e88160793d04a4896a1a335680c90f1e4091643d313039,26126465,192,23544987,122630.140625,0.000124796307126058,0.00012020769083985,4.588616286208e-06,6.499807662815521e-07,5300334.509679619,1590175025,10000000,0.00023544987,0x35376dd47c061bc3b8c8e8d61987019e7ed58f06,1791206519,1791206901
40027,0xce6f3694d867f502afb0af8f0eb8956d92744f1b04f03e74229f3598495a1391,26126497,192,22563519,117518.328125,0.000135174443232002,0.000130002592590594,5.171850641408e-06,7.040335585000104e-07,5990840.490439545,1719747501,10000000,0.00022563519,0x5f62d006c10c009ff50c878cd6157ac861c99990,1791206903,1791207285
40028,0x68ab4ed6628d708071387588bd5fdce56f5e0f65f5d216c84e532ad0b5cd59a0,26126528,192,23415500,121955.72916666667,0.000129302131519548,0.00012448496302086,4.817168498688e-06,6.734486016643125e-07,5522074.331940296,1646757190,10000000,0.000234155,0x5f62d006c10c009ff50c878cd6157ac861c99990,1791207287,1791207669
40029,0xcbe57b426c88609c151a6b7b5abc50dc7af5a6d6fa68801095abdec553e01f3a,26126560,192,22540919,117400.61979166667,0.00013264596851097,0.000127719509557242,4.926458953728e-06,6.908644193279687e-07,5884674.3786697425,1689545593,10000000,0.00022540919,0x35376dd47c061bc3b8c8e8d61987019e7ed58f06,1791207671,1791208053
40030,0xdddb0bd7ce4415e666e502767dfc0383906ce209e8f8814e4217933aee49dffa,26126592,192,22440598,116878.11458333333,0.000130700009294412,0.000125882847873612,4.8171614208e-06,6.807292150750626e-07,5824265.88161385,1665249198,10000000,0.00022440598,0x35376dd47c061bc3b8c8e8d61987019e7ed58f06,1791208055,1791208437
40031,0x9e460a39f3b3755e8f7ef9d18b846904393f575d1313535064372b799a1e7f75,26126624,192,22421914,116780.80208333333,0.000120609095884478,0.000116221833453246,4.387262431232e-06,6.281723743983229e-07,5379072.272085157,1537447859,10000000,0.00022421914,0x5f62d006c10c009ff50c878cd6157ac861c99990,1791208439,1791208821
40032,0xe0fbda4a3a828baa1d768b19a43c655fd88f6e5623e6d50295cc025d79c95b31,26126656,192,22540979,117400.93229166667,0.000151245744883778,0.00014413892942445,7.106815459328e-06,7.877382546030104e-07,6709812.598812944,1906750925,10000000,0.00022540979,0x5f62d006c10c009ff50c878cd6157ac861c99990,1791208823,1791209205
40033,0xfd3e11d1354098b5e4eb5a4c93ae36bfabac42a4be2e672b7b49dfc860fcfba1,26126687,192,23268761,121191.46354166667,0.00015377452513522,0.000147055341484404,6.719183650816e-06,8.009089850792709e-07,6608625.40705197,1945330866,10000000,0.00023268761,0x5f62d006c10c009ff50c878cd6157ac861c99990,1791209207,1791209589
40034,0x246cef89b91d5fc6ff45a5f31e4f0f12505641a3aca75e0f7278e6493ce19db6,26126719,192,22725220,118360.52083333333,0.000133016224603408,0.000127687354817808,5.3288697856e-06,6.927928364760832e-07,5853242.547416834,1689120232,10000000,0.0002272522,0x35376dd47c061bc3b8c8e8d61987019e7ed58f06,1791209591,1791209973
40035,0x05610b77ad6e8ecbff26b7ef0117f04ee302232c469072e36cd6087d0f57b90d,26126751,192,22629085,117859.81770833333,0.000158845446697886,0.000150924683948958,7.920762748928e-06,8.273200348848229e-07,7019525.831375241,1996516707,10000000,0.00022629085,0x5f62d006c10c009ff50c878cd6157ac861c99990,1791209975,1791210357
40036,0xf5a1cc9ebf7afd3375064959db2dd53a59c4a4cd8cd32b6dfec870c005c00d2a,26126783,192,22832621,118919.90104166667,0.000167212708823588,0.000158251738759716,8.960970063872e-06,8.708995251228543e-07,7323412.797137394,2093443114,10000000,0.00022832621,0x35376dd47c061bc3b8c8e8d61987019e7ed58f06,1791210359,1791210741
40037,0xf39057a5ad0e0e08547869a504db0e0539a182de959a702f70cb4d103ca8da2e,26126815,192,24138540,125721.5625,0.000165068907527398,0.00015627392009751,8.794987429888e-06,8.597338933718645e-07,6838396.503160423,2067279415,10000000,0.0002413854,0x35376dd47c061bc3b8c8e8d61987019e7ed58f06,1791210743,1791211125
40038,0x52010cae67d8a0a7036654b2ec90a4d9f25359a4c10d26b6989ca11b7a8b55bc,26126846,192,22380972,116567.5625,0.000155660583751386,0.00014814380731977,7.516776431616e-06,8.107322070384687e-07,6955041.262344906,1959729705,10000000,0.00022380972,0x35376dd47c061bc3b8c8e8d61987019e7ed58f06,1791211127,1791211509
40039,0x510f39e5949471d2d32f4780db8c47d16784e428ff0e374d8a451cce23dcdc4a,26126878,192,23479035,122286.640625,0.00014229569685204,0.000136422768559176,5.872928292864e-06,7.41123421104375e-07,6060542.814133545,1804677204,10000000,0.00023479035,0x35376dd47c061bc3b8c8e8d61987019e7ed58f06,1791211511,1791211893
40040,0xeecea9f8f295e8f75b686996c29702a1916e3fa6d71ce252eef1ff3045d05f7e,26126910,192,23249940,121093.4375,0.000138644048107106,0.000132637878048354,6.006170058752e-06,7.221044172245104e-07,5963200.253725644,1754608541,10000000,0.0002324994,0x35376dd47c061bc3b8c8e8d61987019e7ed58f06,1791211895,1791212277
40041,0xae0cb8469317ac8a2c3931e0ea192ded7271294d0979530a79e6fa42782559d7,26126942,192,22626765,117847.734375,0.00016168548576451,0.000153493670444958,8.191815319552e-06,8.421119050234896e-07,7145762.364372901,2030500707,10000000,0.00022626765,0x5f62d006c10c009ff50c878cd6157ac861c99990,1791212279,1791212661
40042,0xe374c61eb471e39f5052d88118a2d0f9814267dded8d142ff135b262a4b2f684,26126974,192,22540919,117400.61979166667,0.000174781192277456,0.000165616952741328,9.164239536128e-06,9.103187097784166e-07,7753951.4816346215,2190874312,10000000,0.00022540919,0x35376dd47c061bc3b8c8e8d61987019e7ed58f06,1791212663,1791213045
40043,0x428ac77279383c3fb21b63bdffd3bc441ed4ca958134f7e4142050f7cde2e61d,26127006,192,22653318,117986.03125,0.000161358970603196,0.00015319774132806,8.161229275136e-06,8.404113052249791e-07,7122972.917397619,2026585990,10000000,0.00022653318,0x35376dd47c061bc3b8c8e8d61987019e7ed58f06,1791213047,1791213429
40044,0x90975adb797458b951dab9e0a8a98ba74c4dda378de73575e0a3ec45c2d4b9d6,26127038,192,23151392,120580.16666666667,0.000164673328687324,0.000157268173433052,7.405155254272e-06,8.576735869131458e-07,7112891.03857444,2080431958,10000000,0.00023151392,0x5f62d006c10c009ff50c878cd6157ac861c99990,1791213431,1791213813
40045,0xafceeb41a7bac747458dcbe9b89c0a83b5115472f2f7c4b79bd4618b5d7c507f,26127070,192,22538663,117388.86979166667,0.000175498251802518,0.000166090999011222,9.407252791296e-06,9.140533948047812e-07,7786542.254193072,2197145263,10000000,0.00022538663,0x35376dd47c061bc3b8c8e8d61987019e7ed58f06,1791213815,1791214197
40046,0x3c3b08dabc9a72cf7b88219c4ddb1d6a880c41a73a222456783c6bde4f25da7b,26127103,192,23150921,120577.71354166667,0.000158074254706866,0.000149943500589234,8.130754117632e-06,8.233034099315937e-07,6827989.897545156,1983537061,10000000,0.00023150921,0x35376dd47c061bc3b8c8e8d61987019e7ed58f06,1791214199,1791214581
40047,0x4c30f3f21b9494c23002f86f27d7f89e2b2797c653baa6e9611c33d19b474ee8,26127134,192,22691062,118182.61458333333,0.000186619057492346,0.00017655687658329,1.0062180909056e-05,9.719742577726354e-07,8224342.143719232,2335593785,10000000,0.00022691062,0x35376dd47c061bc3b8c8e8d61987019e7ed58f06,1791214583,1791214965
40048,0xc0bb611f338c9f9c31da6030031f2fb83caf4ec408d7d50cd05e4ecd2107ab3f,26127166,192,22676634,118107.46875,0.000185245901322934,0.00017460324263391,1.0642658689024e-05,9.648224027236145e-07,8169021.0867686095,2309750015,10000000,0.00022676634,0x5f62d006c10c009ff50c878cd6157ac861c99990,1791214967,1791215349
40049,0x49233d710e756327ca1810eeee2d20f619b1162aef89aac4d7b651e6d983458f,26127198,192,23035077,119974.359375,0.000159987692866492,0.000152271638629308,7.716054237184e-06,8.332692336796458e-07,6945394.316089849,2014334982,10000000,0.00023035077,0x5f62d006c10c009ff50c878cd6157ac861c99990,1791215351,1791215733
40050,0x75966aa89d4f42ce64b73b563a135ec2c584c6eb98a445459394b35ee410b5d0,26127230,192,22540979,117400.93229166667,0.000189003677914002,0.000179090896016274,9.912781897728e-06,9.843941558020937e-07,8384892.151933685,2369115221,10000000,0.00022540979,0x5f62d006c10c009ff50c878cd6157ac861c99990,1791215735,1791216117
40051,0x4deab951c1c02cf2a8ba111256327f91dabfcd1e748e7b8af5944ab4c21ed851,26127262,192,25417488,132382.75,0.000187817711687506,0.000178197070141266,9.62064154624e-06,9.782172483724272e-07,7389310.528542631,2357291189,10000000,0.00025417488,0x35376dd47c061bc3b8c8e8d61987019e7ed58f06,1791216119,1791216501
40052,0xd6dbd1721cd1f8fe6ef4515b9ac2dbb2dcddc04c0a65c25b5fe15a0792576c5b,26127294,192,22421914,116780.80208333333,0.000177295220841064,0.000168823112899176,8.472107941888e-06,9.234126085472083e-07,7907229.54521474,2233287204,10000000,0.00022421914,0x5f62d006c10c009ff50c878cd6157ac861c99990,1791216503,1791216885
40053,0x982b1c6640a0c003cebb2f556e332aef780426ad0d3de1a2cf7c97ce52728e84,26127326,192,28373832,147780.375,0.000250235327055394,0.000233503668274722,1.6731658780672e-05,1.3033089950801772e-06,8819229.177623736,3088918013,10000000,0.00028373832,0x35376dd47c061bc3b8c8e8d61987019e7ed58f06,1791216887,1791217269
40054,0xceb33956bae69a37dd6485769afec2f62ee9b666c87acfbc3ab128ff74941cf0,26127358,192,23075039,120182.49479166667,0.000270546812178466,0.000251617838796834,1.8928973381632e-05,1.409097980096177e-06,11724652.43410709,3328542461,10000000,0.00023075039,0x35376dd47c061bc3b8c8e8d61987019e7ed58f06,1791217271,1791217653
40055,0x0aac990739fdb72b36db74dbe098f1ff7d50a0cd3a9d7156b471290a3aa8489b,26127389,192,22986237,119719.984375,0.000283617050086614,0.000264402853809366,1.9214196277248e-05,1.4771721358677813e-06,12338559.37736194,3497669839,10000000,0.00022986237,0x5f62d006c10c009ff50c878cd6157ac861c99990,1791217655,1791218037
40056,0x74f5dfbb02e02a6e6c6cf940d0875a81d03b4557c6ce4ff4a3d11fc10ecabecc,26127421,192,22500249,117188.796875,0.00025067676201283,0.000234316336884894,1.6360425127936e-05,1.3056081354834894e-06,11141066.12832729,3099668451,10000000,0.00022500249,0x35376dd47c061bc3b8c8e8d61987019e7ed58f06,1791218039,1791218421
40057,0x986bd0e76f780dcc358461467545650858ce9973dc6f120607fead685b972c7a,26127453,192,22541051,117401.30729166667,0.000213770858199324,0.00019968320726454,1.4087650934784e-05,1.1133898864548126e-06,9483624.263985028,2641521910,10000000,0.00022541051,0x5f62d006c10c009ff50c878cd6157ac861c99990,1791218423,1791218805
40058,0xa42557dee11ed323a0b0b191c378de8ff40622d3698bb6549c6330ebba52e378,26127485,192,23332061,121521.15104166667,0.00018889887274759,0.000178216430822982,1.0682441924608e-05,9.838482955603646e-07,8096107.444069772,2357547303,10000000,0.00023332061,0x5f62d006c10c009ff50c878cd6157ac861c99990,1791218807,1791219189
40059,0x62374642966a1cc55e5d3ea1e4e8390be95e1741cd3b01a8f4f723911968faa7,26127517,192,26600854,138546.11458333334,0.000157679434063378,0.000149639459102226,8.039974961152e-06,8.21247052413427e-07,5927607.9656456895,1979515029,10000000,0.00026600854,0x35376dd47c061bc3b8c8e8d61987019e7ed58f06,1791219191,1791219573
40060,0xac4df024e8d07a0637ef2c34b50f592ea8fdd4cdb98fdc97d86de82b288e2ea1,26127548,192,44630687,232451.49479166666,0.000156147108921626,0.00014932681108713,6.820297834496e-06,8.132661923001355e-07,3498649.010749622,1975379145,10000000,0.00044630687,0x35376dd47c061bc3b8c8e8d61987019e7ed58f06,1791219575,1791219957
40061,0x3e756f1f06e0be7ee26877132cc5d5346d73b92908c6384ed3a80bcd5239d8fe,26127580,192,44875045,233724.19270833334,0.000157214155963388,0.000149234092702716,7.980063260672e-06,8.188237289759792e-07,3503376.006940784,1974152614,10000000,0.00044875045,0x35376dd47c061bc3b8c8e8d61987019e7ed58f06,1791219959,1791220341
40062,0x8c45b7c73cc510ed5c6519d8f25998e056e3f59b0a6a420de4aec5379b5c0000,26127612,192,44080645,229586.69270833334,0.000155095061740582,0.000147465153264678,7.629908475904e-06,8.077867798988646e-07,3518439.0278450325,1950752087,10000000,0.00044080645,0x5f62d006c10c009ff50c878cd6157ac861c99990,1791220343,1791220725
40063,0xa788d2decf071a742c9fdee533b0de65fb95cb0c03ee5221d40d1bacba81f13e,26127645,192,44742072,233031.625,0.000128136497213762,0.000122886850752834,5.249646460928e-06,6.673775896550103e-07,2863892.785603715,1625616461,10000000,0.00044742072,0x35376dd47c061bc3b8c8e8d61987019e7ed58f06,1791220727,1791221109
40064,0xbca263d95a076201344eb179f261d1c67ca25d19e13f03e2876fb2a45950f1eb,26127676,192,46421443,241778.34895833334,0.000132714352290672,0.000128125861702512,4.58849058816e-06,6.912205848472501e-07,2858901.915019574,1694921048,10000000,0.00046421443,0x5f62d006c10c009ff50c878cd6157ac861c99990,1791221111,1791221493
40065,0xb2d03f707d7c33ad43e550d8656ca5717b753259ac28c4a1e1705ce3e110bb3c,26127708,192,44597634,232279.34375,0.00013069635730013,0.000125347648325538,5.348708974592e-06,6.807101942715104e-07,2930567.063269096,1658169277,10000000,0.00044597634,0x35376dd47c061bc3b8c8e8d61987019e7ed58f06,1791221495,1791221877
40066,0xeb1d12141a16573f102d76fbff85635423d27fa6c5495c60f49479f4954ef20f,26127740,192,44768395,233168.72395833334,0.000126401450110154,0.000121344480668874,5.05696944128e-06,6.583408859903854e-07,2823452.7976746545,1605213121,10000000,0.00044768395,0x5f62d006c10c009ff50c878cd6157ac861c99990,1791221879,1791222261
40067,0x4628323eb34b38baa90a8e4367d2b67da95e63fd30941f5722397593189fd914,26127772,192,44668242,232647.09375,0.000122847830432554,0.00011869997153361,4.147858898944e-06,6.398324501695521e-07,2750227.5650909655,1570230065,10000000,0.00044668242,0x35376dd47c061bc3b8c8e8d61987019e7ed58f06,1791222263,1791222645
40068,0xc2b0f93ac6d683d59db8358a0287478277a578e5db4fd54a8b0288a027bbcc78,26127804,192,44628407,232439.61979166666,0.000135779198838896,0.000129950151747696,5.8290470912e-06,7.071833272859167e-07,3042438.840330913,1719053784,10000000,0.00044628407,0x5f62d006c10c009ff50c878cd6157ac861c99990,1791222647,1791223029
40069,0xfd72e2d06afa03cb0f24c07bfa6a9bb9cfff5e99a795e3b28aff55270302650e,26127836,192,45862425,238866.796875,0.000140674978046542,0.000134578430304846,6.096547741696e-06,7.326821773257396e-07,3067325.3332448513,1780279259,10000000,0.00045862425,0x35376dd47c061bc3b8c8e8d61987019e7ed58f06,1791223031,1791223413
40070,0x389be525a6e1ff534990c9f73d3c8c1daf7de9053a1827a96edd3d206ab90c25,26127868,192,45567335,237329.86979166666,0.000158957413818454,0.000150826804535382,8.130609283072e-06,8.279031969711146e-07,3488407.075341448,1995221903,10000000,0.00045567335,0x35376dd47c061bc3b8c8e8d61987019e7ed58f06,1791223415,1791223797
40071,0x8539cccef4b7e347ba25a1955655503996df753376f29c797da8d46fa72535b9,26127900,192,44660902,232608.86458333334,0.000157321992582392,0.000149371766158584,7.950226423808e-06,8.193853780332916e-07,3522588.786549631,1975973836,10000000,0.00044660902,0x5f62d006c10c009ff50c878cd6157ac861c99990,1791223799,1791224181
40072,0xe3e2be6f626304a16826b1594ffa573847c4002dfaefd955919478fbdf849198,26127932,192,45208749,235462.234375,0.00015326103601116,0.000146415246114456,6.845789896704e-06,7.98234562558125e-07,3390074.6957444013,1936863324,10000000,0.00045208749,0x5f62d006c10c009ff50c878cd6157ac861c99990,1791224183,1791224565
40073,0x043584a3157495b5bb27483f61482bc66f2db5035523150318c43614662874c2,26127964,192,45341295,236152.578125,0.000166277151168836,0.000157044330830148,9.232820338688e-06,8.660268290043541e-07,3667234.276586851,2077470842,10000000,0.00045341295,0x35376dd47c061bc3b8c8e8d61987019e7ed58f06,1791224567,1791224949
40074,0x13c30f437a62c32cd5a831d645fbf67776a5c884492774315c920e6354d81f24,26127996,192,45534564,237159.1875,0.00020253335297754,0.000191444039709828,1.1089313267712e-05,1.0548612134246876e-06,4447903.640354171,2532529562,10000000,0.00045534564,0x35376dd47c061bc3b8c8e8d61987019e7ed58f06,1791224951,1791225333
40075,0xe0992dbd7a6a97dfdbb921e8af7ea1ce7e3719a560685b9069d8b295601e42f8,26128028,192,44693856,232780.5,0.000162771096668488,0.000154487078488392,8.284018180096e-06,8.477661284817083e-07,3641912.1381804245,2043642068,10000000,0.00044693856,0x5f62d006c10c009ff50c878cd6157ac861c99990,1791225335,1791225717
40076,0x24750e53026f64654c0202a546be0cad678b64cd883d5cd06c01c4614644ad52,26128060,192,45368182,236292.61458333334,0.000163218124652422,0.000155502219050886,7.715905601536e-06,8.500943992313646e-07,3597634.2330054576,2057070919,10000000,0.00045368182,0x5f62d006c10c009ff50c878cd6157ac861c99990,1791225719,1791226101
40077,0x3706b89e8b655ace88e57f234e7be1121b7f2bba7bd2a404606fbc2935cba17b,26128092,192,45644817,237733.421875,0.000137060450713558,0.000130963937968086,6.096512745472e-06,7.138565141331146e-07,3002760.438574176,1732464719,10000000,0.00045644817,0x5f62d006c10c009ff50c878cd6157ac861c99990,1791226103,1791226485
40078,0xe411c0cf3a0504af1c4b561898ce260a73109dc20f1df53315ed7117f43616f1,26128125,192,44481516,231674.5625,0.000119589486272114,0.00011523505855653,4.354427715584e-06,6.228619076672605e-07,2688520.9189388687,1524394245,10000000,0.00044481516,0x35376dd47c061bc3b8c8e8d61987019e7ed58f06,1791226487,1791226869
40079,0xf5e37d08cd04239806e7df14cc4f919abbdba871822b3a69ea805929ad435bf1,26128157,192,45719722,238123.55208333334,0.000131004951579816,0.000126097057533096,4.90789404672e-06,6.82317456144875e-07,2865392.5669061593,1668082884,10000000,0.00045719722,0x5f62d006c10c009ff50c878cd6157ac861c99990,1791226871,1791227253
40080,0x9749833d261443965489480ee18910c9d9b2075dedf5fad8dda225ccd625d869,26128188,192,44712236,232876.22916666666,0.000134146350875066,0.000129293207306682,4.853143568384e-06,6.986789108076355e-07,3000215.6652390636,1710363353,10000000,0.00044712236,0x35376dd47c061bc3b8c8e8d61987019e7ed58f06,1791227255,1791227637
40081,0x844f5dd8b04aa29f0f28dba49dbe006b306cc122608020f95d6ab64d32fadb01,26128220,192,44831209,233495.88020833334,0.000178258019822804,0.000170035761458388,8.222258364416e-06,9.284271865771042e-07,3976203.716094384,2249328802,10000000,0.00044831209,0x35376dd47c061bc3b8c8e8d61987019e7ed58f06,1791227639,1791228021
40082,0xa188a04332c4662d3642dbea318411631445af43ac1d66c26244724d520d5344,26128252,192,45067574,234726.94791666666,0.000180988574660002,0.000170425475364258,1.0563099295744e-05,9.42648826354177e-07,4015937.81506859,2254484157,10000000,0.00045067574,0x5f62d006c10c009ff50c878cd6157ac861c99990,1791228023,1791228405
40083,0xe600eb7e56c670d8dcfa2a6d371e80ddd84f5f2d6ca222568f1d8ad873eec231,26128284,192,44696987,232796.80729166666,0.000157099374097942,0.000148467582318102,8.63179177984e-06,8.182259067601146e-07,3514764.297153676,1964012783,10000000,0.00044696987,0x35376dd47c061bc3b8c8e8d61987019e7ed58f06,1791228407,1791228789
40084,0x763224fac4985997df91fbb06ae26ddb69423104f1d194c226ef72ff760f4951,26128315,192,45171821,235269.90104166666,0.000137103463861602,0.000131509372112226,5.594091749376e-06,7.140805409458438e-07,3035154.6788782766,1739680029,10000000,0.00045171821,0x5f62d006c10c009ff50c878cd6157ac861c99990,1791228791,1791229173
40085,0x8cdd063193bfc1afbbf33b39413db09b0d31d4fed035dd8f22a0eca894471bc5,26128347,192,45006063,234406.578125,0.000129870689243106,0.000124621125881826,5.24956336128e-06,6.764098398078438e-07,2885626.526432805,1648558429,10000000,0.00045006063,0x5f62d006c10c009ff50c878cd6157ac861c99990,1791229175,1791229557
40086,0x47dc6cf1862601924871e7d5b63652d93e8995a249ffdf3960d0ad1f8cecb922,26128379,192,44758088,233115.04166666666,0.00011425906886195,0.000110647183556094,3.611885305856e-06,5.950993169893229e-07,2552813.8928086027,1463703251,10000000,0.00044758088,0x5f62d006c10c009ff50c878cd6157ac861c99990,1791229559,1791229941
40087,0xb92b1226e585bd2e051904bb21b183cf182b20455987d672c8d563f68ba372ec,26128411,192,44574586,232159.30208333334,0.000107175911049424,0.00010437493688136,2.800974168064e-06,5.582078700490833e-07,2404417.419590257,1380730440,10000000,0.00044574586,0x35376dd47c061bc3b8c8e8d61987019e7ed58f06,1791229943,1791230325
40088,0xb7bd3762b9540a8158a1cecc6b2394d15f907fbcb43ff6ef3acf1da5cbbf3bb0,26128443,192,44651604,232560.4375,0.000105433417798552,0.000102642899637144,2.790518161408e-06,5.491323843674584e-07,2361245.9207188166,1357818076,10000000,0.00044651604,0x35376dd47c061bc3b8c8e8d61987019e7ed58f06,1791230327,1791230709
40089,0x0c907820f5e2c441eceb992a9e363ec15c601fa908bff56aa9ef73dc5b941b79,26128475,192,45241462,235632.61458333334,0.000106595506504486,0.000103804990702374,2.790515802112e-06,5.551849297108645e-07,2356146.3708773605,1373190871,10000000,0.00045241462,0x35376dd47c061bc3b8c8e8d61987019e7ed58f06,1791230711,1791231093
40090,0x729666c0f43220c02a06284a901089e18657bca5e26669774bc07ff6bc4a0744,26128507,192,37958839,197702.28645833334,0.000102873910570814,0.000100388811665214,2.4850989056e-06,5.358016175563229e-07,2710143.75784291,1327999731,10000000,0.00037958839,0x35376dd47c061bc3b8c8e8d61987019e7ed58f06,1791231095,1791231477
40091,0x1c659c631e708a94eb417a45b4833a2057844af475c913c05574eeb0e6a03352,26128539,192,26632937,138713.21354166666,9.9856912880644e-05,9.772502719386e-05,2.131885686784e-06,5.200880879200208e-07,3749376.6789837712,1292761690,10000000,0.00026632937,0x35376dd47c061bc3b8c8e8d61987019e7ed58f06,1791231479,1791231861
40092,0x6d6cdd11e495e61d8c3f78b79d4cc3c45ffa7f283e38c7080de9f38a8cf5b68a,26128572,192,49272897,256629.671875,9.8459695952932e-05,9.6136354575396e-05,2.323341377536e-06,5.128109164215208e-07,1998252.6286800632,1271745834,10000000,0.00049272897,0x5f62d006c10c009ff50c878cd6157ac861c99990,1791231863,1791232245
40093,0x479c1c9690ca409697654ec890d42d7962056f6e4573106783bea870e2a16055,26128603,192,45213845,235488.77604166666,0.000103764823440102,0.00010133486180631,2.429961633792e-06,5.404417887505312e-07,2294978.970271208,1340514615,10000000,0.00045213845,0x35376dd47c061bc3b8c8e8d61987019e7ed58f06,1791232247,1791232629
40094,0xdb9ac72fb164540b3d449d477569bcdce5d2c384db21404e4620a51c277a19ed,26128635,192,44103792,229707.25,9.681321847236e-05,9.5038243021224e-05,1.774975451136e-06,5.04235512876875e-07,2195122.325816338,1257219396,10000000,0.00044103792,0x5f62d006c10c009ff50c878cd6157ac861c99990,1791232631,1791233013
40095,0x28ed4460f48fc2189ba038805976c194d2f879c57cc886fa944113edeb71c286,26128667,192,45169101,235255.734375,9.388669649146e-05,9.2282169690564e-05,1.604526800896e-06,4.889932108930208e-07,2078560.2195505286,1220760506,10000000,0.00045169101,0x35376dd47c061bc3b8c8e8d61987019e7ed58f06,1791233015,1791233397
40096,0xdef014a2f9cbfe708554a9ccfb87607296cab0adc4c67f1e1fe317a0fa2ae95f,26128700,192,44866332,233678.8125,9.2126578272256e-05,9.0503952525312e-05,1.622625746944e-06,4.798259285013334e-07,2053356.5853401164,1197237248,10000000,0.00044866332,0x5f62d006c10c009ff50c878cd6157ac861c99990,1791233399,1791233781
40097,0xa94c3d8facccee0aec5ecf639d8812db49e31ac29929d6c96097e99aaa290d31,26128731,192,44597890,232280.67708333334,9.5044444009868e-05,9.3289271965068e-05,1.7551720448e-06,4.950231458847291e-07,2131142.1686063623,1234083022,10000000,0.0004459789,0x5f62d006c10c009ff50c878cd6157ac861c99990,1791233783,1791234165
40098,0xff76721e70f2fb6fac1dfc416fdc0d127bc0c20ce19498fcd42a46ea9b99a41a,26128763,192,43151670,224748.28125,9.230572421748e-05,9.0670921226376e-05,1.634802991104e-06,4.80758980299375e-07,2139099.6968942336,1199446004,10000000,0.0004315167,0x5f62d006c10c009ff50c878cd6157ac861c99990,1791234167,1791234549
40099,0x9a4c89efde313ecee223d77864c136a34a2ada445dd54ba6e8412fcfafef6c6a,26128795,192,23291903,121311.99479166667,0.000101341053362312,9.9332982481032e-05,2.00807088128e-06,5.278179862620417e-07,4350913.420956287,1314032628,10000000,0.00023291903,0x5f62d006c10c009ff50c878cd6157ac861c99990,1791234551,1791234933
40100,0x756a64cef5c3cc0d11de9e9631857c620bdee70fba19288f3dc1ae4c1234512c,26128827,192,22421878,116780.61458333333,0.000106314344160332,0.000103734584794188,2.579759366144e-06,5.537205425017291e-07,4741545.028491012,1372259502,10000000,0.00022421878,0x5f62d006c10c009ff50c878cd6157ac861c99990,1791234935,1791235317
40101,0x48327024ed306006b20ac24af8aa24d8ff0bb4880a933a5f55759b8bedc1e5a7,26128859,192,22561991,117510.36979166667,0.000111645545979888,0.00010810060229016,3.544943689728e-06,5.8148721864525e-07,4948390.679700564,1430015640,10000000,0.00022561991,0x35376dd47c061bc3b8c8e8d61987019e7ed58f06,1791235319,1791235701
40102,0x5f737f841b1c9d567049bb56cf01fac2ea350380f5e1ee549535cf71df562a93,26128891,192,23169485,120674.40104166667,0.00020366037446528,0.00019941852016512,4.24185430016e-06,1.0607311170066668e-06,8790025.95289796,2638020480,10000000,0.00023169485,0x5f62d006c10c009ff50c878cd6157ac861c99990,1791235703,1791236085
40103,0x104608b7069ef1dc099ee73134e6e8c26694f88a40b1c9081c81441eb1ba9bfe,26128923,192,23387862,121811.78125,0.000241272320386002,0.000234477695755218,6.794624630784e-06,1.2566266686770937e-06,10316134.08639071,3101802997,10000000,0.00023387862,0x5f62d006c10c009ff50c878cd6157ac861c99990,1791236087,1791236469
40104,0x82dc69807c52d11daf466588daa95b2bf29b843fc97371d88fb02a6e087ee1bd,26128955,192,23365285,121694.19270833333,0.000155372874407666,0.000147995688738546,7.37718566912e-06,8.092337208732603e-07,6649731.617126263,1957770309,10000000,0.00023365285,0x35376dd47c061bc3b8c8e8d61987019e7ed58f06,1791236471,1791236853
40105,0x61aed98ebf1d50a4f7181e673ab6ab836f2d6c9b7f5acfc76a76ad562dfd614e,26128987,192,22600184,117709.29166666667,0.000120070238624206,0.000116089637689806,3.9806009344e-06,6.253658261677396e-07,5312799.162352218,1535699099,10000000,0.00022600184,0x35376dd47c061bc3b8c8e8d61987019e7ed58f06,1791236855,1791237237
40106,0x60b4a5c68c865659a45657f253a9c6a096025f2632cf79674bff6b32be9b1452,26129019,192,22419574,116768.61458333333,0.000101770596541832,9.9438577018248e-05,2.332019523584e-06,5.300551903220417e-07,4539363.528576948,1315429492,10000000,0.00022419574,0x5f62d006c10c009ff50c878cd6157ac861c99990,1791237239,1791237621
40107,0x413c1b3b6d985dc4ebb2d658856fd1339f09f572f72336b9c2068c6a8c82a633,26129051,192,22834993,118932.25520833333,0.000106680690895214,0.000103773046794606,2.907644100608e-06,5.556285984125729e-07,4671807.470894079,1372768299,10000000,0.00022834993,0x5f62d006c10c009ff50c878cd6157ac861c99990,1791237623,1791238005
40108,0xf05e5193da4a40c412d974fca50adaf79e7fecb68721fa59c3741619cd6793a3,26129082,192,23289833,121301.21354166667,0.000104191816433778,0.000101533739188338,2.65807724544e-06,5.426657105925937e-07,4473703.887605291,1343145477,10000000,0.00023289833,0x35376dd47c061bc3b8c8e8d61987019e7ed58f06,1791238007,1791238389
40109,0x286b38664285281cfc036910b388e621bc3ed43a0d560d9636b9a8f3a9db3237,26129114,192,22486648,117117.95833333333,0.00010747677155761,0.000104492022386922,2.984749170688e-06,5.59774851862552e-07,4779581.7125616055,1382279313,10000000,0.00022486648,0x35376dd47c061bc3b8c8e8d61987019e7ed58f06,1791238391,1791238773
40110,0x2f2135adff248e8dff852be4de24a0cb01cb5bb85c247f88b67dfb4405145ca7,26129146,192,22541015,117401.11979166667,9.1787810661862e-05,9.0224754779622e-05,1.56305588224e-06,4.780615138638646e-07,4072035.3835824165,1193543863,10000000,0.00022541015,0x35376dd47c061bc3b8c8e8d61987019e7ed58f06,1791238775,1791239157
40111,0x5f037a224b804b1d30415cab878f78b338f7165c5f1a07091fdf64f4ffbfb95c,26129178,192,23346376,121595.70833333333,8.8379933608956e-05,8.7259339967484e-05,1.120593641472e-06,4.603121542133125e-07,3785595.400714698,1154315686,10000000,0.00023346376,0x5f62d006c10c009ff50c878cd6157ac861c99990,1791239159,1791239541
40112,0xc13c6348370472320a042fe468645a790f4a8dbb9b99506ba0b4de846e10afc3,26129210,192,21806363,113574.80729166667,8.7262303453904e-05,8.5960925479632e-05,1.301377974272e-06,4.544911638224167e-07,4001689.9404042754,1137139528,10000000,0.00021806363,0x35376dd47c061bc3b8c8e8d61987019e7ed58f06,1791239543,1791239925
40113,0x8541980506474c7a452c6af8fa3296bd89b879bc5571cc68e185d5d6b322ea85,26129242,192,23334317,121532.90104166667,9.9192783166472e-05,9.7520908426248e-05,1.671874740224e-06,5.166290789920417e-07,4250940.071075233,1290061492,10000000,0.00023334317,0x5f62d006c10c009ff50c878cd6157ac861c99990,1791239927,1791240309
40114,0xfd84ff2bf8d95433c84b7bacd8f03914b408069873d045bb897126f7a959a75f,26129274,192,22541003,117401.05729166667,0.000112058921379708,0.000109469524813692,2.589396566016e-06,5.836402155193125e-07,4971336.9622331355,1448124518,10000000,0.00022541003,0x5f62d006c10c009ff50c878cd6157ac861c99990,1791240311,1791240693
40115,0x0d2a100a9c548e2296b016204c56ba46c7e7cbe0903a6197a23a45f92b23384c,26129306,192,22627571,117851.93229166667,0.000111247877623054,0.00010788376505883,3.364112564224e-06,5.794160292867395e-07,4916474.579752904,1427147195,10000000,0.00022627571,0x5f62d006c10c009ff50c878cd6157ac861c99990,1791240695,1791241077
40116,0x59e3ab293cdbd17e4edf914a40bf9e9d537b4d5d7d6a1469838e6f443df31832,26129337,192,22421926,116780.86458333333,0.000110371780732636,0.000107007670134492,3.364110598144e-06,5.748530246491459e-07,4922493.310014314,1415557718,10000000,0.00022421926,0x5f62d006c10c009ff50c878cd6157ac861c99990,1791241079,1791241461
40117,0x814448bc12937267192f59d6cb329db5ff31162281e08db3d9aae3b1fe97262b,26129369,192,22540979,117400.93229166667,9.7283604137388e-05,9.5370834396588e-05,1.9127697408e-06,5.066854382155624e-07,4315855.320098919,1261619102,10000000,0.00022540979,0x5f62d006c10c009ff50c878cd6157ac861c99990,1791241463,1791241845
40118,0x386a5948eee53a154755438c9e66a452c27a588dbca21bbcea73264e996f8935,26129401,192,23385630,121800.15625,9.5649597846654e-05,9.393339127923e-05,1.716206567424e-06,4.981749887846562e-07,4090101.393319487,1242603795,10000000,0.0002338563,0x5f62d006c10c009ff50c878cd6157ac861c99990,1791241847,1791242229
40119,0x24b910124ec573306fcc3cd9efd72712e22e62ecb73863a5132e9e30892ef939,26129432,192,24447538,127330.92708333333,0.000106474289788522,0.000104062479136362,2.41181065216e-06,5.545535926485521e-07,4355215.228155981,1376597073,10000000,0.00024447538,0x35376dd47c061bc3b8c8e8d61987019e7ed58f06,1791242231,1791242613
40120,0x9be1239f9c372dca68f9b4f938920adce0da9e275b4dba9b3e1e46b7941c1d30,26129465,192,22482796,117097.89583333333,0.000104461470260472,0.000101671018421496,2.790451838976e-06,5.440701576066251e-07,4646284.664081461,1344961484,10000000,0.00022482796,0x35376dd47c061bc3b8c8e8d61987019e7ed58f06,1791242615,1791242997
40121,0x839de5b60144f3353490dcddd8afc2865c149556a1e09c5a83e822e6d3ece9a4,26129496,192,23056581,120086.359375,0.00011569498873847,0.00011209667764215,3.59831109632e-06,6.025780663461979e-07,5017872.716621341,1482877975,10000000,0.00023056581,0x35376dd47c061bc3b8c8e8d61987019e7ed58f06,1791242999,1791243381
40122,0x1d26ca1c41a764fde2692339e1350266df7897e4d60f5c28e2be80b01e35c52b,26129528,192,23377325,121756.90104166667,9.385294003913e-05,9.2044505707482e-05,1.808434331648e-06,4.888173960371354e-07,4014699.716033806,1217616553,10000000,0.00023377325,0x5f62d006c10c009ff50c878cd6157ac861c99990,1791243383,1791243765
40123,0xcfe05ae9ef27d1bcc4337f84772f315ccad303b2f6c894357eea67e912416bf6,26129560,192,23904989,124505.15104166667,9.4151437733308e-05,9.2281111072188e-05,1.87032666112e-06,4.903720715276458e-07,3938568.544553942,1220746502,10000000,0.00023904989,0x5f62d006c10c009ff50c878cd6157ac861c99990,1791243767,1791244149
40124,0x0c284511d9613f870239771e3c729def5f7916d0df70dcbdbcf11d9f27fc0d59,26129592,192,22905367,119298.78645833333,9.072057382563e-05,8.920359564963e-05,1.516978176e-06,4.725029886751562e-07,3960668.8609542907,1180035395,10000000,0.00022905367,0x35376dd47c061bc3b8c8e8d61987019e7ed58f06,1791244151,1791244533
40125,0x2f6a8a43e311d69f5faa825f33c6560d5903e16ab27e5714e46509e292790773,26129623,192,22507720,117227.70833333333,9.228358573679e-05,9.0800262787158e-05,1.483322949632e-06,4.806436757124479e-07,4100085.9143791553,1201157007,10000000,0.0002250772,0x35376dd47c061bc3b8c8e8d61987019e7ed58f06,1791244535,1791244917
40126,0x403eb1759f8254e66ba9944cb70d6c067c368671c34a093f82efe22f1f509c7d,26129654,192,22577645,117591.90104166667,9.3394986840022e-05,9.191720102703e-05,1.477785812992e-06,4.864322231251146e-07,4136613.311088114,1215932495,10000000,0.00022577645,0x35376dd47c061bc3b8c8e8d61987019e7ed58f06,1791244919,1791245301
40127,0xfe953690059a1fdb1f9a394b4a6bdd239fa73e3fd1e4ac46d7d02ffad127fb5c,26129686,192,22497548,117174.72916666667,9.9208992080164e-05,9.7473437057316e-05,1.735555022848e-06,5.167135004175208e-07,4409769.103733616,1289433514,10000000,0.00022497548,0x35376dd47c061bc3b8c8e8d61987019e7ed58f06,1791245303,1791245685
40128,0x35010b84eebc4d46a38c235df4077e802de0cd9bfa0605f1539d4defaad4d3bb,26129718,192,23572519,122773.53645833333,9.7498011339022e-05,9.5585257457934e-05,1.912753881088e-06,5.078021423907395e-07,4136087.930993798,1264455611,10000000,0.00023572519,0x5f62d006c10c009ff50c878cd6157ac861c99990,1791245687,1791246069
40129,0xb1ecb7ef2f25fa788b20704f9038ea37a7a001676f0d6f2fac7eeaba5d22128e,26129750,192,22421878,116780.61458333333,8.8409672309614e-05,8.7179290532718e-05,1.230381776896e-06,4.6046704327923957e-07,3943009.247914648,1153256747,10000000,0.00022421878,0x35376dd47c061bc3b8c8e8d61987019e7ed58f06,1791246071,1791246453
40130,0x1c419ab4900a81b1946a376bfe94880c1ab868f14045d869954da483625777a3,26129782,192,22579961,117603.96354166667,9.125980051276e-05,8.9830922512632e-05,1.428878000128e-06,4.7531146100395834e-07,4041627.906831194,1188334028,10000000,0.00022579961,0x35376dd47c061bc3b8c8e8d61987019e7ed58f06,1791246455,1791246837
40131,0x4d5edd30a5b3ebcba378088d22f26e55f765fc9f079b55bdd7b863be44917895,26129815,192,22421926,116780.86458333333,8.3119980477058e-05,8.2343195376258e-05,7.767851008e-07,4.329165649846771e-07,3707084.773942167,1089282157,10000000,0.00022421926,0x35376dd47c061bc3b8c8e8d61987019e7ed58f06,1791246839,1791247221
40132,0xbe21c92e0e5549ac326faf922b32284b8a22346e5fd5950a735ab69af083f29c,26129846,192,22421890,116780.67708333333,8.8037602214184e-05,8.6958151549224e-05,1.07945066496e-06,4.5852917819887497e-07,3926413.081777852,1150331396,10000000,0.0002242189,0x5f62d006c10c009ff50c878cd6157ac861c99990,1791247223,1791247605
40133,0x4c4c06c083a8c9834cc114fa5bd5c7778cd2fe230705475609e42f97a35ccabf,26129878,192,23594738,122889.26041666667,8.6738952831208e-05,8.571455646948e-05,1.024396361728e-06,4.5176537932920835e-07,3676199.02502024,1133880420,10000000,0.00023594738,0x5f62d006c10c009ff50c878cd6157ac861c99990,1791247607,1791247989
40134,0x12a476d4382b5e61b99357b89a2f184250295e71f746d8af292c17a96cfe93cd,26129910,192,22540919,117400.61979166667,8.683184694499e-05,8.5795895537886e-05,1.035951407104e-06,4.5224920283848957e-07,3852187.5237203063,1134956419,10000000,0.00022540919,0x35376dd47c061bc3b8c8e8d61987019e7ed58f06,1791247991,1791248373
40135,0x84a88e9f1314f205757da4000e0623183fb8988286df0544a3691c99cb6a3c09,26129942,192,22595014,117682.36458333333,8.6528861984712e-05,8.5492911232968e-05,1.035950751744e-06,4.5067115617037497e-07,3829555.581807208,1130948372,10000000,0.00022595014,0x35376dd47c061bc3b8c8e8d61987019e7ed58f06,1791248375,1791248757
40136,0x27e3c6e1b5da37648e49df707bf0e0e966c3cb23d82d07264f22021a8a6a2c6d,26129971,192,22742371,118449.84895833333,8.5675068909182e-05,8.4769589061246e-05,9.05479847936e-07,4.4622431723532293e-07,3767200.3903718744,1121379859,10000000,0.00022742371,0x5f62d006c10c009ff50c878cd6157ac861c99990,1791248759,1791249141
40137,0x30cf29e58e9439b9435a99e8e59c46ff605cecc9718f5fb200fdae8013ec88ab,26130003,192,22711510,118289.11458333333,8.7667062713088e-05,8.6694914796288e-05,9.721479168e-07,4.5659928496400004e-07,3860027.9203403033,1146849152,10000000,0.0002271151,0x35376dd47c061bc3b8c8e8d61987019e7ed58f06,1791249143,1791249525
40138,0xce5af4d406574a836f1bdfc79b795bc79d09e00a93be339352234fc0a946dbed,26130035,192,23475450,122267.96875,8.9308345528024e-05,8.8021508157144e-05,1.28683737088e-06,4.651476329584584e-07,3804329.4389681136,1164398076,10000000,0.0002347545,0x35376dd47c061bc3b8c8e8d61987019e7ed58f06,1791249527,1791249909
40139,0x63f686f2820cfadbb6745124b055d96ee401d15cebb8c66e0dd5746146d7c56b,26130067,192,22442902,116890.11458333333,8.758141737464e-05,8.6675939492784e-05,9.05477881856e-07,4.5615321549291667e-07,3902410.5427471013,1146598136,10000000,0.00022442902,0x5f62d006c10c009ff50c878cd6157ac861c99990,1791249911,1791250293
40140,0x5f9fcfb1d26657d2f18f4103e408ec0612ab1caa835aabb8c4a943f15fe0dd47,26130098,192,22442914,116890.17708333333,8.7457386882786e-05,8.626327403901e-05,1.194112843776e-06,4.5550722334784373e-07,3896881.9683034923,1141139165,10000000,0.00022442914,0x35376dd47c061bc3b8c8e8d61987019e7ed58f06,1791250295,1791250677
40141,0x8d5b0bbeb367dde5b8e78c1fe4b466c03ebc979d6b4c4f4f65cf3eb16cc2a5ec,26130130,192,22666670,118055.57291666667,8.5409674126646e-05,8.4543927969078e-05,8.65746157568e-07,4.448420527429479e-07,3768073.304400073,1118394687,10000000,0.0002266667,0x35376dd47c061bc3b8c8e8d61987019e7ed58f06,1791250679,1791251061
40142,0x52dd667d69f91c001a925ce65e33e7e1edb97d87bf2ffaaf4d31c0f3655ebe20,26130162,192,22810137,118802.796875,8.6877400834688e-05,8.5660755010176e-05,1.216645824512e-06,4.5248646268066665e-07,3808718.9408238977,1133168704,10000000,0.00022810137,0x35376dd47c061bc3b8c8e8d61987019e7ed58f06,1791251063,1791251445
40143,0xa7dc8384dcb25b8a52bd96cb7949fb458300a98c51b653bd5ab6a598e16e4a7c,26130194,192,23528917,122546.44270833333,8.8124941139184e-05,8.7092862778608e-05,1.032078360576e-06,4.5898406843325e-07,3745388.754577357,1152113432,10000000,0.00023528917,0x35376dd47c061bc3b8c8e8d61987019e7ed58f06,1791251447,1791251829
40144,0x00d528cce3cbda19198be8b502560cbd4d23658df6a56f8e181bbb6995e3625b,26130225,192,22922367,119387.328125,9.230124738078e-05,9.0904082906412e-05,1.397164474368e-06,4.807356634415625e-07,4026689.1888075955,1202530398,10000000,0.00022922367,0x5f62d006c10c009ff50c878cd6157ac861c99990,1791251831,1791252213
40145,0xc7519212c2631de29e85fd49a55713f52a48a7f3ea0f80256df23fe9b4d35d6f,26130257,192,22538663,117388.86979166667,8.558096145611e-05,8.476549307595e-05,8.1546838016e-07,4.4573417425057295e-07,3797073.564483838,1121325675,10000000,0.00022538663,0x5f62d006c10c009ff50c878cd6157ac861c99990,1791252215,1791252597
40146,0x15f2226a8dec3fca1e04c3aea331659787d455cba95dd1e1a3aee03d3b68a892,26130289,192,22421890,116780.67708333333,8.7639159115804e-05,8.6480241594396e-05,1.158917521408e-06,4.564539537281458e-07,3908642.809138926,1144009334,10000000,0.0002242189,0x5f62d006c10c009ff50c878cd6157ac861c99990,1791252599,1791252981
40147,0x30c3d475b39cad6243c12ab14a983e35e8853d9dda37ed3a6775f3ace9013ec7,26130321,192,22584785,117629.08854166667,8.8558122524636e-05,8.7346021490652e-05,1.212101033984e-06,4.6124022148247915e-07,3921140.8266510395,1155462358,10000000,0.00022584785,0x35376dd47c061bc3b8c8e8d61987019e7ed58f06,1791252983,1791253365
40148,0x1fa2891457e47e6f880beaa2a6fb86450b8a59f63cf1c3f663f5fea885e51896,26130352,192,23415973,121958.19270833333,8.7711266511046e-05,8.6667549087942e-05,1.043717423104e-06,4.5682951307836455e-07,3745787.822314537,1146487143,10000000,0.00023415973,0x35376dd47c061bc3b8c8e8d61987019e7ed58f06,1791253367,1791253749
40149,0xca736842b4158f9c15097c36a50a4856e3f3257d21ebfeb69e261e12606293a6,26130384,192,23037732,119988.1875,8.9155767865424e-05,8.785928071176e-05,1.296487153664e-06,4.643529576324167e-07,3869988.932305663,1162252040,10000000,0.00023037732,0x5f62d006c10c009ff50c878cd6157ac861c99990,1791253751,1791254133
40150,0x3230d79264303eb9c84f558d55f5382761b33ff6d25853cd334096200684be08,26130416,192,22582967,117619.61979166667,8.9009449392438e-05,8.7708106545462e-05,1.301342846976e-06,4.6359088225228125e-07,3941441.768587715,1160252223,10000000,0.00022582967,0x35376dd47c061bc3b8c8e8d61987019e7ed58f06,1791254135,1791254517
40151,0x9294f5f026a10a215bf5133b7a90a58e753f571032e43819b6192761d56e26cc,26130448,192,22688429,118168.90104166667,8.6600945182326e-05,8.5628807095926e-05,9.721380864e-07,4.510465894912813e-07,3816965.2549467394,1132746079,10000000,0.00022688429,0x35376dd47c061bc3b8c8e8d61987019e7ed58f06,1791254519,1791254901
40152,0x314a81af53439bdc02701e1665062dff388919fd89f370b3bf577adcae0312ba,26130480,192,22479640,117081.45833333333,8.6877425982852e-05,8.587950786906e-05,9.97918113792e-07,4.5248659366068747e-07,3864716.0712027415,1136062490,10000000,0.0002247964,0x35376dd47c061bc3b8c8e8d61987019e7ed58f06,1791254903,1791255285
40153,0xb0cab61001b9342bf35a5baa2e1c6ff18359dc714bb02403ffa5d7f33b424c3f,26130512,192,23558558,122700.82291666667,8.7249498191942e-05,8.6390209820742e-05,8.592883712e-07,4.544244697496979e-07,3703516.0722461026,1142818343,10000000,0.00023558558,0x5f62d006c10c009ff50c878cd6157ac861c99990,1791255287,1791255669
40154,0x3942ef85daa71204f2b81fdfa87853e693692ac45847109fb062480055a8021e,26130544,192,22582931,117619.43229166667,8.4559928571626e-05,8.3651068638954e-05,9.08859932672e-07,4.4041629464388546e-07,3744417.789330623,1106583441,10000000,0.00022582931,0x5f62d006c10c009ff50c878cd6157ac861c99990,1791255671,1791256053
40155,0xc1b1405db48bf2866ec277aa0021037a8ac9cd5a6ebc61ed9074bece982e56ca,26130576,192,22463866,116999.30208333333,8.692817670957e-05,8.5991719829442e-05,9.36456880128e-07,4.5275092036234373e-07,3869689.0690841014,1137546893,10000000,0.00022463866,0x35376dd47c061bc3b8c8e8d61987019e7ed58f06,1791256055,1791256437
40156,0xd7b4fb4ac44dbbb4b0ee5bd0e51059d9f468d3e42eb0fe49e6f6d0adaf063e47,26130608,192,22588120,117646.45833333333,8.562440761669e-05,8.467738751301e-05,9.4702010368e-07,4.4596045633692707e-07,3790683.2271428523,1120160165,10000000,0.0002258812,0x35376dd47c061bc3b8c8e8d61987019e7ed58f06,1791256439,1791256821
40157,0x490c4074702dca72fb0bd2e3c5bd382b23477c436b0aa0c219c4c3b30fbe2b02,26130640,192,23141846,120530.44791666667,8.4991992066344e-05,8.4093271994664e-05,8.9872007168e-07,4.426666253455417e-07,3672653.947586722,1112433156,10000000,0.00023141846,0x5f62d006c10c009ff50c878cd6157ac861c99990,1791256823,1791257205
40158,0xbda896662a4d6ca500f0faa00025ca7502f0c5037832d7ac42a4237eb56d59f5,26130672,192,24069181,125360.31770833333,9.1662369060474e-05,9.0254731277946e-05,1.407637782528e-06,4.774081721899687e-07,3808287.829173498,1193940409,10000000,0.00024069181,0x35376dd47c061bc3b8c8e8d61987019e7ed58f06,1791257207,1791257589
40159,0x80f880e0c3461ff04f62db9bcfc2d2a8b4973b1f68375465c7224c30599a12db,26130704,192,22678938,118119.46875,8.6809350388834e-05,8.5833575971938e-05,9.75774416896e-07,4.5213203327517705e-07,3827752.004473666,1135454877,10000000,0.00022678938,0x35376dd47c061bc3b8c8e8d61987019e7ed58f06,1791257591,1791257973
40160,0xb4705b7b8095c3c747d1d182e83becb25d3984897fe2c0480e3ce5751ce85d6e,26130735,192,22542949,117411.19270833333,8.615836751151e-05,8.5289390035926e-05,8.68977475584e-07,4.487414974557813e-07,3821965.2411718625,1128256079,10000000,0.00022542949,0x5f62d006c10c009ff50c878cd6157ac861c99990,1791257975,1791258357
40161,0x45bacf531ba722fffd4a7d025eb29e0bcf968cb7d4a5670ceb3466df2bd1b99b,26130768,192,22444050,116896.09375,8.8217266559208e-05,8.7211864365288e-05,1.00540219392e-06,4.59464929995875e-07,3930541.3487854465,1153687652,10000000,0.0002244405,0x5f62d006c10c009ff50c878cd6157ac861c99990,1791258359,1791258741
40162,0x53d03c6ce4fb674bb0be37c3e1f15e4da3b0786e4c40c76f98cf8379a723479a,26130799,192,23069445,120153.359375,9.2594842417298e-05,9.1409645222034e-05,1.185197195264e-06,4.822648042567604e-07,4013743.825102771,1209218261,10000000,0.00023069445,0x5f62d006c10c009ff50c878cd6157ac861c99990,1791258743,1791259125
40163,0xb7ac2895d4ba1997f2f9f5680a2dcae86fd30bf43e9428ad33c5627c09bcf34b,26130831,192,23415959,121958.11979166667,8.946124458653e-05,8.8100193724962e-05,1.361050861568e-06,4.6594398222151044e-07,3820524.480185928,1165438973,10000000,0.00023415959,0x35376dd47c061bc3b8c8e8d61987019e7ed58f06,1791259127,1791259509
40164,0x1478b3eeaa363fddc370d78d4bbaf66ab1a76364a69a4b6bdcc3b0022ea99c6a,26130863,192,22585263,117631.578125,8.7494480907994e-05,8.6419083251418e-05,1.075397656576e-06,4.5570042139580206e-07,3873963.340962379,1143200297,10000000,0.00022585263,0x5f62d006c10c009ff50c878cd6157ac861c99990,1791259511,1791259893
40165,0xf77c7b75b6410daed3607388551a94b25a573a22d87aa9338dab8d65da488172,26130895,192,22606535,117742.36979166667,9.3288382188556e-05,9.176576621262e-05,1.522615975936e-06,4.858769905653958e-07,4126611.273623136,1213929230,10000000,0.00022606535,0x5f62d006c10c009ff50c878cd6157ac861c99990,1791259895,1791260277
40166,0x7042fe2b550c8d63418c476811c00f83d620cf92a8e95534b922e7937dddf163,26130927,192,22421914,116780.80208333333,8.6131693242006e-05,8.5011143640726e-05,1.12054960128e-06,4.4860256896878126e-07,3841406.8148689717,1124575279,10000000,0.00022421914,0x5f62d006c10c009ff50c878cd6157ac861c99990,1791260279,1791260661
40167,0x42c24e47512f5ff4bd467a3527d11d04d8762d9f4e28659ed9da4806f330ce07,26130959,192,22655424,117997.0,8.7780848432136e-05,8.6689248572424e-05,1.091599859712e-06,4.57191918917375e-07,3874606.294375069,1146774196,10000000,0.00022655424,0x5f62d006c10c009ff50c878cd6157ac861c99990,1791260663,1791261045
40168,0x04c404198e309b121da672bcd1c419dda261d456fa284a255de376576556cf24,26130991,192,23303579,121372.80729166667,8.9483097267468e-05,8.8196287683852e-05,1.286809583616e-06,4.660577982680625e-07,3839886.4512385842,1166710158,10000000,0.00023303579,0x5f62d006c10c009ff50c878cd6157ac861c99990,1791261047,1791261429
40169,0xd4b96b981fc44081bfe2a6ee2147cea96f8be6786213874dd9fe14e99343c66f,26131023,192,22470775,117035.28645833333,9.3187503083232e-05,9.187149878448e-05,1.316004298752e-06,4.853515785585e-07,4147053.3652369357,1215327920,10000000,0.00022470775,0x35376dd47c061bc3b8c8e8d61987019e7ed58f06,1791261431,1791261813
40170,0xd06c0538ddcc2838bf77918580ad9141d9d9c32006c3e7bff8a240aa21af5f34,26131055,192,22701996,118239.5625,8.8152854538036e-05,8.691790031442e-05,1.234954223616e-06,4.591294507189375e-07,3883044.228271206,1149798930,10000000,0.00022701996,0x35376dd47c061bc3b8c8e8d61987019e7ed58f06,1791261815,1791262197
40171,0xfc5a92629c01a5aef8b6a0e5510a51046ff58268f3b16195c91340252c9e3b46,26131087,192,22568876,117546.22916666667,8.8604200895818e-05,8.7392121357642e-05,1.212079538176e-06,4.6148021299905207e-07,3925946.5511626718,1156072193,10000000,0.00022568876,0x35376dd47c061bc3b8c8e8d61987019e7ed58f06,1791262199,1791262581
40172,0x790e30704a28d32a438221ec104bd9a909629ed5825b90952758585232bf0bb6,26131119,192,22589876,117655.60416666667,8.7473251349622e-05,8.6389788308598e-05,1.083463041024e-06,4.555898507792813e-07,3872232.470404973,1142812767,10000000,0.00022589876,0x35376dd47c061bc3b8c8e8d61987019e7ed58f06,1791262583,1791262965
40173,0x1b050bd5ba7f06c4cce440c58aa059966e9f4de646b0e62e9e0e63d6180009fb,26131151,192,23427005,122015.65104166667,8.7276482746872e-05,8.610012517836e-05,1.176357568512e-06,4.54565014306625e-07,3725464.8106692256,1138980940,10000000,0.00023427005,0x5f62d006c10c009ff50c878cd6157ac861c99990,1791262967,1791263349
40174,0x518c0670f3027cffb8f6295f60a8f3d4b4b932b1eff4bd99d889652dcb5bc55a,26131183,192,22428799,116816.66145833333,8.912853697382e-05,8.8160043082236e-05,9.68493891584e-07,4.642111300719792e-07,3973843.4935290115,1166230694,10000000,0.00022428799,0x5f62d006c10c009ff50c878cd6157ac861c99990,1791263351,1791263733
40175,0xcef7e6a246ca29b09c3a102e4c3815a22105073cd3b41ec39a73a8928dc397a5,26131215,192,22561979,117510.30729166667,8.8363979127634e-05,8.7230796806994e-05,1.13318232064e-06,4.602290579564271e-07,3916499.484714262,1153938101,10000000,0.00022561979,0x5f62d006c10c009ff50c878cd6157ac861c99990,1791263735,1791264117
40176,0x4437d85a8bfb2f4b8412e5ca55ae1648802218ab0829aab371d995cc6a762c48,26131247,192,22706589,118263.484375,8.8797923261744e-05,8.7861480799536e-05,9.36442462208e-07,4.6248918365491667e-07,3910667.65958304,1162281144,10000000,0.00022706589,0x5f62d006c10c009ff50c878cd6157ac861c99990,1791264119,1791264501
40177,0x17c8c482ce596114b1dc35abacaa57582f43bb50350f88ed9e872ae1c59fb5f1,26131279,192,22470775,117035.28645833333,8.6134649837004e-05,8.5166158435788e-05,9.68491401216e-07,4.486179679010625e-07,3833185.5415313444,1126625902,10000000,0.00022470775,0x5f62d006c10c009ff50c878cd6157ac861c99990,1791264503,1791264885
40178,0x30b50560ed620345442d2ae67565bfbc5974dcb00acb75832ce88b965daea193,26131311,192,23824975,124088.41145833333,8.7857507506536e-05,8.6732770154856e-05,1.12473735168e-06,4.57591184929875e-07,3687622.2328265193,1147349924,10000000,0.00023824975,0x5f62d006c10c009ff50c878cd6157ac861c99990,1791264887,1791265269
40179,0xd846bc022d1759924b10409b007423dc691578d53157bf1dd06dbee0d3eb39cd,26131343,192,22911661,119331.56770833333,8.7200038546504e-05,8.6238763969608e-05,9.61274576896e-07,4.5416686742970835e-07,3805923.915621133,1140814932,10000000,0.00022911661,0x35376dd47c061bc3b8c8e8d61987019e7ed58f06,1791265271,1791265653
40180,0x8bbf7cb1a7955c80de6a0b2f39096dafd473bd0b432e90d74e40398c8c3b2e9e,26131376,192,22456312,116959.95833333333,8.826895937842e-05,8.7225266727924e-05,1.043692650496e-06,4.597341634292708e-07,3930697.052054674,1153864946,10000000,0.00022456312,0x5f62d006c10c009ff50c878cd6157ac861c99990,1791265655,1791266037
40181,0xa7fcfa44c8bdee44605763560e8be2503987ad5a1303e870b1b86f14d9faef84,26131407,192,22591024,117661.58333333333,9.4853128085004e-05,9.327842029518e-05,1.574707789824e-06,4.940267087760624e-07,4198708.659023336,1233939470,10000000,0.00022591024,0x35376dd47c061bc3b8c8e8d61987019e7ed58f06,1791266039,1791266421
40182,0x9c56eddda7bd9265a4f4c9f7e1cc97ec5b6ca508900002be89f8e83aabded08d,26131439,192,22831356,118913.3125,9.3959346321602e-05,9.201784612269e-05,1.941500198912e-06,4.893715954250104e-07,4115364.252635805,1217263885,10000000,0.00022831356,0x35376dd47c061bc3b8c8e8d61987019e7ed58f06,1791266423,1791266805
40183,0x337fd54333c475210fee8cd0812a6e6212b94343b1a07c9242408dc4b7f5cc10,26131471,192,23533444,122570.02083333333,9.3788560478696e-05,9.201370168164e-05,1.774858797056e-06,4.884820858265416e-07,3985330.8541960963,1217209060,10000000,0.00023533444,0x35376dd47c061bc3b8c8e8d61987019e7ed58f06,1791266807,1791267189
40184,0xd6d2247bbf2232e2c03348f2d9980221f77ad631bb05c98df67f31ad40c9b138,26131503,192,23458633,122180.38020833333,9.028784645442e-05,8.8936957998228e-05,1.350888456192e-06,4.702492002834375e-07,3848811.073280357,1176508162,10000000,0.00023458633,0x35376dd47c061bc3b8c8e8d61987019e7ed58f06,1791267191,1791267573
40185,0x686ce24c8b23ea62bc30008ef5b826900f108ee9a56361679f33c85436161a10,26131535,192,22605127,117735.03645833333,8.8812721697988e-05,8.7559172682948e-05,1.25354901504e-06,4.6256625884368746e-07,3928875.148455835,1158282042,10000000,0.00022605127,0x5f62d006c10c009ff50c878cd6157ac861c99990,1791267575,1791267957
40186,0x0f2411914ccac716dfeb4926e192945f1cc721009a0e57a851573ce5906f6b06,26131567,192,22745713,118467.25520833333,8.468935285101e-05,8.3823635529282e-05,8.65717321728e-07,4.410903794323437e-07,3723310.535528607,1108866253,10000000,0.00022745713,0x35376dd47c061bc3b8c8e8d61987019e7ed58f06,1791267959,1791268341
40187,0x4d53511a33219742558fa1c50e075d13f5b91a7518c8dc6894b75415871acf6a,26131599,192,23233050,121005.46875,9.001057436529e-05,8.8825399321194e-05,1.185175044096e-06,4.6880507481921877e-07,3874247.004387715,1175032401,10000000,0.0002323305,0x35376dd47c061bc3b8c8e8d61987019e7ed58f06,1791268343,1791268725
40188,0x3d72dce24448d2ee9833edd913268698c0ba3ded5426e2bf2c77272539a2d81c,26131629,192,27390671,142659.74479166666,8.9282829825784e-05,8.7885711095544e-05,1.39711873024e-06,4.650147386759584e-07,3259607.2518918575,1162601676,10000000,0.00027390671,0x5f62d006c10c009ff50c878cd6157ac861c99990,1791268727,1791269109
40189,0xbae90d515c81c22f1d29d78014b364f78f9f7e886403e31cf3b9f6ffbc19e13f,26131661,192,23499163,122391.47395833333,8.7871084135108e-05,8.6685910794948e-05,1.18517334016e-06,4.576618965370209e-07,3739328.253313022,1146730042,10000000,0.00023499163,0x35376dd47c061bc3b8c8e8d61987019e7ed58f06,1791269111,1791269493
40190,0xaaea23d9dd06a6d7d4de71e65e6077fc17fbfff449feb7afd22be0838cb1b3ee,26131693,192,22904000,119291.66666666667,8.6443704862262e-05,8.5434558334518e-05,1.009146527744e-06,4.5022762949094787e-07,3774175.028914687,1130176447,10000000,0.00022904,0x5f62d006c10c009ff50c878cd6157ac861c99990,1791269495,1791269877
40191,0x59df8a17051668ba69e9a2f5e6b55fc5654eaada7d5c84e967124f074f0718d6,26131725,192,22547876,117436.85416666667,8.5027968740364e-05,8.4159011712012e-05,8.68957028352e-07,4.428540038560625e-07,3770996.822067143,1113302798,10000000,0.00022547876,0x35376dd47c061bc3b8c8e8d61987019e7ed58f06,1791269879,1791270261
40192,0x410ca9717ab260a85856e0499d32379040a6f7d6bfc5a4b209eb50239c1efc8a,26131757,192,22840687,118961.91145833333,8.5656217419638e-05,8.4770862366582e-05,8.85355053056e-07,4.4612613239394797e-07,3750159.415942174,1121396703,10000000,0.00022840687,0x35376dd47c061bc3b8c8e8d61987019e7ed58f06,1791270263,1791270645
40193,0x5231cc11cc846a86d55a7b4ec3e2a82c147f62ec56a7de23b18b970da361832e,26131789,192,23275754,121227.88541666667,9.002503090443e-05,8.8989124586094e-05,1.035906318336e-06,4.688803692939062e-07,3867760.0263531744,1177198251,10000000,0.00023275754,0x35376dd47c061bc3b8c8e8d61987019e7ed58f06,1791270647,1791271029
40194,0x15fbecfd69b5a65b0b17db580ae0fe912f807e2b9a3cbeef7b25e75ec3b06277,26131821,192,22426471,116804.53645833333,8.901435178325e-05,8.7910460646738e-05,1.103891136512e-06,4.6361641553776045e-07,3969164.465655341,1162929077,10000000,0.00022426471,0x5f62d006c10c009ff50c878cd6157ac861c99990,1791271031,1791271413
40195,0xdf542ee810647616b70e9ab7cb904efc15ebd56ace1502c3d7a5ec71dc40ef78,26131853,192,22696278,118209.78125,8.4442717510958e-05,8.3520190176558e-05,9.225273344e-07,4.398058203695729e-07,3720553.5423454894,1104852107,10000000,0.00022696278,0x5f62d006c10c009ff50c878cd6157ac861c99990,1791271415,1791271797
40196,0xc45385fe489c9922b735addc3f7d7bb47fc23fcdc825dad1798063aab6fbe06e,26131885,192,22919182,119370.73958333333,8.6500653946646e-05,8.548773175887e-05,1.012922187776e-06,4.505242393054479e-07,3774159.7386261867,1130879855,10000000,0.00022919182,0x5f62d006c10c009ff50c878cd6157ac861c99990,1791271799,1791272181
40197,0x6e5ea27423d2c7671b2382e92d0c2c6a892709df3160559ea62104d6b59db6d9,26131917,192,22549564,117445.64583333333,8.5136962507422e-05,8.418997176387e-05,9.46990743552e-07,4.4342167972615625e-07,3775548.0552715785,1113712355,10000000,0.00022549564,0x5f62d006c10c009ff50c878cd6157ac861c99990,1791272183,1791272565
40198,0x20043812148fdbe737b53eac0789161c343b44823953b480f741fc8da76efa0b,26131949,192,23589967,122864.41145833333,8.678216017523e-05,8.5806414594174e-05,9.75745581056e-07,4.519904175793229e-07,3678774.1235598167,1135095571,10000000,0.00023589967,0x35376dd47c061bc3b8c8e8d61987019e7ed58f06,1791272567,1791272949
40199,0x4f19cd9765cd3bbf200d8d94ad7712e3a882750f2c678a32e9017c03e0c3a12a,26131981,192,22613444,117778.35416666667,8.850296134103e-05,8.743560468951e-05,1.06735665152e-06,4.6095292365119795e-07,3913732.0852599894,1156647415,10000000,0.00022613444,0x35376dd47c061bc3b8c8e8d61987019e7ed58f06,1791272951,1791273333
40200,0x265a021fc485f8adfd3b440e832aca871a1e5d6852befbbc4c576805e11690b6,26132012,192,22628555,117857.05729166667,9.0539155878898e-05,8.9099626836978e-05,1.43952904192e-06,4.715581035359271e-07,4001101.965145278,1178660037,10000000,0.00022628555,0x35376dd47c061bc3b8c8e8d61987019e7ed58f06,1791273335,1791273717
40201,0x0e355f2d0a340d402a33a44e7fceb16a62959a2683fc8a3fb123de1e7296b192,26132044,192,22957316,119569.35416666667,9.3141019464974e-05,9.1701491733774e-05,1.4395277312e-06,4.85109476380073e-07,4057138.8861386934,1213078971,10000000,0.00022957316,0x5f62d006c10c009ff50c878cd6157ac861c99990,1791273719,1791274101
40202,0x1fb514a70c9a0c0f843e78a9cc5bd178062c285c5f99d122b36274f1b6e33916,26132076,192,22544911,117421.41145833333,9.068491485237e-05,8.9282577621522e-05,1.402337230848e-06,4.723172648560937e-07,4022411.7474835007,1181080213,10000000,0.00022544911,0x5f62d006c10c009ff50c878cd6157ac861c99990,1791274103,1791274485
40203,0x51d563268c015ee5c9f136f93286e838ab41c0fbfce75b7c017e51f976e158ea,26132108,192,23472368,122251.91666666667,9.310995175337e-05,9.164873422761e-05,1.46121752576e-06,4.849476653821354e-07,3966789.876222544,1212381065,10000000,0.00023472368,0x5f62d006c10c009ff50c878cd6157ac861c99990,1791274487,1791274869
40204,0xf9496531352c24c5ac7b575180465cdb095fd373e77f7de767ed2aa85b23e154,26132139,192,22945277,119506.65104166667,8.7574063114956e-05,8.639773346478e-05,1.176329650176e-06,4.561149120570625e-07,3816648.7645782614,1142917870,10000000,0.00022945277,0x35376dd47c061bc3b8c8e8d61987019e7ed58f06,1791274871,1791275253
40205,0x9ef3aca416188f688a8cdf1b6ace4b2523bbdab0133505f3e96f96780f0f5b24,26132171,192,22959950,119583.07291666667,8.5976436140596e-05,8.5060789168692e-05,9.15646971904e-07,4.4779393823227084e-07,3744626.4534807783,1125232018,10000000,0.0002295995,0x5f62d006c10c009ff50c878cd6157ac861c99990,1791275255,1791275637
40206,0x703f3c3d8179e5f198df7eba6701949cd8057540e7b8f90a5f2f95d29bb44f74,26132203,192,22492027,117145.97395833333,8.8406670619846e-05,8.729033721159e-05,1.116333408256e-06,4.6045140947836456e-07,3930578.1830977704,1154725735,10000000,0.00022492027,0x35376dd47c061bc3b8c8e8d61987019e7ed58f06,1791275639,1791276021
40207,0x5976b47c75aa09398acbcfda66b00d341165b30c3e2456142e01bef2e44da5be,26132235,192,22666881,118056.671875,9.833857418385e-05,9.6503004147114e-05,1.835570036736e-06,5.121800738742188e-07,4338425.484470052,1276596081,10000000,0.00022666881,0x5f62d006c10c009ff50c878cd6157ac861c99990,1791276023,1791276405
40208,0x39e7c0307433aa853a02a83c0190bed519de9c5f091df43c7e34c67498e9dc11,26132267,192,24345020,126796.97916666667,9.849894538719e-05,9.6318879992502e-05,2.180065394688e-06,5.130153405582813e-07,4045958.696570798,1274160383,10000000,0.0002434502,0x5f62d006c10c009ff50c878cd6157ac861c99990,1791276407,1791276789
40209,0xaa56b7201f7b37820f322a1403ccb4a217cdab087fcf5cfa688325fb59f22f73,26132299,192,22937758,119467.48958333333,9.28044153933e-05,9.1332235529748e-05,1.472179863552e-06,4.833563301734375e-07,4045923.5550963613,1208194242,10000000,0.00022937758,0x35376dd47c061bc3b8c8e8d61987019e7ed58f06,1791276791,1791277173
40210,0x864e9c162f48474fac5b58e2333f6178dbf6f73c53434f142b22fc021d3aa732,26132330,192,22580573,117607.15104166667,9.7451500636596e-05,9.5538862623156e-05,1.91263801344e-06,5.075598991489374e-07,4315723.105724377,1263841874,10000000,0.00022580573,0x5f62d006c10c009ff50c878cd6157ac861c99990,1791277175,1791277557
40211,0x61d4751a6c47164210adbd1adb7613547eb538976d09c69ab9dc1a23c29a0980,26132362,192,22428775,116816.53645833333,8.9539386057558e-05,8.8203593163606e-05,1.335792893952e-06,4.6635096904978125e-07,3992165.691508252,1166806799,10000000,0.00022428775,0x35376dd47c061bc3b8c8e8d61987019e7ed58f06,1791277559,1791277941
40212,0x6f7be6dcf7d4ae1fc8b78227275cb7a8543f6cdcec8634fa8dbafd1edffabf8e,26132394,192,22601990,117718.69791666667,9.4183717679232e-05,9.2467630649472e-05,1.71608702976e-06,4.90540196246e-07,4167054.2142188363,1223213888,10000000,0.0002260199,0x5f62d006c10c009ff50c878cd6157ac861c99990,1791277943,1791278325
40213,0x5bace0435218ce4ae8d2cc58ab34f11a6497f979b49b4639b128aca67dc12480,26132426,192,23792658,123920.09375,9.0501249234842e-05,8.9029074352026e-05,1.472174882816e-06,4.713606730981354e-07,3803746.9052361446,1177726729,10000000,0.00023792658,0x35376dd47c061bc3b8c8e8d61987019e7ed58f06,1791278327,1791278709
40214,0x596ef30c22626d4ebbbda5d5d7fc67720d1add7f994b99f8d09ad98cbc8d134d,26132457,192,22649351,117965.36979166667,0.000102516162256652,0.00010014032352846,2.375838728192e-06,5.339383450867291e-07,4526229.570845187,1324712590,10000000,0.00022649351,0x5f62d006c10c009ff50c878cd6157ac861c99990,1791278711,1791279093
40215,0x935c3726990f5c76e4b2d9cf40b1acfc0e40087d1c5ed0887eb0fa03714d21b9,26132489,192,22602508,117721.39583333333,0.000101462571784528,9.8853933324624e-05,2.608638459904e-06,5.284508947110833e-07,4488996.16735134,1307695496,10000000,0.00022602508,0x5f62d006c10c009ff50c878cd6157ac861c99990,1791279095,1791279477
40216,0x15c1437731c8031064a26d10555e2e4926f92273647151894d5705dd8bd32098,26132521,192,22675835,118103.30729166667,0.000147980642890036,0.000144059455713588,3.921187176448e-06,7.707325150522708e-07,6525918.136643524,1905699602,10000000,0.00022675835,0x35376dd47c061bc3b8c8e8d61987019e7ed58f06,1791279479,1791279861
40217,0xa1eff97896786e1b20605fddf92c2c6a7c2e0f0d09a863cf4a55b1de9ca5c071,26132551,192,22828644,118899.1875,0.000217199321557292,0.000210654616234284,6.544705323008e-06,1.1312464664442292e-06,9514333.026407175,2786657886,10000000,0.00022828644,0x5f62d006c10c009ff50c878cd6157ac861c99990,1791279863,1791280245
40218,0xdf4020e9959a4b22b975775b76540569ae9d419c60f50651c1c02d37a0adcaed,26132582,192,23755680,123727.5,0.000157670228894738,0.000149570856035346,8.099372859392e-06,8.211991088267604e-07,6637159.150768911,1978607509,10000000,0.0002375568,0x5f62d006c10c009ff50c878cd6157ac861c99990,1791280247,1791280629
40219,0x649d87abeb098df68208e7e3b2e85534b8b31fe0f08fa07d67f5921b4e55607d,26132615,192,22428775,116816.53645833333,0.000164912638656702,0.000158269320790206,6.643317866496e-06,8.589199930036563e-07,7352726.0698233405,2093675699,10000000,0.00022428775,0x5f62d006c10c009ff50c878cd6157ac861c99990,1791280631,1791281013
40220,0x452e63aa91e3177133633b10d02a9074634e4988e8d8f9744ff4be2b3930e318,26132644,192,22617773,117800.90104166667,0.000255995869073124,0.000245433849024228,1.0562020048896e-05,1.3333118180891874e-06,11318349.913279437,3246737162,10000000,0.00022617773,0x35376dd47c061bc3b8c8e8d61987019e7ed58f06,1791281015,1791281397
40221,0x6646b47d6e150947f937bc23911eb910312d5f35c1908cbb3bb76e032c25894d,26132676,192,22712335,118293.41145833333,0.000300873972321424,0.000283955673173136,1.6918299148288e-05,1.5670519391740833e-06,13247161.611583486,3756325544,10000000,0.00022712335,0x5f62d006c10c009ff50c878cd6157ac861c99990,1791281399,1791281781
40222,0xaea745914d07e3d4901d360297d9ca41d61feb504ed20397c96bffda0222b73d,26132707,192,22907341,119309.06770833333,0.000255018425107688,0.00023784519550692,1.7173229600768e-05,1.3282209641025417e-06,11132607.01482935,3146350180,10000000,0.00022907341,0x35376dd47c061bc3b8c8e8d61987019e7ed58f06,1791281783,1791282165
40223,0x4b1fe2c36c8e5b4017357dbd34c214ac781283b3aa274e68efb92f52f4975a5d,26132738,192,23585872,122843.08333333333,0.000443400895139826,0.000419446906621938,2.3953988517888e-05,2.3093796621865937e-06,18799427.688737817,5548679877,10000000,0.00023585872,0x5f62d006c10c009ff50c878cd6157ac861c99990,1791282167,1791282549
40224,0xac96ec503f5515dbfac1359bb579438937569e587b232e24373318293989973f,26132770,192,22547768,117436.29166666667,0.000368998072885138,0.000342300591693714,2.6697481191424e-05,1.9218649629434273e-06,16365170.729321767,4528144981,10000000,0.00022547768,0x5f62d006c10c009ff50c878cd6157ac861c99990,1791282551,1791282933
40225,0x999ebe5c88a4459026b922f44c6cd88bb354d82d05b6edcead06fb0acd3597d2,26132802,192,22538699,117389.05729166667,0.000233888338971444,0.00021789286298706,1.5995475984384e-05,1.2181684321429375e-06,10377188.983776039,2882409490,10000000,0.00022538699,0x35376dd47c061bc3b8c8e8d61987019e7ed58f06,1791282935,1791283317
40226,0x15265c446adff870f39913b324f7f2332f5215b2854011be203c6b12c6dbd68a,26132834,192,23152380,120585.3125,0.000168074049790124,0.000158703163449516,9.370886340608e-06,8.753856759902292e-07,7259471.803336158,2099414814,10000000,0.0002315238,0x35376dd47c061bc3b8c8e8d61987019e7ed58f06,1791283319,1791283701
40227,0x62a455fb80cbc2b5cedb022223c32a551f1ac9b8a08a9f9fbbe094b5f8b29c48,26132866,192,24272747,126420.55729166667,0.000156183600640352,0.000148916588982624,7.267011657728e-06,8.134562533351666e-07,6434525.133902314,1969952496,10000000,0.00024272747,0x35376dd47c061bc3b8c8e8d61987019e7ed58f06,1791283703,1791284085
40228,0xc1405731d7b883e1626819a30e88be651a8ad2cead601b287772cb33de3831a7,26132898,192,23394795,121847.890625,0.000160378978063048,0.00015242967831828,7.949299744768e-06,8.353071774117084e-07,6855327.352218646,2016425620,10000000,0.00023394795,0x5f62d006c10c009ff50c878cd6157ac861c99990,1791284087,1791284469
40229,0xed076cc3ef4924a2ed7ed416bb495760fef29664e13741c89a158d0d45e58858,26132930,192,22450959,116932.078125,0.000147683143200678,0.000140812508737446,6.870634463232e-06,7.691830375035313e-07,6578032.733509424,1862747159,10000000,0.00022450959,0x5f62d006c10c009ff50c878cd6157ac861c99990,1791284471,1791284853
40230,0x09a654c3e000dea0d92dba0c71fb97aa4bb02eb7336a6647a3247c9054d0eeb5,26132962,192,23030808,119952.125,0.000136987160799302,0.000131136981100614,5.850179698688e-06,7.134747958296979e-07,5947996.301271845,1734753831,10000000,0.00023030808,0x35376dd47c061bc3b8c8e8d61987019e7ed58f06,1791284855,1791285237
40231,0xf089f631a6c51520e21c3f79878bb783219e11e9cddff6fe3c4584afe426b8ac,26132994,192,22682302,118136.98958333333,0.00012360824879561,0.000119414110470618,4.194138324992e-06,6.437929624771354e-07,5449546.02912923,1579677097,10000000,0.00022682302,0x35376dd47c061bc3b8c8e8d61987019e7ed58f06,1791285239,1791285621
40232,0x2be6ed40497c5f8b3c96a240cd4cf07a8d6480a679b5025390e0fa0e2b5627cf,26133026,192,22426459,116804.47395833333,0.000123668660315554,0.000118593371596194,5.07528871936e-06,6.441076058101771e-07,5514408.686433913,1568819901,10000000,0.00022426459,0x5f62d006c10c009ff50c878cd6157ac861c99990,1791285623,1791286005
40233,0xcc9ec02d127119c5277f42891ee6136db94ac97eafa636d05618c9d1b4b54dd5,26133058,192,23657102,123214.07291666667,0.00011280701887097,0.000109366880483514,3.440138387456e-06,5.875365566196354e-07,4768420.868750957,1446766681,10000000,0.00023657102,0x5f62d006c10c009ff50c878cd6157ac861c99990,1791286007,1791286389
40234,0xded724d05c0aecb09411d810dc7b3b0b7f8955249be7d7f54536358c63f8a3b2,26133090,192,22610864,117764.91666666667,0.000124615487402314,0.00012069435291681,3.921134485504e-06,6.49038996887052e-07,5511310.2888201885,1596612865,10000000,0.00022610864,0x35376dd47c061bc3b8c8e8d61987019e7ed58f06,1791286391,1791286773
40235,0x28992dcdf988284b0a93f489f4632595463e20132d1a254d2479caa728fec041,26133122,192,22664282,118043.13541666667,0.00012189952433566,0.000118548264429612,3.351259906048e-06,6.348933559148958e-07,5378486.039648642,1568223198,10000000,0.00022664282,0x35376dd47c061bc3b8c8e8d61987019e7ed58f06,1791286775,1791287157
40236,0xa9a9dbb2eaaff661c0750f1350052f2a33355be50e4b2de59e2010adab56618e,26133154,192,22577443,117590.84895833333,0.00013360597803174,0.000128054192391804,5.551785639936e-06,6.958644689153125e-07,5917675.355519223,1693972966,10000000,0.00022577443,0x35376dd47c061bc3b8c8e8d61987019e7ed58f06,1791287159,1791287541
40237,0x7cab6f82f32cf3e9377c2785304c4cff8cf26b669bf98771657fff0381b0e76a,26133186,192,22428763,116816.47395833333,0.000109462447168868,0.00010639883394186,3.063613227008e-06,5.701169123378542e-07,4880449.589166732,1407503690,10000000,0.00022428763,0x5f62d006c10c009ff50c878cd6157ac861c99990,1791287543,1791287925
40238,0x24f9057d6061648a51019685ec81f088a1787823ffecf91337319a948a7150c0,26133218,192,23509741,122446.56770833333,0.000110303975798788,0.000107159119689732,3.144856109056e-06,5.744998739520208e-07,4691841.386036026,1417561178,10000000,0.00023509741,0x35376dd47c061bc3b8c8e8d61987019e7ed58f06,1791287927,1791288309
40239,0x58671d06eb2864a133d54a504b13b92d44b73c7e059f3f419fdf4b976eeffa23,26133250,192,22694625,118201.171875,0.00010840059950153,0.000105547089054426,2.853510447104e-06,5.645864557371354e-07,4776487.802796037,1396236329,10000000,0.00022694625,0x35376dd47c061bc3b8c8e8d61987019e7ed58f06,1791288311,1791288693
40240,0x5a79639ceda3f43b869dfbb9d277f14738859d1fc72b5796b641421901d0a616,26133282,192,22440610,116878.17708333333,0.00011169022854481,0.000108132370593066,3.557857951744e-06,5.81719940337552e-07,4977147.615185594,1430435889,10000000,0.0002244061,0x35376dd47c061bc3b8c8e8d61987019e7ed58f06,1791288695,1791289077
40241,0xddfef4e359b599ee27f749b4241512b64e14e75ec947bbca6adb38f3177e93b0,26133314,192,23174560,120700.83333333333,0.000105756014959606,0.000103078248733686,2.67776622592e-06,5.508125779146146e-07,4563452.982909104,1363577119,10000000,0.0002317456,0x5f62d006c10c009ff50c878cd6157ac861c99990,1791289079,1791289461
40242,0x4dd6f63a16b629d35b5bb07e19643a0f0bfc439122220e95aa41e5cdde72b53f,26133346,192,22983358,119704.98958333333,0.000103787014872376,0.0001010382373758,2.748777496576e-06,5.405573691269583e-07,4515746.344480037,1336590700,10000000,0.00022983358,0x5f62d006c10c009ff50c878cd6157ac861c99990,1791289463,1791289845
40243,0x1f06c86523113afa700fa76c5593d8b715706c3739112672bb93710055006592,26133378,192,23313018,121421.96875,0.000107870026740706,0.000105121250816994,2.748775923712e-06,5.618230559411771e-07,4627029.7024909435,1390603101,10000000,0.00023313018,0x5f62d006c10c009ff50c878cd6157ac861c99990,1791289847,1791290229
40244,0x2561c5ac74546f772ec2d2dbc19e383d2cb715137dbb79f4601f09fd182907d4,26133410,192,23013077,119859.77604166667,0.00010716858274451,0.000104058819328446,3.109763416064e-06,5.581697017943229e-07,4656855.871316556,1376548659,10000000,0.00023013077,0x35376dd47c061bc3b8c8e8d61987019e7ed58f06,1791290231,1791290613
40245,0xcf326340500dd680818dd6da845b5b3bf525a45b369db9b035bdb4c43fa92e13,26133442,192,23550516,122658.9375,0.000101052693248644,9.8755529439876e-05,2.297163808768e-06,5.263161106700209e-07,4290890.834351315,1306393754,10000000,0.00023550516,0x5f62d006c10c009ff50c878cd6157ac861c99990,1791290615,1791290997
40246,0x2a0de03c266a46d33f057239b471e867b25450a5281f109bf412a8f1e7029f7e,26133473,192,23370625,121722.00520833333,0.000104486902157862,0.000102020604613158,2.466297544704e-06,5.442026154055312e-07,4470864.692658498,1349586007,10000000,0.00023370625,0x35376dd47c061bc3b8c8e8d61987019e7ed58f06,1791290999,1791291381
40247,0x78ff740291384e4966e0f129d148cffd4c32f5836146b0328f603e35ad9664de,26133505,192,23576506,122794.30208333333,0.000106083668289262,0.000103494527051502,2.58914123776e-06,5.525191056732396e-07,4499550.030410019,1369083883,10000000,0.00023576506,0x35376dd47c061bc3b8c8e8d61987019e7ed58f06,1791291383,1791291765
40248,0xc9b47ef3722b5942a36065f642a055c5a4b90eb6abdf5b50bb51793319f03573,26133537,192,23875640,124352.29166666667,0.000105574144661848,0.000102815082207576,2.759062454272e-06,5.498653367804583e-07,4421835.170150329,1360095804,10000000,0.0002387564,0x35376dd47c061bc3b8c8e8d61987019e7ed58f06,1791291767,1791292149
40249,0xba0171cea7f7688795d04e3960d7d2f2f9d4acc2e5099e9fc90679b0d9111729,26133569,192,22867381,119100.94270833333,0.000115040218273288,0.000111988066375176,3.052151898112e-06,5.991678035067084e-07,5030756.179436902,1481441204,10000000,0.00022867381,0x5f62d006c10c009ff50c878cd6157ac861c99990,1791292151,1791292533
40250,0xcadf55d832a659dce73f2f0bdc6a60a15fde38c718b9fec5c01a1dfa866dd2fe,26133601,192,22766007,118572.953125,0.000129025098767666,0.000123930867391794,5.094231375872e-06,6.720057227482604e-07,5667445.2734581875,1639427301,10000000,0.00022766007,0x35376dd47c061bc3b8c8e8d61987019e7ed58f06,1791292535,1791292917
40251,0x019791a3248113b0898113ddab1a3f476e385017e9dbf41dacba814fc0533a46,26133633,192,22564547,117523.68229166667,0.000121462499717752,0.000117075953201784,4.386546515968e-06,6.326171860299584e-07,5382891.121977854,1548746636,10000000,0.00022564547,0x5f62d006c10c009ff50c878cd6157ac861c99990,1791292919,1791293301
40252,0x9d197272bc447a19f79e78b99832880b516add771102204b319938e3e7d113d6,26133665,192,23043893,120020.27604166667,0.000118543943525254,0.00011509096807719,3.452975448064e-06,6.174163725273646e-07,5144267.226256171,1522488135,10000000,0.00023043893,0x35376dd47c061bc3b8c8e8d61987019e7ed58f06,1791293303,1791293685
40253,0x551363d5d4c34100bd72e4c3d3abc28c031e26c6f53cab081ad1e877afde65d9,26133696,192,23392419,121835.515625,0.000118927617230154,0.000114524643984714,4.40297324544e-06,6.194146730737188e-07,5084023.89809083,1514996481,10000000,0.00023392419,0x35376dd47c061bc3b8c8e8d61987019e7ed58f06,1791293687,1791294069
40254,0x34437727c0a1e3e188215c60cee535563235d5ca70344ada5accd3914a505800,26133727,192,22789046,118692.94791666667,0.000109937897008684,0.000106548881681964,3.38901532672e-06,5.725932135868958e-07,4824155.298501043,1409488606,10000000,0.00022789046,0x35376dd47c061bc3b8c8e8d61987019e7ed58f06,1791294071,1791294453
40255,0xc7a999f14fe3b01bc9bfc2ebf716e9c7cea94981597b16014583d296914ec5ad,26133758,192,22646579,117950.93229166667,0.000105138232896944,0.000102409960959408,2.728271937536e-06,5.475949630049166e-07,4642565.788719965,1354736632,10000000,0.00022646579,0x5f62d006c10c009ff50c878cd6157ac861c99990,1791294455,1791294837
40256,0x8f5c8c102b791e69458dc5a49112cd7bcf12543d1234ed20eaedee5f64da6ec5,26133791,192,22906879,119306.66145833333,0.000102574471761722,0.000100171906928442,2.40256483328e-06,5.342420404256354e-07,4477889.448044057,1325130393,10000000,0.00022906879,0x35376dd47c061bc3b8c8e8d61987019e7ed58f06,1791294839,1791295221
40257,0xc16f796ad89aa854050a9eedf9a83fbe934f5fbf4a2aa14660ec6e0eacbd86e1,26133822,192,22610632,117763.70833333333,0.00016725725559702,0.000162968043279324,4.289212317696e-06,8.711315395678125e-07,7397283.5256007,2155833046,10000000,0.00022610632,0x35376dd47c061bc3b8c8e8d61987019e7ed58f06,1791295223,1791295605
40258,0xd039d8a90d96b6b6d41f4056ba1d76db6cadaf4a68cef19d05ee359f29a7da09,26133854,192,23534788,122577.02083333333,0.000191100499218742,0.000181517236785462,9.58326243328e-06,9.953151000976146e-07,8119915.897213181,2401212223,10000000,0.00023534788,0x5f62d006c10c009ff50c878cd6157ac861c99990,1791295607,1791295989
40259,0x8cf815211227bcfa0ca2721139188db040589820f2ffa5fff7814026045f8aec,26133886,192,22633036,117880.39583333333,0.000140575096196672,0.000134387556437568,6.187539759104e-06,7.321619593576667e-07,6211057.862350946,1777754272,10000000,0.00022633036,0x5f62d006c10c009ff50c878cd6157ac861c99990,1791295991,1791296373
40260,0xad66791dd94de6efef060994504a6be97dfc7d4ac9d0329215099e9b58132211,26133918,192,22514197,117261.44270833333,0.000124855305159072,0.00012021572912784,4.639576031232e-06,6.502880477035e-07,5545625.507277563,1590281360,10000000,0.00022514197,0x5f62d006c10c009ff50c878cd6157ac861c99990,1791296375,1791296757
40261,0xf4ab9a7b8d06f1770a7b0ca21789a98223d492e8fb188fb2d08b07f82f63d25e,26133950,192,22608476,117752.47916666667,0.000129075507691004,0.000124770239053308,4.305268637696e-06,6.722682692239791e-07,5709164.460753745,1650530982,10000000,0.00022608476,0x5f62d006c10c009ff50c878cd6157ac861c99990,1791296759,1791297141
40262,0xde2441c8d309caa4fcc4cd8fa4fa6931136b2d411a090ffa2620edd5addf59a8,26133982,192,22428775,116816.53645833333,0.000173929183386868,0.000165980087721204,7.949095665664e-06,9.058811634732708e-07,7754733.969504264,2195678066,10000000,0.00022428775,0x35376dd47c061bc3b8c8e8d61987019e7ed58f06,1791297143,1791297525
40263,0xc5124b1023bef6fec810b33ac738a5b01cf4b63dce6b4b17765f2a0bbab19b60,26134014,192,25329652,131925.27083333334,0.000271849598412672,0.000253821531121536,1.8028067291136e-05,1.415883325066e-06,10732464.797095198,3357694144,10000000,0.00025329652,0x35376dd47c061bc3b8c8e8d61987019e7ed58f06,1791297527,1791297909
40264,0xe8f00ef168c4e6d9d665c3ebf7db3f548c98cbf6395ff35ecd3ff7ce6373ca10,26134044,192,22547888,117436.91666666667,0.000260614188065774,0.000244133494416366,1.6480693649408e-05,1.3573655628425728e-06,11558252.731509665,3229535339,10000000,0.00022547888,0x35376dd47c061bc3b8c8e8d61987019e7ed58f06,1791297911,1791298293
40265,0x6baa35c2f981e69858f47ead4ce2c52782ae2eac8d477562f03564ff2a733b02,26134076,192,22814077,118823.31770833333,0.000220085788387634,0.000206917123615026,1.3168664772608e-05,1.1462801478522604e-06,9646929.322962923,2737216229,10000000,0.00022814077,0x35376dd47c061bc3b8c8e8d61987019e7ed58f06,1791298295,1791298677
40266,0xe44384badfb7ddf8f2fe786d119d012818d744d05e29a5601b50c908e1014f37,26134108,192,22705811,118259.43229166667,0.000198513607830572,0.000187046404418604,1.1467203411968e-05,1.0339250407842292e-06,8742854.762182774,2474355166,10000000,0.00022705811,0x5f62d006c10c009ff50c878cd6157ac861c99990,1791298679,1791299061
40267,0x983d6d0f58f8089c54526f71ed32e561c74013bdb77825ea3eadca99746928a0,26134140,192,22674712,118097.45833333333,0.000198916203484046,0.000188155241173902,1.0760962310144e-05,1.036021893146073e-06,8772601.10223433,2489023483,10000000,0.00022674712,0x35376dd47c061bc3b8c8e8d61987019e7ed58f06,1791299063,1791299445
40268,0xaa69bed5078b8cedf69b10495f7d4186b55b67430e11dba162d89435c252c7c7,26134172,192,23296718,121337.07291666667,0.000168955402656916,0.000160194741017748,8.760661639168e-06,8.799760555047709e-07,7252326.385927666,2119146242,10000000,0.00023296718,0x35376dd47c061bc3b8c8e8d61987019e7ed58f06,1791299447,1791299829
40269,0xd9a9b4af81e94642f53602500893d3cfab73175165df744ffe0851b3b6fa7c80,26134204,192,22672665,118086.796875,0.00016210905315596,0.000154009986611832,8.099066544128e-06,8.443179851872917e-07,7149977.876705715,2037330828,10000000,0.00022672665,0x5f62d006c10c009ff50c878cd6157ac861c99990,1791299831,1791300213
40270,0xe915a332e712cbaea8a8ed7adbc51711f08cb5072110c99ec051741816ac7079,26134237,192,22950600,119534.375,0.00014926050167705,0.00014212832103321,7.13218064384e-06,7.773984462346354e-07,6503555.535674449,1880153465,10000000,0.000229506,0x35376dd47c061bc3b8c8e8d61987019e7ed58f06,1791300215,1791300597
40271,0xebc8719cb7d2d2f49fb81df030180dc7ee88f3088ed81e028750b1e986f9207b,26134268,192,22447483,116913.97395833333,0.000133383248992736,0.000127511333886432,5.871915106304e-06,6.947044218371668e-07,5942013.587569529,1686791728,10000000,0.00022447483,0x35376dd47c061bc3b8c8e8d61987019e7ed58f06,1791300599,1791300981
40272,0x7d864c5310a7e942c62e803503307f49e692ccd748452c13896ffefd5fd0e23b,26134300,192,23232536,121002.79166666667,0.000117365426586456,0.000113602406482776,3.76302010368e-06,6.11278263471125e-07,5051769.922424999,1502796604,10000000,0.00023232536,0x5f62d006c10c009ff50c878cd6157ac861c99990,1791300983,1791301365
40273,0x3915c5b82a297c75101e4e09670ff5ea0f09661f6435a00c4efec5f3c7695916,26134332,192,23572775,122774.86979166667,0.000114372264591348,0.00011103360791346,3.338656677888e-06,5.956888780799375e-07,4851879.534392875,1468815090,10000000,0.00023572775,0x35376dd47c061bc3b8c8e8d61987019e7ed58f06,1791301367,1791301749
40274,0x7410ee926b94dddc693ee41da4b668e088a38bcb176472df1bda1acc7ec1a156,26134364,192,22428799,116816.66145833333,0.00013139374119529,0.00012608570792553,5.30803326976e-06,6.843424020588021e-07,5858260.230308809,1667932745,10000000,0.00022428799,0x35376dd47c061bc3b8c8e8d61987019e7ed58f06,1791301751,1791302133
40275,0x97b98cbe98b32efe49244930b93fb6a8c9ef60bd69dec8a1d98fda009b0fb586,26134396,192,23337758,121550.82291666667,0.00021902026508188,0.000208997339188248,1.0022925893632e-05,1.1407305473014583e-06,9384803.162406603,2764734492,10000000,0.00023337758,0x5f62d006c10c009ff50c878cd6157ac861c99990,1791302135,1791302517
40276,0x59770bb35283a2bdb715daf7398def3e0cc8a0610eee0c75b93154a10188de80,26134428,192,22869531,119112.140625,0.000201236784832734,0.000188312138637534,1.29246461952e-05,1.0481082543371562e-06,8799340.258999364,2491099011,10000000,0.00022869531,0x35376dd47c061bc3b8c8e8d61987019e7ed58f06,1791302519,1791302901
40277,0x0a8c82e626bbd80b6d36f70785664ae1ebb207a2abac05f7bd9ef752e2fe80b5,26134460,192,23058814,120097.98958333333,0.000218823533166052,0.00020535621795786,1.3467315208192e-05,1.1397059019065207e-06,9489800.00298593,2716567690,10000000,0.00023058814,0x35376dd47c061bc3b8c8e8d61987019e7ed58f06,1791302903,1791303285
40278,0xeebecd5c2f5854bafd83cc98e013ab2a3a56a5c402623ccab5ce6b7f868fcd6f,26134491,192,23855273,124246.21354166667,0.000295954324922066,0.000275861687901906,2.009263702016e-05,1.5414287756357603e-06,12406243.471708164,3649253749,10000000,0.00023855273,0x35376dd47c061bc3b8c8e8d61987019e7ed58f06,1791303287,1791303669
40279,0x0d464457aed2f9efd37c56192259c0e19aef3df1247696a722d14e4fff5f9582,26134523,192,22582365,117616.484375,0.000242199539620636,0.000225902873680668,1.6296665939968e-05,1.261455935524146e-06,10725162.73741196,2988370422,10000000,0.00022582365,0x35376dd47c061bc3b8c8e8d61987019e7ed58f06,1791303671,1791304053
40280,0x97655806f7f2375de53292a72be3b381da8bb0d829d3e7499bce3c997ad87dfb,26134555,192,22923402,119392.71875,0.000184585235840844,0.000173743608151884,1.084162768896e-05,9.613814366710625e-07,8052261.869370175,2298378286,10000000,0.00022923402,0x35376dd47c061bc3b8c8e8d61987019e7ed58f06,1791304055,1791304437
40281,0x1e9c2aea849e6d9915dc509d47b92ad73250cbb934fd42f21377392676541a04,26134587,192,22547888,117436.91666666667,0.000190018915519334,0.000179958490319718,1.0060425199616e-05,9.89681851663198e-07,8427348.739683911,2380592247,10000000,0.00022547888,0x35376dd47c061bc3b8c8e8d61987019e7ed58f06,1791304439,1791304821
40282,0x5f28118a15d82906fc02950b5b995344ded845442eda01773202713d03900086,26134619,192,22428739,116816.34895833333,0.00016894837787342,0.000159612864064524,9.335513808896e-06,8.799394680907293e-07,7532673.944505752,2111448846,10000000,0.00022428739,0x35376dd47c061bc3b8c8e8d61987019e7ed58f06,1791304823,1791305205
40283,0x6b91089da49bef17ccbfd6f6494a90ee313680ffa0031dea4097954038f62a19,26134651,192,23482684,122305.64583333333,0.00015769178454326,0.000149532014099484,8.159770443776e-06,8.213113778294792e-07,6715236.83337305,1978093686,10000000,0.00023482684,0x35376dd47c061bc3b8c8e8d61987019e7ed58f06,1791305207,1791305589
40284,0x903902505b4441dbe74a5b637a79f95c4c6b0ebaa030665d0f48111d693b709b,26134683,192,22567648,117539.83333333333,0.000143702700357872,0.000136623735208176,7.078965149696e-06,7.484515643639168e-07,6367641.872022818,1807335704,10000000,0.00022567648,0x35376dd47c061bc3b8c8e8d61987019e7ed58f06,1791305591,1791305973
40285,0xd4509765c22f0ab4fe0f5c1d695a42d139164e1ec6feaf04ac2e4db1e24bf90d,26134714,192,22421890,116780.67708333333,0.000142995760290618,0.000136377567353658,6.61819293696e-06,7.447695848469687e-07,6377506.993862605,1804079257,10000000,0.0002242189,0x5f62d006c10c009ff50c878cd6157ac861c99990,1791305975,1791306357
40286,0x8fe978ce0ce6e16797b8a1d05757081b35c4903a8e25a674e37e0ba0d78df148,26134746,192,23512263,122459.703125,0.000128244546343494,0.000123392149623366,4.852396720128e-06,6.679403455390312e-07,5454368.486074437,1632300839,10000000,0.00023512263,0x5f62d006c10c009ff50c878cd6157ac861c99990,1791306359,1791306741
40287,0x50aecbe2e18f773568706bd30236f8d3c3e8c911e04115c654eed997f49f168b,26134779,192,22707177,118266.546875,0.000113560534472534,0.000109976097216342,3.584437256192e-06,5.914611170444479e-07,5001085.536636016,1454825743,10000000,0.00022707177,0x5f62d006c10c009ff50c878cd6157ac861c99990,1791306743,1791307125
40288,0x434c71e9011f33dff1dc38dbdbc63c377b3c8686defcc329cb7d0de0c002a2f8,26134810,192,23441785,122092.63020833333,0.000116638400434502,0.00011271742533255,3.920975101952e-06,6.074916689296979e-07,4975662.068161704,1491089575,10000000,0.00023441785,0x35376dd47c061bc3b8c8e8d61987019e7ed58f06,1791307127,1791307509
40289,0x3a33903a6b8cb85b576b91dfe2535eb5da6271ca157adbde4a732091db774a50,26134842,192,22593781,117675.94270833333,0.000115678061762734,0.000111727657064622,3.950404698112e-06,6.024899050142396e-07,5119907.188740742,1477996363,10000000,0.00022593781,0x35376dd47c061bc3b8c8e8d61987019e7ed58f06,1791307511,1791307893
40290,0x24eab493c4c54dc2cbc63c9d40e07864c34dd341db9dedeae026063150de33d9,26134874,192,22686535,118159.03645833333,0.00010996046664412,0.000106768343612568,3.192123031552e-06,5.727107637714584e-07,4846948.493638187,1412391772,10000000,0.00022686535,0x5f62d006c10c009ff50c878cd6157ac861c99990,1791307895,1791308277
40291,0x1338e5eed1d58a4b47c9300952a8337a8aeaddbd8a591cd090c9c87a3e618fbc,26134906,192,23331718,121519.36458333333,0.000110620806194522,0.000107231884584282,3.38892161024e-06,5.761500322631354e-07,4741219.921932967,1418523753,10000000,0.00023331718,0x35376dd47c061bc3b8c8e8d61987019e7ed58f06,1791308279,1791308661
40292,0x250f07905720ccc3ad2bed739a37cf727f35ac5720058ee70513db745177ae31,26134938,192,22556698,117482.80208333333,0.000117710540525544,0.00011373049114212,3.980049383424e-06,6.13075731903875e-07,5218429.60018102,1504490980,10000000,0.00022556698,0x35376dd47c061bc3b8c8e8d61987019e7ed58f06,1791308663,1791309045
40293,0xd0ec938a57cce658b761fab80384932e09b172121aa6281d02a2ef1a601e955a,26134970,192,23503976,122416.54166666667,0.000113385897529614,0.000110059749839118,3.326147690496e-06,5.905515496334063e-07,4824115.610465821,1455932347,10000000,0.00023503976,0x5f62d006c10c009ff50c878cd6157ac861c99990,1791309047,1791309429
40294,0x315b68241f7bf0b572d0d7a2a61f4f4f4d6e8265b81bba03cec368db4e91af50,26135002,192,22568900,117546.35416666667,0.000125855476168492,0.000122078419564332,3.77705660416e-06,6.554972717108959e-07,5576500.235655792,1614922078,10000000,0.000225689,0x35376dd47c061bc3b8c8e8d61987019e7ed58f06,1791309431,1791309813
40295,0x6cbb39c85a8e4f135efe32b08b4034187ea730cff55e2b3ace3a8fcc34ee61a2,26135034,192,22561481,117507.71354166667,0.000109774146353534,0.00010649738017011,3.276766183424e-06,5.717403455913229e-07,4865555.871688299,1408807315,10000000,0.00022561481,0x35376dd47c061bc3b8c8e8d61987019e7ed58f06,1791309815,1791310197
40296,0xf37878007cf1dde4cd90545b7cbc7edc8d43d312df62fb5c936fced843f560c7,26135066,192,22611517,117768.31770833333,0.000109388719865328,0.00010618465119384,3.204068671488e-06,5.697329159652499e-07,4837743.520937936,1404670360,10000000,0.00022611517,0x35376dd47c061bc3b8c8e8d61987019e7ed58f06,1791310199,1791310581
40297,0x0872feb73dea643f18c63a0406165b6f54c3d5a5d79a25c4571de6fd4df7c57f,26135099,192,22727930,118374.63541666667,0.00014032673534802,0.000134649243664692,5.677491683328e-06,7.308684132709375e-07,6174197.797512576,1781216018,10000000,0.0002272793,0x5f62d006c10c009ff50c878cd6157ac861c99990,1791310585,1791310967
40298,0x93698a51e981ac98773a2165674b3ae73f5e9daab7e1808fd4b9a661dfa8633d,26135130,191,23355180,122278.42931937173,0.000112810030874506,0.000109102943125386,3.70708774912e-06,5.906284338979371e-07,4830193.168046917,1443275169,10000000,0.0002335518,0x5f62d006c10c009ff50c878cd6157ac861c99990,1791310969,1791311349
40299,0x3f1db806496c24891b2831b588cc486f1d74f60ffa35f4b91d71b6871d9e0a74,26135162,192,22545536,117424.66666666667,0.00011268012400419,0.000109014390650718,3.665733353472e-06,5.868756458551562e-07,4997890.669096977,1442103747,10000000,0.00022545536,0x35376dd47c061bc3b8c8e8d61987019e7ed58f06,1791311351,1791311733
40300,0x477cbcf4a0cbba0a207eb20452fe0e9fc50529391486985955eda875c7d9e995,26135195,192,22517832,117280.375,0.000166174022515142,0.000160258155690438,5.915866824704e-06,8.65489700599698e-07,7379663.482485437,2119985127,10000000,0.00022517832,0x5f62d006c10c009ff50c878cd6157ac861c99990,1791311735,1791312117
40301,0x42e507d931c736873b1968efa8e3ad5881cc51ade1dd360daf587fa37721791b,26135226,192,22643782,117936.36458333333,0.000220242235288994,0.000210256899796386,9.985335492608e-06,1.1470949754635103e-06,9726389.138042135,2781396669,10000000,0.00022643782,0x35376dd47c061bc3b8c8e8d61987019e7ed58f06,1791312119,1791312501
40302,0xd2e67839f5442dc4db5ba129180ecbf707618dd20256d903c7c2d1db2b490ca9,26135259,192,22730181,118386.359375,0.00015238218240704,0.000144696364645248,7.685817761792e-06,7.936572000366667e-07,6703958.160607696,1914124992,10000000,0.00022730181,0x35376dd47c061bc3b8c8e8d61987019e7ed58f06,1791312503,1791312885
40303,0xd1434bba80c775e22a4cfece9822774e9c5e4f5d3c22cfea59f50847048e65cc,26135290,192,23526801,122535.421875,0.00013030990143021,0.000125001978129858,5.307923300352e-06,6.786974032823437e-07,5538785.380562789,1653596557,10000000,0.00023526801,0x5f62d006c10c009ff50c878cd6157ac861c99990,1791312887,1791313269
40304,0xf50b99ab5934cde386008ed5294e4fb5bf2c4a86ced91583c2dae3f718a9a109,26135322,192,23204116,120854.77083333333,0.000106126218873754,0.00010276257620265,3.363642671104e-06,5.527407233008021e-07,4573594.567177393,1359401225,10000000,0.00023204116,0x35376dd47c061bc3b8c8e8d61987019e7ed58f06,1791313271,1791313653
40305,0xa057f1e96193275e25a3274e10350c13ec8610ad50f11f1167a2e562f2825f1b,26135354,192,23568662,122753.44791666667,0.000108064664115926,0.00010520060289711,2.864061218816e-06,5.62836792270448e-07,4585099.659706011,1391652815,10000000,0.00023568662,0x5f62d006c10c009ff50c878cd6157ac861c99990,1791313655,1791314037
40306,0x5698584fe4646f76a0ed3803bbb4f9b1e51b1b833bb3333e3b12e27dd28f4214,26135387,192,22428811,116816.72395833333,0.000107068481412884,0.000104072986173204,2.99549523968e-06,5.576483406921041e-07,4773702.957900176,1376736066,10000000,0.00022428811,0x5f62d006c10c009ff50c878cd6157ac861c99990,1791314039,1791314421
40307,0xeabe3a721f4fb2c63457051e50d7d0841d1bd498b8ad9ac13ef84a7838114222,26135418,192,22428763,116816.47395833333,0.000109161072113406,0.000106187897124606,2.9731749888e-06,5.685472505906563e-07,4867012.599553796,1404713299,10000000,0.00022428763,0x35376dd47c061bc3b8c8e8d61987019e7ed58f06,1791314423,1791314805
40308,0x7f178aca02c781dac0e5c7ec8ea615354574de2280de75849628a7cbb96d63d6,26135450,192,23464596,122211.4375,0.000115100139911976,0.00011182340571012,3.276734201856e-06,5.99479895374875e-07,4905268.341802092,1479262980,10000000,0.00023464596,0x35376dd47c061bc3b8c8e8d61987019e7ed58f06,1791314807,1791315189
40309,0xdb6130f71cb9a358ad59655122089163d25d7d9f833c0708f03f0e1ab2c0ac5e,26135482,192,22428751,116816.41145833333,0.000106247762989562,0.000103138150175226,3.109612814336e-06,5.533737655706354e-07,4737123.480017322,1364369529,10000000,0.00022428751,0x5f62d006c10c009ff50c878cd6157ac861c99990,1791315191,1791315573
40310,0x94ce80ff59e4182a31e87d496690ce2f0337e97bf750e063583ba8d9d823e14c,26135514,192,22700694,118232.78125,0.00010331537073275,0.000101094332886222,2.221037846528e-06,5.381008892330729e-07,4551198.775365634,1337332763,10000000,0.00022700694,0x35376dd47c061bc3b8c8e8d61987019e7ed58f06,1791315575,1791315957
40311,0x815f3fb39eb7893ff915917c246ae08b9cde44eee74f9fa5a59bfdea4a4b3676,26135546,192,22696823,118212.61979166667,0.000108042254680478,0.000105303876698526,2.738377981952e-06,5.627200764608229e-07,4760236.914235882,1393018979,10000000,0.00022696823,0x5f62d006c10c009ff50c878cd6157ac861c99990,1791315959,1791316341
40312,0x66100dab295584c808693a37a06481d8e8a78b3636dc608cfa04bbede9bc4603,26135578,192,22450935,116931.953125,0.0001089267650068,0.000105421912571856,3.504852434944e-06,5.673269010770833e-07,4851769.648203962,1394580424,10000000,0.00022450935,0x35376dd47c061bc3b8c8e8d61987019e7ed58f06,1791316343,1791316725
40313,0x53cd362e5e8878f22a87f84eaf8e6f1a77c5fe64aef116e55963c80016bc0170,26135611,192,23394807,121847.953125,0.000127182739435548,0.000122183096692764,4.999642742784e-06,6.624101012268125e-07,5436366.260065663,1616306806,10000000,0.00023394807,0x35376dd47c061bc3b8c8e8d61987019e7ed58f06,1791316727,1791317109
40314,0xf7bc5cc7d606e5c0461e8205ee6a1a23c8cf4212c6b1d129f9bdd9d5057d0e9e,26135642,192,22449787,116925.97395833333,0.000123466150949228,0.000118963484733804,4.502666215424e-06,6.430528695272292e-07,5499658.012311119,1573715966,10000000,0.00022449787,0x35376dd47c061bc3b8c8e8d61987019e7ed58f06,1791317111,1791317493
40315,0x274cf02a63048c2bd6ed88697a38fbf666dddf7dfcf5b68a9575428a1a6917fe,26135674,192,22421926,116780.86458333333,0.000119338056929152,0.000114835394514816,4.502662414336e-06,6.215523798393334e-07,5322382.07053007,1519107264,10000000,0.00022421926,0x35376dd47c061bc3b8c8e8d61987019e7ed58f06,1791317495,1791317877
40316,0x2ab6aa69da198a0a5e61846dba5ee996a4f01a0cbfea591499adf0c0a69771a4,26135706,192,22591048,117661.70833333333,0.000119213204570366,0.000115188329218302,4.024875352064e-06,6.20902107137323e-07,5277010.812883316,1523776083,10000000,0.00022591048,0x5f62d006c10c009ff50c878cd6157ac861c99990,1791317879,1791318261
40317,0x280a53ed92b0b9f2be001e74cd707b44dbd84fb6dfe4a1b05760a2e8cc15afd6,26135739,192,22428799,116816.66145833333,0.000114926672251222,0.000111191813228886,3.734859022336e-06,5.985764179751146e-07,5124067.153627887,1470907919,10000000,0.00022428799,0x35376dd47c061bc3b8c8e8d61987019e7ed58f06,1791318263,1791318645
40318,0xe4d3765374c380b0957ddd06f33b7af1a3b16a4f9416423fbb52508631b80820,26135770,192,23275682,121227.51041666667,0.000119472323794738,0.00011599359899013,3.478724804608e-06,6.222516864309271e-07,5132924.7321190415,1534428645,10000000,0.00023275682,0x5f62d006c10c009ff50c878cd6157ac861c99990,1791318647,1791319029
40319,0x341e0f8e80278b485c0d79a8edfa47515e1162989b9c93e102f2751b85f6ab7d,26135802,192,22723493,118351.52604166667,0.000103329172519738,0.000101091478305594,2.237694214144e-06,5.381727735403021e-07,4547239.833230657,1337295001,10000000,0.00022723493,0x35376dd47c061bc3b8c8e8d61987019e7ed58f06,1791319031,1791319413
40320,0x73410847d95ed66609be4126580e6431135e2b9b346cb403ecce6b80f67b04ac,26135834,192,22602756,117722.6875,0.00010324499113355,0.000100895839975278,2.349151158272e-06,5.37734328820573e-07,4567805.409815953,1334706987,10000000,0.00022602756,0x35376dd47c061bc3b8c8e8d61987019e7ed58f06,1791319415,1791319797
40321,0x8d77568a964ceaf300b3b022ea5ea8d76bb220e061a660540ee463360a1c1313,26135866,192,22672705,118087.00520833333,9.9792938497252e-05,9.7461291218148e-05,2.331647279104e-06,5.197548880065208e-07,4401457.104357508,1289272842,10000000,0.00022672705,0x35376dd47c061bc3b8c8e8d61987019e7ed58f06,1791319799,1791320181
40322,0x8491623233ff5f23664ace00fbfa9dd34b92937bcf9668a54a59a78cd79c5540,26135898,192,24246933,126286.109375,9.8190679364194e-05,9.6018934944354e-05,2.17174441984e-06,5.114097883551771e-07,4049612.3515577824,1270192541,10000000,0.00024246933,0x35376dd47c061bc3b8c8e8d61987019e7ed58f06,1791320183,1791320565
40323,0x2a7cbba582f32e6c2c1de87048f837ece4fd65d4a8ad7cac89b4c12a926ca38f,26135930,192,23818349,124053.90104166667,0.000100891874679994,9.857760164985e-05,2.314273030144e-06,5.25478513958302e-07,4235888.670536905,1304040025,10000000,0.00023818349,0x35376dd47c061bc3b8c8e8d61987019e7ed58f06,1791320567,1791320949
40324,0x0a96e4d8f97eec9e7f9d9c7e73a462f95f370bfa9fca36e12266fc5998e9b261,26135962,192,22426447,116804.41145833333,9.90393323746e-05,9.6931592116296e-05,2.107740258304e-06,5.158298561177083e-07,4416184.7114971,1282265684,10000000,0.00022426447,0x5f62d006c10c009ff50c878cd6157ac861c99990,1791320951,1791321333
40325,0x05fdbfd8b6f68e1c379f5f4c6215352de6134732f075c3e45aa6e72150896e4d,26135994,192,22421914,116780.80208333333,9.5353141456988e-05,9.3591692111964e-05,1.761449345024e-06,4.966309450884792e-07,4252676.263809949,1238083606,10000000,0.00022421914,0x35376dd47c061bc3b8c8e8d61987019e7ed58f06,1791321335,1791321717
40326,0x34557d2aa0e687c85465e994ed08d2e3d53152e5a1be301b928c5c6b2f065e77,26136026,192,22570000,117552.08333333333,9.3475430146794e-05,9.1900892226282e-05,1.574537920512e-06,4.868511986812188e-07,4141578.650721932,1215716753,10000000,0.0002257,0x35376dd47c061bc3b8c8e8d61987019e7ed58f06,1791321719,1791322101
40327,0x4064f12e2459f9c56776b17905556d10abd39dd4b5a7158f36bd48a3ab57f867,26136058,192,22470811,117035.47395833333,9.9990430540608e-05,9.7898397950784e-05,2.092032589824e-06,5.207834923990001e-07,4449791.800598919,1295055136,10000000,0.00022470811,0x35376dd47c061bc3b8c8e8d61987019e7ed58f06,1791322103,1791322485
40328,0x2bfe981888df34c8c7f11aad944cf94d2234b77bb9f01a2ad2b6425bef385ea1,26136090,192,23275742,121227.82291666667,9.3841238532016e-05,9.203982847992e-05,1.801410052096e-06,4.887564506875833e-07,4031718.4531438784,1217554680,10000000,0.00023275742,0x35376dd47c061bc3b8c8e8d61987019e7ed58f06,1791322487,1791322869
40329,0x003acfa30d8221d8f1c0399337b2ea0fd2626346e7c95f7921f94060ad47ca16,26136122,192,22449799,116926.03645833333,9.2330738184158e-05,9.0738441711582e-05,1.592296472576e-06,4.808892613758229e-07,4112764.5812845808,1200339203,10000000,0.00022449799,0x35376dd47c061bc3b8c8e8d61987019e7ed58f06,1791322871,1791323253
40330,0x8aa687a643dac683b6ff85997b50ee97f9260017af5ecf6add9cee0ad73c2681,26136154,192,22677498,118111.96875,8.8480451952598e-05,8.7355842133974e-05,1.124609818624e-06,4.6083568725311463e-07,3901684.919235711,1155592271,10000000,0.00022677498,0x5f62d006c10c009ff50c878cd6157ac861c99990,1791323255,1791323637
40331,0x58f43e367629c3567fcbbd68239fd438f5b44f0b6bbf861e739c50cf1e695426,26136186,192,22547840,117436.66666666667,8.9183236091846e-05,8.7832494960582e-05,1.350741131264e-06,4.6449602131169794e-07,3955289.557307751,1161897703,10000000,0.0002254784,0x35376dd47c061bc3b8c8e8d61987019e7ed58f06,1791323639,1791324021
40332,0xe070456c8842318d2c68fdff22a90ab96d400137c9542868c7cf535cbc591a16,26136218,192,22708905,118275.546875,9.7963051663838e-05,9.6057724191198e-05,1.90532747264e-06,5.102242274158229e-07,4313860.649108268,1270705667,10000000,0.00022708905,0x35376dd47c061bc3b8c8e8d61987019e7ed58f06,1791324023,1791324405
40333,0xd5cc543315052656f3e1dcb5a96b2921da70f1f501dd450e148db531a58ac263,26136249,192,23502476,122408.72916666667,0.0001013363219641,9.8776224053316e-05,2.560097910784e-06,5.277933435630208e-07,4311729.622193849,1306667514,10000000,0.00023502476,0x35376dd47c061bc3b8c8e8d61987019e7ed58f06,1791324407,1791324789
40334,0xde31710bfcbf9663ae6b80b91880dd2eb84e930f99c1b54c33e29482b47f16bd,26136281,192,22603994,117729.13541666667,0.000107750703140798,0.00010491865088403,2.832052256768e-06,5.61201578858323e-07,4766887.796059316,1387922995,10000000,0.00022603994,0x5f62d006c10c009ff50c878cd6157ac861c99990,1791324791,1791325173
40335,0x2e37865948f3bade9e4a226bb81c6f3d52a353ff2dfd195489af1a3d033ee2c8,26136313,192,22421926,116780.86458333333,0.000108271186940488,0.000105701502423624,2.569684516864e-06,5.639124319817083e-07,4828808.50380507,1398278996,10000000,0.00022421926,0x35376dd47c061bc3b8c8e8d61987019e7ed58f06,1791325175,1791325557
40336,0x4edd026215ba6af77d2d9b2b561b4dfd3865666b06f025ccf8f60acdcb0af28e,26136345,192,22869079,119109.78645833333,0.000102320926488012,9.9826972489164e-05,2.493953998848e-06,5.329214921250625e-07,4474204.076517992,1320567406,10000000,0.00022869079,0x5f62d006c10c009ff50c878cd6157ac861c99990,1791325559,1791325941
40337,0xf78c5360a7e09ab9bff878ae5cbe782c30c87ba7aca4e81d0a5458a4bf65d602,26136377,192,22683964,118145.64583333333,9.158457328256e-05,8.9980334053632e-05,1.604239228928e-06,4.770029858466667e-07,4037414.8575866194,1190310528,10000000,0.00022683964,0x5f62d006c10c009ff50c878cd6157ac861c99990,1791325943,1791326325
40338,0xc2d07647c24d0a9828b68ad8a7f3b22e3580f6449a3841d10e492182161915a5,26136409,192,23536631,122586.61979166667,8.837415587867e-05,8.714396454939e-05,1.23019132928e-06,4.6028206186807293e-07,3754749.601957476,1152789435,10000000,0.00023536631,0x5f62d006c10c009ff50c878cd6157ac861c99990,1791326327,1791326709
40339,0x9b0f850e6baed7d4d4dc68de742d402548c3a8493785e89ff89cbfeb88379640,26136441,192,22428799,116816.66145833333,9.6655677627414e-05,9.5069335362582e-05,1.586342264832e-06,5.034149876427812e-07,4309445.085642526,1257630703,10000000,0.00022428799,0x35376dd47c061bc3b8c8e8d61987019e7ed58f06,1791326711,1791327093
40340,0x72f7e2a593d73520a4771ddf2e90bf568f02684e7da3a44ae3c24140d8e8fe64,26136473,192,22540967,117400.86979166667,9.4976092087418e-05,9.3525907416186e-05,1.450184671232e-06,4.946671462886354e-07,4213487.916796914,1237213369,10000000,0.00022540967,0x5f62d006c10c009ff50c878cd6157ac861c99990,1791327095,1791327477
40341,0xcde5d21af6e2563238973ddbb897e08720a3feab29e7fe97cb75db547fb97b07,26136505,192,22545560,117424.79166666667,0.000113041880959208,0.000110795837720808,2.2460432384e-06,5.887597966625417e-07,5013930.945126579,1465669732,10000000,0.0002254556,0x5f62d006c10c009ff50c878cd6157ac861c99990,1791327479,1791327861
40342,0x9d4002a806c228e96c4c9d5ce196a7e3d8e407b06302faa9bfefe9083e20d9d3,26136538,192,22732521,118398.546875,9.8585215708144e-05,9.6191767849968e-05,2.393447858176e-06,5.134646651465834e-07,4336748.031955805,1272478872,10000000,0.00022732521,0x5f62d006c10c009ff50c878cd6157ac861c99990,1791327863,1791328245
40343,0x4b243ecc4ba74f38c4b4f5a07fe72b2e75aa7f35b031c37dd2d87cc2829fe915,26136569,192,23555860,122686.77083333333,0.000113395857922818,0.00011045592423501,2.939933687808e-06,5.906034266813437e-07,4813912.882943692,1461173165,10000000,0.0002355586,0x5f62d006c10c009ff50c878cd6157ac861c99990,1791328247,1791328629
40344,0xe3b154a980814c6716533ba8ccc58fc495f98e828e653fa315cc763be90973bd,26136601,192,22742258,118449.26041666667,0.000133762811897434,0.000129088695903834,4.6741159936e-06,6.96681311965802e-07,5881685.622308656,1707657961,10000000,0.00022742258,0x5f62d006c10c009ff50c878cd6157ac861c99990,1791328631,1791329013
40345,0x6f424946cd66598fe56529736789f00b5028079a7006b648450d89a1a37bb879,26136633,192,22694012,118197.97916666667,0.000107505752954112,0.0001046310463296,2.874706624512e-06,5.59925796636e-07,4737185.868858798,1384118400,10000000,0.00022694012,0x5f62d006c10c009ff50c878cd6157ac861c99990,1791329015,1791329397
40346,0x61c346eef664d683f700fc5ff3172feee295f5750278a64164f65180662f53f3,26136665,192,22820702,118857.82291666667,0.000114119560948188,0.000110453953423836,3.665607524352e-06,5.943727132718125e-07,5000703.350325857,1461147094,10000000,0.00022820702,0x35376dd47c061bc3b8c8e8d61987019e7ed58f06,1791329399,1791329781
40347,0x0af5df05ea369a42029afb70355ca2db33f998afb2ceff60ef2946212c620844,26136697,192,22547900,117436.97916666667,0.000106290079448014,0.000103062079781838,3.227999666176e-06,5.535941637917396e-07,4713968.016889112,1363363227,10000000,0.000225479,0x35376dd47c061bc3b8c8e8d61987019e7ed58f06,1791329783,1791330165
40348,0xb7a9e4f7974c2bb356c687737d8169ac7fa93f3b1c174534898e2507a1c8ec16,26136730,192,23436259,122063.84895833333,0.000100242072816126,9.776672068659e-05,2.475352129536e-06,5.220941292506562e-07,4277221.582852707,1293313235,10000000,0.00023436259,0x5f62d006c10c009ff50c878cd6157ac861c99990,1791330167,1791330549
40349,0xd05fb9a660460706ed4c0e5c36b97205fcaea40d4d46d1e6be95602c893dd816,26136760,192,22919887,119374.41145833333,9.978035606417e-05,9.7680519185322e-05,2.099836878848e-06,5.196893545008854e-07,4353440.139742835,1292172913,10000000,0.00022919887,0x35376dd47c061bc3b8c8e8d61987019e7ed58f06,1791330551,1791330933
