hash,block,ts,proposer,type,input_bytes,zero_bytes,nonzero_bytes,gasUsed,intrinsic_gas,contract_gas,calldata_gas,effectiveGasPrice,baseFeePerGas,blobs,blobGasUsed,blobGasPrice,exec_cost_wei,blob_cost_wei,total_cost_wei,base_fee_cost_wei,priority_cost_wei,usd,total_cost_usd
0xe3d544b0f0f97eea89d37106c36107fabc9bc146ee64e56d351ec571dffebe0a,26086581,1790726543,0x5f62d006c10c009ff50c878cd6157ac861c99990,0x3,164,156,8,75594,21752,53842,752,1225078516,225078516,1,131072,10871522,92608585338504,1424952131584,94033537470088,17014585338504,75594000000000,2671.24,0.2511861466315979
0x623b282619946f801297584b4b41f7a772630312684458285060bc4ba4b03730,26086612,1790726915,0x5f62d006c10c009ff50c878cd6157ac861c99990,0x3,164,156,8,75594,21752,53842,752,1156419909,156419909,1,131072,10050517,87418406600946,1317341364224,88735747965170,11824406600946,75594000000000,2671.24,0.2370344793944807
0x466c8a796bf46606d9e03e19bf4e27824147e4f07dfee2cf21e8058eca774386,26086644,1790727299,0x35376dd47c061bc3b8c8e8d61987019e7ed58f06,0x3,164,156,8,75594,21752,53842,752,1148577390,148577390,1,131072,9291512,86825559219660,1217857060864,88043416280524,11231559219660,75594000000000,2671.24,0.23518509530518691
0xa76660c86a5669e91ca30ee93b4e01fda6e2c4e25f8f0832a252f9df63d9f393,26086674,1790727671,0x35376dd47c061bc3b8c8e8d61987019e7ed58f06,0x3,164,156,8,75594,21752,53842,752,1138393269,138393269,1,131072,8719267,86055700776786,1142851764224,87198552541010,10461700776786,75594000000000,2671.24,0.23292826148964754
0xfb52ba8be7436c88ccca94a5b366857865c6b3a1220a416b75b9552ef9171e91,26086705,None,0x5f62d006c10c009ff50c878cd6157ac861c99990,0x3,164,156,8,75594,21752,53842,752,1139500645,None,1,131072,8151728,86139411758130,1068463292416,87207875050546,None,None,None,None
0xd1f30a00045fe114327b77035942925c829b1422f5999e1760e95f53c73d2344,26086737,1790728439,0x35376dd47c061bc3b8c8e8d61987019e7ed58f06,0x3,164,156,8,75594,21752,53842,752,1143384285,143384285,1,131072,7941125,86432991640290,1040859136000,87473850776290,10838991640290,75594000000000,2671.24,0.2336636491476569
0x3ff8676fad7a399363172f60fa0fc21427ae2323caaffff1a177d24c472fe954,26086770,None,0x5f62d006c10c009ff50c878cd6157ac861c99990,0x3,164,156,8,75594,21752,53842,752,1137286884,None,1,131072,8305550,85972064709096,1088625049600,87060689758696,None,None,None,None
0x058d9cb6590955cd21f3e5fb18b6fdbf2ed064e5705dee2691e644358351c40e,26086802,1790729219,0x5f62d006c10c009ff50c878cd6157ac861c99990,0x3,164,156,8,75594,21752,53842,752,1159213203,159213203,1,131072,9466823,87629562867582,1240835424256,88870398291838,12035562867582,75594000000000,2671.24,0.2373941627330893
0x15dd15adfb99d0e6e21bdd8dff7c4d6d03b44b9d96e10fe6996b254cbfa3ff6b,26086833,1790729591,0x5f62d006c10c009ff50c878cd6157ac861c99990,0x3,164,156,8,75594,21752,53842,752,1116402779,116402779,1,131072,6736433,84393351675726,882957746176,85276309421902,8799351675726,75594000000000,2671.24,0.22779348878016148
0xe38c82652b4f8c43a8ffed30d68c192b81416470c18fb026ecab4d6bd935dff0,26086866,1790729987,0x35376dd47c061bc3b8c8e8d61987019e7ed58f06,0x3,164,156,8,75594,21752,53842,752,1114468744,114468744,1,131072,6966981,84247150233936,913176133632,85160326367568,8653150233936,75594000000000,2671.24,0.22748367020610233
0xcc9f451e98ce4e1bd3fedde03684d777c9c03e05efec6aa65364fc8bc231fccb,26086898,1790730371,0x35376dd47c061bc3b8c8e8d61987019e7ed58f06,0x3,164,156,8,75594,21752,53842,752,1109344426,109344426,1,131072,6611649,83859782539044,866602057728,84726384596772,8265782539044,75594000000000,2671.12,0.22631434042412962
0xc3121236358545a4b765f4ed3e3c5754d9321da4d8a3d0fe06a92ac66676741b,26086930,1790730755,0x35376dd47c061bc3b8c8e8d61987019e7ed58f06,0x3,164,156,8,75594,21752,53842,752,1114390580,114390580,1,131072,6392849,84241241504520,837923504128,85079165008648,8647241504520,75594000000000,2671.12,0.22725665923789984
0x2279d2b2290fe72f841b9cd1d695a310ceda00c2e0f8cd787de2446ec1996201,26086962,None,0x5f62d006c10c009ff50c878cd6157ac861c99990,0x3,164,156,8,75594,21752,53842,752,1119155890,None,1,131072,6089528,84601470348660,798166614016,85399636962676,None,None,None,None
0x720529158c85f6e09f423f3507fb0c8d7072175ff81ce6394def99d3be6554ae,26086994,1790731523,0x35376dd47c061bc3b8c8e8d61987019e7ed58f06,0x3,164,156,8,75594,21752,53842,752,1205875125,205875125,1,131072,9396249,91156924199250,1231585148928,92388509348178,15562924199250,75594000000000,2671.12,0.2467807950901052
0xa3a355910fd0b8236f7c55bc9be952e83e0e226278b8bcbd737b3dcb05e2c960,26087025,1790731907,0x5f62d006c10c009ff50c878cd6157ac861c99990,0x3,164,156,8,75594,21752,53842,752,1203343552,203343552,1,131072,13707779,90965552469888,1796706009088,92762258478976,15371552469888,75594000000000,2671.12,0.24777912386836237
0xf51597b957970cab9176619f9500715efffce362b60fb6acb267ea59aa76fcbf,26087057,1790732291,0x5f62d006c10c009ff50c878cd6157ac861c99990,0x3,164,156,8,75594,21752,53842,752,1143669644,143669644,1,131072,7970816,86454563068536,1044750794752,87499313863288,10860563068536,75594000000000,2671.12,0.23372116724650585
0x864c96668365ae1d79594c64b8b9ba9abb8712d07575806850ef1b5e615e80e6,26087089,1790732675,0x35376dd47c061bc3b8c8e8d61987019e7ed58f06,0x3,164,156,8,75594,21752,53842,752,1118148708,118148708,1,131072,6562362,84525333432552,860141912064,85385475344616,8931333432552,75594000000000,2671.12,0.22807485090251067
0x7cd57e34ac80e494c8bd4cecb783476bfcd4b46437ae4cf2d7ff27fb5f61e3f6,26087121,1790733059,0x35376dd47c061bc3b8c8e8d61987019e7ed58f06,0x3,164,156,8,75594,21752,53842,752,1102456994,102456994,1,131072,6368963,83339134004436,834792718336,84173926722772,7745134004436,75594000000000,2671.12,0.22483865914773074
0xa5cf67bfa453032a3b7d661ebc87cb1d678299dcae8406d52d7434c17222372c,26087152,1790733431,0x35376dd47c061bc3b8c8e8d61987019e7ed58f06,0x3,164,156,8,75594,21752,53842,752,1106754892,106754892,1,131072,5566835,83664029305848,729656197120,84393685502968,8070029305848,75594000000000,2671.12,0.22542566122068788
0xc85561969e4eaad1f2f2ab3b0f21c990a8bbddc20184d89a9e217a93a4fdfd1e,26087185,1790733827,0x5f62d006c10c009ff50c878cd6157ac861c99990,0x3,164,156,8,75594,21752,53842,752,1104085154,104085154,1,131072,6940928,83462213131476,909761314816,84371974446292,7868213131476,75594000000000,2673.44,0.2255634113636949
0x93ad60db5223ee45030fbedfbc93897c937fdc878d443ab402a768ec9bbbdeca,26087217,1790734211,0x5f62d006c10c009ff50c878cd6157ac861c99990,0x3,164,156,8,75594,21752,53842,752,1110546748,110546748,1,131072,6940922,83950670868312,909760528384,84860431396696,8356670868312,75594000000000,2673.44,0.22686927171318297
0x3ab9c3bd954ec2eb90838aafc650a0725776b01d99ba3e7bf0172b9fa51cd8a9,26087248,1790734583,0x35376dd47c061bc3b8c8e8d61987019e7ed58f06,0x3,164,156,8,75594,21752,53842,752,1102425017,102425017,1,131072,6204405,83336716735098,813223772160,84149940507258,7742716735098,75594000000000,2673.44,0.22496981694972382
0x4888d7faa64f41031ed198dcf9ffd4a857b555c83a73c0c11ea73694e887dbff,26087281,1790734979,0x5f62d006c10c009ff50c878cd6157ac861c99990,0x3,164,156,8,75594,21752,53842,752,1085527054,85527054,1,131072,4847559,82059332120076,635379253248,82694711373324,6465332120076,75594000000000,2673.44,0.2210793491738993
0xdbb48dbb2c5b2eed123aab8c07d94c1cb08e0140537861403d199b914b1c98eb,26087312,1790735351,0x5f62d006c10c009ff50c878cd6157ac861c99990,0x3,164,156,8,75594,21752,53842,752,1090955825,90955825,1,131072,5146418,82469714635050,674551300096,83144265935146,6875714635050,75594000000000,2673.44,0.22228120632165674
0x063d79baaff76b06259d8b4adb9cee6a134f7b3f4976debe2499dbd02567b998,26087344,1790735747,0x35376dd47c061bc3b8c8e8d61987019e7ed58f06,0x3,164,156,8,75594,21752,53842,752,1096127765,96127765,1,131072,5735847,82860682267410,751808937984,83612491205394,7266682267410,75594000000000,2673.44,0.22353297848814854
0x616bae9c29ceaff8ea212b4b1b41c8e231a00e5b5f7320ff7150c81550f2d045,26087376,1790736131,0x35376dd47c061bc3b8c8e8d61987019e7ed58f06,0x3,164,156,8,75594,21752,53842,752,1116072319,116072319,1,131072,5999069,84368370882486,786309971968,85154680854454,8774370882486,75594000000000,2673.44,0.2276559299835315
0x02b90aba6cd89857ce23157adc126d35e856c09205772b07aa30bc6475b8c940,26087408,1790736515,0x35376dd47c061bc3b8c8e8d61987019e7ed58f06,0x3,164,156,8,75594,21752,53842,752,1111403718,111403718,1,131072,7019189,84015452658492,920019140608,84935471799100,8421452658492,75594000000000,2673.44,0.22706988772658593
0x3c61aa034e30aeb8a1329838a9b09ff4cb5f9a2b58240e78382aa019b3074c1e,26087440,1790736899,0x5f62d006c10c009ff50c878cd6157ac861c99990,0x3,164,156,8,75594,21752,53842,752,1095627350,95627350,1,131072,5443299,82822853895900,713464086528,83536317982428,7228853895900,75594000000000,2673.44,0.2233293339469423
0xcf49a9de6eac4b5562f029ec4b694b2a890da51d53a321ea9ee091513cf6f888,26087471,1790737283,0x35376dd47c061bc3b8c8e8d61987019e7ed58f06,0x3,164,156,8,75594,21752,53842,752,1122338092,122338092,1,131072,7071865,84842025726648,926923489280,85768949215928,9248025726648,75594000000000,2670.89,0.22907942877132992
0xbedc8f793e17e399413019be355e29b871999fe551e2ef3df0613a9fc2682925,26087503,1790737667,0x5f62d006c10c009ff50c878cd6157ac861c99990,0x3,164,156,8,75594,21752,53842,752,1109245830,109245830,1,131072,7341294,83852329273020,962238087168,84814567360188,8258329273020,75594000000000,2670.89,0.2265303798166525
0x30fa3b20a3e25d45f486ad8b3ea7b845a583e79db4b64e196790d96129461b45,26087535,1790738051,0x5f62d006c10c009ff50c878cd6157ac861c99990,0x3,164,156,8,75594,21752,53842,752,1127512122,127512122,1,131072,6837831,85233151350468,896248184832,86129399535300,9639151350468,75594000000000,2670.89,0.2300421519248374
0xf1bfa945aeb401e1aef82b6b14c1404223ccdae5b26064ddbe5a218429f677b6,26087567,1790738435,0x5f62d006c10c009ff50c878cd6157ac861c99990,0x3,164,156,8,75594,21752,53842,752,1149917894,149917894,1,131072,8950311,86926893279036,1173135163392,88100028442428,11332893279036,75594000000000,2670.89,0.23530548496659653
0x9b0f730041f710767fc2565cac7df01b56fdd8b0988c744721656b3954cf2c5b,26087600,1790738831,0x5f62d006c10c009ff50c878cd6157ac861c99990,0x3,164,156,8,75594,21752,53842,752,1106830960,106830960,1,131072,6066710,83669779590240,795175813120,84464955403360,8075779590240,75594000000000,2670.89,0.2255966047372802
0xdd64676be5050bf2c86f9a9be92297133067eb833e7b98a21738aabb9427a698,26087630,1790739191,0x5f62d006c10c009ff50c878cd6157ac861c99990,0x3,164,156,8,75594,21752,53842,752,1139211493,139211493,1,131072,8751731,86117553601842,1147106885632,87264660487474,10523553601842,75594000000000,2670.89,0.23307430904938942
0xcb3a35f755735c022300b71934c2b9bc5fc7c330897b9f87e8f468d1208b318c,26087663,1790739587,0x35376dd47c061bc3b8c8e8d61987019e7ed58f06,0x3,164,156,8,75594,21752,53842,752,1118084820,118084820,1,131072,6711160,84520503883080,879645163520,85400149046600,8926503883080,75594000000000,2670.89,0.22809440408707346
0xccbb71d7c6410c6fdf8091e6c8c311accaaaf8f07b83561a1b47f3a417b28c6e,26087695,1790739971,0x5f62d006c10c009ff50c878cd6157ac861c99990,0x3,164,156,8,75594,21752,53842,752,1094031602,94031602,1,131072,6112236,82702224921588,801142996992,83503367918580,7108224921588,75594000000000,2670.89,0.22302831034005613
0xd331ed242a1a14bfdb03daf7a077027682320e5c3d184bec05ef5deaffb49687,26087727,1790740355,0x35376dd47c061bc3b8c8e8d61987019e7ed58f06,0x3,164,156,8,75594,21752,53842,752,1100798629,100798629,1,131072,5976630,83213771560626,783368847360,83997140407986,7619771560626,75594000000000,2670.89,0.2243471223442857
0xc2b34005256fdaddf63f2fde8502e337660853658eb83699e0bfc2c9302fa19b,26087759,1790740739,0x35376dd47c061bc3b8c8e8d61987019e7ed58f06,0x3,164,156,8,75594,21752,53842,752,1088560837,88560837,1,131072,5362450,82288667912178,702867046400,82991534958578,6694667912178,75594000000000,2670.89,0.22166126080551637
0xdbeee1682361dcf71074b62688aeaa535a8805551b78d86627ebc69710eefdd1,26087791,1790741123,0x35376dd47c061bc3b8c8e8d61987019e7ed58f06,0x3,164,156,8,75594,21752,53842,752,1087537303,87537303,1,131072,5165638,82211294882982,677070503936,82888365386918,6617294882982,75594000000000,2668.88,0.2212191006138377
0x819f8b756bcb8a9a1ab0bc76251a088a87802d6ec7b6df5506f3f4a09685a155,26087824,1790741519,0x35376dd47c061bc3b8c8e8d61987019e7ed58f06,0x3,164,156,8,75594,21752,53842,752,1169681737,169681737,1,131072,8121090,88420921226778,1064447508480,89485368735258,12826921226778,75594000000000,2668.88,0.2388257109101554
0x9e9e960f348ce66811f00c6a9fa52e837e51a1a50c855774029e9ef53fcbd8c3,26087856,1790741903,0x35376dd47c061bc3b8c8e8d61987019e7ed58f06,0x3,164,156,8,75594,21752,53842,752,1195746776,195746776,1,131072,11981148,90391281784944,1570393030656,91961674815600,14797281784944,75594000000000,2668.88,0.24543467468185853
0x0a047e563dbe6f0e86492fcdf95ebecb8a8e703e8736053bdef3aab9bc5f76b6,26087887,1790742287,0x35376dd47c061bc3b8c8e8d61987019e7ed58f06,0x3,164,156,8,75594,21752,53842,752,1204951890,204951890,1,131072,8751680,91087133172660,1147100200960,92234233373620,15493133172660,75594000000000,2668.88,0.24616210076618697
0x0ecba85eb76fbe3176af081e502d3ff869de08571b61c7a604e6d1c9a3614eff,26087920,1790742683,0x35376dd47c061bc3b8c8e8d61987019e7ed58f06,0x3,164,156,8,75594,21752,53842,752,1152366847,152366847,1,131072,9051199,87112019432118,1186358755328,88298378187446,11518019432118,75594000000000,2668.88,0.2356577755769109
0xdd849eda6b18c760bafce2bd982e7cca491f763b9b4b073f77213d7f8ffffb25,26087951,1790743067,0x35376dd47c061bc3b8c8e8d61987019e7ed58f06,0x3,164,156,8,75594,21752,53842,752,1089768823,89768823,1,131072,5778819,82379984405862,757441363968,83137425769830,6785984405862,75594000000000,2668.88,0.2218838128885839
0x5dba6f1304e8b09dda55cf7d09234aea10de87f5804aac54fbf1ebfe6b1a4510,26087983,1790743451,0x35376dd47c061bc3b8c8e8d61987019e7ed58f06,0x3,164,156,8,75594,21752,53842,752,1084898149,84898149,1,131072,4398402,82011790675506,576507346944,82588298022450,6417790675506,75594000000000,2668.88,0.22041825682615634
0x97ecbc351fa9aec5a646974da6e808d14f03f2a84bc9fdede2a06426ddf56f3d,26088016,1790743847,0x35376dd47c061bc3b8c8e8d61987019e7ed58f06,0x3,164,156,8,75594,21752,53842,752,1074644126,74644126,1,131072,4221160,81236648060844,553275883520,81789923944364,5642648060844,75594000000000,2668.88,0.21828749221663418
0xec62dd68dd4836263379ee3823de8b577dbf7f0593996db0eb8f3ab3a4501307,26088045,1790744195,0x35376dd47c061bc3b8c8e8d61987019e7ed58f06,0x3,164,156,8,75594,21752,53842,752,1074945350,74945350,1,131072,4381980,81259418787900,574354882560,81833773670460,5665418787900,75594000000000,2668.88,0.2184045218736173
0xb6bfd79a352eade01ffbb7889975150bd0ba47fae3b42fa9569f80039e117ae5,26088077,1790744579,0x5f62d006c10c009ff50c878cd6157ac861c99990,0x3,164,156,8,75594,21752,53842,752,1096360135,96360135,1,131072,5463608,82878248045190,716126027776,83594374072966,7284248045190,75594000000000,2673.83,0.22351714522751867
0x6d099eafd6872266cdc2c3399d4c96362feebca69d92db26fd64ed8017357b98,26088109,1790744963,0x5f62d006c10c009ff50c878cd6157ac861c99990,0x3,164,156,8,75594,21752,53842,752,1079823444,79823444,1,131072,4920512,81628173425736,644941348864,82273114774600,6034173425736,75594000000000,2673.83,0.2199843224777687
0x55b7bfe19d0bfdd99ab516d41e7b3ce4ce763686c103cc34f3b9ac11d96121d4,26088141,1790745347,0x35376dd47c061bc3b8c8e8d61987019e7ed58f06,0x3,164,156,8,75594,21752,53842,752,1084254164,84254164,1,131072,4669555,81963109273416,612047912960,82575157186376,6369109273416,75594000000000,2673.83,0.22079193253964774
0x8f240b6f59fc6e04577a05c8b3145cf2c8ec29f27659ab89a5176f2fb1dec71f,26088173,1790745731,0x5f62d006c10c009ff50c878cd6157ac861c99990,0x3,164,156,8,75594,21752,53842,752,1069906165,69906165,1,131072,4687043,80878486637010,614340100096,81492826737106,5284486637010,75594000000000,2673.83,0.21789796491447613
0xee0494f4bc8aabbaa0096b023f2249198362545e9bbb3c6658e98379a13823f1,26088204,1790746103,0x5f62d006c10c009ff50c878cd6157ac861c99990,0x3,164,156,8,75594,21752,53842,752,1075860602,75860602,1,131072,4035925,81328606347588,528996761600,81857603109188,5734606347588,75594000000000,2673.83,0.21887331492144013
0xd4f6d83f5400bbb4dfbc29c897841e4a3e880bb5d7a908f855864cb06b6d2ea8,26088237,1790746499,0x35376dd47c061bc3b8c8e8d61987019e7ed58f06,0x3,164,156,8,75594,21752,53842,752,1106635473,106635473,1,131072,6940754,83655001945962,909738508288,84564740454250,8061001945962,75594000000000,2673.83,0.22611173996878725
0xc65631e68c6a9a0b68294413520fc02434fab0cc3a20679a7fe8c8bc53b3476a,26088269,1790746883,0x5f62d006c10c009ff50c878cd6157ac861c99990,0x3,164,156,8,75594,21752,53842,752,1097161661,97161661,1,131072,5223850,82938838601634,684700467200,83623539068834,7344838601634,75594000000000,2673.83,0.22359512746842042
0x11d68cfa7089a9deed162a35fadf4a78c20193528ce845838d81aa41ee908174,26088300,1790747255,0x35376dd47c061bc3b8c8e8d61987019e7ed58f06,0x3,164,156,8,75594,21752,53842,752,1082504684,82504684,1,131072,4883828,81830859082296,640133103616,82470992185912,6236859082296,75594000000000,2673.83,0.22051341303645708
0xa7f587d3a2b8e417398b6f5a1d16914c8d538b441eb3d6ebcabf23c0334be0ae,26088333,1790747651,0x5f62d006c10c009ff50c878cd6157ac861c99990,0x3,164,156,8,75594,21752,53842,752,1093493536,93493536,1,131072,4811323,82661550360384,630629728256,83292180088640,7067550360384,75594000000000,2673.83,0.2227091298864083
0x061c41ae29cc41d97af979836d1c42ad6af4ce5560db6c0dbcd454c7e8056616,26088364,1790748035,0x35376dd47c061bc3b8c8e8d61987019e7ed58f06,0x3,164,156,8,75594,21752,53842,752,1110481760,110481760,1,131072,5204342,83945758165440,682143514624,84627901680064,8351758165440,75594000000000,2660.79,0.22517707451129748
0xb2535cf6b5716350622172d12fc56ac31fd91692b1e6e129192f55b3dc5aa2f2,26088396,None,0x5f62d006c10c009ff50c878cd6157ac861c99990,0x3,164,156,8,75594,21752,53842,752,1084791241,None,1,131072,4652097,82003709072154,609759657984,82613468730138,None,None,None,None
0x4a5202a23e6bde500422e1aeac04b6528ff5037bb9aeab5f3013a58219b01023,26088427,1790748803,0x5f62d006c10c009ff50c878cd6157ac861c99990,0x3,164,156,8,75594,21752,53842,752,1086384032,86384032,1,131072,4252802,82124114515008,557423263744,82681537778752,6530114515008,75594000000000,2660.79,0.21999820890632552
0x7f3048b88085512c331ea886a48f0722ecd3788e61fbdf958f40615ceb6a5042,26088459,1790749187,0x5f62d006c10c009ff50c878cd6157ac861c99990,0x3,164,156,8,75594,21752,53842,752,1087164242,87164242,1,131072,5342347,82183093709748,700232105984,82883325815732,6589093709748,75594000000000,2660.79,0.22053512449724155
0xcfd1fc91dfef6c025c7cf999e55620f68e0d62fe7b8c5cdfaf5ebca31ca78561,26088490,1790749559,0x35376dd47c061bc3b8c8e8d61987019e7ed58f06,0x3,164,156,8,75594,21752,53842,752,1073199968,73199968,1,131072,4205357,81127478380992,551204552704,81678682933696,5533478380992,75594000000000,2660.79,0.217329822763149
0x2153bda93199dd2405dee88d3410cec8d0d6cbc0f7a4f1d0589cac9944efe6d3,26088523,None,0x5f62d006c10c009ff50c878cd6157ac861c99990,0x3,164,156,8,75594,21752,53842,752,1079368866,None,1,131072,4333049,81593810056404,567941398528,82161751454932,None,None,None,None
0x8c92f71a5578a118ec4bc0a8187bbf25b75623deabef8205aa7d936b363de003,26088555,1790750339,0x5f62d006c10c009ff50c878cd6157ac861c99990,0x3,164,156,8,75594,21752,53842,752,1076724009,76724009,1,131072,4498131,81393874736346,589579026432,81983453762778,5799874736346,75594000000000,2660.79,0.21814075393746205
0xb51bde34ba1e8dd8a8c8830712bd2866f97dab42bff7778dec3aba401fb52cf0,26088587,None,0x35376dd47c061bc3b8c8e8d61987019e7ed58f06,0x3,164,156,8,75594,21752,53842,752,1078780557,None,1,131072,4548870,81549337425858,596229488640,82145566914498,None,None,None,None
0x187561d07b04b53ca7da463f1a2cd0a8a041d8fe7c2b2d72c75299b5e9de7953,26088619,1790751107,0x5f62d006c10c009ff50c878cd6157ac861c99990,0x3,164,156,8,75594,21752,53842,752,1072560877,72560877,1,131072,4565908,81079166935938,598462693376,81677629629314,5485166935938,75594000000000,2660.79,0.2173270201413824
0xa83ae2ebba37019de5c654dab8507416bea18d20a097063c2e19a9498da8ac39,26088651,1790751491,0x35376dd47c061bc3b8c8e8d61987019e7ed58f06,0x3,164,156,8,75594,21752,53842,752,1069450427,69450427,1,131072,4365562,80844035578638,572202942464,81416238521102,5250035578638,75594000000000,2660.79,0.216631513294563
0xee077659d337a81fb924a92673225d67dc163fe87d1a1e4d591da27dcd35dd08,26088684,1790751887,0x5f62d006c10c009ff50c878cd6157ac861c99990,0x3,164,156,8,75594,21752,53842,752,1068384594,68384594,1,131072,4205338,80763464998836,551202062336,81314667061172,5169464998836,75594000000000,2673.63,0.21740533329476128
0xdce67703fd8d8bf34fc92519783b84cc9d50886e4e73d74aa833bfa9ee93c9f1,26088715,1790752259,0x35376dd47c061bc3b8c8e8d61987019e7ed58f06,0x3,164,156,8,75594,21752,53842,752,1073866674,73866674,1,131072,4481329,81177877354356,587376754688,81765254109044,5583877354356,75594000000000,2673.63,0.21861003634356332
0x2785b1266883271f92c0e2a35b12da042199a6d01854cc9f06eaaabf63a788cc,26088746,1790752631,0x35376dd47c061bc3b8c8e8d61987019e7ed58f06,0x3,164,156,8,75594,21752,53842,752,1069633760,69633760,1,131072,4205333,80857894453440,551201406976,81409095860416,5263894453440,75594000000000,2673.63,0.21765780096528406
0x89dd3ded7022d53d6361a0e5e8040d44bfe6f48b292e21345f53a6b9d7d139dc,26088779,1790753027,0x5f62d006c10c009ff50c878cd6157ac861c99990,0x3,164,156,8,75594,21752,53842,752,1095628306,95628306,1,131072,5887760,82822926163764,771720478720,83594646642484,7228926163764,75594000000000,2673.63,0.2235011551027445
0x12f4d86ecf2858d6acc2dd86cd46d98190f149bbdc672f8cb3078f0422289c4b,26088811,1790753411,0x35376dd47c061bc3b8c8e8d61987019e7ed58f06,0x3,164,156,8,75594,21752,53842,752,1085207584,85207584,1,131072,5050918,82035182104896,662033924096,82697216028992,6441182104896,75594000000000,2673.63,0.2211017576915939
0xf72ce0fb97de560983595c1c7e790bda285851c7406f81d9ef20ceccff64a763,26088842,1790753795,0x35376dd47c061bc3b8c8e8d61987019e7ed58f06,0x3,164,156,8,75594,21752,53842,752,1109382174,109382174,1,131072,6368705,83862636061356,834758901760,84697394963116,8268636061356,75594000000000,2673.63,0.22644949609523582
0x386722c1a4452ebf83297828924b7a9b92d9e6b4f45d383d3dc9ff76996c4856,26088874,1790754179,0x5f62d006c10c009ff50c878cd6157ac861c99990,0x3,164,156,8,75594,21752,53842,752,1087857777,87857777,1,131072,5504515,82235520794538,721487790080,82957008584618,6641520794538,75594000000000,2673.63,0.22179634686209224
0x7c3942c2b576cbc991aa3e6bd26980f576a08498254766f17ad339b786b9cc59,26088906,1790754563,0x5f62d006c10c009ff50c878cd6157ac861c99990,0x3,164,156,8,75594,21752,53842,752,1095597059,95597059,1,131072,5262984,82820564078046,689829838848,83510393916894,7226564078046,75594000000000,2673.63,0.2232758944880253
0x4841098e174c64ca3159b5870509f4abe72b9eb504a6d95a9a26aa38a3acd836,26088938,1790754947,0x5f62d006c10c009ff50c878cd6157ac861c99990,0x3,164,156,8,75594,21752,53842,752,1084941799,84941799,1,131072,5362300,82015090353606,702847385600,82717937739206,6421090353606,75594000000000,2673.63,0.22115715987767334
0x09ad705657c98ec2e7556427efc1cc8a42abae40c908bc4ea161d1551aae586a,26088971,1790755343,0x5f62d006c10c009ff50c878cd6157ac861c99990,0x3,164,156,8,75594,21752,53842,752,1085611819,85611819,1,131072,4600142,82065739845486,602949812224,82668689657710,6471739845486,75594000000000,2669.98,0.22072374801229255
0x180fd304f19e18150ed881ebaf22df4fbc2378482f0319c43d1e9fd3bc406be0,26089001,1790755703,0x5f62d006c10c009ff50c878cd6157ac861c99990,0x3,164,156,8,75594,21752,53842,752,1125588594,125588594,1,131072,7286339,85087744174836,955035025408,86042779200244,9493744174836,75594000000000,2669.98,0.22973249960906747
0xc3c43b19137bed956db763af2c8b870ba62f8c1ab9829fd8bf84f52b3991969b,26089034,1790756099,0x35376dd47c061bc3b8c8e8d61987019e7ed58f06,0x3,164,156,8,75594,21752,53842,752,1134033491,134033491,1,131072,8181816,85726127718654,1072406986752,86798534705406,10132127718654,75594000000000,2669.98,0.23175035169273991
0x4009da15afd601abc90b3b789eeece9cd8e940373a5bbd1dfc7914b67f9502b2,26089065,None,0x5f62d006c10c009ff50c878cd6157ac861c99990,0x3,164,156,8,75594,21752,53842,752,1158796767,None,1,131072,9290984,87598082804598,1217787854848,88815870659446,None,None,None,None
0x05352ce6a373f2e874535315d4fb617da966150b7d5ae0c0a4b2a7d3af63fb04,26089096,1790756867,0x35376dd47c061bc3b8c8e8d61987019e7ed58f06,0x3,164,156,8,75594,21752,53842,752,1127876867,127876867,1,131072,7764521,85260723883998,1017711296512,86278435180510,9666723883998,75594000000000,2669.98,0.2303616963632581
0xfdb9c0ebea8bb34b31ace3d7071569aeb88f3a88b1e797f6d74b0654e13afa3c,26089128,1790757251,0x35376dd47c061bc3b8c8e8d61987019e7ed58f06,0x3,164,156,8,75594,21752,53842,752,1121371615,121371615,1,131072,6586630,84768965864310,863322767360,85632288631670,9174965864310,75594000000000,2669.98,0.22863649800078628
0x833bb02cc204017c3d10b8f894734237378cdaaa9639e2a3c63897b19882aa7b,26089160,1790757635,0x5f62d006c10c009ff50c878cd6157ac861c99990,0x3,164,156,8,75594,21752,53842,752,1114639202,114639202,1,131072,6940606,84260035835988,909719109632,85169754945620,8666035835988,75594000000000,2669.98,0.2274015423097065
0xbbed9c9ef160717fe5845f2ceeeedc9ca4a1d0db42ad8baeedf2be94f1fdddc0,26089191,1790758007,0x35376dd47c061bc3b8c8e8d61987019e7ed58f06,0x3,164,156,8,75594,21752,53842,752,1117972522,117972522,1,131072,6837566,84512014828068,896213450752,85408228278820,8918014828068,75594000000000,2669.98,0.2280382613398838
0x95b11a08ec0d75e356a490cf97a27fd7688f2bee82bf70568b40acbbd0095c21,26089224,1790758403,0x5f62d006c10c009ff50c878cd6157ac861c99990,0x3,164,156,8,75594,21752,53842,752,1124254577,124254577,1,131072,6863173,84986900493738,899569811456,85886470305194,9392900493738,75594000000000,2669.98,0.22931515798546187
0xc774d3357c98d1c3f1b64329ff0661f093939b816470ce939be14eb166aaffd0,26089256,1790758787,0x5f62d006c10c009ff50c878cd6157ac861c99990,0x3,164,156,8,75594,21752,53842,752,1096868849,96868849,1,131072,6513136,82916703771306,853689761792,83770393533098,7322703771306,75594000000000,2669.98,0.223665275325501
0x0c1fd369f4b3f8de266ac89905047bcf92859ba449990d8f91e769fc4a30b183,26089288,1790759171,0x5f62d006c10c009ff50c878cd6157ac861c99990,0x3,164,156,8,75594,21752,53842,752,1132740522,132740522,1,131072,7151333,85628387020068,937339518976,86565726539044,10034387020068,75594000000000,2687.57,0.2326514496745385
0xdb11280706a5bf56f0346b6037dbacdba350f9bf3b5f570f9870cc710d3ab42f,26089320,1790759555,0x5f62d006c10c009ff50c878cd6157ac861c99990,0x3,164,156,8,75594,21752,53842,752,1131554623,131554623,1,131072,7852067,85538740171062,1029186125824,86567926296886,9944740171062,75594000000000,2687.57,0.2326573616777219
0xc1200ccb55f318b58905158ccc02dee2869afa75ba23c5ca1229fac32aa4bf00,26089352,1790759939,0x35376dd47c061bc3b8c8e8d61987019e7ed58f06,0x3,164,156,8,75594,21752,53842,752,1118956207,118956207,1,131072,7231995,84586375511958,947912048640,85534287560598,8992375511958,75594000000000,2687.57,0.22987938521923637
0xddb9be9c57db36ea85ad968bc967027e6d9a7ec36d960b208015432a11c97691,26089384,1790760323,0x35376dd47c061bc3b8c8e8d61987019e7ed58f06,0x3,164,156,8,75594,21752,53842,752,1122819355,122819355,1,131072,6710889,84878406321870,879609643008,85758015964878,9284406321870,75594000000000,2687.57,0.23048067096672717
0x58584a235db67ef111c68086be6cbf83fde5232410a932fd8d7893b0f0f5eb40,26089416,1790760707,0x5f62d006c10c009ff50c878cd6157ac861c99990,0x3,164,156,8,75594,21752,53842,752,1168549141,168549141,1,131072,9187270,88335303764754,1204193853440,89539497618194,12741303764754,75594000000000,2687.57,0.24064366761372968
0xa8c7c0bdff4cf2456b8805510cc86f2d119ae07e4e8933697483fc1ed611a7dd,26089448,1790761091,0x5f62d006c10c009ff50c878cd6157ac861c99990,0x3,164,156,8,75594,21752,53842,752,1241157828,241157828,1,131072,14176121,93824084849832,1858092531712,95682177381544,18230084849832,75594000000000,2687.57,0.25715254946531624
0x7ec2d0ca7d88f195b947f76ec8b50c0b5688422d0563f54310ec8026b38302c5,26089480,1790761475,0x35376dd47c061bc3b8c8e8d61987019e7ed58f06,0x3,164,156,8,75594,21752,53842,752,1266800377,266800377,1,131072,15858926,95762507698938,2078661148672,97841168847610,20168507698938,75594000000000,2687.57,0.2629549901597712
0xe31043c222d5089786cf107f7f0cce892c8175d28864974c246f88ee48808507,26089512,1790761859,0x5f62d006c10c009ff50c878cd6157ac861c99990,0x3,164,156,8,75594,21752,53842,752,1218804570,218804570,1,131072,12910992,92134312664580,1692269543424,93826582208004,16540312664580,75594000000000,2687.57,0.2521655075447653
0x013bb23c948b1ec19c7b0c414e771933b9299ad5aee0ba10a419d0adbde09cdd,26089543,1790762243,0x35376dd47c061bc3b8c8e8d61987019e7ed58f06,0x3,164,156,8,75594,21752,53842,752,1215235097,215235097,1,131072,11847042,91864481922618,1552815489024,93417297411642,16270481922618,75594000000000,2687.57,0.2510655260046067
0xbd26e220a31d44b35a92e1568e0b4b5f773a3a8309599d7e43d0526fb2a8bcb5,26089573,1790762615,0x35376dd47c061bc3b8c8e8d61987019e7ed58f06,0x3,164,156,8,75594,21752,53842,752,1220294282,220294282,1,131072,13007887,92246925953508,1704969764864,93951895718372,16652925953508,75594000000000,2694.35,0.2531392902287956
0x5930b7f5dce4e029fd07d943a9d705f8152dcc060192679a1655d8745e6a13b9,26089606,1790763011,0x5f62d006c10c009ff50c878cd6157ac861c99990,0x3,164,156,8,75594,21752,53842,752,1219668815,219668815,1,131072,13056605,92199644401110,1711355330560,93910999731670,16605644401110,75594000000000,2694.35,0.25302910212702506
0xfd88c0de565be3242ccdcb74c36d0c7a4b4a6402891ecc7c12502b8eb16f2df0,26089638,1790763395,0x35376dd47c061bc3b8c8e8d61987019e7ed58f06,0x3,164,156,8,75594,21752,53842,752,1301640936,301640936,1,131072,17154335,98396244915984,2248452997120,100644697913104,22802244915984,75594000000000,2694.35,0.27117204182217175
0x6cd278d15371afc888a9ae51435109776b57d86adb11c21e569272003f47cd5c,26089670,1790763779,0x5f62d006c10c009ff50c878cd6157ac861c99990,0x3,164,156,8,75594,21752,53842,752,1253850916,253850916,1,131072,16463071,94783606144104,2157847642112,96941453786216,19189606144104,75594000000000,2694.35,0.26119420600889104
0x867c9641552599a4ab885fdd7d62667f8fd17edd707d85bd251de7330c43ec00,26089702,1790764163,0x5f62d006c10c009ff50c878cd6157ac861c99990,0x3,164,156,8,75594,21752,53842,752,1214245545,214245545,1,131072,12814741,91789677728730,1679653732352,93469331461082,16195677728730,75594000000000,2694.35,0.2518390932221663
0xb6f566907486aa73ce642b5560c94a8e89cb8d27ff6d34d90634fea4b4e275cd,26089734,1790764547,0x5f62d006c10c009ff50c878cd6157ac861c99990,0x3,164,156,8,75594,21752,53842,752,1307900001,307900001,1,131072,17941531,98869392675594,2351632351232,101221025026826,23275392675594,75594000000000,2694.35,0.27272486878102864
0xa03b4e756841ef8f6a9a9814d0d7bdee9f72d3e6ca863ab6205c58271b60ac83,26089766,1790764931,0x35376dd47c061bc3b8c8e8d61987019e7ed58f06,0x3,164,156,8,75594,21752,53842,752,1229410668,229410668,1,131072,12766893,92936070036792,1673382199296,94609452236088,17342070036792,75594000000000,2694.35,0.2549109776323037
0x6bc0acfac5092f7f3d479c1a2b430bf33b50d621ebf1597320c5f2cc1b03c379,26089798,1790765315,0x5f62d006c10c009ff50c878cd6157ac861c99990,0x3,164,156,8,75594,21752,53842,752,1206625717,206625717,1,131072,12814709,91213664450898,1679649538048,92893313988946,15619664450898,75594000000000,2694.35,0.25028710054611664
0xb51fddab01d07f8a0a82b29798c95225848290f85e66e53f0ed1f5bd1162ee4f,26089830,None,0x5f62d006c10c009ff50c878cd6157ac861c99990,0x3,164,156,8,75594,21752,53842,752,1210674194,None,1,131072,12483640,91519705021236,1636255662080,93155960683316,None,None,None,None
0x42c6d7cbf38d5fa1f2c104e9f03798962c8686eafee23026b02c57c44988e965,26089861,1790766083,0x35376dd47c061bc3b8c8e8d61987019e7ed58f06,0x3,164,156,8,75594,21752,53842,752,1259544206,259544206,1,131072,12161122,95213984708364,1593982582784,96807967291148,19619984708364,75594000000000,2696.38,0.26103106684450567
0x19d900425a1641fb914400cf25be892e6a41266692cc8973a15eaca0f14dd23a,26089893,1790766467,0x35376dd47c061bc3b8c8e8d61987019e7ed58f06,0x3,164,156,8,75594,21752,53842,752,1248447814,248447814,1,131072,13352743,94375164051516,1750170730496,96125334782012,18781164051516,75594000000000,2696.38,0.25919043019952154
0x2485d76d6b36fd803395eb7a512dbf3025c2621f06604585610a7d88a94cecab,26089925,None,0x5f62d006c10c009ff50c878cd6157ac861c99990,0x3,164,156,8,75594,21752,53842,752,1254078541,None,1,131072,15918165,94800813228354,2086425722880,96887238951234,None,None,None,None
0x6ef6548b43a44061fdfb93393ec84d5159ccbf73ac926591e2cacea4d4313feb,26089957,1790767235,0x5f62d006c10c009ff50c878cd6157ac861c99990,0x3,164,156,8,75594,21752,53842,752,1212240718,212240718,1,131072,12624423,91638124836492,1654708371456,93292833207948,16044124836492,75594000000000,2696.38,0.25155292960524683
0x09010c0aa9f9e99b914278f4956cabb9c7a8c948c443db242708c293a8936922,26089989,1790767619,0x5f62d006c10c009ff50c878cd6157ac861c99990,0x3,164,156,8,75594,21752,53842,752,1249892739,249892739,1,131072,15162884,94484391711966,1987429531648,96471821243614,18890391711966,75594000000000,2696.38,0.26012468936485594
0xc8fbc44fc465484a2ea10fb2bafcd084aab286756ad0f6ba6a6d9cdfc62831de,26090022,1790768015,0x5f62d006c10c009ff50c878cd6157ac861c99990,0x3,164,156,8,75594,21752,53842,752,1240567699,240567699,1,131072,14017798,93779474638206,1837340819456,95616815457662,18185474638206,75594000000000,2696.38,0.25781926886373063
0x03337b6a96ba8c6cc129022eb083c9ba91e0e33a7319219314ea97cffe51089b,26090054,1790768399,0x5f62d006c10c009ff50c878cd6157ac861c99990,0x3,164,156,8,75594,21752,53842,752,1199522411,199522411,1,131072,10669292,90676697137134,1398445441024,92075142578158,15082697137134,75594000000000,2696.38,0.24826957294489366
0xea17c2e75cd1c93cdc1e824fe598bdf670de2438945080746145b77037e69b1d,26090087,1790768795,0x5f62d006c10c009ff50c878cd6157ac861c99990,0x3,164,156,8,75594,21752,53842,752,1222504320,222504320,1,131072,15219651,92413991566080,1994870095872,94408861661952,16819991566080,75594000000000,2696.38,0.2545621664080541
0x081fa23f9f3884a02ae674f139fb3fd603876e0707fe80235d44874a1d7c8db2,26090117,1790769155,0x5f62d006c10c009ff50c878cd6157ac861c99990,0x3,164,156,8,75594,21752,53842,752,1205265753,205265753,1,131072,13861401,91110859332282,1816841551872,92927700884154,15516859332282,75594000000000,2696.38,0.2505683941100152
0x757d43f041ea1f9a54f461db87fcb25c19623b90818671c85c1eaf4ca52e7f47,26090149,1790769539,0x35376dd47c061bc3b8c8e8d61987019e7ed58f06,0x3,164,156,8,75594,21752,53842,752,1164164980,164164980,1,131072,9537133,88003887498120,1250051096576,89253938594696,12409887498120,75594000000000,2696.38,0.2406625349479664
0x4a56b26f2f9b0c70a91bdfd9a0af0e86819ceb54e88fe0ecfb0bb4673543a33f,26090181,1790769923,0x5f62d006c10c009ff50c878cd6157ac861c99990,0x3,164,156,8,75594,21752,53842,752,1198788890,198788890,1,131072,11584031,90621247350660,1518342111232,92139589461892,15027247350660,75594000000000,2729.97,0.2515383150432813
0xc1269a3db10a448f12cc568767dd47158802200985587e609d6b1c96041c8bdd,26090213,1790770307,0x5f62d006c10c009ff50c878cd6157ac861c99990,0x3,164,156,8,75594,21752,53842,752,1268385737,268385737,1,131072,16157921,95882351402778,2117851021312,98000202424090,20288351402778,75594000000000,2729.97,0.26753761261169295
0xe3c56a82755a42595def97eb17263b0364471e50f1bfd05b09e683b53f14c0ad,26090245,1790770691,0x5f62d006c10c009ff50c878cd6157ac861c99990,0x3,164,156,8,75594,21752,53842,752,1228396307,228396307,1,131072,12766740,92859390431358,1673362145280,94532752576638,17265390431358,75594000000000,2729.97,0.2580715785516444
0x8764f44d4e5a42d2097e644e882f2f8a3d19e9bbd2243fdc89912212805d86fc,26090278,1790771087,0x5f62d006c10c009ff50c878cd6157ac861c99990,0x3,164,156,8,75594,21752,53842,752,1248177706,248177706,1,131072,14881925,94354745507364,1950603673600,96305349180964,18760745507364,75594000000000,2729.97,0.26291071410355626
0x063eb2a2264428c08aed38f171e45119b544d5d5ebae330264a1973278ff0620,26090309,1790771459,0x5f62d006c10c009ff50c878cd6157ac861c99990,0x3,164,156,8,75594,21752,53842,752,1287038930,287038930,1,131072,14937666,97292420874420,1957909757952,99250330632372,21698420874420,75594000000000,2729.97,0.27095042511645656
0x8817d25cb85eb52ee884deb4ed2adee666903acc358b5a05286c96984e44f0ef,26090341,1790771843,0x35376dd47c061bc3b8c8e8d61987019e7ed58f06,0x3,164,156,8,75594,21752,53842,752,1856277568,856277568,1,131072,50923489,140323446475392,6674643550208,146998090025600,64729446475392,75594000000000,2729.97,0.4013003758271872
0xfeb30a138d8bf1376219443e4161b9d0b9a54b5ef9028dda7a54be982b47301a,26090373,1790772227,0x5f62d006c10c009ff50c878cd6157ac861c99990,0x3,164,156,8,75594,21752,53842,752,2021096321,1021096321,1,131072,63256242,152782755289674,8291122151424,161073877441098,77188755289674,75594000000000,2729.97,0.43972685319787425
0xee781bfaf99f71c8497d4348ea1aaf267902511461577b9a40693503f99621c5,26090405,1790772611,0x5f62d006c10c009ff50c878cd6157ac861c99990,0x3,164,156,8,75594,21752,53842,752,2050152353,1050152353,1,131072,62084567,154979216972682,8137548365824,163116765338506,79385216972682,75594000000000,2729.97,0.44530387587116116
0xdf346a3a718978c51b2a86c1e1e3b6fac23cbb2f3e75dbf11dcc41e75d45600f,26090437,1790772995,0x35376dd47c061bc3b8c8e8d61987019e7ed58f06,0x3,164,156,8,75594,21752,53842,752,2206696616,1206696616,1,131072,75409432,166813023989904,9884065071104,176697089061008,91219023989904,75594000000000,2729.97,0.48237775222387996
0xefb540c7684712214e819a71f874253cbbd304271844a9ec13d43195221b24dc,26090469,1790773379,0x35376dd47c061bc3b8c8e8d61987019e7ed58f06,0x3,164,156,8,75594,21752,53842,752,2097277761,1097277761,1,131072,64933644,158541615065034,8510982586368,167052597651402,82947615065034,75594000000000,2708.62,0.4524820070505405
0x16577d23afa755a0f32b6a17dd16c62531d459b170317cbecbb6d0f60aca663b,26090500,1790773751,0x35376dd47c061bc3b8c8e8d61987019e7ed58f06,0x3,164,156,8,75594,21752,53842,752,1802453596,802453596,1,131072,45861450,136254677136024,6011151974400,142265829110424,60660677136024,75594000000000,2708.62,0.3853440700450766
0x2a7f1435247a5684202046cc0f8883035281b7b9a38fce0cfdeb6280ff8a3346,26090533,1790774147,0x5f62d006c10c009ff50c878cd6157ac861c99990,0x3,164,156,8,75594,21752,53842,752,1599408840,599408840,1,131072,36236170,120905711850960,4749547274240,125655259125200,45311711850960,75594000000000,2708.62,0.34035234797169917
0x537d27d5121ae126f02f3b893693439bb22c7565441045ff51b281ab50cbe9c7,26090565,1790774531,0x5f62d006c10c009ff50c878cd6157ac861c99990,0x3,164,156,8,75594,21752,53842,752,1674836747,674836747,1,131072,42716258,126607609052718,5598905368576,132206514421294,51013609052718,75594000000000,2708.62,0.35809720909180537
0xb609bd604a68bc3ab46cebbc887257e7787e3d4582759d29be323d39efb3a1c2,26090596,1790774915,0x35376dd47c061bc3b8c8e8d61987019e7ed58f06,0x3,164,156,8,75594,21752,53842,752,1668865436,668865436,1,131072,40841938,126156213768984,5353234497536,131509448266520,50562213768984,75594000000000,2708.62,0.3562091217636614
0x72f1d8394687ecfc1c3db8d092b734e61bff2d6a1f277f622ff7d74a1ceebd48,26090628,1790775299,0x35376dd47c061bc3b8c8e8d61987019e7ed58f06,0x3,164,156,8,75594,21752,53842,752,1694955796,694955796,1,131072,43685374,128128488442824,5725929340928,133854417783752,52534488442824,75594000000000,2708.62,0.3625607530974263
0x72f294186aabbdaa75830fb3e66907e17e555252597743c3e234a111c03cddfa,26090660,1790775683,0x5f62d006c10c009ff50c878cd6157ac861c99990,0x3,164,156,8,75594,21752,53842,752,2474956941,1474956941,1,131072,80358114,187091894997954,10532698718208,197624593716162,111497894997954,75594000000000,2708.62,0.5352899270314707
0x37cf7ee2e70381b1b21333f5bf80cfc0bbf2ed76431c217c7188b8ea36b22803,26090692,1790776067,0x5f62d006c10c009ff50c878cd6157ac861c99990,0x3,164,156,8,75594,21752,53842,752,2361890426,1361890426,1,131072,85952693,178544744863044,11265991376896,189810736239940,102950744863044,75594000000000,2708.62,0.5141251563942263
0xd2b213e6eeaec802c4de8b1ae20b6bd5242d758a44ee9704525850b685c865ac,26090724,1790776451,0x5f62d006c10c009ff50c878cd6157ac861c99990,0x3,164,156,8,75594,21752,53842,752,1892199175,892199175,1,131072,54062602,143038904434950,7086093369344,150124997804294,67444904434950,75594000000000,2708.62,0.4066315715526668
0x281f25b382f1996242611cacc7fa43bf7131d8c42de358223c1f5186a539227b,26090755,1790776823,0x35376dd47c061bc3b8c8e8d61987019e7ed58f06,0x3,164,156,8,75594,21752,53842,752,1611655098,611655098,1,131072,34906131,121831455478212,4575216402432,126406671880644,46237455478212,75594000000000,2676.99,0.3383893965577652
0x515b9d82886d9353e33f52ddd12b4e36e31707174006900e5009c5b77ae79ff3,26090788,None,0x5f62d006c10c009ff50c878cd6157ac861c99990,0x3,164,156,8,75594,21752,53842,752,1657524480,None,1,131072,36371749,125298905541120,4767317884928,130066223426048,None,None,None,None
0xd91e3a71f99d519705b33666a365390f6cfbf36ff579dbf44a4b530a131d864d,26090819,1790777603,0x5f62d006c10c009ff50c878cd6157ac861c99990,0x3,164,156,8,75594,21752,53842,752,1666059776,666059776,1,131072,35698047,125944122706944,4679014416384,130623137123328,50350122706944,75594000000000,2676.99,0.3496768318477778
0xeb80b3dc2c49a7054e5cc57f48f69ecbd0c9c29c1a94d1edff651888670cb8ef,26090851,1790777987,0x5f62d006c10c009ff50c878cd6157ac861c99990,0x3,164,156,8,75594,21752,53842,752,1733651417,733651417,1,131072,41302450,131053645216698,5413594726400,136467239943098,55459645216698,75594000000000,2676.99,0.3653214366552739
0x3b12de9edc0cf8348b195ffebf332fab5e84726bf2c5cb6fb095fa36fe1cc72e,26090883,1790778371,0x35376dd47c061bc3b8c8e8d61987019e7ed58f06,0x3,164,156,8,75594,21752,53842,752,2200019511,1200019511,1,131072,70764523,166308274914534,9275247558656,175583522473190,90714274914534,75594000000000,2676.99,0.4700353338255049
0x786651c1127767876027acdfdf7b2ebedce849ea075cd293fd052b58af31be77,26090915,1790778755,0x5f62d006c10c009ff50c878cd6157ac861c99990,0x3,164,156,8,75594,21752,53842,752,2069400054,1069400054,1,131072,65665543,156434227682076,8606914052096,165041141734172,80840227682076,75594000000000,2676.99,0.44181348601096104
0xc92cf503735394838d3330b73ebe559dd83b51d32f41d14b0d160ee19b983b50,26090947,1790779139,0x35376dd47c061bc3b8c8e8d61987019e7ed58f06,0x3,164,156,8,75594,21752,53842,752,2331411822,1331411822,1,131072,82488712,176240745272268,10811960459264,187052705731532,100646745272268,75594000000000,2676.99,0.5007382227162538
0xe7402db095d20f55106a98753ff7ae165e78d5940d1c084ed39f038479ddc1e4,26090977,1790779511,0x35376dd47c061bc3b8c8e8d61987019e7ed58f06,0x3,164,156,8,75594,21752,53842,752,2274442697,1274442697,1,131072,80658645,171934221237018,10572089917440,182506311154458,96340221237018,75594000000000,2676.99,0.4885675698973725
0x16d3eff3340eda2b3282b6a4a8af7d62e321e77c0b41520e044f5365d9f1a65e,26091010,1790779907,0x5f62d006c10c009ff50c878cd6157ac861c99990,0x3,164,156,8,75594,21752,53842,752,1808772808,808772808,1,131072,50166836,136732371647952,6575467528192,143307839176144,61138371647952,75594000000000,2676.99,0.3836336523961457
0xcf694b50faa72f8872c65992016107bfff4dcf90aa341be54addf977279ca7fa,26091042,1790780291,0x5f62d006c10c009ff50c878cd6157ac861c99990,0x3,164,156,8,75594,21752,53842,752,1827663457,827663457,1,131072,50732699,138160391368458,6649636323328,144810027691786,62566391368458,75594000000000,2676.99,0.3876549960306342
0x910cf0c415f5dcf94917ca20858dad43c33bc2340b6397286652dee9f172f4f7,26091073,1790780663,0x5f62d006c10c009ff50c878cd6157ac861c99990,0x3,164,156,8,75594,21752,53842,752,2176365519,1176365519,1,131072,72369760,164520175043286,9485649182720,174005824226006,88926175043286,75594000000000,2681.89,0.4666644799334832
0x9da6215192aaeb414c5b3d50ed304121790b6a23d6a510d72c61f7100c63c55c,26091106,1790781059,0x35376dd47c061bc3b8c8e8d61987019e7ed58f06,0x3,164,156,8,75594,21752,53842,752,2084719322,1084719322,1,131072,68422424,157592272427268,8968263958528,166560536385796,81998272427268,75594000000000,2681.89,0.4466970369277024
0x43c6e730d8aaddcf4d7cb1b1601db1d90660469d74bbfed265f8108614e08ff4,26091137,1790781443,0x35376dd47c061bc3b8c8e8d61987019e7ed58f06,0x3,164,156,8,75594,21752,53842,752,1971312133,971312133,1,131072,58478323,149019369382002,7664870752256,156684240134258,73425369382002,75594000000000,2681.89,0.42020989677366516
0x9e8bab82a581d7a90b07cedc054e6097cbebb53348804317b60ccf82a12cf590,26091169,1790781827,0x35376dd47c061bc3b8c8e8d61987019e7ed58f06,0x3,164,156,8,75594,21752,53842,752,1885406317,885406317,1,131072,56121836,142525405127298,7356001288192,149881406415490,66931405127298,75594000000000,2681.89,0.40196544505163845
0xcd2ae5956823b8bb4d53adcb5c9aa8f9f26faa5f5aa62fdb42ef284df50092ec,26091202,1790782223,0x35376dd47c061bc3b8c8e8d61987019e7ed58f06,0x3,164,156,8,75594,21752,53842,752,1952050037,952050037,1,131072,53060736,147563270496978,6954776788992,154518047285970,71969270496978,75594000000000,2681.89,0.4144004058357701
0x4c943a3d4523830f62d1f804e2f4e6f541e036b79f83a5ee70b5a0de2a3a3b94,26091233,1790782595,0x35376dd47c061bc3b8c8e8d61987019e7ed58f06,0x3,164,156,8,75594,21752,53842,752,2079634982,1079634982,1,131072,69974647,157207926829308,9171716931584,166379643760892,81613926829308,75594000000000,2681.89,0.4462119028058986
0x3cf859b1a32a01045493706ea203b32e77a91a846c9fccd5418369dbef0d23da,26091264,1790782979,0x5f62d006c10c009ff50c878cd6157ac861c99990,0x3,164,156,8,75594,21752,53842,752,1873450812,873450812,1,131072,49606970,141621640682328,6502084771840,148123725454168,66027640682328,75594000000000,2681.89,0.39725153805827856
0xc3aa808de1c36b6a723329d18df33f8ec1a0b7dc9d69205bee0c5bbd9ffb9b85,26091295,1790783351,0x5f62d006c10c009ff50c878cd6157ac861c99990,0x3,164,156,8,75594,21752,53842,752,1764531506,764531506,1,131072,45519025,133387994664564,5966269644800,139354264309364,57793994664564,75594000000000,2681.89,0.3737328079086402
0x762f1e2ab6f7a71e43e713a3c791c1575b37aafaf5bc36a00f2e794222ad7da7,26091328,1790783747,0x35376dd47c061bc3b8c8e8d61987019e7ed58f06,0x3,164,156,8,75594,21752,53842,752,1580757607,580757607,1,131072,34259189,119495790543558,4490420420608,123986210964166,43901790543558,75594000000000,2681.89,0.33251737932268716
0xc2334d612e1093a3598c725f17bb38669a4b762d70e5e0dce515f04d161e90ac,26091359,1790784131,0x35376dd47c061bc3b8c8e8d61987019e7ed58f06,0x3,164,156,8,75594,21752,53842,752,1589563009,589563009,1,131072,38040458,120161426102346,4986038910976,125147465013322,44567426102346,75594000000000,2693.94,0.33713976189798867
0x2a286c0381c44454bb772dd6db7d2088b1e630c258c7eaef8cf0fab0927d0a38,26091391,1790784515,0x35376dd47c061bc3b8c8e8d61987019e7ed58f06,0x3,164,156,8,75594,21752,53842,752,1565927653,565927653,1,131072,32755926,118374735000882,4293384732672,122668119733554,42780735000882,75594000000000,2693.94,0.3304605544750105
0x37d73cefdc85522ec9860a9df10881ca9ca1d2789bc24513c28e735375b919ea,26091422,1790784887,0x35376dd47c061bc3b8c8e8d61987019e7ed58f06,0x3,164,156,8,75594,21752,53842,752,1558118482,558118482,1,131072,32269626,117784408528308,4229644419072,122014052947380,42190408528308,75594000000000,2693.94,0.32869853779706487
0x634074dc2a8536421eb57bc20e781cbcb03a1b3bd3beb9fae4a9835ca75951b5,26091455,1790785283,0x5f62d006c10c009ff50c878cd6157ac861c99990,0x3,164,156,8,75594,21752,53842,752,1630770458,630770458,1,131072,35167629,123276462002052,4609491468288,127885953470340,47682462002052,75594000000000,2693.94,0.34451708549188775
0x68d9732f68c772261d83ab298f85d9d992d104e06234f23ae63791221e3d6e44,26091487,1790785667,0x5f62d006c10c009ff50c878cd6157ac861c99990,0x3,164,156,8,75594,21752,53842,752,1571499978,571499978,1,131072,34131204,118795969336932,4473645170688,123269614507620,43201969336932,75594000000000,2693.94,0.3320809453066578
0x3f4effda957ac973aa0ef8ece7b1c6294a1d98feb24431e57d5e443dfdfc6514,26091519,None,0x5f62d006c10c009ff50c878cd6157ac861c99990,0x3,164,156,8,75594,21752,53842,752,1485976669,None,1,131072,28205442,112330920316386,3696943693824,116027864010210,None,None,None,None
0xe3afd2eb22e2bfa7f70148124023f4781a530ca2b6044a597df08effed50f36a,26091551,1790786435,0x35376dd47c061bc3b8c8e8d61987019e7ed58f06,0x3,164,156,8,75594,21752,53842,752,1472887444,472887444,1,131072,26369547,111341453441736,3456309264384,114797762706120,35747453441736,75594000000000,2693.94,0.30925828486452495
0x554ca0d9eeac9baa7c7d833cb5361747420e232fbce941839a80d5e0cf6288cc,26091583,1790786819,0x5f62d006c10c009ff50c878cd6157ac861c99990,0x3,164,156,8,75594,21752,53842,752,1369267789,369267789,1,131072,21710010,103508429241666,2845574430720,106354003672386,27914429241666,75594000000000,2693.94,0.2865113046531875
0xe933a715147a95a05a8f4f8dcaa6edf7e70aea58b505ffe0a785cec70c47216a,26091615,1790787203,0x5f62d006c10c009ff50c878cd6157ac861c99990,0x3,164,156,8,75594,21752,53842,752,1343785120,343785120,1,131072,19551981,101582092361280,2562717253632,104144809614912,25988092361280,75594000000000,2693.94,0.28055986841399605
0x29ec7e59445f6d69472766ad5a036f980ad4b9cfde9a1832398444de8abfbfad,26091647,1790787587,0x5f62d006c10c009ff50c878cd6157ac861c99990,0x3,164,156,8,75594,21752,53842,752,1491623789,491623789,1,131072,24653098,112757808705666,3231330861056,115989139566722,37163808705666,75594000000000,2693.94,0.3124677826443751
0x17061fc3891c6e0afd1553bafe6dae1843ef372e050e16af1c37045310558a44,26091679,1790787971,0x5f62d006c10c009ff50c878cd6157ac861c99990,0x3,164,156,8,75594,21752,53842,752,1594716151,594716151,1,131072,34003666,120550972718694,4456928509952,125007901228646,44956972718694,75594000000000,2681.42,0.33519868651251594
0xa9d474c46b2f5fae711992ad25b28f9f2cc1c2c9d22006be860b962a14c78afe,26091710,1790788343,0x35376dd47c061bc3b8c8e8d61987019e7ed58f06,0x3,164,156,8,75594,21752,53842,752,1489204280,489204280,1,131072,32511637,112574908342320,4261365284864,116836273627184,36980908342320,75594000000000,2681.42,0.31328712082940374
0x7f1fc2f2ef1e9db6ba573556d7c4610cd150d9008c0b0b890d6d4422b1efe189,26091743,1790788739,0x5f62d006c10c009ff50c878cd6157ac861c99990,0x3,164,156,8,75594,21752,53842,752,1417014869,417014869,1,131072,23048394,107117822007186,3020999098368,110138821105554,31523822007186,75594000000000,2681.42,0.29532843768885464
0x72381281d64b88fe0e1608326a41706b16b5f3a6b385bdbe811530e60bbfb308,26091775,1790789123,0x35376dd47c061bc3b8c8e8d61987019e7ed58f06,0x3,164,156,8,75594,21752,53842,752,1362105819,362105819,1,131072,19046798,102967027281486,2496501907456,105463529188942,27373027281486,75594000000000,2681.42,0.2827920164378129
0x8f3f7b62e50424d0e01bcfc057d4dcb02506633a0d199de2fcf6ae1d2ead4b67,26091807,1790789507,0x5f62d006c10c009ff50c878cd6157ac861c99990,0x3,164,156,8,75594,21752,53842,752,1606977766,606977766,1,131072,37196136,121477877243004,4875371937792,126353249180796,45883877243004,75594000000000,2681.42,0.33880612941837
0xab45e3ffb680e1e4e0a74dfd4005700cd88441ceaefd02665b2444be8e8ec9fd,26091838,1790789879,0x5f62d006c10c009ff50c878cd6157ac861c99990,0x3,164,156,8,75594,21752,53842,752,1552210211,552210211,1,131072,31790266,117337778690334,4166813745152,121504592435486,41743778690334,75594000000000,2681.42,0.32580484424836087
0xa88475ef9bc00b07bf625e6db5792bdbdb5d8144a0baf020a991ef7a64bc04ad,26091870,1790790275,0x35376dd47c061bc3b8c8e8d61987019e7ed58f06,0x3,164,156,8,75594,21752,53842,752,2069638692,1069638692,1,131072,49606269,156452267283048,6501992890368,162954260173416,80858267283048,75594000000000,2681.42,0.43694881231420113
0xf5ec10f3b454c9fce3b189f01d5dd9864a1987affecc5a425965b61ef8e70850,26091902,1790790659,0x5f62d006c10c009ff50c878cd6157ac861c99990,0x3,164,156,8,75594,21752,53842,752,2017526190,1017526190,1,131072,66156976,152512874806860,8671327158272,161184201965132,76918874806860,75594000000000,2681.42,0.43220254283334425
0x63bc74acf833b38f99e26e8843ddcec6f5b63e00db26297da7b4b67e3b2257f7,26091934,1790791043,0x5f62d006c10c009ff50c878cd6157ac861c99990,0x3,164,156,8,75594,21752,53842,752,1912879348,912879348,1,131072,52664513,144602201432712,6902843047936,151505044480648,69008201432712,75594000000000,2681.42,0.40624865637129914
0xee1d628af5f9094699e2c1d3b53b72487aaf95eecb8f13e389a13b5c878a92c9,26091966,1790791427,0x35376dd47c061bc3b8c8e8d61987019e7ed58f06,0x3,164,156,8,75594,21752,53842,752,1830068897,830068897,1,131072,46377306,138342228199818,6078766252032,144420994451850,62748228199818,75594000000000,2678.24,0.3867940841807227
0x54e38d654d139706afc62ea5dd6e37fe59756bbe47375a5d9ecbdcdeffb0df5d,26091998,1790791811,0x5f62d006c10c009ff50c878cd6157ac861c99990,0x3,164,156,8,75594,21752,53842,752,1602548996,602548996,1,131072,36507004,121143088803624,4785046028288,125928134831912,45549088803624,75594000000000,2678.24,0.33726576783221995
0x6482fb007570d1141cd598212a38549c9226b2f750c8b98a7cd017a081ea9b03,26092029,1790792183,0x5f62d006c10c009ff50c878cd6157ac861c99990,0x3,164,156,8,75594,21752,53842,752,1431535000,431535000,1,131072,26270818,108215456790000,3443368656896,111658825446896,32621456790000,75594000000000,2678.24,0.2990491326648947
0x251ad3eedfad073f5f713dd8ea91b8d7a7badd9ba2827421d27540dfbf449e50,26092062,None,0x35376dd47c061bc3b8c8e8d61987019e7ed58f06,0x3,164,156,8,75594,21752,53842,752,1310863066,None,1,131072,19995366,99093382611204,2620832612352,101714215223556,None,None,None,None
0xc50632bf49ae575d684b74161e8ebfdf02283c2094c8fc763da5df0e86176191,26092094,1790792963,0x35376dd47c061bc3b8c8e8d61987019e7ed58f06,0x3,164,156,8,75594,21752,53842,752,1311346295,311346295,1,131072,21709735,99129911824230,2845538385920,101975450210150,23535911824230,75594000000000,2678.24,0.2731147297708321
0x1fbbd0299e332267fd557b84dab27c052a9d0b033ebd14fd8a7a50f308ff670e,26092126,1790793347,0x35376dd47c061bc3b8c8e8d61987019e7ed58f06,0x3,164,156,8,75594,21752,53842,752,1364558212,364558212,1,131072,18834166,103152413477928,2468631805952,105621045283880,27558413477928,75594000000000,2678.24,0.28287850832109873
0xd7b5fd8def32b6baf95102addfd3bc5946e79726452ad3152fb0607b96d567d9,26092158,1790793743,0x35376dd47c061bc3b8c8e8d61987019e7ed58f06,0x3,164,156,8,75594,21752,53842,752,1326872882,326872882,1,131072,19995321,100303628641908,2620826714112,102924455356020,24709628641908,75594000000000,2678.24,0.27565639331270697
0x2c5c2af4a2c305a026c8d00d40672936eb357019899e9b6bd0f8e76b5da9ee17,26092189,1790794115,0x35376dd47c061bc3b8c8e8d61987019e7ed58f06,0x3,164,156,8,75594,21752,53842,752,1302860777,302860777,1,131072,20448968,98488457576538,2680287133696,101168744710234,22894457576538,75594000000000,2678.24,0.2709541788327371
0xfe9da5f869d9317cc94f17159cd4c9f2db8f6643f5a3eb0c2ba270dba3c5b500,26092221,1790794499,0x5f62d006c10c009ff50c878cd6157ac861c99990,0x3,164,156,8,75594,21752,53842,752,1429214501,429214501,1,131072,26866742,108040040988594,3521477607424,111561518596018,32446040988594,75594000000000,2678.24,0.29878852156459923
0x12bb21438c8f71727edebaf1539f3ea8c2f5834648cb358c081ff64c25c87bee,26092253,1790794883,0x5f62d006c10c009ff50c878cd6157ac861c99990,0x3,164,156,8,75594,21752,53842,752,1459754231,459754231,1,131072,25977638,110348661338214,3404940967936,113753602306150,34754661338214,75594000000000,2669.0,0.30360836455511436
0x7e967877e365ec2c833615badd7305c8bfadebc3e0ae0c0fe7fa91c3a3ed21ed,26092285,1790795267,0x5f62d006c10c009ff50c878cd6157ac861c99990,0x3,164,156,8,75594,21752,53842,752,1283570297,283570297,1,131072,16772753,97030213031418,2198438281216,99228651312634,21436213031418,75594000000000,2669.0,0.26484127035342014
0x29ce186f7263d1bd3ecf9a0ee8375cda3dcb6eb974e69989b11c594928a8928d,26092317,1790795651,0x35376dd47c061bc3b8c8e8d61987019e7ed58f06,0x3,164,156,8,75594,21752,53842,752,1285630262,285630262,1,131072,15798718,97185934025628,2070769565696,99256703591324,21591934025628,75594000000000,2669.0,0.26491614188524376
0x0b781cd83bc254e1572c23d7aeaa24495354daddb9476f817f61ec1c04de4b72,26092348,1790796035,0x35376dd47c061bc3b8c8e8d61987019e7ed58f06,0x3,164,156,8,75594,21752,53842,752,1294608393,294608393,1,131072,19551638,97864626860442,2562672295936,100427299156378,22270626860442,75594000000000,2669.0,0.26804046144837285
0x7272d3684453bcb091229e5a73547ac0842b437ce20b1a28971314f481762c1d,26092379,1790796407,0x5f62d006c10c009ff50c878cd6157ac861c99990,0x3,164,156,8,75594,21752,53842,752,1269523473,269523473,1,131072,15917282,95968357417962,2086309986304,98054667404266,20374357417962,75594000000000,2669.0,0.26170790730198595
0x7d98e8f21bc6fb60c3eba67586222322e40f27a7deef986c152cbeec70b94857,26092412,1790796803,0x35376dd47c061bc3b8c8e8d61987019e7ed58f06,0x3,164,156,8,75594,21752,53842,752,1294135482,294135482,1,131072,15680974,97828877626308,2055336624128,99884214250436,22234877626308,75594000000000,2669.0,0.2665909678344137
0xffc7feda90b87517e3a0a8492048f24728965057eaa494046fcdfda92e8279f0,26092444,1790797187,0x5f62d006c10c009ff50c878cd6157ac861c99990,0x3,164,156,8,75594,21752,53842,752,1297900243,297900243,1,131072,18904585,98113470969342,2477861765120,100591332734462,22519470969342,75594000000000,2669.0,0.2684782670682791
0x88c694557715c8ec62593f36afb15cb5c015e939b1ee7353939174c77cb3efbc,26092476,1790797571,0x35376dd47c061bc3b8c8e8d61987019e7ed58f06,0x3,164,156,8,75594,21752,53842,752,1290505786,290505786,1,131072,15622424,97554494386884,2047662358528,99602156745412,21960494386884,75594000000000,2669.0,0.26583815635350466
0x28345251fa4dd5cda9c389bdaad10a605d637c2ac06966f88651c8e1f8954249,26092507,1790797955,0x5f62d006c10c009ff50c878cd6157ac861c99990,0x3,164,156,8,75594,21752,53842,752,1357751195,357751195,1,131072,19551563,102637843834830,2562662465536,105200506300366,27043843834830,75594000000000,2669.0,0.28078015131567685
0xd282e88711347fe5285b781f71910ba5e0be03fa929f68275c9a1203f62718e6,26092539,1790798339,0x5f62d006c10c009ff50c878cd6157ac861c99990,0x3,164,156,8,75594,21752,53842,752,1283429194,283429194,1,131072,17542377,97019546491236,2299314438144,99318860929380,21425546491236,75594000000000,2669.0,0.26508203982051526
0x10655367731d79db0eddb846cde86fb1f8fc9345407beec93a7cd5136f653e13,26092570,1790798723,0x5f62d006c10c009ff50c878cd6157ac861c99990,0x3,164,156,8,75594,21752,53842,752,1477163505,477163505,1,131072,28952720,111664697996970,3794890915840,115459588912810,36070697996970,75594000000000,2681.18,0.3095679406012479
0xb03a95382dd86215997489e3aeca5297f6aad803894dbec1ca37813460e7837e,26092603,1790799119,0x5f62d006c10c009ff50c878cd6157ac861c99990,0x3,164,156,8,75594,21752,53842,752,1627489092,627489092,1,131072,33749589,123028410420648,4423626129408,127452036550056,47434410420648,75594000000000,2681.18,0.3417218513572791
0x111104beda82dcbe1bcd6afa60e45e8d91e0136f5408bb1c51c81ba23c0d5fe1,26092635,1790799503,0x5f62d006c10c009ff50c878cd6157ac861c99990,0x3,164,156,8,75594,21752,53842,752,1368379297,368379297,1,131072,20448763,103441264577418,2680260263936,106121524841354,27847264577418,75594000000000,2681.18,0.2845309099741415
0xb7ffb8e6a1127d8da39aed528b24402efd61726708b7026a76ab15133296d7f4,26092667,1790799887,0x5f62d006c10c009ff50c878cd6157ac861c99990,0x3,164,156,8,75594,21752,53842,752,1290988082,290988082,1,131072,19551498,97590953070708,2562653945856,100153607016564,21996953070708,75594000000000,2681.18,0.26852984806067104
0xfd7578b91871d2ea5258d8be267163ad5735f6d7c1530cee3238094b62dbac93,26092698,1790800259,0x5f62d006c10c009ff50c878cd6157ac861c99990,0x3,164,156,8,75594,21752,53842,752,1234329514,234329514,1,131072,14281472,93307905281316,1871901097984,95179806379300,17713905281316,75594000000000,2681.18,0.25519419326805154
0xe3d63098eb6d132596dfb4261715bfd0fc9cf2fbc9999962a0d8cd0c98e919e1,26092730,1790800643,0x35376dd47c061bc3b8c8e8d61987019e7ed58f06,0x3,164,156,8,75594,21752,53842,752,1180579812,180579812,1,131072,12297509,89244750308328,1611859099648,90856609407976,13650750308328,75594000000000,2681.18,0.24360292401247707
0x9b6fda91c495f16abde8faec36a75aaf4b166999df311286e31e3f0b16fa9e09,26092761,1790801015,0x5f62d006c10c009ff50c878cd6157ac861c99990,0x3,164,156,8,75594,21752,53842,752,1270366093,270366093,1,131072,16523580,96032054434242,2165778677760,98197833112002,20438054434242,75594000000000,2681.18,0.2632860661832375
0xfa1877319771469faba3f3f9f9db9888cbe6ccafd48c2f55b03e8ebd6dcd8a0a,26092794,None,0x35376dd47c061bc3b8c8e8d61987019e7ed58f06,0x3,164,156,8,75594,21752,53842,752,1246035503,None,1,131072,15564017,94192807813782,2040006836224,96232814650006,None,None,None,None
0xcaa0c3bc353deeccbb9296342f17366f898a0b9c5dabb8b5d5156cbe3b79bf67,26092825,1790801783,0x35376dd47c061bc3b8c8e8d61987019e7ed58f06,0x3,164,156,8,75594,21752,53842,752,1248302541,248302541,1,131072,16339242,94364182284354,2141617127424,96505799411778,18770182284354,75594000000000,2681.18,0.2587494192668709
0x6f0556213c34ac3011e90adfd6cf4fba76ce2d2e3e0175ac84d832a5d13f9c6b,26092858,1790802179,0x5f62d006c10c009ff50c878cd6157ac861c99990,0x3,164,156,8,75594,21752,53842,752,1197400752,197400752,1,131072,12576489,90516312446688,1648425566208,92164738012896,14922312446688,75594000000000,2683.09,0.24728628691502114
0xe7bd583c55131dfd3a99c89548e97ee43e1d6a79e337554a69185a13d23ca340,26092890,1790802563,0x5f62d006c10c009ff50c878cd6157ac861c99990,0x3,164,156,8,75594,21752,53842,752,1164878733,164878733,1,131072,9536550,88057842942402,1249974681600,89307817624002,12463842942402,75594000000000,2683.09,0.23962091238878352
0xa3cccadf3ed72e20ffaac0769063f115e7b4a1af2b2868f964699dbf69ee9dd3,26092922,1790802947,0x35376dd47c061bc3b8c8e8d61987019e7ed58f06,0x3,164,156,8,75594,21752,53842,752,1150793664,150793664,1,131072,8588594,86993096236416,1125724192768,88118820429184,11399096236416,75594000000000,2683.09,0.23643072590533928
0x61a0290a31227c43523522fc66260810fee9582ff8d8da01373269068db95560,26092953,1790803319,0x35376dd47c061bc3b8c8e8d61987019e7ed58f06,0x3,164,156,8,75594,21752,53842,752,1138169227,138169227,1,131072,8588586,86038764545838,1125723144192,87164487690030,10444764545838,75594000000000,2683.09,0.2338701652762426
0x33fa89db7eac11d2e2c46025bd6ce2bb589ad42a62fbe9764e03f34e7ef5926b,26092986,1790803715,0x5f62d006c10c009ff50c878cd6157ac861c99990,0x3,164,156,8,75594,21752,53842,752,1138030138,138030138,1,131072,7677233,86028250251972,1006270283776,87034520535748,10434250251972,75594000000000,2683.09,0.2335214517042601
0x71d29560a67b6ce2c7fb6f267f0aa5671b6c9ac7782fafaeca171484e5a670ab,26093018,1790804099,0x35376dd47c061bc3b8c8e8d61987019e7ed58f06,0x3,164,156,8,75594,21752,53842,752,1157904426,157904426,1,131072,8717995,87530627179044,1142685040640,88673312219684,11936627179044,75594000000000,2683.09,0.23791847728351195
0x07d9dfa3a96af94c62927c2588f3f858a353cba4a2e5fbec12c9d8d181b70583,26093050,1790804483,0x35376dd47c061bc3b8c8e8d61987019e7ed58f06,0x3,164,156,8,75594,21752,53842,752,1143578857,143578857,1,131072,8492763,86447700116058,1113163431936,87560863547994,10853700116058,75594000000000,2683.09,0.23493367737698723
0x08403bf6fa1e7968e13ba188de6504672a90eab9f4dfe6e055b8f0267cba5b32,26093081,1790804867,0x35376dd47c061bc3b8c8e8d61987019e7ed58f06,0x3,164,156,8,75594,21752,53842,752,1135362618,135362618,1,131072,8304345,85826601745092,1088467107840,86915068852932,10232601745092,75594000000000,2683.09,0.23320095208861333
0x241eb4d6ef8350e9b1ce2b7e3c261690f33dc78ba64a0dce38e0806c7ea240cf,26093113,None,0x35376dd47c061bc3b8c8e8d61987019e7ed58f06,0x3,164,156,8,75594,21752,53842,752,1099371964,None,1,131072,6180417,83105924246616,810079617024,83916003863640,None,None,None,None
0x8e2eb9b809cbd088021cd36515cc5c419717cb18a76c05f6d1e01b5f8b4ee650,26093145,1790805635,0x5f62d006c10c009ff50c878cd6157ac861c99990,0x3,164,156,8,75594,21752,53842,752,1121922362,121922362,1,131072,6836951,84810599033028,896132841472,85706731874500,9216599033028,75594000000000,2685.38,0.23015514364114484
0x9d8e59124e55006238d59f69d873c6cb161f7670b1ebe5ecd5f708ab9cbd4e78,26093177,1790806019,0x35376dd47c061bc3b8c8e8d61987019e7ed58f06,0x3,164,156,8,75594,21752,53842,752,1114354386,114354386,1,131072,6297043,84238505455284,825366020096,85063871475380,8644505455284,75594000000000,2685.38,0.22842881918255595
0xc7844a4296000033c66c9ee58f9d84eaf71240dda2bcf9d536836d66f3d2aaca,26093208,1790806403,0x35376dd47c061bc3b8c8e8d61987019e7ed58f06,0x3,164,156,8,75594,21752,53842,752,1109651071,109651071,1,131072,5545288,83882963061174,726831988736,84609795049910,8288963061174,75594000000000,2685.38,0.2272094514311273
0x9e32d76478926b1c3a024029db0b57aa3eb157d2d38625455d833e9222546d61,26093239,1790806787,0x35376dd47c061bc3b8c8e8d61987019e7ed58f06,0x3,164,156,8,75594,21752,53842,752,1116489617,116489617,1,131072,6610686,84399916107498,866475835392,85266391942890,8805916107498,75594000000000,2685.38,0.22897266359559795
0xfddbe922f6a718c609010fbb46126eda557c7a9b742b6dc1eec857040b512e29,26093272,1790807183,0x35376dd47c061bc3b8c8e8d61987019e7ed58f06,0x3,164,156,8,75594,21752,53842,752,1099139056,99139056,1,131072,6344296,83088317799264,831559565312,83919877364576,7494317799264,75594000000000,2685.38,0.22535676027728513
0xca484ee138459b2c2022623098220542da520ade87265021d8569f626d67ea20,26093304,1790807567,0x35376dd47c061bc3b8c8e8d61987019e7ed58f06,0x3,164,156,8,75594,21752,53842,752,1107110684,107110684,1,131072,6811412,83690925046296,892785393664,84583710439960,8096925046296,75594000000000,2685.38,0.2271394043412598
0x24d66a6551fe2ff645fef581d4e0364ab26d551fc92155aced90da833c2862a6,26093336,None,0x35376dd47c061bc3b8c8e8d61987019e7ed58f06,0x3,164,156,8,75594,21752,53842,752,1104373968,None,1,131072,6020721,83484045736992,789147942912,84273193679904,None,None,None,None
0x734c1933377a16da3bebc439040ae57573bbea72e1a21458380fa6d59a5df306,26093368,1790808359,0x35376dd47c061bc3b8c8e8d61987019e7ed58f06,0x3,164,156,8,75594,21752,53842,752,1098950189,98950189,1,131072,5242811,83074040587266,687185723392,83761226310658,7480040587266,75594000000000,2685.38,0.2249307219101148
0x347426b733819261ef22768a2e825e5cbb637da90f83a2c3e4a1eb0fd4de38f3,26093399,1790808731,0x35376dd47c061bc3b8c8e8d61987019e7ed58f06,0x3,164,156,8,75594,21752,53842,752,1078559070,78559070,1,131072,4810768,81532594337580,630556983296,82163151320876,5938594337580,75594000000000,2685.38,0.220639283294054
0x4fc7d3cfe6e544ae8a9edbaccf27d4f1b8c067b2951fc7347178b55a17bf5eb5,26093429,None,0x35376dd47c061bc3b8c8e8d61987019e7ed58f06,0x3,164,156,8,75594,21752,53842,752,1069700331,None,1,131072,3758698,80862926821614,492660064256,81355586885870,None,None,None,None
0xa9c6802016495aa7a99535161bfa5e7bce6ee0b65f8421db15a8feacd9f4fb2f,26093460,1790809475,0x5f62d006c10c009ff50c878cd6157ac861c99990,0x3,164,156,8,75594,21752,53842,752,1090754715,90754715,1,131072,4994048,82454511925710,654579859456,83109091785166,6860511925710,75594000000000,2684.11,0.22307394435148192
0x9e3d774a3ab765d47a5e4bb7e8536e802bce4e921a3808f920b4980780cf221b,26093492,1790809859,0x5f62d006c10c009ff50c878cd6157ac861c99990,0x3,164,156,8,75594,21752,53842,752,1080280602,80280602,1,131072,4919908,81662731827588,644862181376,82307594008964,6068731827588,75594000000000,2684.11,0.22092263615540036
0x7e075507866a69d4b6eafdefe55ad81bc76d36003799dcf6eb2d10b65a5a9826,26093524,1790810243,0x5f62d006c10c009ff50c878cd6157ac861c99990,0x3,164,156,8,75594,21752,53842,752,1081053398,81053398,1,131072,4668982,81721150568412,611972808704,82333123377116,6127150568412,75594000000000,2684.11,0.22099115978775086
0xf3a3962845536845cc18d66e5aa45c44d309b3411068e60578dda60e473feb68,26093556,1790810627,0x35376dd47c061bc3b8c8e8d61987019e7ed58f06,0x3,164,156,8,75594,21752,53842,752,1099355139,99355139,1,131072,5381826,83104652377566,705406697472,83810059075038,7510652377566,75594000000000,2684.11,0.22495541766390026
0x885cf52466b0eeb049a8eb677ff1a961726e4bc15e919f265662af002f387844,26093588,1790811011,0x5f62d006c10c009ff50c878cd6157ac861c99990,0x3,164,156,8,75594,21752,53842,752,1084782497,84782497,1,131072,5164956,82003048078218,676981112832,82680029191050,6409048078218,75594000000000,2684.11,0.22192229315198922
0x4e54ce5f26ed8ed8f1e2e0b4ae667f16f069cb7a8f6df141affb165af3a6d8e2,26093620,1790811395,0x5f62d006c10c009ff50c878cd6157ac861c99990,0x3,164,156,8,75594,21752,53842,752,1070531498,70531498,1,131072,4096239,80925758059812,536902238208,81462660298020,5331758059812,75594000000000,2684.11,0.21865474113251845
0xf6f4c0111b51c3d3cb7585fefa7994e319063fe0dd41948713a4b889be80e009,26093651,1790811767,0x5f62d006c10c009ff50c878cd6157ac861c99990,0x3,164,156,8,75594,21752,53842,752,1073307746,73307746,1,131072,4096235,81135625751124,536901713920,81672527465044,5541625751124,75594000000000,2684.11,0.21921804769419925
0x9e4ba95c94329654f8b2fa33bdf26bece8913e4b5c0fe0f047db10c435ebc872,26093684,1790812163,0x35376dd47c061bc3b8c8e8d61987019e7ed58f06,0x3,164,156,8,75594,21752,53842,752,1065128177,65128177,1,131072,3716751,80517299412138,487161987072,81004461399210,4923299412138,75594000000000,2684.11,0.21742488488623357
0x0d6f79a9ef89839df1403793ed04019cf4674d55ebf3c4d4576c01ca259342e8,26093716,1790812547,0x5f62d006c10c009ff50c878cd6157ac861c99990,0x3,164,156,8,75594,21752,53842,752,1072149295,72149295,1,131072,3829608,81048053806230,501954379776,81550008186006,5454053806230,75594000000000,2684.11,0.21888919247214056
0x6e7284d165b64653a28cd2a470952e4bddff3edf04461c0faf85ffa4745f6023,26093748,1790812931,0x35376dd47c061bc3b8c8e8d61987019e7ed58f06,0x3,164,156,8,75594,21752,53842,752,1102881642,102881642,1,131072,4721630,83371234845348,618873487360,83990108332708,7777234845348,75594000000000,2682.91,0.2253379015469056
0x479885ac3de2fb25b36839bd6fcc4de665270a68fdfbf37e4f91d1a042057df4,26093780,1790813315,0x35376dd47c061bc3b8c8e8d61987019e7ed58f06,0x3,164,156,8,75594,21752,53842,752,1096627311,96627311,1,131072,5483366,82898444947734,718715748352,83617160696086,7304444947734,75594000000000,2682.91,0.22433731660313608
0x324ce3ed3cd0d5b7778056e300b51d5f4b276bbd4f632b49dd28e84d4221931c,26093812,1790813699,0x35376dd47c061bc3b8c8e8d61987019e7ed58f06,0x3,164,156,8,75594,21752,53842,752,1102940507,102940507,1,131072,5442509,83375684686158,713360539648,84089045225806,7781684686158,75594000000000,2682.91,0.22560334032676715
0x0975c079a992a5cab45d5b2366264f41a3cbb5d928a249b7d5c56b3e555c7f78,26093844,1790814083,0x5f62d006c10c009ff50c878cd6157ac861c99990,0x3,164,156,8,75594,21752,53842,752,1107019775,107019775,1,131072,6273452,83684052871350,822273900544,84506326771894,8090052871350,75594000000000,2682.91,0.22672286915958212
0xe638fb20ebfb87860f823879d4a1b73b16090a282399ba2218a407b848f39fac,26093876,1790814467,0x35376dd47c061bc3b8c8e8d61987019e7ed58f06,0x3,164,156,8,75594,21752,53842,752,1115200815,115200815,1,131072,6439816,84302490409110,844079562752,85146569971862,8708490409110,75594000000000,2682.91,0.22844058404320827
0xdd09186f6269a7070caf137c035b8e64ec45cdf221402a54d817a4534ec5ec18,26093906,1790814839,0x35376dd47c061bc3b8c8e8d61987019e7ed58f06,0x3,164,156,8,75594,21752,53842,752,1134728186,134728186,1,131072,7395321,85778642492484,969319514112,86747962006596,10184642492484,75594000000000,2682.91,0.23273697474711644
0xe3bdbbc9d314bf5e9df00d0c85335ff91c4518a0ea58ea60686141b11caf7db3,26093939,1790815235,0x5f62d006c10c009ff50c878cd6157ac861c99990,0x3,164,156,8,75594,21752,53842,752,1117587016,117587016,1,131072,6760570,84482872887504,886121431040,85368994318544,8888872887504,75594000000000,2682.91,0.22903732854716488
0x739959abe95d746b523bc6d7093a9607bc1ea36eb38c6d9fc0728298d12d47c9,26093971,1790815619,0x35376dd47c061bc3b8c8e8d61987019e7ed58f06,0x3,164,156,8,75594,21752,53842,752,1111040679,111040679,1,131072,6134257,83988009088326,804029333504,84792038421830,8394009088326,75594000000000,2682.91,0.22748940780231192
0xa90977d930f59f18a0076e71e1a0d66727e8c5837c9313076b78da5ca24a4d04,26094003,1790816003,0x35376dd47c061bc3b8c8e8d61987019e7ed58f06,0x3,164,156,8,75594,21752,53842,752,1071806740,71806740,1,131072,3887293,81022158703560,509515268096,81531673971656,5428158703560,75594000000000,2682.91,0.21874214341529558
0xf7cb73ade967d1ba5df98c19f175b1fcc43b17e6101a661fea0f907acfac4c8e,26094035,1790816387,0x35376dd47c061bc3b8c8e8d61987019e7ed58f06,0x3,164,156,8,75594,21752,53842,752,1072815358,72815358,1,131072,4035393,81098404172652,528927031296,81627331203948,5504404172652,75594000000000,2682.91,0.21899878316038413
0x3458ca92a6490837a8424de97db7003b4e0782a00fe62897029bf8a382619426,26094068,1790816783,0x35376dd47c061bc3b8c8e8d61987019e7ed58f06,0x3,164,156,8,75594,21752,53842,752,1075657653,75657653,1,131072,4381382,81313264620882,574276501504,81887541122386,5719264620882,75594000000000,2688.15,0.22012599366814195
0xb22068d1ac14b54e4942d67eb1a5e003a63e747c552a0e728dabdbe95ae195da,26094100,None,0x35376dd47c061bc3b8c8e8d61987019e7ed58f06,0x3,164,156,8,75594,21752,53842,752,1081051954,None,1,131072,4757035,81721041410676,623514091520,82344555502196,None,None,None,None
0xa2b7b565529bd9b7502abfe4859a79b85900002f3daf6a1bc91bd01e7bd2b2a7,26094133,1790817563,0x35376dd47c061bc3b8c8e8d61987019e7ed58f06,0x3,164,156,8,75594,21752,53842,752,1068500088,68500088,1,131072,3945858,80772195652272,517191499776,81289387152048,5178195652272,75594000000000,2688.15,0.21851806607277782
0xc11399dc2502c17cacaf1010956e71e9f94779353be05c6e086229df57cf0d95,26094163,1790817923,0x35376dd47c061bc3b8c8e8d61987019e7ed58f06,0x3,164,156,8,75594,21752,53842,752,1094803583,94803583,1,131072,4668918,82760582053302,611964420096,83372546473398,7166582053302,75594000000000,2688.15,0.22411791080246485
0x67218bccf672ac7b1474ea98397944dcce290d20d739442bc0516ea19884ce65,26094195,1790818307,0x5f62d006c10c009ff50c878cd6157ac861c99990,0x3,164,156,8,75594,21752,53842,752,1113354133,113354133,1,131072,6785860,84162892330002,889436241920,85052328571922,8568892330002,75594000000000,2688.15,0.22863341705061213
0x38f6d748166986075523f7ae8c74b5c799ee607c2fc934cf5cb19757e6cbbc17,26094227,1790818691,0x5f62d006c10c009ff50c878cd6157ac861c99990,0x3,164,156,8,75594,21752,53842,752,1084555207,84555207,1,131072,5381749,81985866317958,705396604928,82691262922886,6391866317958,75594000000000,2688.15,0.22228651842615602
0xc173300e9b1566c2159dfff843b73fad2078d28f7866bfcb61028e93e1f88120,26094259,1790819075,0x5f62d006c10c009ff50c878cd6157ac861c99990,0x3,164,156,8,75594,21752,53842,752,1081365462,81365462,1,131072,4300211,81744740734428,563637256192,82308377990620,6150740734428,75594000000000,2688.15,0.22125726629548517
0x5d0ad37604fa9cb7cca5961b3744ffd76f5aece25da9b532a59c91ea33842e0c,26094291,1790819459,0x5f62d006c10c009ff50c878cd6157ac861c99990,0x3,164,156,8,75594,21752,53842,752,1102177230,102177230,1,131072,5692211,83317985524620,746089480192,84064075004812,7723985524620,75594000000000,2688.15,0.22597684322418538
0x79e19c6e882f899853d79eb1c029267231669d8a4f853df80492ad6a1a39eeb0,26094322,1790819831,0x35376dd47c061bc3b8c8e8d61987019e7ed58f06,0x3,164,156,8,75594,21752,53842,752,1112363444,112363444,1,131072,5975734,84088002185736,783251406848,84871253592584,8494002185736,75594000000000,2688.15,0.2281466603449047
0x9f53aad91133ef1581eca76918b69a6f29fa50d565152fba7550e38631af32c1,26094355,1790820227,0x5f62d006c10c009ff50c878cd6157ac861c99990,0x3,164,156,8,75594,21752,53842,752,1098618630,98618630,1,131072,5545148,83048976716220,726813638656,83775790354876,7454976716220,75594000000000,2685.4,0.22497150741898403
0xe9cf92280a2efb3a9422e6886e6360c127c68d43e03bff0150116868caf1c907,26094387,1790820611,0x35376dd47c061bc3b8c8e8d61987019e7ed58f06,0x3,164,156,8,75594,21752,53842,752,1116133599,116133599,1,131072,6020582,84373003282806,789129723904,85162133006710,8779003282806,75594000000000,2685.4,0.22869439197621905
0x70a2a15fc2c21f4acfc3651c2d1e6df3baa1821ed1fa34faf32582f862a3db43,26094419,1790820995,0x5f62d006c10c009ff50c878cd6157ac861c99990,0x3,164,156,8,75594,21752,53842,752,1125190817,125190817,1,131072,7619794,85057674620298,998741639168,86056416259466,9463674620298,75594000000000,2685.4,0.23109590022317
0x94a769d6c15db0f99def4558a76deb4857526a15c7d78d494f803ce0a3686b54,26094451,1790821379,0x5f62d006c10c009ff50c878cd6157ac861c99990,0x3,164,156,8,75594,21752,53842,752,1139108232,139108232,1,131072,8059374,86109747689808,1056358268928,87166105958736,10515747689808,75594000000000,2685.4,0.2340758609415897
0x7064a2a3243bf401f74a216000efba9986d8c41fc5c6b912f0ff66f160987fbd,26094483,1790821763,0x35376dd47c061bc3b8c8e8d61987019e7ed58f06,0x3,164,156,8,75594,21752,53842,752,1142231901,142231901,1,131072,8211461,86345878324194,1076292616192,87422170940386,10751878324194,75594000000000,2685.4,0.23476349784331257
0x464c9448a05196cd2cdfd04971d75e6828d6f49ddae53fd1189840785da0938a,26094515,1790822147,0x35376dd47c061bc3b8c8e8d61987019e7ed58f06,0x3,164,156,8,75594,21752,53842,752,1177648436,177648436,1,131072,10200128,89023155870984,1336951177216,90360107048200,13429155870984,75594000000000,2685.4,0.2426530314672363
0x0a57700ad3867032b44b477369d06dac3ad489be2a03ddb37b0221ad451ac8e8,26094547,1790822531,0x5f62d006c10c009ff50c878cd6157ac861c99990,0x3,164,156,8,75594,21752,53842,752,1138741774,138741774,1,131072,7734594,86082045663756,1013788704768,87095834368524,10488045663756,75594000000000,2685.4,0.23388715361323434
0xd033eb64ba6528acad82fc20f9a6df0378d9ffa41b41049e57016f89de363b71,26094579,1790822915,0x5f62d006c10c009ff50c878cd6157ac861c99990,0x3,164,156,8,75594,21752,53842,752,1096806126,96806126,1,131072,5799597,82911962288844,760164777984,83672127066828,7317962288844,75594000000000,2685.4,0.22469313002525992
0x81654475328bf3e13d37ae25f420c37dc868d7947373beb8e89f16b771bc4f45,26094611,1790823299,0x35376dd47c061bc3b8c8e8d61987019e7ed58f06,0x3,164,156,8,75594,21752,53842,752,1091808859,91808859,1,131072,5301810,82534198887246,694918840320,83229117727566,6940198887246,75594000000000,2685.4,0.22350347274560575
0xd3a7a2edd3caebf9459f6e97b0270ec32b5fc4738d3504df6bca93865ea0a281,26094643,1790823683,0x35376dd47c061bc3b8c8e8d61987019e7ed58f06,0x3,164,156,8,75594,21752,53842,752,1116806861,116806861,1,131072,5931174,84423897850434,777410838528,85201308688962,8829897850434,75594000000000,2694.0,0.22953232560806364
0xca2114b18c01471caa489eea1afbfa124cfc9f2708e286ed691faf72e60a35d0,26094675,1790824067,0x35376dd47c061bc3b8c8e8d61987019e7ed58f06,0x3,164,156,8,75594,21752,53842,752,1119900403,119900403,1,131072,7070711,84657751064382,926772232192,85584523296574,9063751064382,75594000000000,2694.0,0.23056470576097035
0x704d87bafd01dd79b0f32955a5ce1a1af372649c0a3689cd248e7c4e57b47a1c,26094708,1790824463,0x35376dd47c061bc3b8c8e8d61987019e7ed58f06,0x3,164,156,8,75594,21752,53842,752,1094915647,94915647,1,131072,6088455,82769053419318,798025973760,83567079393078,7175053419318,75594000000000,2694.0,0.22512971188495215
0xd26c38728abc5cb8326699657949b272c4be0a4e86c33d1fdfa7d306bbefd2a4,26094740,1790824847,0x35376dd47c061bc3b8c8e8d61987019e7ed58f06,0x3,164,156,8,75594,21752,53842,752,1109659487,109659487,1,131072,6862324,83883599260278,899458531328,84783057791606,8289599260278,75594000000000,2694.0,0.22840555769058657
0x840d020c938f699234a258153610f0bad3615804ad2fdb46b8115c0c35b8fe31,26094772,1790825231,0x35376dd47c061bc3b8c8e8d61987019e7ed58f06,0x3,164,156,8,75594,21752,53842,752,1112773575,112773575,1,131072,6020531,84119005628550,789123039232,84908128667782,8525005628550,75594000000000,2694.0,0.2287424986310047
0x8f4c618457c9b0972a385c60b12fabcb971d479d5b70055a1b3002be1b00a658,26094803,1790825603,0x35376dd47c061bc3b8c8e8d61987019e7ed58f06,0x3,164,156,8,75594,21752,53842,752,1117085151,117085151,1,131072,7204124,84444934904694,944258940928,85389193845622,8850934904694,75594000000000,2694.0,0.23003848822010567
0x40d857178086f55d5aec255ac06abe7e88d45a2378c7d494cb7ac4de699582b9,26094835,None,0x5f62d006c10c009ff50c878cd6157ac861c99990,0x3,164,156,8,75594,21752,53842,752,1111959415,None,1,131072,5381675,84057460017510,705386905600,84762846923110,None,None,None,None
0xab98bfa176040c675a36f884a75629afa9e7663f7610d122a2d705ddf6fd61bd,26094867,1790826371,0x5f62d006c10c009ff50c878cd6157ac861c99990,0x3,164,156,8,75594,21752,53842,752,1104435683,104435683,1,131072,7123753,83488711020702,933724553216,84422435573918,7894711020702,75594000000000,2694.0,0.22743404143613508
0xbfd20f7f2fddf0767093482f861d0bf5c705b0c4411b642bf0c120500e8cbdfc,26094898,1790826755,0x5f62d006c10c009ff50c878cd6157ac861c99990,0x3,164,156,8,75594,21752,53842,752,1115983169,115983169,1,131072,5975659,84361631677386,783241576448,85144873253834,8767631677386,75594000000000,2694.0,0.2293802885458288
0xe86f2e5ebab08906461f8d006e37bd8707bc32d3396aa44e962e97c5710e5c43,26094931,1790827151,0x5f62d006c10c009ff50c878cd6157ac861c99990,0x3,164,156,8,75594,21752,53842,752,1128008573,128008573,1,131072,7478574,85270680067362,980231651328,86250911718690,9676680067362,75594000000000,2694.0,0.23235995617015087
0xe71695dd2b6009071bd4e37fd5f0739ea28bc3a3caec96b332ca47f695e5d9ae,26094961,1790827511,0x5f62d006c10c009ff50c878cd6157ac861c99990,0x3,164,156,8,75594,21752,53842,752,1159788559,159788559,1,131072,10124032,87673056329046,1326977122304,89000033451350,12079056329046,75594000000000,2705.25,0.2407673404942646
0x2c96122221ea48fa5a9744a500ad8d9ebea6e67e5ff09ba4a75efc113a0da4bf,26094994,1790827907,0x35376dd47c061bc3b8c8e8d61987019e7ed58f06,0x3,164,156,8,75594,21752,53842,752,1132657635,132657635,1,131072,8273003,85622121260190,1084359049216,86706480309406,10028121260190,75594000000000,2705.25,0.23456270585702058
0x22655e229542cffdf3934669f2ba93aa45291039233590394e8a71a1fc041ca4,26095026,None,0x5f62d006c10c009ff50c878cd6157ac861c99990,0x3,164,156,8,75594,21752,53842,752,1094920611,None,1,131072,5670874,82769428667934,743292796928,83512721464862,None,None,None,None
0xed934cac02bc94ed4d7faf5223b1fd72c1b7d31159ff3ba10fcc1696ea9235ac,26095058,1790828675,0x35376dd47c061bc3b8c8e8d61987019e7ed58f06,0x3,164,156,8,75594,21752,53842,752,1109438450,109438450,1,131072,6862275,83866890189300,899452108800,84766342298100,8272890189300,75594000000000,2705.25,0.22931414750193502
0x1b85d2d6cfe14515ee3e657a08421c8688c3504d7bdadc8ab1c115e853321b87,26095090,1790829059,0x35376dd47c061bc3b8c8e8d61987019e7ed58f06,0x3,164,156,8,75594,21752,53842,752,1119016160,119016160,1,131072,6512283,84590907599040,853577957376,85444485556416,8996907599040,75594000000000,2705.25,0.2311486945514944
0xbd13470721e34348c0f338eadf9f0402fcde41e2addcabce4f87c386c5085181,26095122,1790829443,0x5f62d006c10c009ff50c878cd6157ac861c99990,0x3,164,156,8,75594,21752,53842,752,1120457830,120457830,1,131072,7123710,84699889201020,933718917120,85633608118140,9105889201020,75594000000000,2705.25,0.23166031836159826
0xb9f1dd1f4f3c16646e0ed84871188b0eb357c51ffda1a93a20c41b4550ce5249,26095154,1790829827,0x5f62d006c10c009ff50c878cd6157ac861c99990,0x3,164,156,8,75594,21752,53842,752,1107305996,107305996,1,131072,6134094,83705689461624,804007968768,84509697430392,8111689461624,75594000000000,2705.25,0.22861985897356796
0xf900f3dd82e2f1cb0f09dceb091f670e24c289eb5a45a8837ea18e1ebd8ab572,26095186,None,0x35376dd47c061bc3b8c8e8d61987019e7ed58f06,0x3,164,156,8,75594,21752,53842,752,1127687007,None,1,131072,7285326,85246371607158,954902249472,86201273856630,None,None,None,None
0xe456f469079d03ad7653ffb9e91218a588098b7e2704edb8112cfb9b06c51c0a,26095218,1790830595,0x35376dd47c061bc3b8c8e8d61987019e7ed58f06,0x3,164,156,8,75594,21752,53842,752,1106416302,106416302,1,131072,6320347,83638433933388,828420521984,84466854455372,8044433933388,75594000000000,2705.25,0.2285039580153951
0xa63811171a136311921ad917a24e64adeab35471cdbb50966e96ef2d86b0013d,26095249,1790830979,0x5f62d006c10c009ff50c878cd6157ac861c99990,0x3,164,156,8,75594,21752,53842,752,1109367965,109367965,1,131072,6536655,83861561946210,856772444160,84718334390370,8267561946210,75594000000000,2716.45,0.2301331194547206
0x85d6ded8486478c4d04488b0eec804a44580ca57f26243f91c7c13a96d50b565,26095281,1790831363,0x5f62d006c10c009ff50c878cd6157ac861c99990,0x3,164,156,8,75594,21752,53842,752,1093998071,93998071,1,131072,5545033,82699690179174,726798565376,83426488744550,7105690179174,75594000000000,2716.45,0.2266238853501328
0x6ffd5a563bfaa23912a8a24e9d83b386b8ff03529559c87f84ac4efed5a4bd32,26095313,1790831747,0x35376dd47c061bc3b8c8e8d61987019e7ed58f06,0x3,164,156,8,75594,21752,53842,752,1085883280,85883280,1,131072,5203526,82086260668320,682036559872,82768297228192,6492260668320,75594000000000,2716.45,0.22483594100552215
0x2f02f524c8ce1b0526a8a56bad3a2dd550c3d75cde982ba39834d48022e4fa61,26095344,1790832131,0x35376dd47c061bc3b8c8e8d61987019e7ed58f06,0x3,164,156,8,75594,21752,53842,752,1083190280,83190280,1,131072,4739147,81882686026320,621169475584,82503855501904,6288686026320,75594000000000,2716.45,0.2241175982781471
0x4990f9ac83662d0ed37e6474504ce5d3ea1d1ec63af863753d1e25a7686d333c,26095376,1790832515,0x35376dd47c061bc3b8c8e8d61987019e7ed58f06,0x3,164,156,8,75594,21752,53842,752,1062354744,62354744,1,131072,3887172,80307644517936,509499408384,80817143926320,4713644517936,75594000000000,2716.45,0.21953573061865195
0xe822b851f47688f750c729f0cbe89b235b91be8d79fc356ec40181c27d16218a,26095408,1790832899,0x5f62d006c10c009ff50c878cd6157ac861c99990,0x3,164,156,8,75594,21752,53842,752,1074384328,74384328,1,131072,3661434,81217008890832,479911477248,81696920368080,5623008890832,75594000000000,2716.45,0.2219255993338709
0x2beeecf21e770a1afcdf657a1b36f0f39ffcc30865ecd4511989f3ae0fa39b9c,26095440,1790833283,0x35376dd47c061bc3b8c8e8d61987019e7ed58f06,0x3,164,156,8,75594,21752,53842,752,1098171440,98171440,1,131072,5184090,83015171835360,679489044480,83694660879840,7421171835360,75594000000000,2716.45,0.22735236154704136
0x74ce310f1c9565bebc58f3da3f9b657d02f07b55f8eeb25e90590f3678ce1325,26095472,1790833667,0x35376dd47c061bc3b8c8e8d61987019e7ed58f06,0x3,164,156,8,75594,21752,53842,752,1093608489,93608489,1,131072,5628565,82670240117466,737747271680,83407987389146,7076240117466,75594000000000,2716.45,0.22657362734324563
0x7fe17044e1ae00ece1cc88b3c709ba5cff3c27222a4cbe7d91ff2b38884549a8,26095504,1790834051,0x35376dd47c061bc3b8c8e8d61987019e7ed58f06,0x3,164,156,8,75594,21752,53842,752,1077953217,77953217,1,131072,4497425,81486795485898,589486489600,82076281975498,5892795485898,75594000000000,2716.45,0.2229561161723415
0x6f836d0404054557b69ee13e09f4ead71f07bc009abd6e817b683aaaf6910b10,26095536,1790834435,0x35376dd47c061bc3b8c8e8d61987019e7ed58f06,0x3,164,156,8,75594,21752,53842,752,1074812923,74812923,1,131072,4300084,81249408101262,563620610048,81813028711310,5655408101262,75594000000000,2713.8,0.2220241973167531
0x4675716da9cf573e671fed4acf449f94ba6c36204a2a23f6046cf62c6119879a,26095568,1790834819,0x5f62d006c10c009ff50c878cd6157ac861c99990,0x3,164,156,8,75594,21752,53842,752,1072029023,72029023,1,131072,4157781,81038961964662,544968671232,81583930635894,5444961964662,75594000000000,2713.8,0.22140247095968915
0x00ca205124aaea498f96af9790d2eea41c41f56c555fb921abb57af1e97ff384,26095600,1790835203,0x35376dd47c061bc3b8c8e8d61987019e7ed58f06,0x3,164,156,8,75594,21752,53842,752,1081379681,81379681,1,131072,4721429,81745815605514,618847141888,82364662747402,6151815605514,75594000000000,2713.8,0.22352122176389957
0x76e1aac20cc6c545cfe3bcf03f5e95f1c9ea033e5967600b2d1f56558b3c2296,26095632,1790835587,0x5f62d006c10c009ff50c878cd6157ac861c99990,0x3,164,156,8,75594,21752,53842,752,1069547247,69547247,1,131072,3500757,80851354589718,458851221504,81310205811222,5257354589718,75594000000000,2713.8,0.22065963653049425
0x187c4636103d82111d4f2dc9bfa9eccef84e9c49eed7d0ee50a48084b27fdd3e,26095663,1790835959,0x5f62d006c10c009ff50c878cd6157ac861c99990,0x3,164,156,8,75594,21752,53842,752,1085823907,85823907,1,131072,5586604,82081772425758,732247359488,82814019785246,6487772425758,75594000000000,2713.8,0.22474068689320062
0xa56221dd3ae5089bf1c22b25d807ffc24c68ea9d48eec45db48b1711531eff0d,26095696,1790836355,0x35376dd47c061bc3b8c8e8d61987019e7ed58f06,0x3,164,156,8,75594,21752,53842,752,1087153015,87153015,1,131072,5222970,82182245015910,684585123840,82866830139750,6588245015910,75594000000000,2713.8,0.22488400363325356
0x423eb4d54fdb8f9342bd2fe9d246a0118a46548d4f2cdf7bc96f650157ccc692,26095728,1790836739,0x35376dd47c061bc3b8c8e8d61987019e7ed58f06,0x3,164,156,8,75594,21752,53842,752,1102892330,102892330,1,131072,6156989,83372042794020,807008862208,84179051656228,7778042794020,75594000000000,2713.8,0.22844511038467155
0x69821181a37b2c7ab974973cfb03e2a15430d953fdcd2c161aabc66331712edb,26095760,1790837123,0x35376dd47c061bc3b8c8e8d61987019e7ed58f06,0x3,164,156,8,75594,21752,53842,752,1071196024,71196024,1,131072,4364860,80975992238256,572110929920,81548103168176,5381992238256,75594000000000,2713.8,0.22130524237779606
0x319285c3372611ab33eeb686b947ee3c22e339fd10a707a98fa58d15d4219224,26095792,1790837507,0x5f62d006c10c009ff50c878cd6157ac861c99990,0x3,164,156,8,75594,21752,53842,752,1082120995,82120995,1,131072,4480610,81801854496030,587282513920,82389137009950,6207854496030,75594000000000,2713.8,0.22358764001760234
0xe13b1e8f65b1a3c23070bddb8771e96cde3aabf4bab7795fd13ae392d1793e7a,26095824,1790837891,0x5f62d006c10c009ff50c878cd6157ac861c99990,0x3,164,156,8,75594,21752,53842,752,1081387711,81387711,1,131072,4364853,81746422625334,572110012416,82318532637750,6152422625334,75594000000000,2713.8,0.22339603387232596
0x50061bdf45f7d6ae56ca412adfa78fee4a96ad3db5cf76bad3281a4a55ea3f7e,26095856,None,0x5f62d006c10c009ff50c878cd6157ac861c99990,0x3,164,156,8,75594,21752,53842,752,1084268935,None,1,131072,5012486,81964225872390,656996564992,82621222437382,None,None,None,None
0x4f82d3c87b4b99ee90cb956e5f4c080ecf722bd84d804b5f8ca94bbd05aba636,26095889,None,0x5f62d006c10c009ff50c878cd6157ac861c99990,0x3,164,156,8,75594,21752,53842,752,1089821846,None,1,131072,4721399,82383992626524,618843209728,83002835836252,None,None,None,None
0xd8f63fd7f89fb5275f2ce1a811f95da4dd52ff7af7af8906ae4a6ade6ea1b428,26095921,1790839055,0x5f62d006c10c009ff50c878cd6157ac861c99990,0x3,164,156,8,75594,21752,53842,752,1083968036,83968036,1,131072,4956566,81941479713384,649667018752,82591146732136,6347479713384,75594000000000,2675.69,0.22098830539970898
0xb384271ec4be0fbc5e4bb0e9989ed5121739785a68a7de613f4b76677785e52a,26095953,None,0x5f62d006c10c009ff50c878cd6157ac861c99990,0x3,164,156,8,75594,21752,53842,752,1143691753,None,1,131072,8588004,86456234376282,1125646860288,87581881236570,None,None,None,None
0x6e72a4314e0ef948d18b2f479f1dc0f2612dcc2c007e744a726ba2e77cb68055,26095986,1790839835,0x5f62d006c10c009ff50c878cd6157ac861c99990,0x3,164,156,8,75594,21752,53842,752,1153704958,153704958,1,131072,9973499,87213172595052,1307246460928,88520419055980,11619172595052,75594000000000,2675.69,0.23685320006389515
0x427f2288213f67b507968af796e6691d53f7427932f2d8b96b0466fb820e6ff1,26096018,1790840219,0x5f62d006c10c009ff50c878cd6157ac861c99990,0x3,164,156,8,75594,21752,53842,752,1127057125,127057125,1,131072,7821579,85198756307250,1025190002688,86223946309938,9604756307250,75594000000000,2675.69,0.23070855090203798
0xb2965438105c5501c4574655d86083f7d6a02552e627e2f4b53eb49f9ee64154,26096048,None,0x5f62d006c10c009ff50c878cd6157ac861c99990,0x3,164,156,8,75594,21752,53842,752,1101718725,None,1,131072,6810990,83283325297650,892730081280,84176055378930,None,None,None,None
0x33657fc893b71026846b2fc0737f362e2c50751eddec3a75f03396f1b5cb6c7a,26096079,1790840963,0x35376dd47c061bc3b8c8e8d61987019e7ed58f06,0x3,164,156,8,75594,21752,53842,752,1099541972,99541972,1,131072,5281842,83118775831368,692301594624,83811077425992,7524775831368,75594000000000,2675.69,0.22425246175795252
0xc997732dca24a94598708de3a691fbfec76515d94a570c658a59d8eb38c2fc80,26096111,1790841347,0x5f62d006c10c009ff50c878cd6157ac861c99990,0x3,164,156,8,75594,21752,53842,752,1091756332,91756332,1,131072,5691974,82530228161208,746058416128,83276286577336,6936228161208,75594000000000,2675.69,0.22282152723211218
0x59f05a4ba589d6b434b97be89b397f2aa9eceeb1b86a44c8c3427ceaccd04968,26096143,1790841731,0x5f62d006c10c009ff50c878cd6157ac861c99990,0x3,164,156,8,75594,21752,53842,752,1109492003,109492003,1,131072,7230884,83870938474782,947766427648,84818704902430,8276938474782,75594000000000,2685.68,0.2277958993823582
0x2c0bf840e632bb09ab6af4dce796c3683e65c3b7131ba2a226df3ee6e33aaee1,26096174,1790842103,0x35376dd47c061bc3b8c8e8d61987019e7ed58f06,0x3,164,156,8,75594,21752,53842,752,1104560511,104560511,1,131072,6887800,83498147268534,902797721600,84400944990134,7904147268534,75594000000000,2685.68,0.22667392994110308
0xc9dd9f303f491ab5ee467c45f98b76b0a7c8f969704b3c13d3725b3c1337123a,26096208,1790842511,0x5f62d006c10c009ff50c878cd6157ac861c99990,0x3,164,156,8,75594,21752,53842,752,1114551473,114551473,1,131072,6965495,84253404049962,912981360640,85166385410602,8659404049962,75594000000000,2685.68,0.22872965796954556
0x0d20dd3f7915ca62f5f7ecdebf50c23c19cfe51fe5450c233390a8db357584fe,26096239,1790842883,0x5f62d006c10c009ff50c878cd6157ac861c99990,0x3,164,156,8,75594,21752,53842,752,1120263842,120263842,1,131072,6512111,84685224872148,853555412992,85538780285140,9091224872148,75594000000000,2685.68,0.2297297914361948
0x65533b36a72e03047c4696187e82a21caa984efe383dfbda4225365c8e25e2ca,26096271,1790843267,0x5f62d006c10c009ff50c878cd6157ac861c99990,0x3,164,156,8,75594,21752,53842,752,1105278731,105278731,1,131072,6020324,83552440391214,789095907328,84341536298542,7958440391214,75594000000000,2685.68,0.22651437720626827
0x11ea4ca4b40ace2a5cff03451b0efb8952dc23f35a12bb38b3a3ee39ed7f5d4a,26096303,1790843651,0x5f62d006c10c009ff50c878cd6157ac861c99990,0x3,164,156,8,75594,21752,53842,752,1131407789,131407789,1,131072,7478339,85527640401666,980200849408,86507841251074,9933640401666,75594000000000,2685.68,0.2323323790911844
0x6807da5921fef2965cfec31887a124b27e0e05ebf697005c852a20331b06f7b4,26096335,1790844035,0x35376dd47c061bc3b8c8e8d61987019e7ed58f06,0x3,164,156,8,75594,21752,53842,752,1152010823,152010823,1,131072,9394248,87085106153862,1231322873856,88316429027718,11491106153862,75594000000000,2685.68,0.23718966711116166
0x3468a8c273ab4e2e0c27031ba9fd29cde6c5ed5a9c737038d24a128bcc5fcc41,26096366,1790844419,0x35376dd47c061bc3b8c8e8d61987019e7ed58f06,0x3,164,156,8,75594,21752,53842,752,1124288453,124288453,1,131072,7821520,84989461316082,1025182269440,86014643585522,9395461316082,75594000000000,2685.68,0.23100780798476472
0x413470252acabc4a31c1d96c0527b0ffbe0a0f6b9a56c690a527e5409297b227,26096398,None,0x35376dd47c061bc3b8c8e8d61987019e7ed58f06,0x3,164,156,8,75594,21752,53842,752,1101494434,None,1,131072,5734665,83266370243796,751654010880,84018024254676,None,None,None,None
0xa2e55249f1bacb654dd27abd3aca4f37bcd3f348ffdd3465d8c8366e044efff9,26096430,1790845187,0x5f62d006c10c009ff50c878cd6157ac861c99990,0x3,164,156,8,75594,21752,53842,752,1103854375,103854375,1,131072,6020302,83444767623750,789093023744,84233860647494,7850767623750,75594000000000,2685.68,0.2262251948637617
0x3b7677476f6ffcffb626ec02320cd294707933e2dc4770b7d650e4390d393386,26096462,1790845571,0x5f62d006c10c009ff50c878cd6157ac861c99990,0x3,164,156,8,75594,21752,53842,752,1088072042,88072042,1,131072,5401633,82251717942948,708002840576,82959720783524,6657717942948,75594000000000,2689.94,0.22315667132443257
0xdbab44d6c9eb1c7a57654e12c5b73683ec4d67e029e29266f7cc278e9390fcaf,26096492,1790845955,0x5f62d006c10c009ff50c878cd6157ac861c99990,0x3,164,156,8,75594,21752,53842,752,1105391642,105391642,1,131072,6249660,83560975785348,819155435520,84380131220868,7966975785348,75594000000000,2689.94,0.22697749017626165
0x0efd0a8680251f0fc95e019b9fdece64d6bd57b8d11f4ced760146aa0094423e,26096525,1790846351,0x5f62d006c10c009ff50c878cd6157ac861c99990,0x3,164,156,8,75594,21752,53842,752,1087770918,87770918,1,131072,5183960,82228954775292,679472005120,82908426780412,6634954775292,75594000000000,2689.94,0.22301869353370143
0xad12778e7c3a717f7013c07f093993b9d21a4bac861f5b1c6a64f730554953f5,26096555,1790846711,0x5f62d006c10c009ff50c878cd6157ac861c99990,0x3,164,156,8,75594,21752,53842,752,1084809217,84809217,1,131072,4901207,82005067949898,642411003904,82647478953802,6411067949898,75594000000000,2689.94,0.22231675953699018
0xd00b0d7d8095db1668772cb18e2d49c02bd1c31b59e06c838e34613fa2ab5b95,26096587,1790847095,0x35376dd47c061bc3b8c8e8d61987019e7ed58f06,0x3,164,156,8,75594,21752,53842,752,1088766553,88766553,1,131072,5586488,82304218807482,732232155136,83036450962618,6710218807482,75594000000000,2689.94,0.2233630709023847
0x9c37a87f949e3fc09331fe1ecd08e39081d10afb22bb93e3217bd6ffb02f13d1,26096620,1790847491,0x5f62d006c10c009ff50c878cd6157ac861c99990,0x3,164,156,8,75594,21752,53842,752,1104456894,104456894,1,131072,6133886,83490314445036,803980705792,84294295150828,7896314445036,75594000000000,2689.94,0.22674659629801827
0x099708853f89edf01c92cb080e79c4b599927d96ca52ed7c7d4a3a79b74afa3b,26096652,1790847875,0x35376dd47c061bc3b8c8e8d61987019e7ed58f06,0x3,164,156,8,75594,21752,53842,752,1090037353,90037353,1,131072,5183945,82400283662682,679470039040,83079753701722,6806283662682,75594000000000,2689.94,0.22347955267241007
0x5ccc870de72792b936bd177cd65b859e001fb3c25b9dd64ac4f320dc25bc2a4c,26096684,1790848259,0x35376dd47c061bc3b8c8e8d61987019e7ed58f06,0x3,164,156,8,75594,21752,53842,752,1090811193,90811193,1,131072,5012391,82458781323642,656984113152,83115765436794,6864781323642,75594000000000,2689.94,0.22357642207904968
0xab0de869122cacc8efa009b7fcb45d1db86c13bf7142dce56171e718136ecc3f,26096715,1790848631,0x35376dd47c061bc3b8c8e8d61987019e7ed58f06,0x3,164,156,8,75594,21752,53842,752,1091397871,91397871,1,131072,5381441,82503130660374,705356234752,83208486895126,6909130660374,75594000000000,2689.94,0.22382583723867525
0x9f91f5b533b062ffbbc5a764b451b0ad068f9c7fb31efb684b5ef7455d45e6cd,26096748,1790849027,0x5f62d006c10c009ff50c878cd6157ac861c99990,0x3,164,156,8,75594,21752,53842,752,1143521016,143521016,1,131072,7478260,86443327683504,980190494720,87423518178224,10849327683504,75594000000000,2700.76,0.23610994095502025
0x922394a2f6435b18d598bede42a38e45405170487508d45cd0fcd3bd49fb579a,26096780,1790849411,0x5f62d006c10c009ff50c878cd6157ac861c99990,0x3,164,156,8,75594,21752,53842,752,1145636579,145636579,1,131072,8587844,86603251552926,1125625888768,87728877441694,11009251552926,75594000000000,2700.76,0.2369346430394295
0xf5324b183388641c53a0a143ee269460574acfc287ca0f0ee47e6c512207ee14,26096812,1790849795,0x5f62d006c10c009ff50c878cd6157ac861c99990,0x3,164,156,8,75594,21752,53842,752,1099936336,99936336,1,131072,4975034,83148587383584,652087656448,83800675040032,7554587383584,75594000000000,2700.76,0.22632551112111685
0x3b9dd6c13771b9750adf0f7362be0c865f240e3b4c81f646ed5b94d7d7bec7ee,26096843,1790850167,0x5f62d006c10c009ff50c878cd6157ac861c99990,0x3,164,156,8,75594,21752,53842,752,1106380222,106380222,1,131072,6343786,83635706501868,831492718592,84467199220460,8041706501868,75594000000000,2700.76,0.22812563296664956
0x0e059a10e7843a1edaa3c5536068f7d497bccc563a1238a1ecb50deb0153e299,26096876,1790850563,0x35376dd47c061bc3b8c8e8d61987019e7ed58f06,0x3,164,156,8,75594,21752,53842,752,1093335883,93335883,1,131072,5381423,82649632739502,705353875456,83354986614958,7055632739502,75594000000000,2700.76,0.225121813650214
0x8ac950b67224a350e904aebc8ac74ec8c8ddc430b1139b699f83c404d602a453,26096907,1790850935,0x35376dd47c061bc3b8c8e8d61987019e7ed58f06,0x3,164,156,8,75594,21752,53842,752,1083933811,83933811,1,131072,4267913,81938892508734,559403892736,82498296401470,6344892508734,75594000000000,2700.76,0.22280809898923412
0xbcd6526f58b6b4cfdba238b1efeb1e449133961a25548e0a1b40ab11612ba6d3,26096940,1790851331,0x5f62d006c10c009ff50c878cd6157ac861c99990,0x3,164,156,8,75594,21752,53842,752,1083994120,83994120,1,131072,4703664,81943451507280,616518647808,82559970155088,6349451507280,75594000000000,2700.76,0.22297466499605548
0x1e3edd94c978c731f7d362bcf29e8377519ed5f0c68b41e8487f9fe947a4d587,26096972,1790851715,0x35376dd47c061bc3b8c8e8d61987019e7ed58f06,0x3,164,156,8,75594,21752,53842,752,1101706112,101706112,1,131072,5106950,83282371830528,669378150400,83951749980928,7688371830528,75594000000000,2700.76,0.2267335282784911
0x377ff08e9ed2124de690deb7e97bd6f021882329faaa723f214e8456a539758b,26097004,1790852099,0x5f62d006c10c009ff50c878cd6157ac861c99990,0x3,164,156,8,75594,21752,53842,752,1099186309,99186309,1,131072,4703658,83091889842546,616517861376,83708407703922,7497889842546,75594000000000,2700.76,0.2260763191904444
0xe4d8f60762b34ce0d946d771aaf16991e9326a8eba385c5bc80920d6c2316285,26097036,1790852483,0x35376dd47c061bc3b8c8e8d61987019e7ed58f06,0x3,164,156,8,75594,21752,53842,752,1116933885,116933885,1,131072,5997749,84433500102690,786136956928,85219637059618,8839500102690,75594000000000,2705.68,0.23057706759946722
0xa61ce2bf1aeb4d0429b1ae7eb7c53e863270fb96539910379c660d155b789a2b,26097068,1790852867,0x35376dd47c061bc3b8c8e8d61987019e7ed58f06,0x3,164,156,8,75594,21752,53842,752,1106192340,106192340,1,131072,6110930,83621503749960,800971816960,84422475566920,8027503749960,75594000000000,2705.68,0.2284202036919041
0xcc0d38926e3a7a568db6821b4d7b1e632563b79816bdbe9df93a671b03cc9d73,26097098,1790853251,0x35376dd47c061bc3b8c8e8d61987019e7ed58f06,0x3,164,156,8,75594,21752,53842,752,1158109676,158109676,1,131072,7734139,87546142847544,1013729067008,88559871914552,11952142847544,75594000000000,2705.68,0.23961467424176502
0xa8f119e7e9abe156424a15b6227a146672b4717479c2fe145cf6a494e65321d6,26097130,1790853635,0x5f62d006c10c009ff50c878cd6157ac861c99990,0x3,164,156,8,75594,21752,53842,752,1126353671,126353671,1,131072,6810821,85145579405574,892707930112,86038287335686,9551579405574,75594000000000,2705.68,0.2327920732784189
0x1f9834b78feaef3e5c41a025723459c7b7e048f7c7fec5d874b3a890b0f97ff9,26097162,1790854019,0x35376dd47c061bc3b8c8e8d61987019e7ed58f06,0x3,164,156,8,75594,21752,53842,752,1093874479,93874479,1,131072,5341292,82690347365526,700093825024,83390441190550,7096347365526,75594000000000,2705.68,0.2256278489204473
0x7f5a4e4b273096262e63866250c7b3309c402e1a48340e5036ae2e69260084fd,26097194,1790854403,0x35376dd47c061bc3b8c8e8d61987019e7ed58f06,0x3,164,156,8,75594,21752,53842,752,1078975263,78975263,1,131072,4993625,81564056031222,654524416000,82218580447222,5970056031222,75594000000000,2705.68,0.2224571687444396
0x5fada4cb3693e1439d8bf7a4ecadedccbfe44fe65811d5c230abf69fd590b5aa,26097227,1790854799,0x35376dd47c061bc3b8c8e8d61987019e7ed58f06,0x3,164,156,8,75594,21752,53842,752,1086165651,86165651,1,131072,5341283,82107606221694,700092645376,82807698867070,6513606221694,75594000000000,2705.68,0.22405113467065396
0xf6659ac47e9540e07b73d40ae26af1ae92922ad281c7d413f6b3c250ec364295,26097259,1790855183,0x35376dd47c061bc3b8c8e8d61987019e7ed58f06,0x3,164,156,8,75594,21752,53842,752,1092244810,92244810,1,131072,6296459,82567154167140,825289474048,83392443641188,6973154167140,75594000000000,2705.68,0.22563326691108954
0x457f837e0ec659d50aae5a791f19eb6b5a2affacf75ade366d6c538409e90352,26097290,1790855555,0x35376dd47c061bc3b8c8e8d61987019e7ed58f06,0x3,164,156,8,75594,21752,53842,752,1113730823,113730823,1,131072,7070280,84191367833862,926715740160,85118083574022,8597367833862,75594000000000,2705.68,0.23030229636455984
0x8534b1dc5bbb28aef2c963d94a02cab2269fc3c880451a745ec3fbafd2d17507,26097322,1790855939,0x5f62d006c10c009ff50c878cd6157ac861c99990,0x3,164,156,8,75594,21752,53842,752,1134133820,134133820,1,131072,7880052,85733711989080,1032854175744,86766566164824,10139711989080,75594000000000,2705.68,0.23476256274084098
0x192f04c20f8689aca19f312a2132809e6085d24a965417075ca84e7f502abc26,26097354,1790856323,0x5f62d006c10c009ff50c878cd6157ac861c99990,0x3,164,156,8,75594,21752,53842,752,1162833802,162833802,1,131072,9151331,87903258428388,1199483256832,89102741685220,12309258428388,75594000000000,2692.2,0.23988240116494927
0x4893c95fa6002a7dcb98be1f6e3b985489df983197512de7047610eff235db05,26097386,1790856707,0x35376dd47c061bc3b8c8e8d61987019e7ed58f06,0x3,164,156,8,75594,21752,53842,752,1181120650,181120650,1,131072,9464530,89285634416100,1240534876160,90526169292260,13691634416100,75594000000000,2692.2,0.24371455296862235
0xd1cede7b93b3f09e51ad99aa9c72a1a45e6dc809eb16c58bcb1e1a9e32c99fdd,26097416,1790857079,0x35376dd47c061bc3b8c8e8d61987019e7ed58f06,0x3,164,156,8,75594,21752,53842,752,1162319263,162319263,1,131072,10048033,87864362367222,1317015781376,89181378148598,12270362367222,75594000000000,2692.2,0.24009410625165553
0xfa8220182e50ab7aa9e350a4d23268574bf34f9e3794e7d8c8dee2e6a70c8bd4,26097449,None,0x5f62d006c10c009ff50c878cd6157ac861c99990,0x3,164,156,8,75594,21752,53842,752,1175520488,None,1,131072,10509146,88862295769872,1377454784512,90239750554384,None,None,None,None
0xa2d8315921f77ce0c9dc13fb53b9311ce629b84ac1c1b61829c232ba773e199a,26097480,1790857859,0x5f62d006c10c009ff50c878cd6157ac861c99990,0x3,164,156,8,75594,21752,53842,752,1188310848,188310848,1,131072,10199433,89829170243712,1336860082176,91166030325888,14235170243712,75594000000000,2692.2,0.24543718684335566
0x1cdc127153d3d3c8513859dd911c684750c23bfd549927ea1cd2215bd32fe126,26097512,1790858243,0x35376dd47c061bc3b8c8e8d61987019e7ed58f06,0x3,164,156,8,75594,21752,53842,752,1159048878,159048878,1,131072,9015448,87617140883532,1181672800256,88798813683788,12023140883532,75594000000000,2692.2,0.23906416619949405
0xa17d77e8afc85becc86cc34f35c4a2185197fb942c21b69255d75279b84ec430,26097543,1790858615,0x5f62d006c10c009ff50c878cd6157ac861c99990,0x3,164,156,8,75594,21752,53842,752,1157583031,157583031,1,131072,9499950,87506331645414,1245177446400,88751509091814,11912331645414,75594000000000,2692.2,0.23893681277698162
0x53473b1797dec4bffc1025a18aa24c411addd978767d2e339440c801447013ed,26097576,1790859011,0x35376dd47c061bc3b8c8e8d61987019e7ed58f06,0x3,164,156,8,75594,21752,53842,752,1124694616,124694616,1,131072,7909525,85020164801904,1036717260800,86056882062704,9426164801904,75594000000000,2692.2,0.2316823378892117
0xdb60c29f1e4f7960316908c2a4429c13a8896a7c11d5e6ac45873ccbec011bfa,26097608,1790859395,0x5f62d006c10c009ff50c878cd6157ac861c99990,0x3,164,156,8,75594,21752,53842,752,1180055906,180055906,1,131072,10047987,89205146158164,1317009752064,90522155910228,13611146158164,75594000000000,2692.2,0.24370374814151582
0x06a3bc6e74c75825c40b72f9cecd111222c123da2f227045ac16019fae63e492,26097640,1790859779,0x5f62d006c10c009ff50c878cd6157ac861c99990,0x3,164,156,8,75594,21752,53842,752,1234896302,234896302,1,131072,13103122,93350751053388,1717452406784,95068203460172,17756751053388,75594000000000,2696.88,0.25638753654766866
0x13a084d97a8996c1de280ac51bd654e81bdcc7f02e5706e488a1a466ef7de2ff,26097672,1790860163,0x35376dd47c061bc3b8c8e8d61987019e7ed58f06,0x3,164,156,8,75594,21752,53842,752,1279835498,279835498,1,131072,16708112,96747884635812,2189965656064,98937850291876,21153884635812,75594000000000,2696.88,0.26682350969515456
0x53fb66d20efd66a2266b6589fce2ba6b6848c6629c78926797098d6d08154325,26097704,1790860547,0x5f62d006c10c009ff50c878cd6157ac861c99990,0x3,164,156,8,75594,21752,53842,752,1277107953,277107953,1,131072,15855961,96541698599082,2078272520192,98619971119274,20947698599082,75594000000000,2696.88,0.2659662277121477
0xca3ac4c7fb80de3cbb09cf66cc3e3e3dd33220688ac2aaaadd8b2f6c6032fbb3,26097735,1790860931,0x35376dd47c061bc3b8c8e8d61987019e7ed58f06,0x3,164,156,8,75594,21752,53842,752,1231282065,231282065,1,131072,13653271,93077536421610,1789561536512,94867097958122,17483536421610,75594000000000,2696.88,0.25584517914130006
0x3cfd1c834906ab4042e59588a2b38d47957aa0a0eb153c0d23b6ef9bddc2e968,26097765,1790861303,0x35376dd47c061bc3b8c8e8d61987019e7ed58f06,0x3,164,156,8,75594,21752,53842,752,1235650155,235650155,1,131072,14549313,93407737817070,1907007553536,95314745370606,17813737817070,75594000000000,2696.88,0.2570524304950799
0xa40270795f210a3e6a52f923cc4ff01a1eeedd7baffef62764b7a2b43b28dd4a,26097798,1790861699,0x5f62d006c10c009ff50c878cd6157ac861c99990,0x3,164,156,8,75594,21752,53842,752,1268668583,268668583,1,131072,16521686,95903732863302,2165530427392,98069263290694,20309732863302,75594000000000,2696.88,0.26448103478340684
0x2f5bcbab319ae62d4ba5b4920f2d861257c80c4a3bb9ad356d15b63249a09738,26097830,1790862083,0x35376dd47c061bc3b8c8e8d61987019e7ed58f06,0x3,164,156,8,75594,21752,53842,752,1295097394,295097394,1,131072,17215392,97901592402036,2256455860224,100158048262260,22307592402036,75594000000000,2696.88,0.27011423719752375
0xf8f1c06ea91621db51236ec28483894204e846999e771003b87d42e3ea30b6b5,26097862,None,0x35376dd47c061bc3b8c8e8d61987019e7ed58f06,0x3,164,156,8,75594,21752,53842,752,1395734652,None,1,131072,23833891,105509165283288,3123955761152,108633121044440,None,None,None,None
0x75342b80c4fb517cb754f409a7fd566ca1cd012d5399f4e30248a04875239f44,26097894,1790862851,0x35376dd47c061bc3b8c8e8d61987019e7ed58f06,0x3,164,156,8,75594,21752,53842,752,1424245502,424245502,1,131072,23218135,107664414478188,3043247390720,110707661868908,32070414478188,75594000000000,2696.88,0.2985652791410206
0xcec0231bed5e15dd456abe1042dddcc777cc846d1a06db7e33521846261314bc,26097927,1790863247,0x35376dd47c061bc3b8c8e8d61987019e7ed58f06,0x3,164,156,8,75594,21752,53842,752,1407696777,407696777,1,131072,23567996,106413430160538,3089104371712,109502534532250,30819430160538,75594000000000,2688.44,0.2943909939378822
0x8d62e332de557b69ee0b582f68ecc5291d26d9afa3fe8d7bc41059e4ff1be76b,26097959,1790863631,0x35376dd47c061bc3b8c8e8d61987019e7ed58f06,0x3,164,156,8,75594,21752,53842,752,1467585960,467585960,1,131072,28096045,110940693060240,3682604810240,114623297870480,35346693060240,75594000000000,2688.44,0.3081578589269132
0x34615e1aef84c9442dc87dbee14d274a9cbf74bbbae3bb61571e3a966b803e3d,26097991,1790864015,0x35376dd47c061bc3b8c8e8d61987019e7ed58f06,0x3,164,156,8,75594,21752,53842,752,1497009423,497009423,1,131072,28201271,113164930322262,3696396992512,116861327314774,37570930322262,75594000000000,2688.44,0.31417466680613104
0x086c835aaab0b664cdaf63aedf22c31699798e74c187533a78f8f163ee7ce78b,26098021,1790864375,0x35376dd47c061bc3b8c8e8d61987019e7ed58f06,0x3,164,156,8,75594,21752,53842,752,1481950297,481950297,1,131072,28733455,112026550751418,3766151413760,115792702165178,36432550751418,75594000000000,2688.44,0.31130173220895113
0x3e92dc72909fb57cd2daabfc6286aba6b52e2dc2a298790c1d736a12a47c408b,26098054,None,0x5f62d006c10c009ff50c878cd6157ac861c99990,0x3,164,156,8,75594,21752,53842,752,1519855339,None,1,131072,30052062,114891944496366,3938983870464,118830928366830,None,None,None,None
0xdd968802b1dc737345a3c8e99a39f7b92ce51639725669d6c5f8131b35f438a4,26098086,1790865155,0x5f62d006c10c009ff50c878cd6157ac861c99990,0x3,164,156,8,75594,21752,53842,752,1477166383,477166383,1,131072,28201218,111664915556502,3696390045696,115361305602198,36070915556502,75594000000000,2688.44,0.3101419484331732
0x1ce180424fbd3fc87be1263f8c06c6dd0fa4bd0acf1ffad9d1ce706c5cbfb1a5,26098118,1790865539,0x5f62d006c10c009ff50c878cd6157ac861c99990,0x3,164,156,8,75594,21752,53842,752,1620476420,620476420,1,131072,34253879,122498294493480,4489724428288,126988018921768,46904294493480,75594000000000,2688.44,0.341399669590038
0x03469f582e08ddc455405d597c3b0ea9799742b0a82a2e5895a900c91f8d084d,26098149,1790865923,0x35376dd47c061bc3b8c8e8d61987019e7ed58f06,0x3,164,156,8,75594,21752,53842,752,1759553460,759553460,1,131072,43190736,133011684255240,5661096148992,138672780404232,57417684255240,75594000000000,2688.44,0.37281344974995345
0x211604b656dceb4c8c03981fe97989186555ffd152d5cedaee09176e0e9b8ed7,26098181,None,0x35376dd47c061bc3b8c8e8d61987019e7ed58f06,0x3,164,156,8,75594,21752,53842,752,1752463221,None,1,131072,46370749,132475704728274,6077906812928,138553611541202,None,None,None,None
0xa3eb45c245feec162563314d45969537e8d9ba6e6138962409d73dc72cdcf1f6,26098212,1790866691,0x5f62d006c10c009ff50c878cd6157ac861c99990,0x3,164,156,8,75594,21752,53842,752,1707092914,707092914,1,131072,39779965,129045981740916,5214039572480,134260021313396,53451981740916,75594000000000,2688.44,0.3609500116997864
0x149f3b9fc2893856425bfec41e3ddba942b516ab7e31a422d9c44c4a5b509ef3,26098244,1790867075,0x35376dd47c061bc3b8c8e8d61987019e7ed58f06,0x3,164,156,8,75594,21752,53842,752,1832884919,832884919,1,131072,47600425,138555102566886,6239082905600,144794185472486,62961102566886,75594000000000,2681.65,0.3882873274722921
0xe4883f4f193521d211fc778886a6ebaa41a5e10a1896b6f6146710b4f0d8a404,26098275,1790867459,0x5f62d006c10c009ff50c878cd6157ac861c99990,0x3,164,156,8,75594,21752,53842,752,1944661294,944661294,1,131072,53052195,147004725858636,6953657303040,153958383161676,71410725858636,75594000000000,2681.65,0.4128624982055084
0xd72d4fbc972d6d418a0f6821fefe70b704240a73373150df3de6e65890ab2dbf,26098307,1790867843,0x35376dd47c061bc3b8c8e8d61987019e7ed58f06,0x3,164,156,8,75594,21752,53842,752,1838950745,838950745,1,131072,47600368,139013642617530,6239075434496,145252718052026,63419642617530,75594000000000,2681.65,0.38951695136421555
0x5f38be5ce94932f6292751c40ae0003add4fcc4efb35318716c3c6dd338efa55,26098339,1790868227,0x5f62d006c10c009ff50c878cd6157ac861c99990,0x3,164,156,8,75594,21752,53842,752,1505680354,505680354,1,131072,32264548,113820400680276,4228978835456,118049379515732,38226400680276,75594000000000,2681.65,0.3165671185783627
0xd2dfe07be4fc5ddad8402ac9ca886824d21c85480572959f79ad031cda14dfff,26098371,1790868611,0x35376dd47c061bc3b8c8e8d61987019e7ed58f06,0x3,164,156,8,75594,21752,53842,752,1493190368,493190368,1,131072,27886468,112876232678592,3655135133696,116531367812288,37282232678592,75594000000000,2681.65,0.31249634249382213
0x2b188bfdf738f4e6a146b47f2c46fd24c318a88fe0561f2aa05ca167f7409277,26098403,1790868995,0x35376dd47c061bc3b8c8e8d61987019e7ed58f06,0x3,164,156,8,75594,21752,53842,752,1536823029,536823029,1,131072,31904593,116174600054226,4181798813696,120356398867922,40580600054226,75594000000000,2681.65,0.32275373702416305
0x0791228436a1db29b6ff4a3ed53c51bd989f9d242a5143444e7f6db958d3dd09,26098435,1790869379,0x5f62d006c10c009ff50c878cd6157ac861c99990,0x3,164,156,8,75594,21752,53842,752,1637169844,637169844,1,131072,38607461,123760217187336,5060357128192,128820574315528,48166217187336,75594000000000,2681.65,0.34545169311323565
0x629ed8180ef66b5df2d90026f52a1653a9f8d89b84ca1f0e7055bfa36016b8f6,26098467,1790869763,0x5f62d006c10c009ff50c878cd6157ac861c99990,0x3,164,156,8,75594,21752,53842,752,1613008986,613008986,1,131072,38607435,121933801287684,5060353720320,126994155008004,46339801287684,75594000000000,2681.65,0.34055387577721397
0x5a4f417e898fa81bb7bc76e2153c6ca16f80b9c26f15519ab0a34f1df1bdc6c8,26098499,1790870147,0x5f62d006c10c009ff50c878cd6157ac861c99990,0x3,164,156,8,75594,21752,53842,752,1542760730,542760730,1,131072,32996455,116623454623620,4324911349760,120948365973380,41029454623620,75594000000000,2681.65,0.3243411856125145
0xe3bd1f21cb0b2650f68ea10dbc4239b235fdd38dd339dfc3daa89d96938bbf5c,26098532,1790870543,0x5f62d006c10c009ff50c878cd6157ac861c99990,0x3,164,156,8,75594,21752,53842,752,4391827447,1423974103,1,131072,26862912,331995804028518,3520975601664,335516779630182,107643898342182,224351905686336,2679.37,0.8989735938377207
0x3b3016249ebaf6f98078e7af2ce4cba427d843614fb536e0647bbfcc5a55036a,26098563,1790870927,0x5f62d006c10c009ff50c878cd6157ac861c99990,0x3,164,156,8,75594,21752,53842,752,6504350079,5504350079,1,131072,60243876,491689839871926,7896285315072,499586125186998,416095839871926,75594000000000,2679.37,1.338576076242287
0x8c4d1e57165eaaa8703acbe06263a1f4adf0f242597c213fcbb25627814e03f5,26098595,1790871311,0x5f62d006c10c009ff50c878cd6157ac861c99990,0x3,164,156,8,75594,21752,53842,752,8317731780,7317731780,1,131072,140252840,628770616177320,18383220244480,647153836421800,553176616177320,75594000000000,2679.37,1.7339645746934782
0x49366790d0950ce4e542754a3dc763834c535fd4b5d7c47d40b97997591cb1e2,26098628,1790871707,0x5f62d006c10c009ff50c878cd6157ac861c99990,0x3,164,156,8,75594,21752,53842,752,9623706438,8623706438,1,131072,311028231,727494464474172,40767092293632,768261556767804,651900464474172,75594000000000,2679.37,2.0584569673569506
0xbe2f152ff2fb667b5c43f53d708290555fbcccd713ce368aadbd1451ebb824f7,26098660,1790872091,0x5f62d006c10c009ff50c878cd6157ac861c99990,0x3,164,156,8,75594,21752,53842,752,7459825951,6459825951,1,131072,362559112,563918082939894,47521347928064,611439430867958,488324082939894,75594000000000,2679.37,1.6382724678846807
0x4282741abd06fc0ff6f9a25fba3549ce8ee32155efc351a2d1a905d3991da9ce,26098692,1790872475,0x5f62d006c10c009ff50c878cd6157ac861c99990,0x3,164,156,8,75594,21752,53842,752,4981669496,3981669496,1,131072,251326009,376584323880624,32941802651648,409526126532272,300990323880624,75594000000000,2679.37,1.0972720176467736
0xc004e7fd378b4f2838609652584ad75d4298b3e71af00ab9f72f649ff7e3dfbb,26098725,1790872871,0x5f62d006c10c009ff50c878cd6157ac861c99990,0x3,164,156,8,75594,21752,53842,752,3337290849,2337290849,1,131072,135105045,252279164439306,17708488458240,269987652897546,176685164439306,75594000000000,2679.37,0.7233968175440978
0x8c7b59026475ec2d11992a029c69dd52dac593ddbb3aae1d0913716ac106aeee,26098753,1790873219,0x5f62d006c10c009ff50c878cd6157ac861c99990,0x3,164,156,8,75594,21752,53842,752,2951740578,1951740578,1,131072,129176833,223133877253332,16931465854976,240065343108308,147539877253332,75594000000000,2679.37,0.6432238783641071
0xa2c5827bda5dfa78dd3eb6eb148906bf75a5b83a7c6ae9a34d22f0102a4f605c,26098785,1790873603,0x35376dd47c061bc3b8c8e8d61987019e7ed58f06,0x3,164,156,8,75594,21752,53842,752,2132605857,1132605857,1,131072,67394985,161212207154058,8833595473920,170045802627978,85618207154058,75594000000000,2679.37,0.45561562218732543
0x01d25ce222fa92b8a3d317093a2c7511298ffe35f755ada66463971874ebd09d,26098817,1790873987,0x35376dd47c061bc3b8c8e8d61987019e7ed58f06,0x3,164,156,8,75594,21752,53842,752,2230938074,1230938074,1,131072,71282956,168645532765956,9343199608832,177988732374788,93051532765956,75594000000000,2679.37,0.4768976698630357
0xb9692ecf42219df2d8e74ab7c9885e3ba36313de9f89f4fc610c145871fb73bd,26098849,1790874371,0x35376dd47c061bc3b8c8e8d61987019e7ed58f06,0x3,164,156,8,75594,21752,53842,752,2119620847,1119620847,1,131072,67647366,160230618308118,8866675556352,169097293864470,84636618308118,75594000000000,2699.94,0.45655254759643715
0x689765f43dcbc51ad411bd612cf730b53c74b5c6644972a205fdf07660c997a9,26098882,1790874767,0x35376dd47c061bc3b8c8e8d61987019e7ed58f06,0x3,164,156,8,75594,21752,53842,752,1782485545,782485545,1,131072,45003534,134745212288730,5898703208448,140643915497178,59151212288730,75594000000000,2699.94,0.37973013320745075
0xbb0052b3a837221369062c205db6dc2fbfbe3a1e138d80697a80882b3a784107,26098912,1790875127,0x35376dd47c061bc3b8c8e8d61987019e7ed58f06,0x3,164,156,8,75594,21752,53842,752,1479529730,479529730,1,131072,28948587,111843570409620,3794349195264,115637919604884,36249570409620,75594000000000,2699.94,0.3122154446580105
0x5609a1b701aebd51cb67b9620d56ef9b2977dda4df6c92dcd9e9f0678635000c,26098945,1790875523,0x5f62d006c10c009ff50c878cd6157ac861c99990,0x3,164,156,8,75594,21752,53842,752,1447497117,447497117,1,131072,27064309,109422097062498,3547373109248,112969470171746,33828097062498,75594000000000,2699.94,0.3050107912955039
0x2e389525094cc77c0ac4bdbb568f9865b07bf58404eaa1e0d0756306435f64a6,26098978,1790875919,0x35376dd47c061bc3b8c8e8d61987019e7ed58f06,0x3,164,156,8,75594,21752,53842,752,1571903689,571903689,1,131072,34899655,118826487466266,4574367580160,123400855046426,43232487466266,75594000000000,2699.94,0.3331749045740474
0x8ff92630510c47e872f0caa4677b7e4f7e1e0d2571b5adfc9abdd6afa51ded69,26099009,1790876291,0x35376dd47c061bc3b8c8e8d61987019e7ed58f06,0x3,164,156,8,75594,21752,53842,752,1745331147,745331147,1,131072,43514115,131936562726318,5703482081280,137640044807598,56342562726318,75594000000000,2699.94,0.37161986257782614
0x7ce2217903840fbe8d7fd89c6d7ab39666649961a24da24df236258c1882396f,26099041,1790876675,0x35376dd47c061bc3b8c8e8d61987019e7ed58f06,0x3,164,156,8,75594,21752,53842,752,2297098230,1297098230,1,131072,71817628,173646843598620,9413280137216,183060123735836,98052843598620,75594000000000,2699.94,0.49425135047933305
0xdc5ce22b8166e263638452853a4bed77e582f84c6873103a1ab301b01baeb855,26099073,1790877059,0x5f62d006c10c009ff50c878cd6157ac861c99990,0x3,164,156,8,75594,21752,53842,752,2491800706,1491800706,1,131072,87558206,188365182569364,11476429176832,199841611746196,112771182569364,75594000000000,2699.94,0.5395603612180244
0xfa3fc6e309cb1027248c265636284386f36d725ac55642b8a81ff9df3e2079e1,26099105,None,0x5f62d006c10c009ff50c878cd6157ac861c99990,0x3,164,156,8,75594,21752,53842,752,2294758207,None,1,131072,77975119,173469951899958,10220354797568,183690306697526,None,None,None,None
0xbb008ce069556d27dbf55c55bc9cd6a15b7c03915026ff1846054ecd75b23fb6,26099137,1790877827,0x35376dd47c061bc3b8c8e8d61987019e7ed58f06,0x3,164,156,8,75594,21752,53842,752,2517115148,1517115148,1,131072,93304461,190278802497912,12229602312192,202508404810104,114684802497912,75594000000000,2699.17,0.5466046110112884
0x65d1dd9aab135477ccc8620d90d387502927d3d1a693779e105e1fe99ac50f84,26099169,1790878211,0x5f62d006c10c009ff50c878cd6157ac861c99990,0x3,164,156,8,75594,21752,53842,752,2262758828,1262758828,1,131072,66892267,171050990843832,8767703220224,179818694064056,95456990843832,75594000000000,2699.17,0.48536122445687807
0x7ad532da090a02a37813192ff5d9602a71fca969b182134b020bd91f86e034ba,26099200,1790878583,0x35376dd47c061bc3b8c8e8d61987019e7ed58f06,0x3,164,156,8,75594,21752,53842,752,2164626627,1164626627,1,131072,64196710,163632785241438,8414391173120,172047176414558,88038785241438,75594000000000,2699.17,0.4643845771628825
0xa04ba706be9721f12fbd0666f7407d7029cc0adb74759b0611e610c6f0fae56d,26099232,1790878979,0x5f62d006c10c009ff50c878cd6157ac861c99990,0x3,164,156,8,75594,21752,53842,752,2184434715,1184434715,1,131072,72086354,165130157845710,9448502591488,174578660437198,89536157845710,75594000000000,2699.17,0.4712174828922718
0x35d79608ae9d3c14c48e332e9e4cd60485b28dad3c7c1b6300e1cb21cd496b16,26099264,1790879363,0x35376dd47c061bc3b8c8e8d61987019e7ed58f06,0x3,164,156,8,75594,21752,53842,752,2129398773,1129398773,1,131072,61150718,160969770846162,8015146909696,168984917755858,85375770846162,75594000000000,2699.17,0.45611902045907926
0x4f27340f85670a08774cc9a8ae7f29185737c5641f7492c1d99a28d7afcd6d8d,26099296,None,0x5f62d006c10c009ff50c878cd6157ac861c99990,0x3,164,156,8,75594,21752,53842,752,2433978065,None,1,131072,81248773,183994137845610,10649439174656,194643577020266,None,None,None,None
0xca83dfe4719457fa5903f3accd4c162afe8615f7db1eca2511e39b683ee9f587,26099328,1790880131,0x35376dd47c061bc3b8c8e8d61987019e7ed58f06,0x3,164,156,8,75594,21752,53842,752,2580459973,1580459973,1,131072,84029421,195067291198962,11013904269312,206081195468274,119473291198962,75594000000000,2699.17,0.5562481803721011
0x1f1d0f1e317e2765dc9efa7b6a1ee9239cda583bb3c67a46a80a2c263432971a,26099360,1790880515,0x35376dd47c061bc3b8c8e8d61987019e7ed58f06,0x3,164,156,8,75594,21752,53842,752,2421122996,1421122996,1,131072,79743732,183022371759624,10452170440704,193474542200328,107428371759624,75594000000000,2699.17,0.5222206800708593
0x9d45517b6f8993376a0c2f8cca5a63f56edc8c78f9b174e5f358a215b8780d6d,26099392,1790880899,0x5f62d006c10c009ff50c878cd6157ac861c99990,0x3,164,156,8,75594,21752,53842,752,2729599911,1729599911,1,131072,96137035,206341375672134,12600873451520,218942249123654,130747375672134,75594000000000,2699.17,0.5909623505670931
0xf7b44dae914d724e2d2d1f1f2d1676faec5ac3d8bf98aecf58096aeca267a16f,26099424,1790881283,0x5f62d006c10c009ff50c878cd6157ac861c99990,0x3,164,156,8,75594,21752,53842,752,2625641280,1625641280,1,131072,89543989,198482726920320,11736709726208,210219436646528,122888726920320,75594000000000,2698.4,0.5672561278469912
0x2da2aaf785c6904cd05ec575e6337b9ef905ae24ac4ff2a11f4655c22862eb46,26099456,1790881667,0x35376dd47c061bc3b8c8e8d61987019e7ed58f06,0x3,164,156,8,75594,21752,53842,752,2224799630,1224799630,1,131072,73446314,168181503230220,9626755268608,177808258498828,92587503230220,75594000000000,2698.4,0.4797978047332375
0x3bc3f9b6e2c30ff662873b6510e034c7e71ee9190287842315dfa3da7e3c8709,26099488,1790882051,0x35376dd47c061bc3b8c8e8d61987019e7ed58f06,0x3,164,156,8,75594,21752,53842,752,2130326632,1130326632,1,131072,75394015,161039911419408,9882044334080,170921955753488,85445911419408,75594000000000,2698.4,0.46121580540521206
0x83bcb537860e42c665b7c5d1c4863dce26fc868f54a9230b43384d57b0df74aa,26099520,1790882435,0x5f62d006c10c009ff50c878cd6157ac861c99990,0x3,164,156,8,75594,21752,53842,752,2788159459,1788159459,1,131072,80342016,210768126143646,10530588721152,221298714864798,135174126143646,75594000000000,2698.4,0.597152452191171
0x2aeb1a539c7aaa7b80de20588a0191e925805c314974930cc50d65f04990c953,26099552,1790882819,0x5f62d006c10c009ff50c878cd6157ac861c99990,0x3,164,156,8,75594,21752,53842,752,6004541966,5004541966,1,131072,145593089,453907345377804,19083177361408,472990522739212,378313345377804,75594000000000,2698.4,1.2763176265594898
0xddd130734a2d666b75ca76d5eb35ace2a45b713e21207eb12e449666437e2acf,26099583,1790883203,0x5f62d006c10c009ff50c878cd6157ac861c99990,0x3,164,156,8,75594,21752,53842,752,5463599409,4463599409,1,131072,279059781,413015333723946,36576923615232,449592257339178,337421333723946,75594000000000,2698.4,1.213179747204038
0xe547a7f4fc890f0827211721e8da6edbc0fec991a95fc753399df8ef0c19c3d7,26099615,1790883587,0x35376dd47c061bc3b8c8e8d61987019e7ed58f06,0x3,164,156,8,75594,21752,53842,752,4460906171,3460906171,1,131072,218848805,337217741090574,28684950568960,365902691659534,261623741090574,75594000000000,2698.4,0.9873518231740865
0x29360d31b9bc8d1655cceb0a48631095e7ce18d097e44432198c8b5d3fc74374,26099646,1790883959,0x35376dd47c061bc3b8c8e8d61987019e7ed58f06,0x3,164,156,8,75594,21752,53842,752,3937355585,2937355585,1,131072,174215410,297640458092490,22834762219520,320475220312010,222046458092490,75594000000000,2698.4,0.8647703344899278
0xa6d8778fd87c48d5eae40a1709a30c17c4e84d404babeb65ede0f9270b79467b,26099679,1790884355,0x5f62d006c10c009ff50c878cd6157ac861c99990,0x3,164,156,8,75594,21752,53842,752,5022041036,4022041036,1,131072,210029676,379636170075384,27529009692672,407165179768056,304042170075384,75594000000000,2698.4,1.0986945210861223
0x98451f6fa41d26651188dbd00e2882675a6c95976e3b47e217b9cd1db2576f0e,26099711,1790884739,0x35376dd47c061bc3b8c8e8d61987019e7ed58f06,0x3,164,156,8,75594,21752,53842,752,3913251896,2913251896,1,131072,186344198,295818363826224,24424506720256,320242870546480,220224363826224,75594000000000,2698.4,0.8641433618826216
0x7fe77be7650c160703acacd9ae299461b1e6f769a9be1f83dec94ab8ec5ca7af,26099743,1790885123,0x35376dd47c061bc3b8c8e8d61987019e7ed58f06,0x3,164,156,8,75594,21752,53842,752,4250003338,3250003338,1,131072,173564774,321274752332772,22749482057728,344024234390500,245680752332772,75594000000000,2697.58,0.928032894207125
0x7e4a8aeb680ddf050adc6496d4c80004e2f8935ceba2093fa89ee3d6fa5f3b53,26099774,1790885507,0x35376dd47c061bc3b8c8e8d61987019e7ed58f06,0x3,164,156,8,75594,21752,53842,752,4216464770,3216464770,1,131072,202320849,318739437823380,26518598320128,345258036143508,243145437823380,75594000000000,2697.58,0.9313611731400042
0x25cd39da8b471311404e4c36571f1ccf231b85d2f7fd655a3100c07d69db1d26,26099807,None,0x35376dd47c061bc3b8c8e8d61987019e7ed58f06,0x3,164,156,8,75594,21752,53842,752,4605175017,None,1,131072,222145500,348123600235098,29117054976000,377240655211098,None,None,None,None
0x5b155f8116a2e2a8b603ca408e80f728672d4e4ade6890d3fdb85e1bb7f3ea95,26099838,1790886275,0x35376dd47c061bc3b8c8e8d61987019e7ed58f06,0x3,164,156,8,75594,21752,53842,752,3320133795,2320133795,1,131072,150574960,250982194099230,19736161157120,270718355256350,175388194099230,75594000000000,2697.58,0.7302844207724245
0xe6840838ca3f0c095a0c1328dd01afd4061f8d62d9b7a552b45ff45be8074c61,26099870,1790886659,0x5f62d006c10c009ff50c878cd6157ac861c99990,0x3,164,156,8,75594,21752,53842,752,2787855080,1787855080,1,131072,101681993,210745116917520,13327662186496,224072779104016,135151116917520,75594000000000,2697.58,0.6044542474554114
0x4e8c3e024ee4210f9c34f31e110a68582453dc3509bdfbd0ae1d341e7239138f,26099902,1790887043,0x35376dd47c061bc3b8c8e8d61987019e7ed58f06,0x3,164,156,8,75594,21752,53842,752,2378067858,1378067858,1,131072,80041431,179767661657652,10491190444032,190258852101684,104173661657652,75594000000000,2697.58,0.5132384742524607
0xb563a19145ba9d66d825ac8affbc496c95679d65f2e43072e5fbbd7e23f1fe2e,26099934,None,0x35376dd47c061bc3b8c8e8d61987019e7ed58f06,0x3,164,156,8,75594,21752,53842,752,2051476059,None,1,131072,57383684,155079281204046,7521394229248,162600675433294,None,None,None,None
0x340527b84642d8950ce0bd426b7aa42004e53b9d3a41cdeea57f862c1278882c,26099966,1790887811,0x5f62d006c10c009ff50c878cd6157ac861c99990,0x3,164,156,8,75594,21752,53842,752,2003282279,1003282279,1,131072,59569907,151436120598726,7807946850304,159244067449030,75842120598726,75594000000000,2697.58,0.42957361146915435
0xa20c7cf2ce017ebd59d02ee625a7950e5bb8fe6dcfda075c83a7a2ce066b6985,26099998,1790888195,0x35376dd47c061bc3b8c8e8d61987019e7ed58f06,0x3,164,156,8,75594,21752,53842,752,2004737519,1004737519,1,131072,60467531,151546128011286,7925600223232,159471728234518,75952128011286,75594000000000,2697.58,0.43018774465087106
0x3d8622fac5fe4e19558a2727610741d165fb44aaed8f825aa04d382324d4824e,26100030,1790888579,0x35376dd47c061bc3b8c8e8d61987019e7ed58f06,0x3,164,156,8,75594,21752,53842,752,1816070512,816070512,1,131072,47067517,137284034284128,6169233588224,143453267872352,61690034284128,75594000000000,2692.22,0.3862077568313035
0x65d9f1816e8e83ca43813142186e08a5b5d46e56a85ce0dc742595f5f8130f00,26100062,1790888963,0x5f62d006c10c009ff50c878cd6157ac861c99990,0x3,164,156,8,75594,21752,53842,752,1551779379,551779379,1,131072,28199939,117305210376126,3696222404608,121001432780734,41711210376126,75594000000000,2692.22,0.32576247736094766
0xa119a936a1619704f8e36daba56eface4b65084d465f58491605d21599cb43e9,26100093,1790889335,0x35376dd47c061bc3b8c8e8d61987019e7ed58f06,0x3,164,156,8,75594,21752,53842,752,1443518700,443518700,1,131072,24464712,109121352607800,3206638731264,112327991339064,33527352607800,75594000000000,2692.22,0.30241166484285487
0x55f10f8f1a96bfc977b2e91749f2e68f16d5fff55e6beae4128799827f8983be,26100126,1790889731,0x5f62d006c10c009ff50c878cd6157ac861c99990,0x3,164,156,8,75594,21752,53842,752,1412935427,412935427,1,131072,25972994,106809440668638,3404332269568,110213772938206,31215440668638,75594000000000,2692.22,0.29671972377969696
0x1fe513b8c400f859e29e5e7d9642881c8f28dd45fb2a05e869698e7483945bd4,26100158,1790890115,0x5f62d006c10c009ff50c878cd6157ac861c99990,0x3,164,156,8,75594,21752,53842,752,1371713958,371713958,1,131072,21544042,103693344941052,2823820673024,106517165614076,28099344941052,75594000000000,2692.22,0.28676764360952767
0xcae7eed7884b16e1ef19459ccf7aed42ff9d759872ef2cebe97a170822ccb042,26100189,1790890499,0x35376dd47c061bc3b8c8e8d61987019e7ed58f06,0x3,164,156,8,75594,21752,53842,752,1397508069,397508069,1,131072,22872261,105643224967986,2997912993792,108641137961778,30049224967986,75594000000000,2692.22,0.29248584444345793
0xcbb0136f8454c5afaf24c46a37ca9707c80ca9cdb36952d18425b154a6f8dfa3,26100221,1790890883,0x5f62d006c10c009ff50c878cd6157ac861c99990,0x3,164,156,8,75594,21752,53842,752,1484041598,484041598,1,131072,25491859,112184640559212,3341268942848,115525909502060,36590640559212,75594000000000,2692.22,0.3110211640796359
0x54d6277ef720acdf2a0b371c8de5ecff12a945757a7ae3c05486f8cbe747b1c6,26100253,1790891267,0x5f62d006c10c009ff50c878cd6157ac861c99990,0x3,164,156,8,75594,21752,53842,752,1403589533,403589533,1,131072,24926297,106102947157602,3267139600384,109370086757986,30508947157602,75594000000000,2692.22,0.29444833497158507
0x3ba70bc6011eca0896dd933dc322f51210f0c22250227b28f267965195e877fd,26100285,1790891651,0x5f62d006c10c009ff50c878cd6157ac861c99990,0x3,164,156,8,75594,21752,53842,752,1409706896,409706896,1,131072,22617068,106565383096224,2964464336896,109529847433120,30971383096224,75594000000000,2692.22,0.29487844585639433
0x187a8b08e1d7b2921496ae94bace80ff7828582c1c352504912324a8852a9abe,26100316,1790892023,0x5f62d006c10c009ff50c878cd6157ac861c99990,0x3,164,156,8,75594,21752,53842,752,1455773597,455773597,1,131072,26167832,110047749291618,3429870075904,113477619367522,34453749291618,75594000000000,2702.13,0.3066312796215622
0x209241d831186ffd79399a072fa2c6217f0f2b9620a79aabb2451cc8d807090c,26100348,1790892419,0x35376dd47c061bc3b8c8e8d61987019e7ed58f06,0x3,164,156,8,75594,21752,53842,752,1417966326,417966326,1,131072,25875919,107189746447644,3391608455168,110581354902812,31595746447644,75594000000000,2702.13,0.29880519652353543
0x718fe76e5f5091d568ea214216ef20bfcb35faa439821896aab06e6ec00d94d1,26100380,1790892803,0x35376dd47c061bc3b8c8e8d61987019e7ed58f06,0x3,164,156,8,75594,21752,53842,752,1337690004,337690004,1,131072,18690332,101121338162376,2449779195904,103571117358280,25527338162376,75594000000000,2702.13,0.27986262334732914
0xcd2b18dad411700b7432b04cf94144110deedbe8f5627e5ea4f56235e1b220b1,26100412,1790893187,0x5f62d006c10c009ff50c878cd6157ac861c99990,0x3,164,156,8,75594,21752,53842,752,1322520710,322520710,1,131072,16520699,99974630551740,2165401059328,102140031611068,24380630551740,75594000000000,2702.13,0.2759956436172152
0xe9343a34f114e1b19f6732784de94b90477daa577ea1c140fe9bb7a480fe30a5,26100444,1790893571,0x35376dd47c061bc3b8c8e8d61987019e7ed58f06,0x3,164,156,8,75594,21752,53842,752,1276087316,276087316,1,131072,15973978,96464544565704,2093741244416,98558285810120,20870544565704,75594000000000,2702.13,0.26631730083609956
0x8c6b98bc912960dfc7ef4d50c790b27d2c5040d526496549bbbdefdd0d6fcb08,26100476,1790893955,0x5f62d006c10c009ff50c878cd6157ac861c99990,0x3,164,156,8,75594,21752,53842,752,1203304636,203304636,1,131072,12907767,90962610653784,1691846836224,92654457490008,15368610653784,75594000000000,2702.13,0.25036438921747534
0xeb65566659633a2ddbf5afdebc93c6df171eaeca247bc939b61d361f108e0b4f,26100508,1790894339,0x5f62d006c10c009ff50c878cd6157ac861c99990,0x3,164,156,8,75594,21752,53842,752,1219192764,219192764,1,131072,12341389,92163657801816,1617610539008,93781268340824,16569657801816,75594000000000,2702.13,0.25340917862179074
0x356a5ed290a12811da0f561f27cf64dd4c14bb9d21145bc21aeda035b4617640,26100540,1790894723,0x35376dd47c061bc3b8c8e8d61987019e7ed58f06,0x3,164,156,8,75594,21752,53842,752,1202108452,202108452,1,131072,11888439,90872186320488,1558241476608,92430427797096,15278186320488,75594000000000,2702.13,0.24975903186336704
0x75ccbf97c8d665ff6cd62ced0a42d792ecdf35f68ff7f87c5e6291342716e3c9,26100572,1790895107,0x5f62d006c10c009ff50c878cd6157ac861c99990,0x3,164,156,8,75594,21752,53842,752,1155431709,155431709,1,131072,9358269,87343704610146,1226607034368,88570311644514,11749704610146,75594000000000,2702.13,0.23932849620399063
0xb591f6361fa75fa4b809b2c76b5008137fb63fc2ba13f45e1cd0ac28a6a4f5aa,26100604,1790895491,0x5f62d006c10c009ff50c878cd6157ac861c99990,0x3,164,156,8,75594,21752,53842,752,1140969943,140969943,1,131072,8271930,86250481871142,1084218408960,87334700280102,10656481871142,75594000000000,2702.13,0.23598971366787203
0xb7dbe72e80f9789b2d072a8daa1ee20f77bb2ee10b6ca4d3cf7c5051e094d7d0,26100636,1790895875,0x5f62d006c10c009ff50c878cd6157ac861c99990,0x3,164,156,8,75594,21752,53842,752,1160295228,160295228,1,131072,7561939,87711357465432,991158468608,88702515934040,12117357465432,75594000000000,2705.61,0.239994414136298
0x80bb1d35f4c50e88ac2263238842f6637ecce3db2cc05c073c8ec6a5c2438f78,26100668,1790896259,0x35376dd47c061bc3b8c8e8d61987019e7ed58f06,0x3,164,156,8,75594,21752,53842,752,1125482477,125482477,1,131072,7762471,85079722366338,1017442598912,86097164965250,9485722366338,75594000000000,2705.61,0.23294535050163007
0x1e8148d7400c6faeb27b4778097007cda2d3b2017032ec136119ff010e4151c4,26100700,1790896643,0x35376dd47c061bc3b8c8e8d61987019e7ed58f06,0x3,164,156,8,75594,21752,53842,752,1159125233,159125233,1,131072,8981139,87622912863402,1177175851008,88800088714410,12028912863402,75594000000000,2705.61,0.24025840802659484
0xa95cb6cef338e665728a15bf8a5e38178be18e36b4efe88f7c5123fdfbde585d,26100732,1790897027,0x5f62d006c10c009ff50c878cd6157ac861c99990,0x3,164,156,8,75594,21752,53842,752,1180296606,180296606,1,131072,11324323,89223341633964,1484301664256,90707643298220,13629341633964,75594000000000,2705.61,0.24541950678409702
0x388f42774354967d1c66f6639bbe851af0d895655cc43e7a387318e2aa1e345a,26100764,1790897411,0x5f62d006c10c009ff50c878cd6157ac861c99990,0x3,164,156,8,75594,21752,53842,752,1107311096,107311096,1,131072,5908199,83706074991024,774399459328,84480474450352,8112074991024,75594000000000,2705.61,0.22857121647761688
0xa8439380f67fa3c998b452393892b36b6eaed00c0358fa58ea87a0c7f9bd71d8,26100796,1790897795,0x35376dd47c061bc3b8c8e8d61987019e7ed58f06,0x3,164,156,8,75594,21752,53842,752,1140363024,140363024,1,131072,8028118,86204602436256,1052261482496,87256863918752,10610602436256,75594000000000,2705.61,0.2360830435872146
0x29116a95de22d6c4a0351c799ffa98911a4a8baf695a28b36c425e6ff35ba429,26100828,1790898179,0x35376dd47c061bc3b8c8e8d61987019e7ed58f06,0x3,164,156,8,75594,21752,53842,752,1105628741,105628741,1,131072,5648951,83578899047154,740419305472,84319318352626,7984899047154,75594000000000,2705.61,0.22813519092804846
0x3744d04b3b25f200edd06ff363d34a7e697988a6683d210909d232a6cc7a6455,26100859,1790898551,0x35376dd47c061bc3b8c8e8d61987019e7ed58f06,0x3,164,156,8,75594,21752,53842,752,1085081141,85081141,1,131072,5360842,82025623772754,702656282624,82728280055378,6431623772754,75594000000000,2705.61,0.2238304618006313
0x34d17b981a92d310da956f5791badbffcc1dfe19dff26811531a201956339cf9,26100892,1790898947,0x5f62d006c10c009ff50c878cd6157ac861c99990,0x3,164,156,8,75594,21752,53842,752,1119450971,119450971,1,131072,6560285,84623776701774,859869675520,85483646377294,9029776701774,75594000000000,2705.61,0.23128540847487042
0x9727eeadba4461b8d593607d1b4f6532b7e3e01cf3419e43768a0c09322e3550,26100924,1790899331,0x5f62d006c10c009ff50c878cd6157ac861c99990,0x3,164,156,8,75594,21752,53842,752,1110304309,110304309,1,131072,6225695,83932343934546,816014295040,84748358229586,8338343934546,75594000000000,2707.57,0.2294621122916802
0x4e78fd46b5f1bec2a6ceeedcf3e87f8c26048b9f8ddbb8e9025ec1a26516e6af,26100956,1790899715,0x5f62d006c10c009ff50c878cd6157ac861c99990,0x3,164,156,8,75594,21752,53842,752,1089687025,89687025,1,131072,5241898,82373800967850,687066054656,83060867022506,6779800967850,75594000000000,2707.57,0.2248931117241266
0x7a89f0202882bbcdd9f5fd0bf226dd7f0040bd02999170b4bc3a59122125eb1d,26100988,1790900099,0x5f62d006c10c009ff50c878cd6157ac861c99990,0x3,164,156,8,75594,21752,53842,752,1095255353,95255353,1,131072,5952514,82794733154682,780207915008,83574941069690,7200733154682,75594000000000,2707.57,0.22628500319206057
0x21cd9dfa0e74bb9aa4adc59645f1bc0ce6dffb45cae73e499458f69604664426,26101019,1790900483,0x35376dd47c061bc3b8c8e8d61987019e7ed58f06,0x3,164,156,8,75594,21752,53842,752,1177484280,177484280,1,131072,9606338,89010746662320,1259121934336,90269868596656,13416746662320,75594000000000,2707.57,0.2444119881162479
0xa4ff51be255d41462aac48a1a5cb5324868cca566f69cdb603c48d49f7311f69,26101051,1790900867,0x35376dd47c061bc3b8c8e8d61987019e7ed58f06,0x3,164,156,8,75594,21752,53842,752,1215189922,215189922,1,131072,13249885,91861066963668,1736688926720,93597755890388,16267066963668,75594000000000,2707.57,0.2534224759161378
0x765378d1ea65d9c8c444a2918874da9f7374939e90045404a51577132e16bf68,26101083,1790901251,0x35376dd47c061bc3b8c8e8d61987019e7ed58f06,0x3,164,156,8,75594,21752,53842,752,1228483610,228483610,1,131072,12859400,92865990014340,1685507276800,94551497291140,17271990014340,75594000000000,2707.57,0.2560047975205719
0xecf746b75d3b8831d8bb3be3e1a298b74a32abdbbf9f3e38427a1cf849893766,26101115,1790901635,0x5f62d006c10c009ff50c878cd6157ac861c99990,0x3,164,156,8,75594,21752,53842,752,1149824542,149824542,1,131072,8554930,86919836427948,1121311784960,88041148212908,11325836427948,75594000000000,2707.57,0.23837757166682333
0x7e365c1bc6e12ddbe57751739c47a4382dd0a78a337459322753426b8e5a1f10,26101147,1790902019,0x5f62d006c10c009ff50c878cd6157ac861c99990,0x3,164,156,8,75594,21752,53842,752,1155371052,155371052,1,131072,8880859,87339119304888,1164031950848,88503151255736,11745119304888,75594000000000,2707.57,0.23962847724549313
0x83900a24e1eb045f8eeca740454eed71432dc1353cd16fe2d2c74cdabd01cb27,26101179,1790902403,0x5f62d006c10c009ff50c878cd6157ac861c99990,0x3,164,156,8,75594,21752,53842,752,1140704254,140704254,1,131072,7820641,86230397376876,1025067057152,87255464434028,10636397376876,75594000000000,2707.57,0.2362502778376412
0x8a4fb7fc0952f1ff9c426278f6f739f7fa51b30fe3ee588fdd2a966d2febf2a4,26101209,1790902775,0x35376dd47c061bc3b8c8e8d61987019e7ed58f06,0x3,164,156,8,75594,21752,53842,752,1089976411,89976411,1,131072,5820426,82395676813134,762894876672,83158571689806,6801676813134,75594000000000,2707.57,0.22515765395016804
0x9f7ce1630345fe555e81f41ac291b215a55ea0ad950d10cc6b034f617e67968c,26101240,1790903159,0x5f62d006c10c009ff50c878cd6157ac861c99990,0x3,164,156,8,75594,21752,53842,752,1117012458,117012458,1,131072,6462841,84439439750052,847097495552,85286537245604,8845439750052,75594000000000,2715.04,0.23155636008330469
0xb17c7b93de58ecf31d744869ca6e0166da25a7395fd4d5c8946c1e7cc07d5e1f,26101273,1790903555,0x35376dd47c061bc3b8c8e8d61987019e7ed58f06,0x3,164,156,8,75594,21752,53842,752,1099552765,99552765,1,131072,6133221,83119591717410,803893542912,83923485260322,7525591717410,75594000000000,2715.04,0.22785561942118465
0x6c395f018285da6c8386f4147d10c8c9b6f3acd85e9f0a07ce787305366709d0,26101305,1790903939,0x35376dd47c061bc3b8c8e8d61987019e7ed58f06,0x3,164,156,8,75594,21752,53842,752,1088765605,88765605,1,131072,5106433,82304147144370,669310386176,82973457530546,6710147144370,75594000000000,2715.04,0.2252762561337336
0x8db6674749b3bd5ae8dacd78a8e4881addd4a85853552aa334e07a792d82fe74,26101337,1790904323,0x5f62d006c10c009ff50c878cd6157ac861c99990,0x3,164,156,8,75594,21752,53842,752,1101827973,101827973,1,131072,5523558,83291583790962,723983794176,84015567585138,7697583790962,75594000000000,2715.04,0.22810562661635309
0xe6bae8445af41508f9528f88e04ac9d39031b035a8e8d6285da567fe95bdfc8a,26101369,1790904707,0x35376dd47c061bc3b8c8e8d61987019e7ed58f06,0x3,164,156,8,75594,21752,53842,752,1113083556,113083556,1,131072,6295853,84142438332264,825210044416,84967648376680,8548438332264,75594000000000,2715.04,0.23069056404862126
0x3d32402caa39175e56ce8bec84464a6cea41208375df28047f91f6f68b2c79b7,26101401,1790905091,0x5f62d006c10c009ff50c878cd6157ac861c99990,0x3,164,156,8,75594,21752,53842,752,1095608124,95608124,1,131072,5523549,82821400525656,723982614528,83545383140184,7227400525656,75594000000000,2715.04,0.22682905704092515
0xdc38f3405bcfb58b991ec0fdb11b15eb60d45bee8374327b4be2ba37a8140c6c,26101433,1790905475,0x5f62d006c10c009ff50c878cd6157ac861c99990,0x3,164,156,8,75594,21752,53842,752,1090923120,90923120,1,131072,5755468,82467242333280,754380701696,83221623034976,6873242333280,75594000000000,2715.04,0.22595003540488123
0x7280b1a6aa9f7ec75b53e49586101612a8e2400587b6b69e7e4f469c270508b5,26101465,1790905859,0x5f62d006c10c009ff50c878cd6157ac861c99990,0x3,164,156,8,75594,21752,53842,752,1080355183,80355183,1,131072,4919001,81668369703702,644743299072,82313113002774,6074369703702,75594000000000,2715.04,0.22348339432705153
0x44a7c43c1b562725d57890aa3d8f12c7e80188967de3352595cd2d94ed124018,26101496,1790906231,0x5f62d006c10c009ff50c878cd6157ac861c99990,0x3,164,156,8,75594,21752,53842,752,1108194143,108194143,1,131072,6414647,83772828045942,840780611584,84613608657526,8178828045942,75594000000000,2715.04,0.2297293320495294
0xde6b7f1a2d7e9bcbd8cb3893c4cf10e70a46e3b04c353512d957b66fb3ae1da9,26101529,1790906627,0x35376dd47c061bc3b8c8e8d61987019e7ed58f06,0x3,164,156,8,75594,21752,53842,752,1104529769,104529769,1,131072,6709020,83495823357786,879364669440,84375188027226,7901823357786,75594000000000,2720.05,0.22950473019345607
0xa86e04b5b3701752d469ae8dd9fa5b60f76ed85437c0ddd4c1ecf1685768b604,26101561,1790907011,0x5f62d006c10c009ff50c878cd6157ac861c99990,0x3,164,156,8,75594,21752,53842,752,1097494758,97494758,1,131072,5421219,82964018736252,710570016768,83674588753020,7370018736252,75594000000000,2720.05,0.22759906513765205
0x15c41b0cab0f080dd11303856780a39c8752a08b8c31652451e7092f81fc2d24,26101593,1790907395,0x5f62d006c10c009ff50c878cd6157ac861c99990,0x3,164,156,8,75594,21752,53842,752,1103054053,103054053,1,131072,5068351,83384268082482,664318902272,84048586984754,7790268082482,75594000000000,2720.05,0.2286163590278801
0xd7434c1a72613494624c2df5bb6c8694b89f889cb77726b618d616c4073e2cb6,26101625,1790907779,0x5f62d006c10c009ff50c878cd6157ac861c99990,0x3,164,156,8,75594,21752,53842,752,1100833929,100833929,1,131072,5241811,83216440028826,687054651392,83903494680218,7622440028826,75594000000000,2720.05,0.22822170070492698
0x822bcc22a53748514fb99558edcebbd82a53cabe561b03007c672f09d32b03e3,26101658,1790908175,0x5f62d006c10c009ff50c878cd6157ac861c99990,0x3,164,156,8,75594,21752,53842,752,1093956571,93956571,1,131072,5482364,82696553028174,718584414208,83415137442382,7102553028174,75594000000000,2720.05,0.2268933446001512
0xfc53ac662e4ae4dc34fdb724f454b5783ff31dc79adbfe4652f3b775f48456e1,26101689,1790908547,0x5f62d006c10c009ff50c878cd6157ac861c99990,0x3,164,156,8,75594,21752,53842,752,1096069631,96069631,1,131072,6835606,82856287685814,895956549632,83752244235446,7262287685814,75594000000000,2720.05,0.22781029193262492
0x1dae691f40622eea12a8a1d13b99f621581bfa74b92499355cff83237d2dd9b3,26101720,1790908919,0x35376dd47c061bc3b8c8e8d61987019e7ed58f06,0x3,164,156,8,75594,21752,53842,752,1097503087,97503087,1,131072,5691229,82964648358678,745960767488,83710609126166,7370648358678,75594000000000,2720.05,0.22769704235362784
0xd3dc55ab1df3eed8d2771a678bec6522791f99a282d8aa6c350d55064c9704ea,26101757,1790909375,0x5f62d006c10c009ff50c878cd6157ac861c99990,0x3,164,156,8,75594,21752,53842,752,1101972765,101972765,1,131072,6042100,83302529197410,791950131200,84094479328610,7708529197410,75594000000000,2720.05,0.22874118849778566
0x32063a2b28be5bee5b248c1467adbabcebf5cb7aa2b68fcbca67deae6286b1ca,26101789,1790909759,0x5f62d006c10c009ff50c878cd6157ac861c99990,0x3,164,156,8,75594,21752,53842,752,1103630684,103630684,1,131072,6272295,83427857926296,822122250240,84249980176536,7833857926296,75594000000000,2720.05,0.2291641585791868
0xab628947b727cc406ae7dc4ba9b14cc8e73baa9c232b11d8396ecff660fdc96f,26101821,1790910143,0x5f62d006c10c009ff50c878cd6157ac861c99990,0x3,164,156,8,75594,21752,53842,752,1142091534,142091534,1,131072,6835584,86335267421196,895953666048,87231221087244,10741267421196,75594000000000,2718.69,0.23715464845767942
0x636b5550ba05dd10cdec4f9b99b691c0320b307de742c110b43ac9d1c867cfc0,26101853,1790910527,0x5f62d006c10c009ff50c878cd6157ac861c99990,0x3,164,156,8,75594,21752,53842,752,1128123434,128123434,1,131072,7762248,85279362869796,1017413369856,86296776239652,9685362869796,75594000000000,2718.69,0.2346141825949795
0xcd529ad381ad952553bc2ae2e9edc0f644388cad4cf72ba794fe8a2ea3c617f8,26101880,1790910851,0x5f62d006c10c009ff50c878cd6157ac861c99990,0x3,164,156,8,75594,21752,53842,752,1115667864,115667864,1,131072,6272281,84337796511216,822120415232,85159916926448,8743796511216,75594000000000,2718.69,0.23152341454876493
0xc83d12456486a9f799e9f5c0c2ce71d1b2c9cd3e2dc21e613ba42002baf79b13,26101912,1790911235,0x35376dd47c061bc3b8c8e8d61987019e7ed58f06,0x3,164,156,8,75594,21752,53842,752,1105743371,105743371,1,131072,5360705,83587564387374,702638325760,84290202713134,7993564387374,75594000000000,2718.69,0.2291589312141703
0xcbd8ceae021d915538c30e71db564929af59fd2d796e078fbc9249820121ae8e,26101943,1790911607,0x5f62d006c10c009ff50c878cd6157ac861c99990,0x3,164,156,8,75594,21752,53842,752,1105124198,105124198,1,131072,6225542,83540758623612,815994241024,84356752864636,7946758623612,75594000000000,2718.69,0.22933986044555724
0x6277c6debea9b7dcd46ee21a6025865df6520fcb033ad3a5ad416df63d593562,26101975,1790911991,0x5f62d006c10c009ff50c878cd6157ac861c99990,0x3,164,156,8,75594,21752,53842,752,1117664169,117664169,1,131072,6064704,84488705191386,794912882688,85283618074074,8894705191386,75594000000000,2718.69,0.23185971962180424
0x6df5605d1f3f75e13904d311e3b78516d9d4cfaf5a760360a94dc4d066cc13b5,26102007,1790912375,0x5f62d006c10c009ff50c878cd6157ac861c99990,0x3,164,156,8,75594,21752,53842,752,1107290503,107290503,1,131072,6810043,83704518283782,892605956096,84597124239878,8110518283782,75594000000000,2718.69,0.22999335569971394
0x32fbf68c35a8241d4d9ebb0021646c43c548f384d3ab764298ebe65e6c618607,26102039,1790912759,0x5f62d006c10c009ff50c878cd6157ac861c99990,0x3,164,156,8,75594,21752,53842,752,1112672182,112672182,1,131072,6156082,84111340926108,806889979904,84918230906012,8517340926108,75594000000000,2718.69,0.23086634518186577
0x8e8664e07567c4e9143d2788e030f6102c4e864152d43b98af08c6a531bc0e37,26102071,1790913143,0x35376dd47c061bc3b8c8e8d61987019e7ed58f06,0x3,164,156,8,75594,21752,53842,752,1100119429,100119429,1,131072,5441463,83162428115826,713223438336,83875651554162,7568428115826,75594000000000,2718.69,0.2280318951237847
0x02eb557aed651b0e3b26de06e64df183e578eb91c05ef442ac19ebb5e1ed1780,26102103,1790913527,0x35376dd47c061bc3b8c8e8d61987019e7ed58f06,0x3,164,156,8,75594,21752,53842,752,1103413959,103413959,1,131072,6064683,83411474816646,794910130176,84206384946822,7817474816646,75594000000000,2718.69,0.22893105669107552
0xa25e3d3dd630c01866a80632dfea1008e91413a45cc82d01faeb9d156b296544,26102135,1790913911,0x35376dd47c061bc3b8c8e8d61987019e7ed58f06,0x3,164,156,8,75594,21752,53842,752,1110947210,110947210,1,131072,6272240,83980943392740,822115041280,84803058434020,8386943392740,75594000000000,2741.96,0.2325265941037455
0x8a7cd3e039efbade088218a85a139f7522a5a0c1e98b8cf74ba45790a65a5573,26102167,1790914295,0x35376dd47c061bc3b8c8e8d61987019e7ed58f06,0x3,164,156,8,75594,21752,53842,752,1110969708,110969708,1,131072,6225504,83982644106552,815989260288,84798633366840,8388644106552,75594000000000,2741.96,0.2325144607465406
0x64b462bbeed82246256c91f342b62814091fb60ac4a48c6f0ca2e7c80298ab46,26102199,1790914679,0x5f62d006c10c009ff50c878cd6157ac861c99990,0x3,164,156,8,75594,21752,53842,752,1099522958,99522958,1,131072,6179117,83117338487052,809909223424,83927247710476,7523338487052,75594000000000,2741.96,0.2301251561322168
0xeb9b3bd1f88f7c0ea98ed450c032d94c6df7701d286c5e0801f89d43ea2b8061,26102231,1790915063,0x5f62d006c10c009ff50c878cd6157ac861c99990,0x3,164,156,8,75594,21752,53842,752,1160699788,160699788,1,131072,8522767,87741939774072,1117096116224,88859035890296,12147939774072,75594000000000,2741.96,0.24364792204975602
0x265ea8bdbb95d8455e923a8a45a53b1b81d51daba5a49753fd23080d65b8fbe2,26102262,1790915447,0x5f62d006c10c009ff50c878cd6157ac861c99990,0x3,164,156,8,75594,21752,53842,752,1227026794,227026794,1,131072,14385492,92755863465636,1885535207424,94641398673060,17161863465636,75594000000000,2741.96,0.25950292950558357
0xb8515327d6b111e574849b6d44d7488f9794aa4514fb53334abbe83e81a5884e,26102294,1790915831,0x5f62d006c10c009ff50c878cd6157ac861c99990,0x3,164,156,8,75594,21752,53842,752,1185155971,185155971,1,131072,12573736,89590680471774,1648064724992,91238745196766,13996680471774,75594000000000,2741.96,0.2501729897797245
0xa43fdd5d1d958c0d058d46b5570fc95ea46b32486fbf8b05ff187a39b0aa7d8e,26102326,1790916215,0x35376dd47c061bc3b8c8e8d61987019e7ed58f06,0x3,164,156,8,75594,21752,53842,752,1145681731,145681731,1,131072,9322940,86606664773214,1221976391680,87828641164894,11012664773214,75594000000000,2741.96,0.24082262092849277
0x544a99bbb07d24146da79d6590b6fea2594214eda502e0231e1b88cd1bef97b1,26102358,1790916599,0x5f62d006c10c009ff50c878cd6157ac861c99990,0x3,164,156,8,75594,21752,53842,752,1130923835,130923835,1,131072,7311387,85491056382990,958318116864,86449374499854,9897056382990,75594000000000,2741.96,0.2370407269036197
0xb2113325327971d2652aab4bfba0405e009de19ebf825179440315292acc838e,26102390,1790916983,0x5f62d006c10c009ff50c878cd6157ac861c99990,0x3,164,156,8,75594,21752,53842,752,1106780852,106780852,1,131072,6342956,83665991726088,831383928832,84497375654920,8071991726088,75594000000000,2741.96,0.23168842415076443
0x1c81a4658c31763674356d52737643a288d1ff693ae8a8fee602476a03026aa4,26102422,1790917367,0x35376dd47c061bc3b8c8e8d61987019e7ed58f06,0x3,164,156,8,75594,21752,53842,752,1123667768,123667768,1,131072,7762139,84942541254192,1017399083008,85959940337200,9348541254192,75594000000000,2719.38,0.23375774255417495
0x878ec659ecf833ef579a72a1639c1ef5d9a54be599982d1612d7105f00a87d2f,26102455,1790917763,0x35376dd47c061bc3b8c8e8d61987019e7ed58f06,0x3,164,156,8,75594,21752,53842,752,1109580868,109580868,1,131072,5544101,83877656135592,726676406272,84604332541864,8283656135592,75594000000000,2719.38,0.23007132982769415
0xc9f1b3fa56f1fccfda6289a03f28e617eb65e15787b2ae87ced5fb9241e7cdd1,26102486,1790918135,0x35376dd47c061bc3b8c8e8d61987019e7ed58f06,0x3,164,156,8,75594,21752,53842,752,1095896540,95896540,1,131072,5606637,82843203044760,734873124864,83578076169624,7249203044760,75594000000000,2719.38,0.22728054877415213
0x2eac6b566716ba3b33bd3f5a018efb322e6c1cd5d23980071188b7be82e07634,26102519,1790918531,0x5f62d006c10c009ff50c878cd6157ac861c99990,0x3,164,156,8,75594,21752,53842,752,1094913742,94913742,1,131072,5798519,82768909412748,760023482368,83528932895116,7174909412748,75594000000000,2719.38,0.22714690953632058
0x3a1b0426cd616c05a3a7edd8ff4f1499e98819a63bab02e864a59d5f104cc18e,26102550,1790918903,0x5f62d006c10c009ff50c878cd6157ac861c99990,0x3,164,156,8,75594,21752,53842,752,1100040734,100040734,1,131072,5523397,83156479245996,723962691584,83880441937580,7562479245996,75594000000000,2719.38,0.22810279619621632
0x16f9c95e5de9b77827f93081d70de140d549526c9bbec0cadcc059770a0cd90f,26102583,1790919299,0x5f62d006c10c009ff50c878cd6157ac861c99990,0x3,164,156,8,75594,21752,53842,752,1095836065,95836065,1,131072,5461780,82838631497610,715886428160,83554517925770,7244631497610,75594000000000,2719.38,0.22721648495698044
0x6d652260ecfd9994ef9748cd4fd389bf3b3aa2f7f4267e87bf4dfabbbec0d3db,26102613,1790919671,0x5f62d006c10c009ff50c878cd6157ac861c99990,0x3,164,156,8,75594,21752,53842,752,1141560498,141560498,1,131072,7849663,86295124285812,1028871028736,87323995314548,10701124285812,75594000000000,2719.38,0.23746712637847556
0x9d685f0d3fafb52a05be88da7b34bb8b80a6edb34026ec79b93fa67d99d7b7d4,26102646,1790920067,0x5f62d006c10c009ff50c878cd6157ac861c99990,0x3,164,156,8,75594,21752,53842,752,1093002622,93002622,1,131072,6087321,82624440207468,797877338112,83422317545580,7030440207468,75594000000000,2719.38,0.22685698188709935
0x98f41d6257a7e98c910ed949ba169161703412797df182022989d6d6c90c5a28,26102677,1790920439,0x5f62d006c10c009ff50c878cd6157ac861c99990,0x3,164,156,8,75594,21752,53842,752,1100872104,100872104,1,131072,5087206,83219325829776,666790264832,83886116094608,7625325829776,75594000000000,2719.38,0.22811822638535512
0x7aaaaaedb5d5bc4b9a7f4ba230cb66eb1dcaf754394a113365f3e266fba0e153,26102710,1790920835,0x5f62d006c10c009ff50c878cd6157ac861c99990,0x3,164,156,8,75594,21752,53842,752,1099598251,99598251,1,131072,5183205,83123030186094,679373045760,83802403231854,7529030186094,75594000000000,2728.49,0.22865401919408132
0x4bfbe12c67d6d6eed39be45b225313939132acbbdd66bc38ed3e34819c28eca2,26102741,1790921207,0x35376dd47c061bc3b8c8e8d61987019e7ed58f06,0x3,164,156,8,75594,21752,53842,752,1101878774,101878774,1,131072,5930046,83295424041756,777262989312,84072687031068,7701424041756,75594000000000,2728.49,0.2293914858373987
0x8b65d70db8497fc2e9e2eae26e8feb2f703a66722a0188ede5d2af47eeff5356,26102773,1790921591,0x35376dd47c061bc3b8c8e8d61987019e7ed58f06,0x3,164,156,8,75594,21752,53842,752,1100569714,100569714,1,131072,5798483,83196466960116,760018763776,83956485723892,7602466960116,75594000000000,2728.49,0.22907443173278205
0x0081a9bfc00e9f2396e2df9ba0f17e2d5e8bb64ce5626e092c9232e9948f4692,26102804,1790921975,0x5f62d006c10c009ff50c878cd6157ac861c99990,0x3,164,156,8,75594,21752,53842,752,1092717430,92717430,1,131072,4882196,82602881403420,639919194112,83242800597532,7008881403420,75594000000000,2728.49,0.22712714900236006
0xa7d7689bf54ff64a160cc27ebf2e987a2605694449328606c270f1a5e663c2f2,26102836,1790922359,0x35376dd47c061bc3b8c8e8d61987019e7ed58f06,0x3,164,156,8,75594,21752,53842,752,1086341223,86341223,1,131072,4900483,82120878411462,642316107776,82763194519238,6526878411462,75594000000000,2728.49,0.2258185486137957
0x0e9386a249e3e0c68e1ccc67a89a951868df00b0e21e6d752f7f809385436854,26102868,1790922743,0x35376dd47c061bc3b8c8e8d61987019e7ed58f06,0x3,164,156,8,75594,21752,53842,752,1091905755,91905755,1,131072,5125370,82541523643470,671792496640,83213316140110,6947523643470,75594000000000,2728.49,0.22704670095512872
0x24959091473b20783b8f9a78c85735a3f15c56f2e9a45b1bd37648a639efb450,26102901,1790923139,0x35376dd47c061bc3b8c8e8d61987019e7ed58f06,0x3,164,156,8,75594,21752,53842,752,1074443672,74443672,1,131072,5564812,81221494941168,729391038464,81950885979632,5627494941168,75594000000000,2728.49,0.2236021728865661
0xb22c6bc80aaa6ace9d874c3f0ddbea7b5db9872ec4f9f2b224f03ff7304c7a79,26102932,1790923511,0x35376dd47c061bc3b8c8e8d61987019e7ed58f06,0x3,164,156,8,75594,21752,53842,752,1109743298,109743298,1,131072,7366173,83889934869012,965499027456,84855433896468,8295934869012,75594000000000,2728.49,0.23152720283217396
0x05d0bc0185db7e8f4878e75a09c46d12f82c6564959fd11a2e8d179c1a597b4e,26102964,1790923895,0x35376dd47c061bc3b8c8e8d61987019e7ed58f06,0x3,164,156,8,75594,21752,53842,752,1091532514,91532514,1,131072,5627578,82513308863316,737617903616,83250926766932,6919308863316,75594000000000,2728.49,0.22714932117430628
0x9083589414fc1de1222dd29742571fa74b4f1d63f66fbc0cca1f9f19ec9c5f51,26102996,1790924279,0x35376dd47c061bc3b8c8e8d61987019e7ed58f06,0x3,164,156,8,75594,21752,53842,752,1083627672,83627672,1,131072,5011649,81915750237168,656886857728,82572637094896,6321750237168,75594000000000,2728.49,0.22529861458705278
0x6cb1dc81f16af49017fd9364b223917baa32594dce4c9ca4cec6df57a1e1c11e,26103028,1790924663,0x35376dd47c061bc3b8c8e8d61987019e7ed58f06,0x3,164,156,8,75594,21752,53842,752,1107828988,107828988,1,131072,6041918,83745224518872,791926276096,84537150794968,8151224518872,75594000000000,2736.99,0.23137733635431945
0xe8aea49fbf6c4bd4252387bfb8fb83728e4ccbe35235ec6d61aef52d7bdc0fa4,26103060,1790925047,0x35376dd47c061bc3b8c8e8d61987019e7ed58f06,0x3,164,156,8,75594,21752,53842,752,1091618894,91618894,1,131072,4685437,82519838673036,614129598464,83133968271500,6925838673036,75594000000000,2736.99,0.22753683981941275
0xf2ba888d24cf84530b8af2f4252942588d488ea1731d37fe4697436b7fafe53c,26103092,1790925431,0x35376dd47c061bc3b8c8e8d61987019e7ed58f06,0x3,164,156,8,75594,21752,53842,752,1108887926,108887926,1,131072,5930001,83825273878044,777257091072,84602530969116,8231273878044,75594000000000,2736.99,0.2315562812371608
0x8d3c7378d5c358d1c4fd0c0cd81df4a9089d847db7827f06e311977ff95ae56f,26103124,1790925815,0x35376dd47c061bc3b8c8e8d61987019e7ed58f06,0x3,164,156,8,75594,21752,53842,752,1102907855,102907855,1,131072,6087257,83373216390870,797868949504,84171085340374,7779216390870,75594000000000,2736.99,0.23037541886575022
0xc40dfc4a7bf7fc76de4aa6fc3257a761605cc3f5631355b581bac1d7cb5b7ab4,26103156,1790926199,0x5f62d006c10c009ff50c878cd6157ac861c99990,0x3,164,156,8,75594,21752,53842,752,1092918010,92918010,1,131072,5125336,82618044047940,671788040192,83289832088132,7024044047940,75594000000000,2736.99,0.22796343752689638
0x057b85e114f9a4f22b0c76aa796c56d6eecc35c1159300e6f52b959465ba2a64,26103188,1790926583,0x5f62d006c10c009ff50c878cd6157ac861c99990,0x3,164,156,8,75594,21752,53842,752,1086064657,86064657,1,131072,4756026,82099971681258,623381839872,82723353521130,6505971681258,75594000000000,2736.99,0.22641299135379758
0x856c1f85092672a88cdec726114f768c76478c50a52526e99e3fee3733e93619,26103220,1790926967,0x5f62d006c10c009ff50c878cd6157ac861c99990,0x3,164,156,8,75594,21752,53842,752,1101708848,101708848,1,131072,6087242,83282578655712,797866983424,84080445639136,7688578655712,75594000000000,2736.99,0.23012733890985881
0x5698f60d85906914cead824822e1238f176a9e03dfe35acefb020d4840216409,26103251,1790927351,0x5f62d006c10c009ff50c878cd6157ac861c99990,0x3,164,156,8,75594,21752,53842,752,1093450674,93450674,1,131072,5106196,82658310250356,669279322112,83327589572468,7064310250356,75594000000000,2736.99,0.22806677938394918
0xa3baa6ec69904da8ea81877b62dd2162f978a26fb1496551a6e1300da5f54e51,26103283,1790927735,0x35376dd47c061bc3b8c8e8d61987019e7ed58f06,0x3,164,156,8,75594,21752,53842,752,1103786556,103786556,1,131072,5011616,83439640914264,656882532352,84096523446616,7845640914264,75594000000000,2736.99,0.2301713437081535
0x87105d26fa1af3901472cfaa41fd7f047fccbadf213e92f9a64053111445cc5b,26103315,1790928119,0x5f62d006c10c009ff50c878cd6157ac861c99990,0x3,164,156,8,75594,21752,53842,752,1118668688,118668688,1,131072,7366107,84564640800672,965490376704,85530131177376,8970640800672,75594000000000,2752.82,0.23544905570770422
0x2d7d347f29ce42aac8344e0ae447a0065be31538f265223cd6b493f92be23a96,26103347,1790928503,0x5f62d006c10c009ff50c878cd6157ac861c99990,0x3,164,156,8,75594,21752,53842,752,1113127643,113127643,1,131072,6860943,84145771044942,899277520896,85045048565838,8551771044942,75594000000000,2752.82,0.2341137105930102
0x59f80760f0bd486f7b481b36156e9c10f2ba1092f7b21991a3a03af111725a76,26103379,1790928887,0x5f62d006c10c009ff50c878cd6157ac861c99990,0x3,164,156,8,75594,21752,53842,752,1107361945,107361945,1,131072,5885780,83709918870330,771460956160,84481379826490,8115918870330,75594000000000,2752.82,0.2325620320139582
0xf41b7cc21cceb666a525c64323399bb8bfec82f6d09b43288c5e0df678c808d1,26103411,1790929283,0x35376dd47c061bc3b8c8e8d61987019e7ed58f06,0x3,164,156,8,75594,21752,53842,752,1267835577,267835577,1,131072,12294474,95840762607738,1611461296128,97452223903866,20246762607738,75594000000000,2752.82,0.26826843100704045
0x0d70c130fad9995f0cc0ad3199909a409996793e90a4c8f00715ef2b340a01dc,26103442,1790929655,0x5f62d006c10c009ff50c878cd6157ac861c99990,0x3,164,156,8,75594,21752,53842,752,1196430197,196430197,1,131072,11755010,90442944312018,1540752670720,91983696982738,14848944312018,75594000000000,2752.82,0.25321456072802084
0xf3e948528adf379541ab029bc183a287ba8a86a16508cb2d1c843ebfcc809f40,26103474,1790930039,0x5f62d006c10c009ff50c878cd6157ac861c99990,0x3,164,156,8,75594,21752,53842,752,1161624613,161624613,1,131072,9047956,87811850995122,1185933688832,88997784683954,12217850995122,75594000000000,2752.82,0.24499488163368227
0xd73617620d9cade2d295bf763a914a148864ad5f629a7fb252e084e88fa55b12,26103506,1790930423,0x5f62d006c10c009ff50c878cd6157ac861c99990,0x3,164,156,8,75594,21752,53842,752,1142064580,142064580,1,131072,8027599,86333229860520,1052193456128,87385423316648,10739229860520,75594000000000,2752.82,0.24055634101453496
0xd99fec1670a0430f7d8c01e62fa9fd34c4b1a47bdd6a5ca0ab14cacb3e7cc66e,26103538,1790930807,0x35376dd47c061bc3b8c8e8d61987019e7ed58f06,0x3,164,156,8,75594,21752,53842,752,1122870433,122870433,1,131072,6366549,84882267512202,834476310528,85716743822730,9288267512202,75594000000000,2752.82,0.23596276673008762
0x4bc87abe40c53b8347ef8e8ee9b53d148e9444273919699eb4f1fb5db3ce392c,26103570,1790931191,0x5f62d006c10c009ff50c878cd6157ac861c99990,0x3,164,156,8,75594,21752,53842,752,1116551582,116551582,1,131072,6733830,84404600289708,882616565760,85287216855468,8810600289708,75594000000000,2752.82,0.23478035630406943
0xfc60053c08d642d7751b6f78fc7a5ef0569dc1c86dd04cd184d315438b452d3e,26103602,1790931575,0x35376dd47c061bc3b8c8e8d61987019e7ed58f06,0x3,164,156,8,75594,21752,53842,752,1133826331,133826331,1,131072,7732959,85710467665614,1013574402048,86724042067662,10116467665614,75594000000000,2752.82,0.23873567748470131
0x8e8b0dba1730443ff9fa2a6382d045fec6456a28e537af7fead0d38503c49517,26103634,1790931959,0x5f62d006c10c009ff50c878cd6157ac861c99990,0x3,164,156,8,75594,21752,53842,752,1134681783,134681783,1,131072,7704093,85775134704102,1009790877696,86784925581798,10181134704102,75594000000000,2746.37,0.23834351607008256
0x38a2bc329a73507e1cb09b8defd32337ef69e84029c816f68e54e50a21f2fa95,26103666,1790932343,0x5f62d006c10c009ff50c878cd6157ac861c99990,0x3,164,156,8,75594,21752,53842,752,1117820404,117820404,1,131072,6990369,84500515619976,916241645568,85416757265544,8906515619976,75594000000000,2746.37,0.23458601965137205
0xeee3bfbb409407f4a11cb2cb2970046df00b38ccec198402a2e74e22543618c2,26103698,1790932727,0x5f62d006c10c009ff50c878cd6157ac861c99990,0x3,164,156,8,75594,21752,53842,752,1109748510,109748510,1,131072,5712284,83890328864940,748720488448,84639049353388,8296328864940,75594000000000,2746.37,0.23245014597266417
0x820392658b70c0b63df9161ddbebf48140b01b5111ab03c776c3b76c3729abaf,26103730,1790933123,0x5f62d006c10c009ff50c878cd6157ac861c99990,0x3,164,156,8,75594,21752,53842,752,1097304515,97304515,1,131072,5952128,82949637506910,780157321216,83729794828126,7355637506910,75594000000000,2746.37,0.2299529966221204
0xfad9fd2102895d2b9a8190bdee943dceb2eac8ca52e5fbaf54e37c2b0bde1e87,26103762,1790933507,0x35376dd47c061bc3b8c8e8d61987019e7ed58f06,0x3,164,156,8,75594,21752,53842,752,1110924317,110924317,1,131072,7311153,83979212819298,958287446016,84937500265314,8385212819298,75594000000000,2746.37,0.2332698026036504
0x82be4f67892b3fe58627544932edc4cb4dae45eb95300e9716a0ab71cb11de10,26103794,1790933891,0x35376dd47c061bc3b8c8e8d61987019e7ed58f06,0x3,164,156,8,75594,21752,53842,752,1104311997,104311997,1,131072,5523239,83479361101218,723941982208,84203303083426,7885361101218,75594000000000,2746.37,0.23125342548922864
0x014e0cfeefed11db530054c8786e6fe11b5394f9fbc60b60c2301f9eef9a6078,26103825,1790934263,0x5f62d006c10c009ff50c878cd6157ac861c99990,0x3,164,156,8,75594,21752,53842,752,1100688060,100688060,1,131072,5755146,83205413207640,754338496512,83959751704152,7611413207640,75594000000000,2746.37,0.2305845432877319
0x65b973237af26872581f3a74adb5a601f699a31437a03ba152e33959a5148ecb,26103857,1790934647,0x5f62d006c10c009ff50c878cd6157ac861c99990,0x3,164,156,8,75594,21752,53842,752,1096973685,96973685,1,131072,5106126,82924628743890,669270147072,83593898890962,7330628743890,75594000000000,2746.37,0.2295797760971713
0x55d4682a6e3abfa8ee55d76e9eaf9a445eb5c4b0114659c9b03a14a40bebb026,26103888,1790935031,0x5f62d006c10c009ff50c878cd6157ac861c99990,0x3,164,156,8,75594,21752,53842,752,1103450772,103450772,1,131072,6462437,83414257658568,847044542464,84261302201032,7820257658568,75594000000000,2746.37,0.23141271252584827
0xbf2804a423a4db03765cb15e1d1458faa227f3477c68243a02ea1ce38e04131e,26103920,1790935415,0x5f62d006c10c009ff50c878cd6157ac861c99990,0x3,164,156,8,75594,21752,53842,752,1115419119,115419119,1,131072,7042800,84318992881686,923113881600,85242106763286,8724992881686,75594000000000,2742.73,0.23379608348286743
0x8d1395251242e301c89da1d5c4f685d8e44a1e2bed256dcdc6e3e7b1877ca5ad,26103952,1790935799,0x35376dd47c061bc3b8c8e8d61987019e7ed58f06,0x3,164,156,8,75594,21752,53842,752,1108973237,108973237,1,131072,6535327,83831722877778,856598380544,84688321258322,8237722877778,75594000000000,2742.73,0.2322771993648375
0x6597fd48f009042db8969010bdbd63bfba4d88eab468af1ffdc1422e96361400,26103984,1790936183,0x5f62d006c10c009ff50c878cd6157ac861c99990,0x3,164,156,8,75594,21752,53842,752,1105779695,105779695,1,131072,6202011,83590310263830,812909985792,84403220249622,7996310263830,75594000000000,2742.73,0.23149524427524576
0x6dc8f9f6babeda6c80c30917bcae1a02e4a810c48d8ae4868c9cb6d350318438,26104016,1790936567,0x35376dd47c061bc3b8c8e8d61987019e7ed58f06,0x3,164,156,8,75594,21752,53842,752,1107888824,107888824,1,131072,6248560,83749747761456,819011256320,84568759017776,8155747761456,75594000000000,2742.73,0.23194927242082478
0x9cc0d2b5a93a4908628c5a7f6e1067a0aebe7099a77194a5ba30933cdec4c3ac,26104048,1790936963,0x35376dd47c061bc3b8c8e8d61987019e7ed58f06,0x3,164,156,8,75594,21752,53842,752,1112322675,112322675,1,131072,5929871,84084920293950,777240051712,84862160345662,8490920293950,75594000000000,2742.73,0.23275399304485755
0x3ca4cbd166cb099dd22b129b9d0bf525674e89460a65937a8c5b40f9af0fa0ba,26104078,1790937335,0x5f62d006c10c009ff50c878cd6157ac861c99990,0x3,164,156,8,75594,21752,53842,752,1115335806,115335806,1,131072,6658639,84312694918764,872761131008,85185456049772,8718694918764,75594000000000,2742.73,0.23364070587139113
0x3b35ba128497066dc6fab9f78e33b22b1c234434129ca0ff713059def1afc162,26104110,1790937719,0x35376dd47c061bc3b8c8e8d61987019e7ed58f06,0x3,164,156,8,75594,21752,53842,752,1113307565,113307565,1,131072,5776666,84159372068610,757159165952,84916531234562,8565372068610,75594000000000,2742.73,0.23290311771297023
0xc586c4d178185be0288c913afedd241b5f73eb63d76d146ca75426ba976341f0,26104142,1790938103,0x35376dd47c061bc3b8c8e8d61987019e7ed58f06,0x3,164,156,8,75594,21752,53842,752,1097030876,97030876,1,131072,5690905,82928952040344,745918300160,83674870340504,7334952040344,75594000000000,2742.73,0.22949757712901053
0x94b19d046c4723621fe7fa09e25a6069112478df21d9535861d55bf1b5ac8157,26104174,1790938487,0x5f62d006c10c009ff50c878cd6157ac861c99990,0x3,164,156,8,75594,21752,53842,752,1103229297,103229297,1,131072,5733620,83397515477418,751517040640,84149032518058,7803515477418,75594000000000,2742.73,0.23079807595825322
0x7423cea42c894fd7453093089a8a3a33e78de15a5e856b57d75d91be28f1aafa,26104206,1790938871,0x5f62d006c10c009ff50c878cd6157ac861c99990,0x3,164,156,8,75594,21752,53842,752,1098531986,98531986,1,131072,5564645,83042426949684,729369149440,83771796099124,7448426949684,75594000000000,2746.04,0.23004070296003845
0x29eda5393853bc5aae59cea54bad76a4f5da2320753e98d25cf67dc2646a56e5,26104238,1790939255,0x5f62d006c10c009ff50c878cd6157ac861c99990,0x3,164,156,8,75594,21752,53842,752,1116518290,116518290,1,131072,6559764,84402083614260,859801387008,85261885001268,8808083614260,75594000000000,2746.04,0.23413254668888198
0xac96c098e2049373335241b7ce80f50d6092c9ed67609c49a1e0b230bf854e6c,26104270,1790939639,0x5f62d006c10c009ff50c878cd6157ac861c99990,0x3,164,156,8,75594,21752,53842,752,1099866188,99866188,1,131072,5776645,83143284615672,757156413440,83900441029112,7549284615672,75594000000000,2746.04,0.2303939670835827
0x94529889b040e94abb68186207048a53c414df7ccff1326d9f1c15ba0c9aa52f,26104302,1790940023,0x35376dd47c061bc3b8c8e8d61987019e7ed58f06,0x3,164,156,8,75594,21752,53842,752,1106174766,106174766,1,131072,6064374,83620175261004,794869628928,84415044889932,8026175261004,75594000000000,2746.04,0.23180708986954887
0x0577c8b1596246aa289c99ee0ecfd962e4408eba0c1b6c10d864ef2202818347,26104335,1790940419,0x5f62d006c10c009ff50c878cd6157ac861c99990,0x3,164,156,8,75594,21752,53842,752,1101708121,101708121,1,131072,6109891,83282523698874,800835633152,84083359332026,7688523698874,75594000000000,2746.04,0.23089626806011665
0x6110f5cec90908673df292b77e32208d2ef4164eabe4f52d0f6754074d2efd0a,26104365,1790940791,0x35376dd47c061bc3b8c8e8d61987019e7ed58f06,0x3,164,156,8,75594,21752,53842,752,1105737195,105737195,1,131072,6271919,83587097518830,822072967168,84409170485998,7993097518830,75594000000000,2746.04,0.23179095852136994
0x57b8d4c219f6205922ad6ef35a55ccc3945abbdbd5fa4a48c7db54698e32ec2a,26104397,1790941175,0x5f62d006c10c009ff50c878cd6157ac861c99990,0x3,164,156,8,75594,21752,53842,752,1123270952,123270952,1,131072,5627394,84912544345488,737593786368,85650138131856,9318544345488,75594000000000,2746.04,0.23519870531560186
0x9547fb7031d3580ca9e4610e0d5164265da99fca6670b0b7f220fa22ad0e3cd1,26104430,1790941571,0x5f62d006c10c009ff50c878cd6157ac861c99990,0x3,164,156,8,75594,21752,53842,752,1091228733,91228733,1,131072,5798265,82490344842402,759990190080,83250335032482,6896344842402,75594000000000,2746.04,0.22860875001259687
0x7b7b942aa979366d1c1dc6979ee33eb900f47714afadb1aabb9a602549640ecf,26104461,1790941943,0x35376dd47c061bc3b8c8e8d61987019e7ed58f06,0x3,164,156,8,75594,21752,53842,752,1097695642,97695642,1,131072,5420855,82979204361348,710522306560,83689726667908,7385204361348,75594000000000,2746.04,0.22981533701914206
0xb45c65e9eac620e704216410dc0e1e91544ae0c65c49810f4f63b36c2fb169ba,26104493,1790942327,0x35376dd47c061bc3b8c8e8d61987019e7ed58f06,0x3,164,156,8,75594,21752,53842,752,1100460788,100460788,1,131072,5798257,83188232808072,759989141504,83948221949576,7594232808072,75594000000000,2746.04,0.23052517540241368
0x7db071f8fefd9bab80675039c3b2343703f4e092ea46d3995662b76eed15415a,26104525,1790942711,0x35376dd47c061bc3b8c8e8d61987019e7ed58f06,0x3,164,156,8,75594,21752,53842,752,1150115416,150115416,1,131072,8586291,86941824757104,1125422333952,88067247091056,11347824757104,75594000000000,2755.0,0.24262526573585927
0x7c5ad95a81008631748cf336f42f3fabc2b8b24047063887d5fc5a41df69eafd,26104557,1790943095,0x35376dd47c061bc3b8c8e8d61987019e7ed58f06,0x3,164,156,8,75594,21752,53842,752,1123426912,123426912,1,131072,7878725,84924333985728,1032680243200,85957014228928,9330333985728,75594000000000,2755.0,0.23681157420069665
0x817d1554d150a2cd8ad56a7f3cb6d33e45a61e1968acf9462e7019850f030513,26104589,1790943479,0x5f62d006c10c009ff50c878cd6157ac861c99990,0x3,164,156,8,75594,21752,53842,752,1149141386,149141386,1,131072,9357385,86868193933284,1226491166720,88094685100004,11274193933284,75594000000000,2755.0,0.24270085745051104
0x11dc90d55ab9d6b33aeabbfb6181a131b5bb968f706bdac45771ad30efc3dceb,26104621,1790943863,0x35376dd47c061bc3b8c8e8d61987019e7ed58f06,0x3,164,156,8,75594,21752,53842,752,1163930930,163930930,1,131072,8209526,87986194722420,1076038991872,89062233714292,12392194722420,75594000000000,2755.0,0.24536645388287445
0xa0359554219da1999e27d366d636df02a5125e16e59a6ca1c695fb80a72cbc04,26104654,1790944259,0x5f62d006c10c009ff50c878cd6157ac861c99990,0x3,164,156,8,75594,21752,53842,752,1124229455,124229455,1,131072,8117947,84985001421270,1064035549184,86049036970454,9391001421270,75594000000000,2755.0,0.23706509685360078
0xe72ee84000a46d2bca87cc4b331a6f69ff4dcad826929b9d609b89a91d25ba61,26104685,1790944631,0x35376dd47c061bc3b8c8e8d61987019e7ed58f06,0x3,164,156,8,75594,21752,53842,752,1376419712,376419712,1,131072,20985239,104049071708928,2750577246208,106799648955136,28455071708928,75594000000000,2755.0,0.2942330328713997
0x634ed45d3b126a7a2fccbb274638d8029b131e6e6a4ea457a954ec2692c27b2e,26104717,1790945015,0x35376dd47c061bc3b8c8e8d61987019e7ed58f06,0x3,164,156,8,75594,21752,53842,752,1607822987,607822987,1,131072,34505701,121541770879278,4522731241472,126064502120750,45947770879278,75594000000000,2755.0,0.3473077033426663
0xb2ab407062dda241b7204b99d176d890dba8e2745b15e359bfdd97e07b9b07c7,26104749,1790945399,0x35376dd47c061bc3b8c8e8d61987019e7ed58f06,0x3,164,156,8,75594,21752,53842,752,1713825637,713825637,1,131072,42384249,129554935203378,5555388284928,135110323488306,53960935203378,75594000000000,2755.0,0.372228941210283
0x131af6b937921c149394e2cfc0e92682691394f22306761dfa2a582dab00dd7f,26104778,1790945783,0x5f62d006c10c009ff50c878cd6157ac861c99990,0x3,164,156,8,75594,21752,53842,752,1867680797,867680797,1,131072,49777314,141185462168418,6524412100608,147709874269026,65591462168418,75594000000000,2755.0,0.40694070361116663
0x0b8698273f62331b3984993787dcd8c3826c64f06ec308c5c222d0985b0b9e1b,26104810,1790946167,0x5f62d006c10c009ff50c878cd6157ac861c99990,0x3,164,156,8,75594,21752,53842,752,1762902240,762902240,1,131072,43671188,133264831930560,5724069953536,138988901884096,57670831930560,75594000000000,2743.93,0.3813758175468275
0xaa629bbfa0b383ba16db3ae21830248a0f5702b975ce46f860a0a4c54d323bf3,26104843,1790946563,0x35376dd47c061bc3b8c8e8d61987019e7ed58f06,0x3,164,156,8,75594,21752,53842,752,1524345308,524345308,1,131072,34764621,115231359212952,4556668403712,119788027616664,39637359212952,75594000000000,2743.93,0.32868996261819283
0xd8837b5552113e881cf180e5afd76716299dc65fd38bd613000e4b0181a7c764,26104874,1790946935,0x35376dd47c061bc3b8c8e8d61987019e7ed58f06,0x3,164,156,8,75594,21752,53842,752,1453425515,453425515,1,131072,27060548,109870248380910,3546880147456,113417128528366,34276248380910,75594000000000,2743.93,0.3112086614828393
0x269eb0b0c99a07613369ff25318158abb4ac86bed58af2c261ddf295e15d2b21,26104906,1790947319,0x5f62d006c10c009ff50c878cd6157ac861c99990,0x3,164,156,8,75594,21752,53842,752,1329188553,329188553,1,131072,20519577,100478679475482,2689541996544,103168221472026,24884679475482,75594000000000,2743.93,0.2830863779437363
0x6ae40dbeba328eefbfc4179805b29996febed8a0a3180e6b2417eb833e6f4cf6,26104938,1790947715,0x35376dd47c061bc3b8c8e8d61987019e7ed58f06,0x3,164,156,8,75594,21752,53842,752,1306949691,306949691,1,131072,18273744,98797554941454,2395176173568,101192731115022,23203554941454,75594000000000,2743.93,0.2776657706884423
0x3caebffc4076875b1a4647b596546a0da57eb6010c2ccc0996e7ef2e95058e3e,26104969,1790948087,0x5f62d006c10c009ff50c878cd6157ac861c99990,0x3,164,156,8,75594,21752,53842,752,1389343423,389343423,1,131072,23127694,105026026718262,3031393107968,108057419826230,29432026718262,75594000000000,2743.93,0.2965019959837873
0xbe9ab857a5ea2901ca63c4b78f1ed95446d023a6626768be7fbfd8e1c50db961,26105002,1790948483,0x5f62d006c10c009ff50c878cd6157ac861c99990,0x3,164,156,8,75594,21752,53842,752,1407955121,407955121,1,131072,26361381,106432959416874,3455238930432,109888198347306,30838959416874,75594000000000,2743.93,0.3015255240911233
0x1b70fc925b7b20a38e51d333a004b3bfbc086141ea3cdf845d0e39df4404e28f,26105034,1790948867,0x5f62d006c10c009ff50c878cd6157ac861c99990,0x3,164,156,8,75594,21752,53842,752,1455186369,455186369,1,131072,31662006,110003358378186,4150002450432,114153360828618,34409358378186,75594000000000,2743.93,0.3132288313784698
0xea960d99cc86afc779991515bc8f5368088f63133f60773df78664687d2fa7e7,26105065,1790949239,0x35376dd47c061bc3b8c8e8d61987019e7ed58f06,0x3,164,156,8,75594,21752,53842,752,1579727240,579727240,1,131072,33614008,119417900980560,4405855256576,123823756237136,43823900980560,75594000000000,2743.93,0.33976371945176453
0x2ea8c63ad12c7bda6e358b10a0e0890bbe4af6387454efb80eda2edd46a684ab,26105097,1790949623,0x35376dd47c061bc3b8c8e8d61987019e7ed58f06,0x3,164,156,8,75594,21752,53842,752,1665663118,665663118,1,131072,37324067,125914137742092,4892140109824,130806277851916,50320137742092,75594000000000,2708.64,0.35430711644081375
0xaf93ed902c1a96dd973f93f9aa07e5c7e99b009a3be99c35e6749439f0f58795,26105129,1790950007,0x5f62d006c10c009ff50c878cd6157ac861c99990,0x3,164,156,8,75594,21752,53842,752,1764601305,764601305,1,131072,45504552,133393271050170,5964372639744,139357643689914,57799271050170,75594000000000,2708.64,0.3774696880042487
0x0f7e78b4c0bfa6f30c0d8667e92f9feb37747d86443af439a3ad038cc7fbf545,26105161,1790950391,0x35376dd47c061bc3b8c8e8d61987019e7ed58f06,0x3,164,156,8,75594,21752,53842,752,1898662001,898662001,1,131072,52452038,143527455303594,6874993524736,150402448828330,67933455303594,75594000000000,2708.64,0.40738608899436773
0xc08ffcf509f293d7c81f4f3ba13b7bc279f86352d32f9972a93716a75e9151e8,26105193,1790950775,0x35376dd47c061bc3b8c8e8d61987019e7ed58f06,0x3,164,156,8,75594,21752,53842,752,1844614451,844614451,1,131072,53843008,139441784808894,7057310744576,146499095553470,63847784808894,75594000000000,2708.64,0.396813310179951
0x68d958a3509464dd1f423fa63eaf15f48d956ae7edf8c0dd7244fd50d379c60e,26105225,1790951159,0x5f62d006c10c009ff50c878cd6157ac861c99990,0x3,164,156,8,75594,21752,53842,752,1619946114,619946114,1,131072,37045897,122458206541716,4855679811584,127313886353300,46864206541716,75594000000000,2708.64,0.3448474851320025
0x1832714964ab2c6f2713782ecb44ba5c474ae2356dd8208735db3282e9372eb5,26105257,1790951543,0x35376dd47c061bc3b8c8e8d61987019e7ed58f06,0x3,164,156,8,75594,21752,53842,752,1585730048,585730048,1,131072,36359705,119871677248512,4765739253760,124637416502272,44277677248512,75594000000000,2708.64,0.337597891834714
0xd499156b04097420985f0a0ee437deda2aa1e30febf5bbd9bda4ff5f7690663e,26105289,1790951927,0x5f62d006c10c009ff50c878cd6157ac861c99990,0x3,164,156,8,75594,21752,53842,752,1510497527,510497527,1,131072,28302150,114184550056038,3709619404800,117894169460838,38590550056038,75594000000000,2708.64,0.3193328631684042
0x466daf8835b68ca28dc658adb4872e7fe56997a42bc7e11ce0976f91a81e76f4,26105320,1790952311,0x5f62d006c10c009ff50c878cd6157ac861c99990,0x3,164,156,8,75594,21752,53842,752,1473923469,473923469,1,131072,28944262,111419770715586,3793782308864,115213553024450,35825770715586,75594000000000,2708.64,0.31207203826414626
0xac9780f702008b7734ac347f2ef65617c7e11e68be62dbef36821f6f25b24d66,26105352,1790952695,0x35376dd47c061bc3b8c8e8d61987019e7ed58f06,0x3,164,156,8,75594,21752,53842,752,1434033925,434033925,1,131072,26459931,108404360526450,3468156076032,111872516602482,32810360526450,75594000000000,2708.64,0.3030223733701468
0x7c882e1309377911d2ee8e69013554adc96be0843680c903418fda2ac2fa6f9b,26105383,1790953079,0x5f62d006c10c009ff50c878cd6157ac861c99990,0x3,164,156,8,75594,21752,53842,752,1836601676,836601676,1,131072,48672359,138836067095544,6379583438848,145215650534392,63242067095544,75594000000000,2708.64,0.39333691966347556
0x2f4352e48a1ad7402467458fa856e69c090232869ab8a003493b966489d86489,26105415,1790953463,0x35376dd47c061bc3b8c8e8d61987019e7ed58f06,0x3,164,156,8,75594,21752,53842,752,1768405397,768405397,1,131072,47949774,133680837580818,6284872777728,139965710358546,58086837580818,75594000000000,2696.94,0.3774791228943771
0x79ddda7b79f5d92bb9228de3c448a474466e7f8fa9755de88dd23b72f1c88dd2,26105447,1790953847,0x5f62d006c10c009ff50c878cd6157ac861c99990,0x3,164,156,8,75594,21752,53842,752,2149220416,1149220416,1,131072,71538912,162468168127104,9376748273664,171844916400768,86874168127104,75594000000000,2696.94,0.46345542883788726
0xcc684f030a6daeb4c6e8b57040ceacf92fe65cbee1028d1f5fb17e75f9de8cb8,26105479,1790954231,0x5f62d006c10c009ff50c878cd6157ac861c99990,0x3,164,156,8,75594,21752,53842,752,1968168581,968168581,1,131072,52451657,148781735712114,6874943586304,155656679298418,73187735712114,75594000000000,2696.94,0.41979672466707546
0xe77c4b41e8404ba590ce93d36954e9104efd863f3c9c42bc51c0c3b514864950,26105511,1790954615,0x5f62d006c10c009ff50c878cd6157ac861c99990,0x3,164,156,8,75594,21752,53842,752,1835089000,835089000,1,131072,46885893,138721717866000,6145427767296,144867145633296,63127717866000,75594000000000,2696.94,0.39069799974426134
0xee825b02e8b7ce03caa626c5bb612f3aec971b0076df969e604d17e17c2bba98,26105543,1790954999,0x35376dd47c061bc3b8c8e8d61987019e7ed58f06,0x3,164,156,8,75594,21752,53842,752,1957072561,957072561,1,131072,54449941,147942943176234,7136862666752,155079805842986,72348943176234,75594000000000,2696.94,0.41824093157018266
0x4068c0b98e16c594edb7f18a1da4f4e173bb7deab952b437af34bf31bc40964e,26105575,1790955383,0x35376dd47c061bc3b8c8e8d61987019e7ed58f06,0x3,164,156,8,75594,21752,53842,752,1806122384,806122384,1,131072,46017393,136532015496096,6031591735296,142563607231392,60938015496096,75594000000000,2696.94,0.38448549488663036
0xdd3b15c82b8fbc56fe8536ff121abfaa0d978375d56d07f31e23c4240703d973,26105607,1790955767,0x35376dd47c061bc3b8c8e8d61987019e7ed58f06,0x3,164,156,8,75594,21752,53842,752,1757562963,757562963,1,131072,42701579,132861214625022,5596981362688,138458195987710,57267214625022,75594000000000,2696.94,0.3734134470870946
0xb11764155114fd2c53327390918758316de832d56a2f1814e90b6b3a025ce719,26105639,1790956151,0x5f62d006c10c009ff50c878cd6157ac861c99990,0x3,164,156,8,75594,21752,53842,752,1779542202,779542202,1,131072,36632290,134522713217988,4801467514880,139324180732868,58928713217988,75594000000000,2696.94,0.37574895598570107
0x2320a08366a89d097cc22f70d385d86a4dc840e5f399df90f73802e33d67958d,26105671,1790956535,0x5f62d006c10c009ff50c878cd6157ac861c99990,0x3,164,156,8,75594,21752,53842,752,1634555714,634555714,1,131072,37744604,123562604644116,4947260735488,128509865379604,47968604644116,75594000000000,2696.94,0.34658339633686924
0x69905f8a6e8bf23623002d09a128ec8135e6cda5b9d566626534bd78dae0d85a,26105702,1790956919,0x5f62d006c10c009ff50c878cd6157ac861c99990,0x3,164,156,8,75594,21752,53842,752,1788255480,788255480,1,131072,44996347,135181384755120,5897761193984,141079145949104,59587384755120,75594000000000,2689.46,0.37942671986427723
0xd284ff4bb64bedf0616a085cf2cef44ba28e32a50f25040c3082c234cbd98736,26105733,1790957303,0x35376dd47c061bc3b8c8e8d61987019e7ed58f06,0x3,164,156,8,75594,21752,53842,752,1683003641,683003641,1,131072,37603673,127224977237754,4928788627456,132153765865210,51630977237754,75594000000000,2689.46,0.35542226714384767
0xfe6e9acea5cf55db93f560105845084268fb6f6a458b532c849ca5562ce07c50,26105765,1790957687,0x5f62d006c10c009ff50c878cd6157ac861c99990,0x3,164,156,8,75594,21752,53842,752,1549618246,549618246,1,131072,33363026,117141841688124,4372958543872,121514800231996,41547841688124,75594000000000,2689.46,0.32680919463194397
0xbfc32d73e03ea8581ca5e9e89c3f54f6c177dbe43e54379309b06f3b7534a744,26105797,1790958071,0x35376dd47c061bc3b8c8e8d61987019e7ed58f06,0x3,164,156,8,75594,21752,53842,752,1454538020,454538020,1,131072,28943922,109954347083880,3793737744384,113748084828264,34360347083880,75594000000000,2689.46,0.3059209242222229
0x0f5a8df93d06d85941a667ef051825e4917eda02e03a47c321a8e3210b299e38,26105829,1790958455,0x5f62d006c10c009ff50c878cd6157ac861c99990,0x3,164,156,8,75594,21752,53842,752,1382217805,382217805,1,131072,22529757,104487372751170,2953020309504,107440393060674,28893372751170,75594000000000,2689.46,0.2889566395209603
0x97b4c90ad5c1e5d6001d6f29126b94295ed9eea9e0369d77cf6cb7f5489bf90d,26105861,1790958839,0x35376dd47c061bc3b8c8e8d61987019e7ed58f06,0x3,164,156,8,75594,21752,53842,752,1344512823,344512823,1,131072,20366256,101637102341862,2669445906432,104306548248294,26043102341862,75594000000000,2689.46,0.2805282892518568
0xcf9ae02ef926548890be0d9bea7b8cda12e4ae0d41c4490db3150534d134efbf,26105893,1790959223,0x35376dd47c061bc3b8c8e8d61987019e7ed58f06,0x3,164,156,8,75594,21752,53842,752,1321078132,321078132,1,131072,18687939,99865580310408,2449465540608,102315045851016,24271580310408,75594000000000,2689.46,0.2751722232144735
0xf734bfad060e450b7dbee1b02e00e3ee2af586515fd0144a6bca37d9fdd4dd18,26105925,1790959607,0x35376dd47c061bc3b8c8e8d61987019e7ed58f06,0x3,164,156,8,75594,21752,53842,752,1325950859,325950859,1,131072,20519101,100233929235246,2689479606272,102923408841518,24639929235246,75594000000000,2689.46,0.276808391142909
0x7804b5ec9d6309e37f7aa45a1cf1be60047512296586729c44d794cee62f6830,26105956,1790959991,0x35376dd47c061bc3b8c8e8d61987019e7ed58f06,0x3,164,156,8,75594,21752,53842,752,1314712788,314712788,1,131072,15852936,99384398496072,2077876027392,101462274523464,23790398496072,75594000000000,2689.46,0.2728787288398755
0xda1f9c3695cfc1ef5192df91962a2b8bb4d3472017c03fd821af144589e3e841,26105988,1790960375,0x5f62d006c10c009ff50c878cd6157ac861c99990,0x3,164,156,8,75594,21752,53842,752,1253799930,253799930,1,131072,15617583,94779751908420,2047027838976,96826779747396,19185751908420,75594000000000,2689.46,0.26041175105943165
0xf67005d5cb5724a52492a1b52c51f287f5ad3950ffe3cfe1f5d6c71453f8ba59,26106019,1790960759,0x35376dd47c061bc3b8c8e8d61987019e7ed58f06,0x3,164,156,8,78448,21752,56696,752,1257553187,257553187,1,131072,13908264,98652532413776,1822983979008,100475516392784,20204532413776,78448000000000,2683.74,0.2696501623639701
0x1ce13084f6061ed6e0dde6884d21b62b4153b98e224379e1e847b474146322bd,26106051,1790961143,0x35376dd47c061bc3b8c8e8d61987019e7ed58f06,0x3,164,156,8,75594,21752,53842,752,1354747963,354747963,1,131072,20984587,102410817515022,2750491787264,105161309302286,26816817515022,75594000000000,2683.74,0.282225612226917
0x7eafcb8bd3d86efb618d44675dc4d74651d7f7ccc4e9325d928bc6c558f1d20a,26106083,1790961527,0x35376dd47c061bc3b8c8e8d61987019e7ed58f06,0x3,164,156,8,75594,21752,53842,752,1389852308,389852308,1,131072,25583881,105064495370952,3353330450432,108417825821384,29470495370952,75594000000000,2683.74,0.2909652558698811
0xad77620c06a398bd279dd5bbcad8ed82a0cef0b7cbd16f630467313703f0be9e,26106115,1790961911,0x35376dd47c061bc3b8c8e8d61987019e7ed58f06,0x3,164,156,8,75594,21752,53842,752,1313447014,313447014,1,131072,18969457,99288713576316,2486364667904,101775078244220,23694713576316,75594000000000,2683.74,0.27313784848714295
0xadf6e68d55821fdf488073251c6ca20c7fbc3ad98ecaaf662ee59f0ef07bd9ae,26106147,1790962295,0x5f62d006c10c009ff50c878cd6157ac861c99990,0x3,164,156,8,75594,21752,53842,752,1313342563,313342563,1,131072,18548604,99280817707422,2431202623488,101712020330910,23686817707422,75594000000000,2683.74,0.27296861744287637
0xbe367deebb017cea1335f3d8fecb052b2858988a96b40c9ea3845dee34b9394c,26106179,1790962679,0x5f62d006c10c009ff50c878cd6157ac861c99990,0x3,164,156,8,75594,21752,53842,752,1236467399,236467399,1,131072,14117798,93469516560006,1850448019456,95319964579462,17875516560006,75594000000000,2683.74,0.2558140017404853
0x907fc6c2249f36dadee635e1bc7eaa31fca85bc37846af8c2930b39e9f59965f,26106211,1790963063,0x5f62d006c10c009ff50c878cd6157ac861c99990,0x3,164,156,8,75594,21752,53842,752,1259252061,259252061,1,131072,13397760,95191900299234,1756071198720,96947971497954,19597900299234,75594000000000,2683.74,0.26018314902791906
0x5831292bc89497956f8e6981f1c77af745703eba76e99ec5bc5510b4ef03cac9,26106243,1790963447,0x35376dd47c061bc3b8c8e8d61987019e7ed58f06,0x3,164,156,8,75594,21752,53842,752,1233466147,233466147,1,131072,12906037,93242639916318,1691620081664,94934259997982,17648639916318,75594000000000,2683.74,0.2547788709269842
0x33a356c3bfcf6c2652c310b71687eb5d5970717a3736906c2489f1eaa08e55cb,26106275,1790963831,0x5f62d006c10c009ff50c878cd6157ac861c99990,0x3,164,156,8,75594,21752,53842,752,1222347604,222347604,1,131072,12906029,92402144776776,1691619033088,94093763809864,16808144776776,75594000000000,2683.74,0.25252319768708437
0xa11778eeee2313c3f914e5bd8ffc9e1881b6f9f13314cb28148ce3dfdd37e9a3,26106307,1790964215,0x35376dd47c061bc3b8c8e8d61987019e7ed58f06,0x3,164,156,8,75594,21752,53842,752,1199241912,199241912,1,131072,11365282,90655493095728,1489670242304,92145163338032,15061493095728,75594000000000,2664.53,0.24552355206908644
0xf7670e5e99707bd31e16e8987918c0d63544ca6216f3941ddc13370030a03e4c,26106339,1790964599,0x35376dd47c061bc3b8c8e8d61987019e7ed58f06,0x3,164,156,8,75594,21752,53842,752,1185222131,185222131,1,131072,10745376,89595681770814,1408417923072,91004099693886,14001681770814,75594000000000,2664.53,0.24248315375735008
0x9f5b6b31a57eea6697173535c704eb47c8c74798169c9c97c22b035ca4cff374,26106371,1790964983,0x35376dd47c061bc3b8c8e8d61987019e7ed58f06,0x3,164,156,8,75594,21752,53842,752,1193996486,193996486,1,131072,11579747,90258970362684,1517780598784,91776750961468,14664970362684,75594000000000,2664.53,0.24454190623936034
0xcd6501adbed50a301c7634724715e0b2f49d7fd0c6f9597bcb7eebee780b6347,26106403,1790965367,0x5f62d006c10c009ff50c878cd6157ac861c99990,0x3,164,156,8,75594,21752,53842,752,1241748271,241748271,1,131072,14384153,93868718797974,1885359702016,95754078499990,18274718797974,75594000000000,2664.53,0.2551396147855784
0x17fb1c1158993c9d23b439393fe8440f4ffa02b6487f0eccd1b2986cb30cd3d2,26106435,1790965751,0x35376dd47c061bc3b8c8e8d61987019e7ed58f06,0x3,164,156,8,75594,21752,53842,752,1221182036,221182036,1,131072,14655595,92314034829384,1920938147840,94234972977224,16720034829384,75594000000000,2664.53,0.2510919125470027
0x3cd54ad5415cf3ae94bb94d3032e249ed62962eb48b53454678a8da8ebef1e97,26106467,1790966135,0x35376dd47c061bc3b8c8e8d61987019e7ed58f06,0x3,164,156,8,75594,21752,53842,752,1270534626,270534626,1,131072,15675925,96044794517844,2054674841600,98099469359444,20450794517844,75594000000000,2664.53,0.26138897909231934
0x10b7562608f1cdb3809c950777cd448cac3874837d88afa5f6cb8e97b8add5f5,26106499,1790966519,0x35376dd47c061bc3b8c8e8d61987019e7ed58f06,0x3,164,156,8,75594,21752,53842,752,1826979537,826979537,1,131072,35287182,138108691119978,4625161519104,142733852639082,62514691119978,75594000000000,2664.53,0.3803186323724132
0x603a6897ffeb6ae27323615daecc2d30da5c287a5389a8e65aaf098eb2e23138,26106530,1790966903,0x35376dd47c061bc3b8c8e8d61987019e7ed58f06,0x3,164,156,8,75594,21752,53842,752,2216052812,1216052812,1,131072,69950104,167520296270328,9168500031488,176688796301816,91926296270328,75594000000000,2664.53,0.4707925984100778
0x3d1950d4b9ee00c00d3c4cc094a51afd8ae7f93dc193bfa23fc5b651d7d80eb4,26106562,1790967287,0x35376dd47c061bc3b8c8e8d61987019e7ed58f06,0x3,164,156,8,75594,21752,53842,752,1793237249,793237249,1,131072,47060420,135557976600906,6168303370240,141726279971146,59963976600906,75594000000000,2664.53,0.37763392477151764
0xd43c5842bfaab55b5a795132b87b5bbdd455faff42f80dbda64705300b8936ab,26106594,1790967671,0x35376dd47c061bc3b8c8e8d61987019e7ed58f06,0x3,164,156,8,75594,21752,53842,752,1659468412,659468412,1,131072,35685166,125445855136728,4677326077952,130123181214680,49851855136728,75594000000000,2667.79,0.34714132161271116
0x2d70623824335af84dd12bff0e5bd10182c1a41667310c143ad690389ea529a3,26106625,1790968055,0x5f62d006c10c009ff50c878cd6157ac861c99990,0x3,164,156,8,75594,21752,53842,752,1412335710,412335710,1,131072,25109713,106764105661740,3291180302336,110055285964076,31170105661740,75594000000000,2667.79,0.2936043913421023
0xad2e895de13a0d5f385cad7b0d5b11dee4a869324e8d192060c82fe729764844,26106656,1790968439,0x35376dd47c061bc3b8c8e8d61987019e7ed58f06,0x3,164,156,8,75594,21752,53842,752,1389114006,389114006,1,131072,24188146,105008684169564,3170388672512,108179072842076,29414684169564,75594000000000,2667.79,0.2885990487373619
0x5f4f16021595327dfb77f163337f05ca87ff919564f462473555a56254dc9b11,26106688,1790968823,0x35376dd47c061bc3b8c8e8d61987019e7ed58f06,0x3,164,156,8,75594,21752,53842,752,1290302257,290302257,1,131072,16151847,97539108815658,2117054889984,99656163705642,21945108815658,75594000000000,2667.79,0.2658617169722747
0xdae79702ae2348a2259014708d5ff46af23e2e5bb0f5ea6a56c85a09e9caa47a,26106720,1790969207,0x5f62d006c10c009ff50c878cd6157ac861c99990,0x3,164,156,8,75594,21752,53842,752,1244702184,244702184,1,131072,15385491,94092016897296,2016607076352,96108623973648,18498016897296,75594000000000,2667.79,0.2563976259506584
0xbe4c024d564166ed9c64a76713106b4a53d010b9b870ef37b1c4350d176f7475,26106752,1790969591,0x35376dd47c061bc3b8c8e8d61987019e7ed58f06,0x3,164,156,8,75594,21752,53842,752,1227081188,227081188,1,131072,13297786,92759975325672,1742967406592,94502942732264,17165975325672,75594000000000,2667.79,0.25211400559170655
0x859c3156a199a9e512891f8d9fb200924d7e63fe67f90b6365c2c73732808486,26106783,1790969975,0x35376dd47c061bc3b8c8e8d61987019e7ed58f06,0x3,164,156,8,75594,21752,53842,752,1196540106,196540106,1,131072,13149442,90451252772964,1723523661824,92174776434788,14857252772964,75594000000000,2667.79,0.24590294682496305
0x772d57da8a3a54559899747083f74c204137de6c47f470f62379af5a5ba2acac,26106815,1790970359,0x5f62d006c10c009ff50c878cd6157ac861c99990,0x3,164,156,8,75594,21752,53842,752,1187982518,187982518,1,131072,12156411,89804350465692,1593365102592,91397715568284,14210350465692,75594000000000,2667.79,0.24382991161591236
0x59dc3b9810b1b71a06bfb31c707356322565cebffbada8da814114905c54e2f5,26106847,1790970743,0x5f62d006c10c009ff50c878cd6157ac861c99990,0x3,164,156,8,75594,21752,53842,752,1136498222,136498222,1,131072,7819629,85912446593868,1024934412288,86937381006156,10318446593868,75594000000000,2667.79,0.23193067567441292
0x1221c25e83603bf800fc6568edfe54e268f57930e1cd72f22172f40fac56bd19,26106879,1790971127,0x35376dd47c061bc3b8c8e8d61987019e7ed58f06,0x3,164,156,8,75594,21752,53842,752,1149238489,149238489,1,131072,7997038,86875534337466,1048187764736,87923722102202,11281534337466,75594000000000,2667.79,0.23456202658703346
0x392dbf8ca4aef1579eeba9b8f9523409b2772322d1c0968a5bb93ee6f6a4ccd0,26106911,1790971511,0x35376dd47c061bc3b8c8e8d61987019e7ed58f06,0x3,164,156,8,75594,21752,53842,752,1128071284,128071284,1,131072,8813532,85275420642696,1155207266304,86430627909000,9681420642696,75594000000000,2661.2,0.2300091869914308
0x99db00b4fe3fdd1d4a61f45d3d12dc95d6dfcb4b52a956594e9a0e7261bc1b2c,26106943,1790971895,0x35376dd47c061bc3b8c8e8d61987019e7ed58f06,0x3,164,156,8,75594,21752,53842,752,1122392458,122392458,1,131072,6783867,84846135470052,889175015424,85735310485476,9252135470052,75594000000000,2661.2,0.22815880826394871
0x3df927e0cdb323f58633f81cbe71858514de9694895b2a662a959608e93dd5bd,26106975,1790972279,0x35376dd47c061bc3b8c8e8d61987019e7ed58f06,0x3,164,156,8,75594,21752,53842,752,1144147981,144147981,1,131072,8912938,86490722475714,1168236609536,87658959085250,10896722475714,75594000000000,2661.2,0.23327802191766728
0xcc39ec225e68e4945a92cf9b9d20208209e949b1b3149fc838252c6e2e9d52ce,26107007,1790972663,0x35376dd47c061bc3b8c8e8d61987019e7ed58f06,0x3,164,156,8,75594,21752,53842,752,1140589082,140589082,1,131072,7878297,86221691064708,1032624144384,87254315209092,10627691064708,75594000000000,2661.2,0.23220118363443562
0xee094a064a92e4eaa0cd18487f0e9da12816985cea92b7d9b65e63c065a7fe6e,26107039,1790973047,0x35376dd47c061bc3b8c8e8d61987019e7ed58f06,0x3,164,156,8,75594,21752,53842,752,1139714653,139714653,1,131072,8209086,86155589478882,1075981320192,87231570799074,10561589478882,75594000000000,2661.2,0.2321406562104957
0xad1f8ad2127d4cca34b9796db6f3dc66bef29f51952871e39f907e140ba223c2,26107071,1790973431,0x35376dd47c061bc3b8c8e8d61987019e7ed58f06,0x3,164,156,8,75594,21752,53842,752,1120892690,120892690,1,131072,7042308,84732762007860,923049394176,85655811402036,9138762007860,75594000000000,2661.2,0.22794724530309818
0xff1d0ed515bf06f0d003fea0c0978413f0987e1c4a7e3e07a7420286fe5a2965,26107102,1790973815,0x5f62d006c10c009ff50c878cd6157ac861c99990,0x3,164,156,8,75594,21752,53842,752,1122631414,122631414,1,131072,7095165,84864199109916,929977466880,85794176576796,9270199109916,75594000000000,2661.2,0.2283154627061695
0x9df84fa123057c335f18c27cea9da0a9b896efb1f04d69304ffe60324f1bd6d7,26107134,1790974199,0x35376dd47c061bc3b8c8e8d61987019e7ed58f06,0x3,164,156,8,75594,21752,53842,752,1110737517,110737517,1,131072,6486178,83965091860098,850156322816,84815248182914,8371091860098,75594000000000,2661.2,0.22571033846437075
0x0f12379819d040e410532e0c52bc92992721a22e5b7880cdc32bdbd596b192d8,26107166,1790974583,0x35376dd47c061bc3b8c8e8d61987019e7ed58f06,0x3,164,156,8,75594,21752,53842,752,1121012723,121012723,1,131072,6758516,84741835782462,885852209152,85627687991614,9147835782462,75594000000000,2661.2,0.22787240328328315
0xece0bfa9c7099a272a15322a564789835963eb8fb3b3c29fdf8e0464c1d7c2f6,26107198,1790974967,0x5f62d006c10c009ff50c878cd6157ac861c99990,0x3,164,156,8,75594,21752,53842,752,1162716682,162716682,1,131072,7996981,87894404859108,1048180293632,88942585152740,12300404859108,75594000000000,2665.02,0.23703376828375516
0x764d36907f9354ff466c104b55c3a7800db4f6676bd93ae4d3718e8f44775e30,26107230,1790975351,0x5f62d006c10c009ff50c878cd6157ac861c99990,0x3,164,156,8,75594,21752,53842,752,1099690318,99690318,1,131072,6366026,83129989898892,834407759872,83964397658764,7535989898892,75594000000000,2665.02,0.22376679904855923
0xd0b157d67722722b2b33a270a619e5f80e0e786a81d87f3875b7a925ea733686,26107262,1790975735,0x35376dd47c061bc3b8c8e8d61987019e7ed58f06,0x3,164,156,8,75594,21752,53842,752,1119887155,119887155,1,131072,6366021,84656749595070,834407104512,85491156699582,9062749595070,75594000000000,2665.02,0.22783564242752002
0x7c5ac29354d356ee8f444007ca3e8dd7208d6e77f4fa8bdf5d2551a460abf80b,26107294,1790976119,0x5f62d006c10c009ff50c878cd6157ac861c99990,0x3,164,156,8,75594,21752,53842,752,1101377889,101377889,1,131072,5951654,83257560141066,780095193088,84037655334154,7663560141066,75594000000000,2665.02,0.2239620322186271
0x1a70571dbb813e457682e3ff34a6aab543cf672dd90cbfc1f6be20be249be7db,26107326,1790976503,0x35376dd47c061bc3b8c8e8d61987019e7ed58f06,0x3,164,156,8,75594,21752,53842,752,1116234924,116234924,1,131072,6294998,84380662844856,825097977856,85205760822712,8786662844856,75594000000000,2665.02,0.22707505670774392
0x19ee0b05dd53dd36fa9ac99e3ad1ac13cb9619f4ad0a812802abc5a7a6d78ff7,26107358,1790976887,0x35376dd47c061bc3b8c8e8d61987019e7ed58f06,0x3,164,156,8,75594,21752,53842,752,1108660511,108660511,1,131072,6063960,83808082668534,794815365120,84602898033654,8214082668534,75594000000000,2665.02,0.2254684153176486
0xba1c355ca4786aca78703b1978fef186111e5f3fc05ed874a9a40d1ee436a90e,26107390,1790977271,0x5f62d006c10c009ff50c878cd6157ac861c99990,0x3,164,156,8,75594,21752,53842,752,1100631792,100631792,1,131072,5776242,83201159684448,757103591424,83958263275872,7607159684448,75594000000000,2665.02,0.22375045079546438
0x2c8cfd146de874ad2d20f2024a9ecb59d6f1174141575069cb8cc1c34d39b94d,26107422,1790977655,0x35376dd47c061bc3b8c8e8d61987019e7ed58f06,0x3,164,156,8,75594,21752,53842,752,1102629763,102629763,1,131072,6063950,83352194304222,794814054400,84147008358622,7758194304222,75594000000000,2665.02,0.2242534602158948
0x50696129e859b3995ee31c44592e12336a3ff1e771db27fc071047ef7b9d7653,26107454,1790978039,0x35376dd47c061bc3b8c8e8d61987019e7ed58f06,0x3,164,156,8,75594,21752,53842,752,1100544072,100544072,1,131072,6461919,83194528578768,846976647168,84041505225936,7600528578768,75594000000000,2665.02,0.22397229225722395
0x9a473bfcfd821e819f96e020fc7ec43ab9655e9b32df937c03b598812c06c1e3,26107485,1790978423,0x5f62d006c10c009ff50c878cd6157ac861c99990,0x3,164,156,8,75594,21752,53842,752,1108849190,108849190,1,131072,5564237,83822345668860,729315672064,84551661340924,8228345668860,75594000000000,2667.43,0.22553563801062088
0xe0ca508cceebf3a999015f8898eb6eb03a27239ade78b3b52e12fbb44a1c544c,26107517,1790978807,0x5f62d006c10c009ff50c878cd6157ac861c99990,0x3,164,156,8,75594,21752,53842,752,1096957493,96957493,1,131072,5522777,82923404725842,723881426944,83647286152786,7329404725842,75594000000000,2667.43,0.22312328050252594
0xf54b4e36843d6d3cb964d133a6fb2076af9baeaa4dce0b0310f3dfdbc9c29993,26107549,1790979191,0x5f62d006c10c009ff50c878cd6157ac861c99990,0x3,164,156,8,75594,21752,53842,752,1083285654,83285654,1,131072,4250939,81889895728476,557179076608,82447074805084,6295895728476,75594000000000,2667.43,0.21992180074732517
0x374f908a2ff40a60b6e879a92df1e46755849ce297c8aa166e6f29d0a10db758,26107581,1790979575,0x35376dd47c061bc3b8c8e8d61987019e7ed58f06,0x3,164,156,8,75594,21752,53842,752,1078313205,78313205,1,131072,4702508,81514008418770,616367128576,82130375547346,5920008418770,75594000000000,2667.43,0.21907702764625714
0x4a63c0559a5172c2892c9a403edcd92ed2164fad03e7ad3127ae60942e046373,26107613,1790979959,0x5f62d006c10c009ff50c878cd6157ac861c99990,0x3,164,156,8,75594,21752,53842,752,1077873986,77873986,1,131072,5011126,81480806097684,656818307072,82137624404756,5886806097684,75594000000000,2667.43,0.21909636346597827
0x54adcfa23d627c722787e04e7d5f3eb2c6c5d46515f5ed28b256373511cc3a1d,26107645,1790980343,0x5f62d006c10c009ff50c878cd6157ac861c99990,0x3,164,156,8,75594,21752,53842,752,1084610004,84610004,1,131072,4615401,81990008642376,604949839872,82594958482248,6396008642376,75594000000000,2667.43,0.22031627010430277
0x2bddf7a23469d8893c3b5d094ef998a457555d3a1637943ee436e0f102eb12e7,26107677,1790980727,0x5f62d006c10c009ff50c878cd6157ac861c99990,0x3,164,156,8,75594,21752,53842,752,1085496663,85496663,1,131072,4773358,82057034742822,625653579776,82682688322598,6463034742822,75594000000000,2667.43,0.22055028331234755
0x2688f641df52c2d624366ccf1fbcc800ba8973c2c323f24c3262554c6016b46e,26107710,1790981123,0x5f62d006c10c009ff50c878cd6157ac861c99990,0x3,164,156,8,75594,21752,53842,752,1088473293,88473293,1,131072,4598169,82282050111042,602691207168,82884741318210,6688050111042,75594000000000,2667.43,0.22108924553443288
0x6a712a601ac112c6704ab1b16b861283bfc03a08555bf19a654f3c1052cc691a,26107739,1790981495,0x35376dd47c061bc3b8c8e8d61987019e7ed58f06,0x3,164,156,8,75594,21752,53842,752,1087764151,87764151,1,131072,4650036,82228443230694,609489518592,82837932749286,6634443230694,75594000000000,2667.43,0.22096438695342796
0x408f662c77b6459f9b793198f105038736d5ca33562ddd696e9bbbd309de4266,26107771,1790981879,0x5f62d006c10c009ff50c878cd6157ac861c99990,0x3,164,156,8,75594,21752,53842,752,1083789389,83789389,1,131072,4546871,81927975072066,595967475712,82523942547778,6333975072066,75594000000000,2667.43,0.22012684007021943
0x0acd5854b25908d2b70302fed969a3c4bf9d23adb9aebcb6fa28201fec402291,26107803,1790982263,0x5f62d006c10c009ff50c878cd6157ac861c99990,0x3,164,156,8,75594,21752,53842,752,1089940388,89940388,1,131072,4314972,82392953690472,565572009984,82958525700456,6798953690472,75594000000000,2668.1,0.22134164242138665
0xf5f1c02b3f307654822791878b93f12bee703e1b8d832ddcdad9a15f980332cd,26107835,1790982647,0x35376dd47c061bc3b8c8e8d61987019e7ed58f06,0x3,164,156,8,75594,21752,53842,752,1077411299,77411299,1,131072,4667446,81445829736606,611771482112,82057601218718,5851829736606,75594000000000,2668.1,0.2189378858116615
0x0962b07499a75826f130c76aedc8b0727160e2207bfa983f60176789d03474de,26107868,1790983043,0x5f62d006c10c009ff50c878cd6157ac861c99990,0x3,164,156,8,75594,21752,53842,752,1085318467,85318467,1,131072,4973764,82043564194398,651921195008,82695485389406,6449564194398,75594000000000,2668.1,0.22063982456747416
0xc298c43d45796a98b292b0fd02646d4dde57e882c9ed1d2d821535e8fb828a96,26107899,1790983415,0x5f62d006c10c009ff50c878cd6157ac861c99990,0x3,164,156,8,75594,21752,53842,752,1080094390,80094390,1,131072,4598150,81648655317660,602688716800,82251344034460,6054655317660,75594000000000,2668.1,0.21945481101834272
0xa9e06f8ed97f970ce91327372827cab19850193b0751e7e2e26e6a6148a5af63,26107931,1790983799,0x35376dd47c061bc3b8c8e8d61987019e7ed58f06,0x3,164,156,8,75594,21752,53842,752,1078637320,78637320,1,131072,4809163,81538509568080,630346612736,82168856180816,5944509568080,75594000000000,2668.1,0.21923472517603515
0x31e1268124b9e9b41f051ef60b84d59e07237bde4aea70cfc142d1d2c4b4ed51,26107963,1790984183,0x35376dd47c061bc3b8c8e8d61987019e7ed58f06,0x3,164,156,8,75594,21752,53842,752,1074533322,74533322,1,131072,4019041,81228271943268,526783741952,81755055685220,5634271943268,75594000000000,2668.1,0.2181306640737355
0x56a0bc56b020ef4122c3112212d9c3a0504210e409948d94d7af552b2e999a08,26107995,1790984567,0x5f62d006c10c009ff50c878cd6157ac861c99990,0x3,164,156,8,75594,21752,53842,752,1074378212,74378212,1,131072,3915208,81216546557928,513174142976,81729720700904,5622546557928,75594000000000,2668.1,0.21806306780208196
0x07630ed2bf8e12e1a8e256033b72aeeaa321c301ec9a0c50982363ff2528a7e8,26108027,1790984951,0x5f62d006c10c009ff50c878cd6157ac861c99990,0x3,164,156,8,75594,21752,53842,752,1078048846,78048846,1,131072,4632651,81494024464524,607210831872,82101235296396,5900024464524,75594000000000,2668.1,0.21905430589431418
0x36fa67676f1b756d7a806347d6ed44c8b9a22af88d268e0dd70ffd11e52e19bb,26108059,1790985335,0x35376dd47c061bc3b8c8e8d61987019e7ed58f06,0x3,164,156,8,75594,21752,53842,752,1083556046,83556046,1,131072,4250889,81910335741324,557172523008,82467508264332,6316335741324,75594000000000,2668.1,0.2200315588000642
0xe152652de6c8d51d9fb051b5e4b96e1ba35e8a81f12b9d15cc0281c351db5dc6,26108091,1790985719,0x35376dd47c061bc3b8c8e8d61987019e7ed58f06,0x3,164,156,8,75594,21752,53842,752,1095592814,95592814,1,131072,4992370,82820243181516,654359920640,83474603102156,7226243181516,75594000000000,2675.97,0.2233755336632764
0xac2f417b7fef3a8a62bd3a9873d27cceae0b0fd854a417611e4fc09288b1bdcf,26108123,1790986103,0x5f62d006c10c009ff50c878cd6157ac861c99990,0x3,164,156,8,75594,21752,53842,752,1075455242,75455242,1,131072,3944585,81297963563748,517024645120,81814988208868,5703963563748,75594000000000,2675.97,0.21893445399728448
0x904bb49dbdf57f5807531ac93a544ff1bf303a8076f5f3bd92ac55f44e0d11b6,26108156,1790986499,0x35376dd47c061bc3b8c8e8d61987019e7ed58f06,0x3,164,156,8,75594,21752,53842,752,1074897701,74897701,1,131072,4094868,81255816809394,536722538496,81792539347890,5661816809394,75594000000000,2675.97,0.2188743815187732
0x96065c16c5a3cf40a683df77af5f134bfd350d232ec9fa9f3ce4a340ff2ff588,26108187,1790986871,0x5f62d006c10c009ff50c878cd6157ac861c99990,0x3,164,156,8,75594,21752,53842,752,1074474032,74474032,1,131072,4412832,81223789975008,578398715904,81802188690912,5629789975008,75594000000000,2675.97,0.21890020287121978
0x746159f0c658ac89b3eded760f6c617806f24d09381aa850975cfe5d27e1f527,26108219,1790987255,0x5f62d006c10c009ff50c878cd6157ac861c99990,0x3,164,156,8,75594,21752,53842,752,1073927376,73927376,1,131072,4649984,81182466061344,609482702848,81791948764192,5588466061344,75594000000000,2675.97,0.21887280113451485
0x9c208a020e8092f35f4c052d62690df6d9509394408306d0a9ebcc00e6c2a1ed,26108251,1790987639,0x5f62d006c10c009ff50c878cd6157ac861c99990,0x3,164,156,8,75594,21752,53842,752,1065847662,65847662,1,131072,4266794,80571688161228,559257223168,81130945384396,4977688161228,75594000000000,2675.97,0.21710397592028216
0x505dadb68f074a59cd548ca6987ca59ce5e7441b099dc1b53de15a1ac6dba268,26108283,1790988023,0x5f62d006c10c009ff50c878cd6157ac861c99990,0x3,164,156,8,75594,21752,53842,752,1073760136,73760136,1,131072,3814035,81169823720784,499913195520,81669736916304,5575823720784,75594000000000,2675.97,0.218545765895922
0xb73d1f295e8eb3878ef1056cd43b55f01e951a793ab7a6bfa4777e86125672f0,26108315,1790988407,0x5f62d006c10c009ff50c878cd6157ac861c99990,0x3,164,156,8,75594,21752,53842,752,1066998183,66998183,1,131072,4479314,80658660645702,587112644608,81245773290310,5064660645702,75594000000000,2675.97,0.21741125195167083
0x4ea177305a2aaf124ad762148ac7e3be33bfbcae1387d822e97c5d5d75b344c7,26108347,1790988791,0x5f62d006c10c009ff50c878cd6157ac861c99990,0x3,164,156,8,75594,21752,53842,752,1066772309,66772309,1,131072,4298812,80641585926546,563453886464,81205039813010,5047585926546,75594000000000,2675.97,0.21730225038842035
0x32a9222b33889197eb1db536ecba97fdca441c64a9bddc742b873f82cb542c52,26108379,1790989175,0x35376dd47c061bc3b8c8e8d61987019e7ed58f06,0x3,164,156,8,75594,21752,53842,752,1062857126,62857126,1,131072,4004002,80345621582844,524812550144,80870434132988,4751621582844,75594000000000,2675.97,0.21640685562685189
0x88a2b1140fc2ed1f0b6eadce589bf0b253a27de1cbaab8090a3602b24cd384d4,26108410,1790989559,0x5f62d006c10c009ff50c878cd6157ac861c99990,0x3,164,156,8,75594,21752,53842,752,1068869041,68869041,1,131072,3743380,80800086285354,490652303360,81290738588714,5206086285354,75594000000000,2679.31,0.2178030888081273
0x85c264693d2e41b7208035a62feb9809d1e6f95cfa93f7a162c80024f28de9f6,26108442,1790989943,0x35376dd47c061bc3b8c8e8d61987019e7ed58f06,0x3,164,156,8,75594,21752,53842,752,1067743314,67743314,1,131072,4156546,80714988078516,544806797312,81259794875828,5120988078516,75594000000000,2679.31,0.21772018100875473
0x816db691aba19595e40f297ce17ef5cc581c32e0b9f7ee571f701eac345be349,26108474,1790990339,0x5f62d006c10c009ff50c878cd6157ac861c99990,0x3,164,156,8,75594,21752,53842,752,1061271661,61271661,1,131072,3814018,80225769941634,499910967296,80725680908930,4631769941634,75594000000000,2679.31,0.21628912411610524
0x81e70e21617fc70e138637eeaaee8317ef5e899ec9b406b21f9d90e9f0b4fd3c,26108504,1790990711,0x5f62d006c10c009ff50c878cd6157ac861c99990,0x3,164,156,8,75594,21752,53842,752,1071688537,71688537,1,131072,4079551,81013223265978,534714908672,81547938174650,5419223265978,75594000000000,2679.31,0.2184922062307215
0xd4debf5935734a8fffaa6f0ad6eed14b07cba5c8b09f61ebd84c98de0efcb65b,26108536,1790991095,0x35376dd47c061bc3b8c8e8d61987019e7ed58f06,0x3,164,156,8,75594,21752,53842,752,1067928291,67928291,1,131072,4110171,80728971229854,538728333312,81267699563166,5134971229854,75594000000000,2679.31,0.2177413601165863
0xed1c5ca072c44e366b8fc7d417f3715393c460bbc6d892b4b83d1210351b1e69,26108568,1790991479,0x35376dd47c061bc3b8c8e8d61987019e7ed58f06,0x3,164,156,8,75594,21752,53842,752,1064128051,64128051,1,131072,3660320,80441695887294,479765463040,80921461350334,4847695887294,75594000000000,2679.31,0.2168136806105634
0x10638e55b1efa81c94811c8a075c900b73e6af294e326811f745a34fad40e74b,26108600,1790991863,0x5f62d006c10c009ff50c878cd6157ac861c99990,0x3,164,156,8,75594,21752,53842,752,1060575526,60575526,1,131072,3915153,80173146312444,513166934016,80686313246460,4579146312444,75594000000000,2679.31,0.21618364594437273
0x9a09a4180d391668357598eba3fa683badc97f628dfd1f409160a3ab6421c372,26108632,1790992247,0x5f62d006c10c009ff50c878cd6157ac861c99990,0x3,164,156,8,75594,21752,53842,752,1061594417,61594417,1,131072,3757385,80250168358698,492487966720,80742656325418,4656168358698,75594000000000,2679.31,0.21633460651925568
0x03ca99c7e1954f3e41b7e0bad935060148be5b41ff7a6715bdf8e906246a45a5,26108664,1790992631,0x35376dd47c061bc3b8c8e8d61987019e7ed58f06,0x3,164,156,8,75594,21752,53842,752,1063803677,63803677,1,131072,3499705,80417175159138,458713333760,80875888492898,4823175159138,75594000000000,2679.31,0.21669157679790654
0x9f201f888bb7a6b87229856dca3dfa1ca87c81feb4600abefa5631cc460380b5,26108696,1790993015,0x35376dd47c061bc3b8c8e8d61987019e7ed58f06,0x3,164,156,8,75594,21752,53842,752,1058052474,58052474,1,131072,3565747,79982418719556,467369590784,80449788310340,4388418719556,75594000000000,2676.71,0.21534075286817017
0x567c72f9ed9e140dfd221f8d8a8bac39a42e5a071f46475cd1d699beca3ab029,26108728,1790993399,0x5f62d006c10c009ff50c878cd6157ac861c99990,0x3,164,156,8,75594,21752,53842,752,1065152441,65152441,1,131072,3284162,80519133624954,430461681664,80949595306618,4925133624954,75594000000000,2676.71,0.21667859125317748
0x56ae9effcaf226fc588c84a2560030c9e6b9b841c40c36845c41478b97eb9cc8,26108760,1790993795,0x35376dd47c061bc3b8c8e8d61987019e7ed58f06,0x3,164,156,8,75594,21752,53842,752,1059745598,59745598,1,131072,3619474,80110408735212,474411696128,80584820431340,4516408735212,75594000000000,2676.71,0.2157021946967721
0xe4248c54695aed9c45d01907e78ece16762731dc1bb923644f58d5b017133779,26108791,1790994167,0x5f62d006c10c009ff50c878cd6157ac861c99990,0x3,164,156,8,75594,21752,53842,752,1061243337,61243337,1,131072,3525965,80223628817178,462155284480,80685784101658,4629628817178,75594000000000,2676.71,0.21597244516274897
0x06be9303ca75040780c8dcd9f9d78a950fa1fcba5340e473b4160570795b207b,26108823,1790994551,0x35376dd47c061bc3b8c8e8d61987019e7ed58f06,0x3,164,156,8,75594,21752,53842,752,1065329220,65329220,1,131072,3235401,80532497056680,424070479872,80956567536552,4938497056680,75594000000000,2676.71,0.2166972538907641
0xd6b5bf13a08aa877e49eff4a6286d2ec16019002533920c8b324dd15e1d80f3d,26108855,1790994935,0x5f62d006c10c009ff50c878cd6157ac861c99990,0x3,164,156,8,75594,21752,53842,752,1067482862,67482862,1,131072,3646635,80695299470028,477971742720,81173271212748,5101299470028,75594000000000,2676.71,0.21727730678787469
0xb6e6757dcd00327bf3b0592e2301ba889d1a282c97cfa0195ac1efdf377eda89,26108887,1790995319,0x35376dd47c061bc3b8c8e8d61987019e7ed58f06,0x3,164,156,8,75594,21752,53842,752,1064592533,64592533,1,131072,4125536,80476807939602,540742254592,81017550194194,4882807939602,75594000000000,2676.71,0.216860486780301
0x8cba0485dde56e53e66356dfa95e1c945e01f735ca5a9f5dbeb0f2c1a409e96d,26108919,1790995703,0x5f62d006c10c009ff50c878cd6157ac861c99990,0x3,164,156,8,75594,21752,53842,752,1073869566,73869566,1,131072,3857003,81178095972204,505545097216,81683641069420,5584095972204,75594000000000,2676.71,0.2186434188869272
0x976167079f7d466b57ebbdcfee04492893ce629bc26d74fe3becef94808862f9,26108951,1790996087,0x5f62d006c10c009ff50c878cd6157ac861c99990,0x3,164,156,8,75594,21752,53842,752,1070984082,70984082,1,131072,4314856,80959970694708,565556805632,81525527500340,5365970694708,75594000000000,2676.71,0.21822019471543508
0x3480973a98cefbc4ac8b4d1d1585e8394c4749159fb3f7badd7041c3ad65f823,26108983,1790996471,0x5f62d006c10c009ff50c878cd6157ac861c99990,0x3,164,156,8,75594,21752,53842,752,1081107445,81107445,1,131072,4347242,81725236197330,569801703424,82295037900754,6131236197330,75594000000000,2681.63,0.22068484248579895
0x35eea9c37162920e1e666f87977f1e75c07bd8031a207d9c30c5b5b96586d28e,26109015,1790996855,0x5f62d006c10c009ff50c878cd6157ac861c99990,0x3,164,156,8,75594,21752,53842,752,1082790713,82790713,1,131072,4881509,81852481158522,639829147648,82492310306170,6258481158522,75594000000000,2681.63,0.22121385408633465
0x4398b8ae5832ddc056c74385df19993b734b7b373a2c7a4bb19358c75db8ee91,26109047,1790997239,0x35376dd47c061bc3b8c8e8d61987019e7ed58f06,0x3,164,156,8,75594,21752,53842,752,1074884167,74884167,1,131072,4529769,81254793720198,593725882368,81848519602566,5660793720198,75594000000000,2681.63,0.2194874456218291
0xf8d72746c199cd7202fe8d2b90eb415b4e5b33c47f07358b5b4242409a073943,26109079,1790997623,0x35376dd47c061bc3b8c8e8d61987019e7ed58f06,0x3,164,156,8,75594,21752,53842,752,1097063835,97063835,1,131072,5379906,82931443542990,705155039232,83636598582222,7337443542990,75594000000000,2681.63,0.22428241185604397
0xe0f1afff6593e5c26630e352d1ac488247cb1635ae310bc83e7c0487091b12da,26109111,1790998007,0x35376dd47c061bc3b8c8e8d61987019e7ed58f06,0x3,164,156,8,75594,21752,53842,752,1094264311,94264311,1,131072,4918141,82719816325734,644630577152,83364446902886,7125816325734,75594000000000,2681.63,0.2235526017481862
0xa658dabd8e58a2ffb69d6579219adbffc0e03708e85845b9477c27ee25c71e7c,26109143,1790998391,0x5f62d006c10c009ff50c878cd6157ac861c99990,0x3,164,156,8,75594,21752,53842,752,1097023317,97023317,1,131072,4615243,82928380625298,604929130496,83533309755794,7334380625298,75594000000000,2681.63,0.22400542944042987
0x028cf2f8669a382d741401e28172b4bc3c66801c104a4c0bdd7179743d2e0a5b,26109175,1790998775,0x5f62d006c10c009ff50c878cd6157ac861c99990,0x3,164,156,8,75594,21752,53842,752,1104914461,104914461,1,131072,5690258,83524903764834,745833496576,84270737261410,7930903764834,75594000000000,2681.63,0.22598293716231488
0x846e9130d84e56ebcc07d010597ef56fb2af4a6a9a885d06d61f526f611acd50,26109208,1790999171,0x5f62d006c10c009ff50c878cd6157ac861c99990,0x3,164,156,8,75594,21752,53842,752,1079247667,79247667,1,131072,4496004,81584648139198,589300236288,82173948375486,5990648139198,75594000000000,2681.63,0.22036012518215453
0xba818e9ceb3ecc1674ae962234c36e8624b4dd6910e8b16f826ba247d10dda3e,26109239,1790999543,0x35376dd47c061bc3b8c8e8d61987019e7ed58f06,0x3,164,156,8,75594,21752,53842,752,1107498719,107498719,1,131072,5605777,83720258164086,734760402944,84455018567030,8126258164086,75594000000000,2681.63,0.22647711143990465
0x85dfaff0956afeb1e9b107f9792fb79f0e6ec7a8b862f7e25f1e0b774baa978c,26109271,1790999927,0x5f62d006c10c009ff50c878cd6157ac861c99990,0x3,164,156,8,75594,21752,53842,752,1074252613,74252613,1,131072,4234906,81207052027122,555077599232,81762129626354,5613052027122,75594000000000,2681.63,0.2192557796699197
0xed03bde85ac639bdc437a657b93d8696055bcfcaaaf0477ef47cb314d9e8c349,26109303,1791000311,0x5f62d006c10c009ff50c878cd6157ac861c99990,0x3,164,156,8,75594,21752,53842,752,1083320978,83320978,1,131072,5440566,81892566010932,713105866752,82605671877684,6298566010932,75594000000000,2675.67,0.22102551807296275
0x236ea7367392e92550c2bcf7bf340dfce4d205e55f613cad91f42f6f1d6dc9a5,26109336,1791000707,0x5f62d006c10c009ff50c878cd6157ac861c99990,0x3,164,156,8,75594,21752,53842,752,1096281402,96281402,1,131072,5460943,82872296302788,715776720896,83588073023684,7278296302788,75594000000000,2675.67,0.22365409934728056
0x9c96d279593441a912cea0bfaa063c090fa19180d1e3f0d84b21d1c52a9780cb,26109367,1791001079,0x5f62d006c10c009ff50c878cd6157ac861c99990,0x3,164,156,8,75594,21752,53842,752,1087767169,87767169,1,131072,5300004,82228671373386,694682124288,82923353497674,6634671373386,75594000000000,2675.67,0.22187552925312137
0x293b2976908846848a57ba1b09fe01dcc15389c27489e19aae39f10d66afe4c1,26109400,1791001475,0x5f62d006c10c009ff50c878cd6157ac861c99990,0x3,164,156,8,75594,21752,53842,752,1100660802,100660802,1,131072,5440552,83203352666388,713104031744,83916456698132,7609352666388,75594000000000,2675.67,0.22453274569349085
0xe6936faff4a15a3421bb980850741645826f39739f6710e264dc96c34132837f,26109431,1791001847,0x5f62d006c10c009ff50c878cd6157ac861c99990,0x3,164,156,8,75594,21752,53842,752,1088900183,88900183,1,131072,4973584,82314320433702,651897602048,82966218035750,6720320433702,75594000000000,2675.67,0.2219902206117152
0x1900b1a8504dbe18c5cf7de94d3f9a417710e9e6da573f6920ed3a298320db37,26109464,1791002243,0x35376dd47c061bc3b8c8e8d61987019e7ed58f06,0x3,164,156,8,75594,21752,53842,752,1093902764,93902764,1,131072,5797604,82692485541816,759903551488,83452389093304,7098485541816,75594000000000,2675.67,0.22329105392528073
0x0a93b477c46162695f83ebba7969b1290a3229fa50f3dc866a93a6b5d06de0b0,26109496,1791002627,0x5f62d006c10c009ff50c878cd6157ac861c99990,0x3,164,156,8,75594,21752,53842,752,1088364745,88364745,1,131072,5221306,82273844533530,684367020032,82958211553562,6679844533530,75594000000000,2675.67,0.22196879790751922
0x2c511150bf70889da6a702b7b6cd65fdfdd106a3905129e84fa68757ba7d693f,26109527,1791002999,0x5f62d006c10c009ff50c878cd6157ac861c99990,0x3,164,156,8,75594,21752,53842,752,1091934687,91934687,1,131072,5201816,82543710729078,681812426752,83225523155830,6949710729078,75594000000000,2675.67,0.22268403554235966
0x8e05d50e8b013cd559dda9981f34e408569acc080cf842f36752be63f563e372,26109560,1791003395,0x5f62d006c10c009ff50c878cd6157ac861c99990,0x3,164,156,8,75594,21752,53842,752,1080929493,80929493,1,131072,4649839,81711784093842,609463697408,82321247791250,6117784093842,75594000000000,2675.67,0.2202644930776139
0x90c5c86655f5ca5832a57a85ab14b1847c70b185d0bdb8ee9d186b2cf3bfad0d,26109591,1791003767,0x35376dd47c061bc3b8c8e8d61987019e7ed58f06,0x3,164,156,8,75594,21752,53842,752,1080422094,80422094,1,131072,4615194,81673427773836,604922707968,82278350481804,6079427773836,75594000000000,2677.35,0.2202879416624579
0x988bc53a847cf3ce47f70b8742c41668298c1b848df91d79dbff3f92b3db51a2,26109623,1791004151,0x35376dd47c061bc3b8c8e8d61987019e7ed58f06,0x3,164,156,8,75594,21752,53842,752,1078867936,78867936,1,131072,4826989,81555942753984,632683102208,82188625856192,5961942753984,75594000000000,2677.35,0.22004771743607565
0x8eaae7d06943fbbda0bb8f00ed530215c768d44a70b887803c2bebfaeed40322,26109654,1791004535,0x5f62d006c10c009ff50c878cd6157ac861c99990,0x3,164,156,8,75594,21752,53842,752,1061604144,61604144,1,131072,3944446,80250903661536,517006426112,80767910087648,4656903661536,75594000000000,2677.35,0.21624396407316437
0x3e0ed7be7571624ba3162526fe29bc733467ec8e90e649fd2414c3a3c8709c39,26109686,1791004919,0x35376dd47c061bc3b8c8e8d61987019e7ed58f06,0x3,164,156,8,75594,21752,53842,752,1076354259,76354259,1,131072,4018880,81365923854846,526762639360,81892686494206,5771923854846,75594000000000,2677.35,0.21925538418526241
0xf249abf62656f979a29de8ba44f75c4403a3da6448a775c156d4c460092accee,26109719,1791005315,0x5f62d006c10c009ff50c878cd6157ac861c99990,0x3,164,156,8,78448,21752,56696,752,1066587385,66587385,1,131072,4250725,83671647178480,557151027200,84228798205680,5223647178480,78448000000000,2677.35,0.22550997287597735
0xa78f58dd73d2104d66b6fa897a73a4a33e0e5dce3d14145a1591111efba95766,26109750,1791005687,0x35376dd47c061bc3b8c8e8d61987019e7ed58f06,0x3,164,156,8,75594,21752,53842,752,1066334316,66334316,1,131072,3660219,80608476283704,479752224768,81088228508472,5014476283704,75594000000000,2677.35,0.21710156859715748
0x8700652b35c2f0b87b9809b6fe76356146efc3bc616a132cb158cb6e8e813c8c,26109782,1791006071,0x5f62d006c10c009ff50c878cd6157ac861c99990,0x3,164,156,8,75594,21752,53842,752,1064930675,64930675,1,131072,3660217,80502369445950,479751962624,80982121408574,4908369445950,75594000000000,2677.35,0.21681748275324558
0xca63c4650d0b7a65fcc36b59ef4f21affa03a65b98e98f12a55f168117d701ab,26109814,1791006455,0x35376dd47c061bc3b8c8e8d61987019e7ed58f06,0x3,164,156,8,75594,21752,53842,752,1076000768,76000768,1,131072,3632944,81339202056192,476177235968,81815379292160,5745202056192,75594000000000,2677.35,0.21904840574786458
0x9a42035249f9241f9979aabbf44aba91e894fd1683a736617778a275a00d5030,26109846,1791006839,0x5f62d006c10c009ff50c878cd6157ac861c99990,0x3,164,156,8,75594,21752,53842,752,1065712441,65712441,1,131072,3605875,80561466264954,472629248000,81034095512954,4967466264954,75594000000000,2677.35,0.21695663562160739
0xd7e52f9773f59b8874a2dcfa331c7a49d17f2e8a4b41a6bb7d55ed781235886c,26109878,1791007223,0x5f62d006c10c009ff50c878cd6157ac861c99990,0x3,164,156,8,75594,21752,53842,752,1067757604,67757604,1,131072,3771351,80716068316776,494318518272,81210386835048,5122068316776,75594000000000,2679.56,0.21760810414772122
0xcb3a690e2f1af15a57842e9a3501ce363f5175c5d25695e562b323db5ab4db31,26109909,1791007607,0x5f62d006c10c009ff50c878cd6157ac861c99990,0x3,164,156,8,75594,21752,53842,752,1066199139,66199139,1,131072,3673918,80598257713566,481547780096,81079805493662,5004257713566,75594000000000,2679.56,0.21725820360859696
0xcbf598fed2cd4be607ff5f6ef6751005a560d415ba34f56fa6e131ca73232c2f,26109941,1791007991,0x35376dd47c061bc3b8c8e8d61987019e7ed58f06,0x3,164,156,8,75594,21752,53842,752,1063039559,63039559,1,131072,3743247,80359412423046,490634870784,80850047293830,4765412423046,75594000000000,2679.56,0.2166425527266551
0xf113c1085a5e7d5da58d3e65530a21b9aa6fc96fb76225c1eb7fa6bca26f8dbd,26109973,1791008375,0x35376dd47c061bc3b8c8e8d61987019e7ed58f06,0x3,164,156,8,75594,21752,53842,752,1065966220,65966220,1,131072,3619371,80580650434680,474398195712,81055048630392,4986650434680,75594000000000,2679.56,0.2171918661080532
0xaaf2917fc29c46ba47bd676e602db4f24f32e90aa1417f2ac21bde9bf30e1f27,26110005,1791008759,0x5f62d006c10c009ff50c878cd6157ac861c99990,0x3,164,156,8,75594,21752,53842,752,1064360933,64360933,1,131072,3715353,80459300369202,486978748416,80946279117618,4865300369202,75594000000000,2679.56,0.21690041167240448
0x836b6799dd67b2a3150b196b7045b8d03fbb2324940a5dd9baf40f74def2b66f,26110038,1791009155,0x35376dd47c061bc3b8c8e8d61987019e7ed58f06,0x3,164,156,8,75594,21752,53842,752,1090217258,90217258,1,131072,4580760,82413883401252,600409374720,83014292775972,6819883401252,75594000000000,2679.56,0.22244177835078355
0x73ec865f9ba1f74cfee65f5bed51fe3535e0a62037cbe6603bdb4afad090a3f5,26110069,1791009527,0x5f62d006c10c009ff50c878cd6157ac861c99990,0x3,164,156,8,75594,21752,53842,752,1082067656,82067656,1,131072,4684688,81797822387664,614031425536,82411853813200,6203822387664,75594000000000,2679.56,0.2208275070036982
0x3b30d9feaf0fa129d1702d542452b1b4764d681a1e83f821988007490f6f830e,26110101,1791009911,0x5f62d006c10c009ff50c878cd6157ac861c99990,0x3,164,156,8,75594,21752,53842,752,1072038284,72038284,1,131072,3660190,81039662040696,479748423680,81519410464376,5445662040696,75594000000000,2679.56,0.21843615150392337
0x59025b5bed074d3481fd0cc090ee3cef753fb826c0acbb9fdbb2ee59317f35f9,26110133,1791010295,0x35376dd47c061bc3b8c8e8d61987019e7ed58f06,0x3,164,156,8,75594,21752,53842,752,1088090674,88090674,1,131072,4954940,82253126410356,649453895680,82902580306036,6659126410356,75594000000000,2679.56,0.22214243808484183
0x736d5d2c0e8f3566c137ae91cec76edd24f3c7d927f732f933c178a9f3064d86,26110164,1791010679,0x5f62d006c10c009ff50c878cd6157ac861c99990,0x3,164,156,8,75594,21752,53842,752,1078963419,78963419,1,131072,4094677,81563160695886,536697503744,82099858199630,5969160695886,75594000000000,2679.56,0.21999149603740056
0x6e1a967b744b24f7bff7c1358a41270d5fe29e5bc863b4f73a5812f0bb284c78,26110196,1791011063,0x5f62d006c10c009ff50c878cd6157ac861c99990,0x3,164,156,8,75594,21752,53842,752,1078903100,78903100,1,131072,3828153,81558600941400,501763670016,82060364611416,5964600941400,75594000000000,2680.9,0.21999563148674514
0x3eaca5040368811f1bd1cba4b51d2c4387ef9ca8c9c33dbe244e84a280c65d7e,26110228,1791011447,0x5f62d006c10c009ff50c878cd6157ac861c99990,0x3,164,156,8,75594,21752,53842,752,1075045560,75045560,1,131072,4479117,81266994062640,587086823424,81854080886064,5672994062640,75594000000000,2680.9,0.219442605447449
0x391757667ec7f2d80dab4140472c1502feafa5843411ded6fd81492b3b8387e6,26110260,1791011831,0x5f62d006c10c009ff50c878cd6157ac861c99990,0x3,164,156,8,75594,21752,53842,752,1068091476,68091476,1,131072,4282579,80741307036744,561326194688,81302633231432,5147307036744,75594000000000,2680.9,0.21796422943014607
0xdb84879e585369079123fdaaec492062eb6539101e4ee75d9fbef7a51bd90634,26110292,1791012215,0x5f62d006c10c009ff50c878cd6157ac861c99990,0x3,164,156,8,75594,21752,53842,752,1080105719,80105719,1,131072,4347109,81649511722086,569784270848,82219295992934,6055511722086,75594000000000,2680.9,0.22042171062745677
0x33254d2816098314f4fe7e03e562984f4da1f96afe504f2d675875d1bb22499d,26110324,1791012599,0x35376dd47c061bc3b8c8e8d61987019e7ed58f06,0x3,164,156,8,75594,21752,53842,752,1070793302,70793302,1,131072,4140852,80945548871388,542749753344,81488298624732,5351548871388,75594000000000,2680.9,0.21846197978304402
0x426191aecd104056f626ac62c75c5f6afd56eb1b4f1f5dcae973a9aaffe92c28,26110356,1791012983,0x35376dd47c061bc3b8c8e8d61987019e7ed58f06,0x3,164,156,8,75594,21752,53842,752,1103400422,103400422,1,131072,5221201,83410451500668,684353257472,84094804758140,7816451500668,75594000000000,2680.9,0.22544976207609752
0x12d95f6f1532869cb17b27157eb9ec84a36df03334c0a99157f8c0664382e98e,26110387,1791013367,0x35376dd47c061bc3b8c8e8d61987019e7ed58f06,0x3,164,156,8,75594,21752,53842,752,1088470860,88470860,1,131072,4719817,82281866190840,618635853824,82900502044664,6687866190840,75594000000000,2680.9,0.22224795593153973
0xdd1723ed7a6e4ed0779ba9a90b059e4ca7db10fc5849e57d67b100da7f7bdccc,26110419,1791013751,0x35376dd47c061bc3b8c8e8d61987019e7ed58f06,0x3,164,156,8,75594,21752,53842,752,1080235090,80235090,1,131072,4597878,81659291393460,602653065216,82261944458676,6065291393460,75594000000000,2680.9,0.22053604689926448
0x30b9c75c698216383352eddeab895c07b74f2956f05d243c80b8f4f614640c72,26110452,1791014147,0x5f62d006c10c009ff50c878cd6157ac861c99990,0x3,164,156,8,75594,21752,53842,752,1069302935,69302935,1,131072,4314704,80832886068390,565536882688,81398422951078,5238886068390,75594000000000,2680.9,0.21822103208954502
0x9eb0db6be640f5258235e9df98b5853e48557ddc5ccefab8edc24e30fd1fbfdf,26110483,1791014519,0x35376dd47c061bc3b8c8e8d61987019e7ed58f06,0x3,164,156,8,75594,21752,53842,752,1074465402,74465402,1,131072,4844973,81223137598788,635040301056,81858177899844,5629137598788,75594000000000,2683.18,0.2196402257773034
0x77eb0b0188e25623d49eac8e811cdaae595ab2f3eede93e9c10b361d38e0b9f2,26110515,1791014903,0x5f62d006c10c009ff50c878cd6157ac861c99990,0x3,164,156,8,75594,21752,53842,752,1087175686,87175686,1,131072,4992086,82183958807484,654322696192,82838281503676,6589958807484,75594000000000,2683.18,0.22227002016503333
0xd104c72c54dbd582a0bbc8079cf43e749c9edbaa1a5c93cc36452df563cc924f,26110547,1791015287,0x5f62d006c10c009ff50c878cd6157ac861c99990,0x3,164,156,8,75594,21752,53842,752,1073563576,73563576,1,131072,4282547,81154964964144,561322000384,81716286964528,5560964964144,75594000000000,2683.18,0.21925950685748222
0xfb9264e1259443b2f986c4d0e83cf040bdf0a5891141a79814267b20d12a6aaf,26110580,1791015683,0x35376dd47c061bc3b8c8e8d61987019e7ed58f06,0x3,164,156,8,75594,21752,53842,752,1068012008,68012008,1,131072,4445705,80735299732752,582707445760,81318007178512,5141299732752,75594000000000,2683.18,0.21819085050123982
0x27f4092b0c480e199f30f7e16490bd37b2ef8ba1bc3495f769a8e96f12d1bb89,26110611,1791016055,0x35376dd47c061bc3b8c8e8d61987019e7ed58f06,0x3,164,156,8,75594,21752,53842,752,1089314085,89314085,1,131072,4109970,82345608941490,538701987840,82884310929330,6751608941490,75594000000000,2683.18,0.22239352539935967
0x0c95a03e2d3d05565f9c5630d19062713a038fcb3d93a1b5d9a35e1837baa2e8,26110643,1791016439,0x5f62d006c10c009ff50c878cd6157ac861c99990,0x3,164,156,8,75594,21752,53842,752,1069601893,69601893,1,131072,3799589,80855485499442,498019729408,81353505228850,5261485499442,75594000000000,2683.18,0.21828609815994574
0x032c4abe649a8e0a69cd82b63936a9666502bcd3e772fdbb911cabfc2e64bafe,26110675,1791016823,0x5f62d006c10c009ff50c878cd6157ac861c99990,0x3,164,156,8,75594,21752,53842,752,1071601183,71601183,1,131072,3929627,81006619827702,515064070144,81521683897846,5412619827702,75594000000000,2683.18,0.2187373518010224
0x44f84005e69158edd56f869a874a13bd8dceeaa8ac685f412a9265fa67723cd2,26110707,1791017207,0x5f62d006c10c009ff50c878cd6157ac861c99990,0x3,164,156,8,75594,21752,53842,752,1072720715,72720715,1,131072,3900347,81091249729710,511226281984,81602476011694,5497249729710,75594000000000,2683.18,0.2189541315850571
0x05be114bad2edfef78bbcb64d044734303cd844dd2df712e5471d493da969324,26110739,1791017591,0x5f62d006c10c009ff50c878cd6157ac861c99990,0x3,164,156,8,75594,21752,53842,752,1079759780,79759780,1,131072,4462343,81623360809320,584888221696,82208249031016,6029360809320,75594000000000,2683.18,0.22057952963504152
0xd0f9f8e38b65cec6a9730ab9b45db41964d90b8530be33c3370fa5a79f452af5,26110771,1791017975,0x35376dd47c061bc3b8c8e8d61987019e7ed58f06,0x3,164,156,8,75594,21752,53842,752,1077181832,77181832,1,131072,4737452,81428483408208,620947308544,82049430716752,5834483408208,75594000000000,2683.18,0.22015339151057464
0x449e473a9b0a6077d3ec01a98fc5117369ab15ab1966b533657ee963756f28e5,26110803,1791018359,0x35376dd47c061bc3b8c8e8d61987019e7ed58f06,0x3,164,156,8,75594,21752,53842,752,1072411187,72411187,1,131072,4203201,81067851270078,550921961472,81618773231550,5473851270078,75594000000000,2680.11,0.21874729032560947
0xd528f4f6e4bb9ebf0aefb829eb1f74822ea4f78294638c8181e74f057df476b5,26110835,1791018743,0x35376dd47c061bc3b8c8e8d61987019e7ed58f06,0x3,164,156,8,75594,21752,53842,752,1069054079,69054079,1,131072,4156312,80814074047926,544776126464,81358850174390,5220074047926,75594000000000,2680.11,0.21805066794088437
0xc40ef6e4335b892a9f1069a6f1e6a9c5c892e79a98eecd4c7d9d4a1f774d095c,26110867,1791019127,0x35376dd47c061bc3b8c8e8d61987019e7ed58f06,0x3,164,156,8,75594,21752,53842,752,1074299412,74299412,1,131072,4018767,81210589750728,526747828224,81737337578952,5616589750728,75594000000000,2680.11,0.21906505581872504
0x2c6aa4d7588f4a7ba44a194ada05b566587463e50b5c8766c2be094d1c9811fa,26110898,1791019511,0x5f62d006c10c009ff50c878cd6157ac861c99990,0x3,164,156,8,75594,21752,53842,752,1070951681,70951681,1,131072,4347046,80957521373514,569776013312,81527297386826,5363521373514,75594000000000,2680.11,0.21850212499940624
0x329c3890df745ecd17beded0a3a45c59f96290b33b47a105932590061ec58cdd,26110931,1791019907,0x35376dd47c061bc3b8c8e8d61987019e7ed58f06,0x3,164,156,8,75594,21752,53842,752,1062399377,62399377,1,131072,4156304,80311018504938,544775077888,80855793582826,4717018504938,75594000000000,2680.11,0.21670242093926778
0xc3ce09cfe46a00bf5da413a7f3d46b0066c611da5e80e962e0353fc0c6864af2,26110962,1791020279,0x5f62d006c10c009ff50c878cd6157ac861c99990,0x3,164,156,8,75594,21752,53842,752,1070257150,70257150,1,131072,4171872,80905018997100,546815606784,81451834603884,5311018997100,75594000000000,2680.11,0.21829987644021556
0x4e5e5da7b547cd7e63dfe08cd49a26a96abb3f870ee39e605703be07946ef00e,26110994,1791020663,0x5f62d006c10c009ff50c878cd6157ac861c99990,0x3,164,156,8,75594,21752,53842,752,1070769174,70769174,1,131072,4033811,80943724939356,528719675392,81472444614748,5349724939356,75594000000000,2680.11,0.21835511353643225
0xd07d78a6bc2d7429e1c0a1c318808a03a41eba082e7d7d6a62f8b74dfdf30879,26111026,1791021047,0x35376dd47c061bc3b8c8e8d61987019e7ed58f06,0x3,164,156,8,75594,21752,53842,752,1067318161,67318161,1,131072,3757174,80682849062634,492460310528,81175309373162,5088849062634,75594000000000,2680.11,0.2175587584041052
0x3d4694762c2fa63a4b5db29744fecf4c0d01875afc3e9f24ddcb919daf2e0680,26111059,1791021443,0x5f62d006c10c009ff50c878cd6157ac861c99990,0x3,164,156,8,75594,21752,53842,752,1067688506,67688506,1,131072,3885761,80710844922564,509314465792,81220159388356,5116844922564,75594000000000,2680.11,0.21767896137832682
0xb9f7d482bfc7a02d40b999a1ac0271365876c54d400e030f16bffdbc4cb4ae69,26111090,1791021815,0x5f62d006c10c009ff50c878cd6157ac861c99990,0x3,164,156,8,75594,21752,53842,752,1067487960,67487960,1,131072,4314641,80695684848240,565528625152,81261213473392,5101684848240,75594000000000,2683.31,0.2180490267252875
0xc78ee4289e6a6d206262d37f2298fbf7dec761d56c035d2900c6ca1a1b0f34db,26111122,1791022199,0x35376dd47c061bc3b8c8e8d61987019e7ed58f06,0x3,164,156,8,75594,21752,53842,752,1066681796,66681796,1,131072,3632834,80634743686824,476162818048,81110906504872,5040743686824,75594000000000,2683.31,0.21764570653358806
0x41f8bbe2dbc68238b281bff06c52851be529159a826b3bca5fcd68adb5f2a5d6,26111154,1791022583,0x35376dd47c061bc3b8c8e8d61987019e7ed58f06,0x3,164,156,8,75594,21752,53842,752,1064551446,64551446,1,131072,3565544,80473702008924,467342983168,80941044992092,4879702008924,75594000000000,2683.31,0.21718991543773036
0xfcdb86b931cbed3c00098cc29b98d17ba40bc44a20ac8d4cbcf8a4e56a1ab769,26111186,1791022967,0x5f62d006c10c009ff50c878cd6157ac861c99990,0x3,164,156,8,75594,21752,53842,752,1068534901,68534901,1,131072,3673809,80774827306194,481533493248,81256360799442,5180827306194,75594000000000,2683.31,0.2180360054967507
0x17f0ae783e42aa616329222d420d06d8774fcac73cc46ab95e15a5c67e896569,26111218,1791023351,0x5f62d006c10c009ff50c878cd6157ac861c99990,0x3,164,156,8,75594,21752,53842,752,1068858710,68858710,1,131072,3988796,80799305323740,522819469312,81322124793052,5205305323740,75594000000000,2683.31,0.21821247067844435
0x914a403daab154e40fd09d708ff7b2a1e475bf221163929b8509ec40c2ca21c9,26111249,1791023735,0x35376dd47c061bc3b8c8e8d61987019e7ed58f06,0x3,164,156,8,75594,21752,53842,752,1067571375,67571375,1,131072,4064068,80701990521750,532685520896,81234676042646,5107990521750,75594000000000,2683.31,0.21797781857199244
0x2899cd84ef38d773936f62f8ac4e1f06140444c888959b0e5cfac6646b56435f,26111281,1791024119,0x5f62d006c10c009ff50c878cd6157ac861c99990,0x3,164,156,8,75594,21752,53842,752,1065387814,65387814,1,131072,3409086,80536926411516,446835720192,80983762131708,4942926411516,75594000000000,2683.31,0.21730453876563338
0x774d750e70c12089baad6943381cea37542a5cf00eb8e687aef3300b1883ff7a,26111313,1791024503,0x35376dd47c061bc3b8c8e8d61987019e7ed58f06,0x3,164,156,8,75594,21752,53842,752,1072537049,72537049,1,131072,3856789,81077365682106,505517047808,81582882729914,5483365682106,75594000000000,2683.31,0.21891216505800554
0x87452c9ef8feb8ae55d96a66b9eb8123907c5caf7032a4ed4459e3712efdb299,26111345,1791024887,0x35376dd47c061bc3b8c8e8d61987019e7ed58f06,0x3,164,156,8,75594,21752,53842,752,1064231166,64231166,1,131072,3871235,80449490762604,507410513920,80956901276524,4855490762604,75594000000000,2683.31,0.2172324627643096
0xc0e3f19dd2296c56f7104d26ab5fde4c60ea380f73d4596010d5248a74bc8b4a,26111378,1791025283,0x35376dd47c061bc3b8c8e8d61987019e7ed58f06,0x3,164,156,8,75594,21752,53842,752,1072869937,72869937,1,131072,4250562,81102530017578,557129662464,81659659680042,5508530017578,75594000000000,2684.09,0.21918187595060393
0x50552fbbf4f3c4eb2899709045c018d20012511be920d286b7172e1d93a36229,26111409,1791025655,0x35376dd47c061bc3b8c8e8d61987019e7ed58f06,0x3,164,156,8,75594,21752,53842,752,1072787421,72787421,1,131072,4140749,81096292303074,542736252928,81639028556002,5502292303074,75594000000000,2684.09,0.21912650015687943
0xafaa2cd5392e6705ef363b2d5a41ad9fad8b21f21e6e6c8af312131adf3c1f62,26111441,1791026039,0x5f62d006c10c009ff50c878cd6157ac861c99990,0x3,164,156,8,75594,21752,53842,752,1063970565,63970565,1,131072,3959059,80429790890610,518921781248,80948712671858,4835790890610,75594000000000,2684.09,0.21727363019540732
0xe403fcc378d7de87681425e789d5e4c7a2631817a3e200a02b6175a9b89d9fc4,26111474,1791026435,0x5f62d006c10c009ff50c878cd6157ac861c99990,0x3,164,156,8,75594,21752,53842,752,1060835791,60835791,1,131072,3914893,80192820784854,513132855296,80705953640150,4598820784854,75594000000000,2684.09,0.2166220431059902
0xd5eeed3c7c584b4f0395c1afa74929a533dbbef508c4362e41a76858d95091ba,26111505,1791026807,0x35376dd47c061bc3b8c8e8d61987019e7ed58f06,0x3,164,156,8,75594,21752,53842,752,1062315678,62315678,1,131072,3605737,80304691362732,472611160064,80777302522796,4710691362732,75594000000000,2684.09,0.21681354992841154
0x8a7ade147fb7c84b4b1a95912db4d6e79beaaaf21f2dc61037480671af2ccfba,26111537,1791027191,0x5f62d006c10c009ff50c878cd6157ac861c99990,0x3,164,156,8,75594,21752,53842,752,1065928763,65928763,1,131072,3715223,80577818910222,486961709056,81064780619278,4983818910222,75594000000000,2684.09,0.21758516701239788
0xa3a98cb32f8b41cd9b536008ddd4a3a0c7c7b1b125dcf553dde0220b8ca44325,26111569,1791027575,0x35376dd47c061bc3b8c8e8d61987019e7ed58f06,0x3,164,156,8,75594,21752,53842,752,1065556541,65556541,1,131072,3565510,80549681160354,467338526720,81017019687074,4955681160354,75594000000000,2684.09,0.21745697237187847
0x6c20d6fea4feb6becb4b2334d68409fd094134b16739656bacb81792d67f54b1,26111601,1791027959,0x5f62d006c10c009ff50c878cd6157ac861c99990,0x3,164,156,8,75594,21752,53842,752,1063893469,63893469,1,131072,3929547,80423962895586,515053584384,80939016479970,4829962895586,75594000000000,2684.09,0.21724760474372268
0xa82565c2d6ef5df2da68f9be82167522b9eaccc0bbf7142727e08ddae0d65022,26111633,1791028343,0x35376dd47c061bc3b8c8e8d61987019e7ed58f06,0x3,164,156,8,75594,21752,53842,752,1066529488,66529488,1,131072,3660061,80623230115872,479731515392,81102961631264,5029230115872,75594000000000,2684.09,0.2176876482848594
0x248f7d668becc83ec5afc19c138eb6078fdce622c95cbaa6564742fdf2bacd3a,26111665,1791028727,0x35376dd47c061bc3b8c8e8d61987019e7ed58f06,0x3,164,156,8,75594,21752,53842,752,1060898891,60898891,1,131072,3799504,80197590766254,498008588288,80695599354542,4603590766254,75594000000000,2684.09,0.21659425127153265
0xb902a8828f14b4f6ba45ac4d2f3f21441a885f5368cdee886d64168dc90cd775,26111698,1791029123,0x35376dd47c061bc3b8c8e8d61987019e7ed58f06,0x3,164,156,8,75594,21752,53842,752,1058977962,58977962,1,131072,3093232,80052380059428,405436104704,80457816164132,4458380059428,75594000000000,2682.04,0.21579108126484858
0x564ea0bb63add75e2cc5c3a3148ed44b1d9406ecd14cc6d1ef668dbca397dec8,26111730,1791029507,0x5f62d006c10c009ff50c878cd6157ac861c99990,0x3,164,156,8,75594,21752,53842,752,1056573379,56573379,1,131072,3421820,79870608012126,448504791040,80319112803166,4276608012126,75594000000000,2682.04,0.21541907330260335
0x76b17d738ee56058e550fb2181bf84acb5ffaf451a007c79b3faa0864a40cbc9,26111761,1791029879,0x5f62d006c10c009ff50c878cd6157ac861c99990,0x3,164,156,8,75594,21752,53842,752,1071048246,71048246,1,131072,3856748,80964821108124,505511673856,81470332781980,5370821108124,75594000000000,2682.04,0.21850669133458162
0xaa8aa90da14d4537dd38f029c7de87e98cebb80a48335a9acb46e0ba64176071,26111793,1791030263,0x35376dd47c061bc3b8c8e8d61987019e7ed58f06,0x3,164,156,8,75594,21752,53842,752,1070444964,70444964,1,131072,3959023,80919216608616,518917062656,81438133671272,5325216608616,75594000000000,2682.04,0.21842033203169833
0x0d037755d7bc8e508b519b45ec73b31d0f47770824a962c735de733a930dac5a,26111825,1791030647,0x35376dd47c061bc3b8c8e8d61987019e7ed58f06,0x3,164,156,8,75594,21752,53842,752,1067405024,67405024,1,131072,3842348,80689415384256,503624237056,81193039621312,5095415384256,75594000000000,2682.04,0.21776297998594363
0xac14407a41fc4d76bf27f423b2ef4192ced74d09d72d78c1cdc084f756867ba6,26111857,1791031031,0x35376dd47c061bc3b8c8e8d61987019e7ed58f06,0x3,164,156,8,75594,21752,53842,752,1068922039,68922039,1,131072,3929523,80804092616166,515050438656,81319143054822,5210092616166,75594000000000,2682.04,0.2181011944387548
0x7d3667e98e503302ba9f7f7dd67946aab4a519e590eca14c8cfb521496977736,26111889,1791031415,0x5f62d006c10c009ff50c878cd6157ac861c99990,0x3,164,156,8,75594,21752,53842,752,1071745741,71745741,1,131072,4250511,81017547545154,557122977792,81574670522946,5423547545154,75594000000000,2682.04,0.2187865293293621
0x0c1c2207c5301b4441f9db8818937c4b3fc87994cf9a7a1a8b1465d488f40d9c,26111921,1791031799,0x5f62d006c10c009ff50c878cd6157ac861c99990,0x3,164,156,8,75594,21752,53842,752,1061426575,61426575,1,131072,3499439,80237480510550,458678468608,80696158979158,4643480510550,75594000000000,2682.04,0.21643032622846092
0xf98df5de858fd6e06ff47723ced150994fd2a05f6998e69cbfcbb2f8b2bc29d4,26111952,1791032183,0x35376dd47c061bc3b8c8e8d61987019e7ed58f06,0x3,164,156,8,75594,21752,53842,752,1063658566,63658566,1,131072,3447486,80406205638204,451868884992,80858074523196,4812205638204,75594000000000,2682.04,0.21686459019419257
0x108f72add0efa9908360898627b8db045e54c9e4100ca862fb316056305a1846,26111985,1791032579,0x35376dd47c061bc3b8c8e8d61987019e7ed58f06,0x3,164,156,8,75594,21752,53842,752,1078479036,78479036,1,131072,4187400,81526544247384,548850892800,82075395140184,5932544247384,75594000000000,2681.15,0.22005644568010435
0xdcfc86973a6e2df9e25f1961789a8752346898eee752910d58161719629fc069,26112017,1791032963,0x35376dd47c061bc3b8c8e8d61987019e7ed58f06,0x3,164,156,8,75594,21752,53842,752,1069484862,69484862,1,131072,3525700,80846638658028,462120550400,81308759208428,5252638658028,75594000000000,2681.15,0.21800097975167676
0xb0ed7a229a391fa03b74b94f38d0d450e555a93bf7f416efde8fd4c990844a51,26112048,1791033335,0x5f62d006c10c009ff50c878cd6157ac861c99990,0x3,164,156,8,75594,21752,53842,752,1076703988,76703988,1,131072,4003660,81392361268872,524767723520,81917128992392,5798361268872,75594000000000,2681.15,0.2196321103979518
0x16e8aa26dd08f87b51cac90a8bce85778a1c0670581584b6746783a80216bc1a,26112080,1791033719,0x35376dd47c061bc3b8c8e8d61987019e7ed58f06,0x3,164,156,8,75594,21752,53842,752,1072178469,72178469,1,131072,4018656,81050259185586,526733279232,81576992464818,5456259185586,75594000000000,2681.15,0.2187201533470468
0x57f220c2aab1495f264279487c8a64e99212d051d1248d38682db36ea515613c,26112112,1791034103,0x35376dd47c061bc3b8c8e8d61987019e7ed58f06,0x3,164,156,8,75594,21752,53842,752,1067482414,67482414,1,131072,3813695,80695265603916,499868631040,81195134234956,5101265603916,75594000000000,2681.15,0.21769633415405226
0x3caf9f8fcc7b5e72766c24999b53eac4673292bdbe28e838b84c7845776a6701,26112144,1791034487,0x35376dd47c061bc3b8c8e8d61987019e7ed58f06,0x3,164,156,8,75594,21752,53842,752,1066146570,66146570,1,131072,4218817,80594283812580,552968781824,81147252594404,5000283812580,75594000000000,2681.15,0.2175679562934863
0x9a845d80bfc01ebc953f7644e0b94a89ff0cadaa305caf78d759132923412891,26112176,1791034871,0x5f62d006c10c009ff50c878cd6157ac861c99990,0x3,164,156,8,75594,21752,53842,752,1070059348,70059348,1,131072,4048812,80890066352712,530685886464,81420752239176,5296066352712,75594000000000,2681.15,0.21830124986606672
0xc3a522bfae1bc94ba5f58ecbc1753e9a55dcd11232fe8412ec266f343925003b,26112208,1791035255,0x35376dd47c061bc3b8c8e8d61987019e7ed58f06,0x3,164,156,8,75594,21752,53842,752,1073051051,73051051,1,131072,3842315,81116221149294,503619911680,81619841060974,5522221149294,75594000000000,2681.15,0.21883503686063047
0xcbaa12a1f12a7c917c15930086d91b0c76cc392f49b14cbe886b5d3133ed866a,26112240,1791035639,0x35376dd47c061bc3b8c8e8d61987019e7ed58f06,0x3,164,156,8,75594,21752,53842,752,1084578112,84578112,1,131072,4529432,81987597798528,593681711104,82581279509632,6393597798528,75594000000000,2681.15,0.22141279755724982
0x41780bb43484e618bc0cf02974f369ab7a303ba9c8c6a7975f6746dccfe41421,26112272,1791036023,0x5f62d006c10c009ff50c878cd6157ac861c99990,0x3,164,156,8,75594,21752,53842,752,1088848620,88848620,1,131072,3771142,82310422580280,494291124224,82804713704504,6716422580280,75594000000000,2683.04,0.2221683590577324
0xba866786bd32d7f69c25e8d13748d53181ed70e20f29660e5ad19b2d63e954a3,26112303,1791036407,0x35376dd47c061bc3b8c8e8d61987019e7ed58f06,0x3,164,156,8,75594,21752,53842,752,1078815126,78815126,1,131072,4614903,81551950634844,604884566016,82156835200860,5957950634844,75594000000000,2683.04,0.2204300751173154
0xfc438006a70e835484aa424a01f232358c676e11ae36d4b69c7e0dcf35af522d,26112335,1791036791,0x5f62d006c10c009ff50c878cd6157ac861c99990,0x3,164,156,8,75594,21752,53842,752,1077364989,77364989,1,131072,4529423,81442328978466,593680531456,82036009509922,5848328978466,75594000000000,2683.04,0.22010589495550112
0x62bb3bef04729135f86f51393863c597f24b56033bd0470a0d6c7d3dc7417f41,26112367,1791037175,0x35376dd47c061bc3b8c8e8d61987019e7ed58f06,0x3,164,156,8,75594,21752,53842,752,1071117363,71117363,1,131072,4412404,80970045938622,578342617088,81548388555710,5376045938622,75594000000000,2683.04,0.21879758843051214
0x16a8fda4f2af0b12824f81d80c2b6928029c863ef95d91c1448621d7a524bd31,26112399,1791037559,0x5f62d006c10c009ff50c878cd6157ac861c99990,0x3,164,156,8,75594,21752,53842,752,1084584358,84584358,1,131072,4954680,81988069958652,649419816960,82637489775612,6394069958652,75594000000000,2683.04,0.221719690567558
0x6b05d2cde9d09ff3e760db17c97486937d579dab4b34fd5924abfcf09beb7ace,26112430,1791037943,0x5f62d006c10c009ff50c878cd6157ac861c99990,0x3,164,156,8,75594,21752,53842,752,1084801247,84801247,1,131072,4445519,82004465465718,582683066368,82587148532086,6410465465718,75594000000000,2683.04,0.22158462299752804
0xa5630227876c823763dbbea9086b63b4f6d64c5692441c6696e5a5fa18670781,26112462,1791038327,0x35376dd47c061bc3b8c8e8d61987019e7ed58f06,0x3,164,156,8,75594,21752,53842,752,1084130361,84130361,1,131072,4954672,81953750509434,649418768384,82603169277818,6359750509434,75594000000000,2683.04,0.2216276072991568
0x300efd828f22cd77c9a668392087724bea8d82122051b378052ae0f8000b0a0e,26112494,1791038711,0x5f62d006c10c009ff50c878cd6157ac861c99990,0x3,164,156,8,75594,21752,53842,752,1097336611,97336611,1,131072,5359401,82952063771934,702467407872,83654531179806,7358063771934,75594000000000,2683.04,0.2244484533366667
0xc0754803ebf91a11b4a8782c74d9bb710af43a8f7d4744bb7b5543e8234de0a4,26112525,1791039095,0x35376dd47c061bc3b8c8e8d61987019e7ed58f06,0x3,164,156,8,75594,21752,53842,752,1086986825,86986825,1,131072,5359397,82169682049050,702466883584,82872148932634,6575682049050,75594000000000,2683.04,0.2223492904722143
0xcc176444fc5b93d1a4b325b10b7cad235962359ef4ec66a4c0d3308d30d1a00c,26112557,1791039479,0x5f62d006c10c009ff50c878cd6157ac861c99990,0x3,164,156,8,75594,21752,53842,752,1089396539,89396539,1,131072,4881106,82351841969166,639776325632,82991618294798,6757841969166,75594000000000,2683.04,0.22266983154967482
0xc957daa2b3241ff8c5a11aa7233c3a22f8775700d9fe9017442ef3f567632a31,26112589,1791039863,0x5f62d006c10c009ff50c878cd6157ac861c99990,0x3,164,156,8,75594,21752,53842,752,1088840169,88840169,1,131072,5399618,82309783735386,707738730496,83017522465882,6715783735386,75594000000000,2681.1,0.22257827948327621
0xf80de617105bee22f8efd04d0f527a85a18329e4fbfbb0eb400a8afe8522e58e,26112621,1791040247,0x35376dd47c061bc3b8c8e8d61987019e7ed58f06,0x3,164,156,8,75594,21752,53842,752,1084020987,84020987,1,131072,5299602,81945482491278,694629433344,82640111924622,6351482491278,75594000000000,2681.1,0.22156640408110403
0x378348f4ce52fc31ad4d806b7651403a708af71b5867661efc871e46e9e032ed,26112653,1791040631,0x35376dd47c061bc3b8c8e8d61987019e7ed58f06,0x3,164,156,8,75594,21752,53842,752,1090280466,90280466,1,131072,4462149,82418661546804,584862793728,83003524340532,6824661546804,75594000000000,2681.1,0.22254074910940036
0xa681524749dfc5c38b165d6219910b6a02ab3cd282484286d8109b6773f138b7,26112685,1791041015,0x35376dd47c061bc3b8c8e8d61987019e7ed58f06,0x3,164,156,8,75594,21752,53842,752,1084678748,84678748,1,131072,5220921,81995205276312,684316557312,82679521833624,6401205276312,75594000000000,2681.1,0.2216720659881293
0x1d3e4f5e89dff5fd9345cf5969b2119bb7d4cb772b9db87c48618745f44387f8,26112717,1791041399,0x5f62d006c10c009ff50c878cd6157ac861c99990,0x3,164,156,8,75594,21752,53842,752,1086070681,86070681,1,131072,4478858,82100427059514,587052875776,82687479935290,6506427059514,75594000000000,2681.1,0.221693402454506
0x73ccf43712b460b53eb8edde136bcadacf41d8b9bc66fdd4319d154577cc6e75,26112749,1791041783,0x35376dd47c061bc3b8c8e8d61987019e7ed58f06,0x3,164,156,8,75594,21752,53842,752,1083789792,83789792,1,131072,4580473,81928005536448,600371757056,82528377293504,6334005536448,75594000000000,2681.1,0.22126683236161354
0xcff5f0795e3db1c67bb295906fed62a7d5520528ba59cccc767022cc0c911509,26112781,1791042167,0x5f62d006c10c009ff50c878cd6157ac861c99990,0x3,164,156,8,75594,21752,53842,752,1066522707,66522707,1,131072,4346859,80622717512958,569751502848,81192469015806,5028717512958,75594000000000,2681.1,0.21768512867827747
0x9b808ed64d645063adb6ae48e8c08282ec3d7ca807129dc249e508efa3307948,26112813,1791042551,0x35376dd47c061bc3b8c8e8d61987019e7ed58f06,0x3,164,156,8,75594,21752,53842,752,1065641682,65641682,1,131072,4218752,80556117309108,552960262144,81109077571252,4962117309108,75594000000000,2681.1,0.21746154787628375
0x7fef9d8ef492938af9c9d7d15801df1836cce13839bb660ee2f25c96889939c0,26112845,1791042935,0x5f62d006c10c009ff50c878cd6157ac861c99990,0x3,164,156,8,75594,21752,53842,752,1082578405,82578405,1,131072,5010517,81836431947570,656738484224,82493170431794,6242431947570,75594000000000,2681.1,0.22117243924468288
0x58fd41d0bffb62a229cb734a69d33e3e7c3aef3b0a173a4e554f94d677fcb4f8,26112877,1791043319,0x35376dd47c061bc3b8c8e8d61987019e7ed58f06,0x3,164,156,8,75594,21752,53842,752,1090108147,90108147,1,131072,4719544,82405635264318,618600071168,83024235335486,6811635264318,75594000000000,2681.0,0.22258797493443797
0xcd621fd083b0fb00a39fa4ef81a28406bfcc02f651ccd13ddc2cb7385f1921c3,26112909,1791043703,0x5f62d006c10c009ff50c878cd6157ac861c99990,0x3,164,156,8,75594,21752,53842,752,1083448731,83448731,1,131072,4282314,81902223371214,561291460608,82463514831822,6308223371214,75594000000000,2681.0,0.2210846832641148
0x0e3a8fca23568de9d41c93a32a8ed18648350eaf9c908281dc7e35263588de63,26112940,1791044087,0x35376dd47c061bc3b8c8e8d61987019e7ed58f06,0x3,164,156,8,75594,21752,53842,752,1078566567,78566567,1,131072,4580450,81533161065798,600368742400,82133529808198,5939161065798,75594000000000,2681.0,0.22019999341577884
0x8596967e14f251e9ca4f7aacfdbdc791b5daad684a1379dc6be5d206d4f0ad47,26112972,1791044471,0x5f62d006c10c009ff50c878cd6157ac861c99990,0x3,164,156,8,75594,21752,53842,752,1070586441,70586441,1,131072,4346836,80929911420954,569748488192,81499659909146,5335911420954,75594000000000,2681.0,0.21850058821642043
0xb39efc1493989d8903956534bd374e61e9017fae46318412cc32ba6e515484a4,26113004,1791044855,0x5f62d006c10c009ff50c878cd6157ac861c99990,0x3,164,156,8,75594,21752,53842,752,1077210346,77210346,1,131072,4363117,81430638895524,571882471424,82002521366948,5836638895524,75594000000000,2681.0,0.2198487597847876
0x7ea07ea05b6afe7b33e7b08d0d73928676d708f70b7c68e774d127f2a57b9f44,26113036,1791045239,0x35376dd47c061bc3b8c8e8d61987019e7ed58f06,0x3,164,156,8,75594,21752,53842,752,1109922988,109922988,1,131072,6558438,83903518354872,859627585536,84763145940408,8309518354872,75594000000000,2681.0,0.22724999426623382
0xf4b7d59915380f941d1b4aaf2242a5f467cbaddb505abb6334da812cec4b413a,26113068,1791045623,0x5f62d006c10c009ff50c878cd6157ac861c99990,0x3,164,156,8,75594,21752,53842,752,1095569402,95569402,1,131072,5048100,82818473374788,661664563200,83480137937988,7224473374788,75594000000000,2681.0,0.22381024981174583
0x224edba06638a0a3a6e811e8ab3bb9fee69318f0f2c701ddfafa8a02fcefcc83,26113100,1791046007,0x35376dd47c061bc3b8c8e8d61987019e7ed58f06,0x3,164,156,8,75594,21752,53842,752,1077962474,77962474,1,131072,4395857,81487495259556,576173768704,82063669028260,5893495259556,75594000000000,2681.0,0.22001269666476506
0x816fafee4ca9192a0312ab64b8ce25ac0fe3d36373cdfdc53229a64c34a5321d,26113132,1791046391,0x5f62d006c10c009ff50c878cd6157ac861c99990,0x3,164,156,8,75594,21752,53842,752,1061594832,61594832,1,131072,3799371,80250199730208,497991155712,80748190885920,4656199730208,75594000000000,2681.0,0.21648589976515153
0x5df394c2fd94d304fcc6de269f30cfe02c7b24533fa9b740e8c70b2474f715ad,26113163,1791046775,0x5f62d006c10c009ff50c878cd6157ac861c99990,0x3,164,156,8,75594,21752,53842,752,1073119529,73119529,1,131072,3742966,81121397675226,490598039552,81611995714778,5527397675226,75594000000000,2681.0,0.21880176051131983
0x6ca7f81bf71c24f5037b97220738111480d16981f886cecc2170adcd7387ef9f,26113196,1791047171,0x5f62d006c10c009ff50c878cd6157ac861c99990,0x3,164,156,8,75594,21752,53842,752,1071741860,71741860,1,131072,4266303,81017254164840,559192866816,81576447031656,5423254164840,75594000000000,2688.47,0.2193158305511962
0x4eaab6c7f7b5a3d1b38022d4e2af285062de2bccabe06e09f12166726e60def7,26113227,1791047543,0x35376dd47c061bc3b8c8e8d61987019e7ed58f06,0x3,164,156,8,75594,21752,53842,752,1090399027,90399027,1,131072,5143347,82427624047038,674148777984,83101772825022,6833624047038,75594000000000,2688.47,0.22341662318688688
0xacdc83faa06321d7397fb5b78363873afc45340e942e64b5877c79e97c26700d,26113259,1791047927,0x5f62d006c10c009ff50c878cd6157ac861c99990,0x3,164,156,8,75594,21752,53842,752,1116733834,116733834,1,131072,6270635,84418377447396,821904670720,85240282118116,8824377447396,75594000000000,2688.47,0.2291659412660913
0x621e4dafdfd3673dd973419c521de0e36f01c51da96418778073c2d1b351231b,26113291,1791048311,0x35376dd47c061bc3b8c8e8d61987019e7ed58f06,0x3,164,156,8,75594,21752,53842,752,1173730290,173730290,1,131072,9012149,88726967542260,1181240393728,89908207935988,13132967542260,75594000000000,2688.47,0.24171551978966566
0x3c471129c342e47e7e2a42e7cd7c48b7e034e12afb8f414fc9b32a84b79eea33,26113323,1791048695,0x35376dd47c061bc3b8c8e8d61987019e7ed58f06,0x3,164,156,8,75594,21752,53842,752,1269234309,269234309,1,131072,14115448,95946498354546,1850140000256,97796638354802,20352498354546,75594000000000,2688.47,0.2629233283177345
0x22af748f82922d31ac7f8c0d9045fcedb585f2cdb47f80282756e0133514c656,26113355,1791049079,0x35376dd47c061bc3b8c8e8d61987019e7ed58f06,0x3,164,156,8,75594,21752,53842,752,1217714541,217714541,1,131072,11974110,92051913012354,1569470545920,93621383558274,16457913012354,75594000000000,2688.47,0.2516982810549129
0xd48c09aedc84c8d98bd594ae87596347ab25247086b2d9c4bf4880443d1a1799,26113387,1791049463,0x5f62d006c10c009ff50c878cd6157ac861c99990,0x3,164,156,8,75594,21752,53842,752,1158590635,158590635,1,131072,9784823,87582500462190,1282516320256,88865016782446,11988500462190,75594000000000,2688.47,0.23891093166910257
0x588732bbfd271343bac214a12c2000b39976f77844e70033bb692c8258719444,26113419,1791049847,0x35376dd47c061bc3b8c8e8d61987019e7ed58f06,0x3,164,156,8,75594,21752,53842,752,1123194708,123194708,1,131072,5542701,84906780756552,726492905472,85633273662024,9312780756552,75594000000000,2688.47,0.23022248724214164
0xe264d4c0c5b965c85c5e2b9c549842483bc98e72eed3bc39959b61163ad74971,26113451,1791050231,0x5f62d006c10c009ff50c878cd6157ac861c99990,0x3,164,156,8,75594,21752,53842,752,1106691694,106691694,1,131072,6582943,83659251916236,862839504896,84522091421132,8065251916236,75594000000000,2688.47,0.22723510712297074
0xd615e8bac85e384c005d045c5d24ecd9777617338c90fabdb196122e09a9d33c,26113483,1791050615,0x5f62d006c10c009ff50c878cd6157ac861c99990,0x3,164,156,8,75594,21752,53842,752,1114414585,114414585,1,131072,7041248,84243056138490,922910457856,85165966596346,8649056138490,75594000000000,2684.9,0.22866210371452939
0x87f727c2c7d20acd2f64e2f077923343cd1b1eb0bb37ec669ecb0370a2e8b485,26113515,1791050999,0x5f62d006c10c009ff50c878cd6157ac861c99990,0x3,164,156,8,75594,21752,53842,752,1101847158,101847158,1,131072,6063086,83293034061852,794700808192,84087734870044,7699034061852,75594000000000,2684.9,0.22576715935258115
0x3dd67b00359b7b330b9fa3726553780f7fe6a353787c3e69dd979b0fbdfad3cd,26113547,1791051383,0x5f62d006c10c009ff50c878cd6157ac861c99990,0x3,164,156,8,75594,21752,53842,752,1152333571,152333571,1,131072,8457063,87109503966174,1108484161536,88217988127710,11515503966174,75594000000000,2684.9,0.23685647632408857
0x082e7e5869faeb11bf69f73068dde2f6efba9b008bb9024c52ef0262b28c5ed7,26113579,1791051767,0x35376dd47c061bc3b8c8e8d61987019e7ed58f06,0x3,164,156,8,75594,21752,53842,752,1230416595,230416595,1,131072,10864751,93012112082430,1424064643072,94436176725502,17418112082430,75594000000000,2684.9,0.25355169089030033
0xc477733c4016deaf383f3c00bf1296b3b77f95ad11f27e80ef1e30b63c0a2b12,26113609,1791052151,0x35376dd47c061bc3b8c8e8d61987019e7ed58f06,0x3,164,156,8,75594,21752,53842,752,1441914233,441914233,1,131072,16764500,109000064529402,2197356544000,111197421073402,33406064529402,75594000000000,2684.9,0.29855395583997707
0xe47243cde1f0c935a210c08fa348fa5c058d0bd63b824a60c01820bbfa67fd91,26113641,1791052535,0x5f62d006c10c009ff50c878cd6157ac861c99990,0x3,164,156,8,75594,21752,53842,752,1601888306,601888306,1,131072,26257727,121093144603764,3441652793344,124534797397108,45499144603764,75594000000000,2684.9,0.33436347753149526
0xc4f8ed227668ab057dbf32733d7e58bac761a311ca537f31095a2a3cdd044227,26113673,1791052919,0x5f62d006c10c009ff50c878cd6157ac861c99990,0x3,164,156,8,75594,21752,53842,752,1584354882,584354882,1,131072,36762645,119767722949908,4818553405440,124586276355348,44173722949908,75594000000000,2684.9,0.33450169338647384
0xe04a686c175761d5c0ca401b1b182d6ce7a33393d35671d7fb87a1fe422087fa,26113704,1791053303,0x5f62d006c10c009ff50c878cd6157ac861c99990,0x3,164,156,8,75594,21752,53842,752,1683896615,683896615,1,131072,37596715,127292480714310,4927876628480,132220357342790,51698480714310,75594000000000,2684.9,0.35499843742965687
0x895aeb0e4e4aa2fb2eb5d7977ef67d7039949b59d4b2aca3f02f05883d23779c,26113736,1791053687,0x35376dd47c061bc3b8c8e8d61987019e7ed58f06,0x3,164,156,8,75594,21752,53842,752,1741402449,741402449,1,131072,43662136,131639576729706,5722883489792,137362460219498,56045576729706,75594000000000,2684.9,0.36880446944333023
0xcdc64be3a1d3edc7de2b23cd77802e385ca32d5786fe6bcb10ef508d14819091,26113768,1791054071,0x35376dd47c061bc3b8c8e8d61987019e7ed58f06,0x3,164,156,8,75594,21752,53842,752,1370493179,370493179,1,131072,20135370,103601061373326,2639183216640,106240244589966,28007061373326,75594000000000,2684.99,0.2852539943216128
0x9caff68d571ac6f315c8af089228c653671da489206820441545b8f91128b325,26113800,1791054455,0x5f62d006c10c009ff50c878cd6157ac861c99990,0x3,164,156,8,75594,21752,53842,752,1281380412,281380412,1,131072,16827229,96864670864728,2205578559488,99070249424216,21270670864728,75594000000000,2684.99,0.26600262900152566
0x0be686238e35973cd09d14d2b86bbf68e5c0db2f1194e035453ce4495777d247,26113832,1791054839,0x35376dd47c061bc3b8c8e8d61987019e7ed58f06,0x3,164,156,8,75594,21752,53842,752,1173683845,173683845,1,131072,10584005,88723456578930,1387266703360,90110723282290,13129456578930,75594000000000,2684.99,0.2419463909057158
0x12248602b00392e14c52c90b67d05b32dcbe4fc15a751f0f08e7dc8734ba374c,26113864,1791055223,0x5f62d006c10c009ff50c878cd6157ac861c99990,0x3,164,156,8,75594,21752,53842,752,1146978477,146978477,1,131072,8362664,86704690990338,1096111095808,87800802086146,11110690990338,75594000000000,2684.99,0.23574427559328112
0x6003a72867e575ef80bdf418dd0f74d3b31c429bf4e7a45147f598fddc50d1f3,26113896,1791055607,0x35376dd47c061bc3b8c8e8d61987019e7ed58f06,0x3,164,156,8,75594,21752,53842,752,1098572075,98572075,1,131072,5379296,83045457437550,705075085312,83750532522862,7451457437550,75594000000000,2684.99,0.22486934231855923
0xea5249f3db69e00c2ced614a6e2a8dfcc75b3b5102fe7613561d4c51caf53a73,26113928,1791055991,0x5f62d006c10c009ff50c878cd6157ac861c99990,0x3,164,156,8,75594,21752,53842,752,1090258072,90258072,1,131072,6317602,82416968694768,828060729344,83245029424112,6822968694768,75594000000000,2684.99,0.22351207155344646
0xed3f60dec4419a9dae65f43b51418664162522df7b1ef68b7fd90170086eea1c,26113960,1791056375,0x35376dd47c061bc3b8c8e8d61987019e7ed58f06,0x3,164,156,8,75594,21752,53842,752,1095485583,95485583,1,131072,5379287,82812137161302,705073905664,83517211066966,7218137161302,75594000000000,2684.99,0.224242876542693
0xc20b3fb4f8ed6a4fc827862a49d37f55e493962156411803f6e27850b964f566,26113992,1791056759,0x35376dd47c061bc3b8c8e8d61987019e7ed58f06,0x3,164,156,8,75594,21752,53842,752,1089526190,89526190,1,131072,5647224,82361642806860,740192944128,83101835750988,6767642806860,75594000000000,2684.99,0.22312759797304527
0x8de1211fd254f326d31182dbd0622cee5d8e38dffb5a8971c51c2f98073bd8f3,26114024,1791057143,0x5f62d006c10c009ff50c878cd6157ac861c99990,0x3,164,156,8,75594,21752,53842,752,1108875812,108875812,1,131072,6131410,83824358132328,803656171520,84628014303848,8230358132328,75594000000000,2684.99,0.22722537212568883
0xbd14355f99b219bad7f4a561869e9c748d85cda29ab2f7d5fd40dced96156663,26114056,1791057527,0x5f62d006c10c009ff50c878cd6157ac861c99990,0x3,164,156,8,75594,21752,53842,752,1129740231,129740231,1,131072,7282138,85401583022214,954484391936,86356067414150,9807583022214,75594000000000,2684.99,0.23186517744631857
0x4b3b6a14fe6dcb0b46a913d04d123a1276feb20f2062ecaceb6fcaba0482fc23,26114088,1791057911,0x35376dd47c061bc3b8c8e8d61987019e7ed58f06,0x3,164,156,8,75594,21752,53842,752,1106689462,106689462,1,131072,6270512,83659083190428,821888548864,84480971739292,8065083190428,75594000000000,2686.26,0.22693785514439055
0x3a76b5f9d122ba0c3b4723b7e547d31e035c7cfc2b177ebb075eb7e48bf0fc69,26114120,1791058295,0x35376dd47c061bc3b8c8e8d61987019e7ed58f06,0x3,164,156,8,75594,21752,53842,752,1083327028,83327028,1,131072,4563228,81893023354632,598111420416,82491134775048,6299023354632,75594000000000,2686.26,0.22159263570082044
0xe760f5b7e88d0d1f321e3f4a409a4a0e57ed5230b567dd576ed4c043e3324f6a,26114152,1791058679,0x35376dd47c061bc3b8c8e8d61987019e7ed58f06,0x3,164,156,8,75594,21752,53842,752,1066722521,66722521,1,131072,3929309,80637822252474,515022389248,81152844641722,5043822252474,75594000000000,2686.26,0.21799764044727216
0x89441284e9ef1257cc09fd1e505dfe9c547f64aafb2599a5f1c5208962957298,26114184,1791059063,0x5f62d006c10c009ff50c878cd6157ac861c99990,0x3,164,156,8,75594,21752,53842,752,1070774047,70774047,1,131072,4412211,80944093308918,578317320192,81522410629110,5350093308918,75594000000000,2686.26,0.21899039077655305
0x66f166660e6bd7f87fa630804feba23a5479a7aae4d12f1e10d25474a01b5ee2,26114216,1791059447,0x35376dd47c061bc3b8c8e8d61987019e7ed58f06,0x3,164,156,8,75594,21752,53842,752,1067295621,67295621,1,131072,3320782,80681145173874,435261538304,81116406712178,5087145173874,75594000000000,2686.26,0.2178997586946553
0x1acf29a4d34b9fe433d8c740396638b3de8ade35f9feaca60d222b6e09ff6177,26114248,1791059831,0x5f62d006c10c009ff50c878cd6157ac861c99990,0x3,164,156,8,75594,21752,53842,752,1065209873,65209873,1,131072,3538719,80523475139562,463826976768,80987302116330,4929475139562,75594000000000,2686.26,0.21755295018301266
0xea3353aed8293f09cb7e54fd31a0a017e792a2176ca7203fd6ed29979f470cd4,26114280,1791060215,0x5f62d006c10c009ff50c878cd6157ac861c99990,0x3,164,156,8,75594,21752,53842,752,1081421814,81421814,1,131072,4614683,81749000607516,604855730176,82353856337692,6155000607516,75594000000000,2686.26,0.22122387012568853
0xb5818ebb54773a9869e6cc7f269e680b56e9bfdd57344fe3da15134b1b9b95ad,26114312,1791060599,0x5f62d006c10c009ff50c878cd6157ac861c99990,0x3,164,156,8,75594,21752,53842,752,1094421344,94421344,1,131072,4954451,82731687078336,649389801472,83381076879808,7137687078336,75594000000000,2686.26,0.22398325157915305
0x19667d4682c616b6b99fb103a374dcca5d5421784093caaafdf3bd0d94673f6c,26114344,1791060983,0x35376dd47c061bc3b8c8e8d61987019e7ed58f06,0x3,164,156,8,75594,21752,53842,752,1105167013,105167013,1,131072,5972961,83543995180722,782887944192,84326883124914,7949995180722,75594000000000,2686.26,0.22652393306313148
0xef07e2fcfceba63277af4ac6810ef2925aaa3789de9d678803038700cd60646f,26114376,1791061367,0x35376dd47c061bc3b8c8e8d61987019e7ed58f06,0x3,164,156,8,75594,21752,53842,752,1077426637,77426637,1,131072,4737053,81446989197378,620895010816,82067884208194,5852989197378,75594000000000,2684.99,0.22035144842015877
0xea96a457cb974358899c266fd21f846b9fc73c95b2439d0fe0798c3f470650ed,26114408,1791061751,0x5f62d006c10c009ff50c878cd6157ac861c99990,0x3,164,156,8,75594,21752,53842,752,1072623603,72623603,1,131072,4109606,81083908645182,538654277632,81622562922814,5489908645182,75594000000000,2684.99,0.21915576522212635
0x9c3c3e1a46616d4d24b58141df5c754116050e48d3516dc7734bb612425f01ce,26114440,1791062135,0x35376dd47c061bc3b8c8e8d61987019e7ed58f06,0x3,164,156,8,75594,21752,53842,752,1064834548,64834548,1,131072,3770946,80495102821512,494265434112,80989368255624,4901102821512,75594000000000,2684.99,0.21745564387266786
0x17ddb041c67189dbff707581da44f1ba98bf988ff2be0d043c7160f5b5ceb98a,26114472,1791062519,0x5f62d006c10c009ff50c878cd6157ac861c99990,0x3,164,156,8,75594,21752,53842,752,1091834771,91834771,1,131072,5399374,82536157678974,707706748928,83243864427902,6942157678974,75594000000000,2684.99,0.22350894355027257
0x0edb54fafda21b7157ed391e92928beb481b3586b55304c3380d777eba16bd86,26114504,1791062903,0x5f62d006c10c009ff50c878cd6157ac861c99990,0x3,164,156,8,75594,21752,53842,752,1093230219,93230219,1,131072,5379218,82641645175086,705064861696,83346710036782,7047645175086,75594000000000,2684.99,0.22378508298165928
0x8bc752540c1cfa5c28a63dfc511a5f8f0f98d5975aaae8263267773b489c01b3,26114536,1791063287,0x35376dd47c061bc3b8c8e8d61987019e7ed58f06,0x3,164,156,8,75594,21752,53842,752,1103903936,103903936,1,131072,5668305,83448514137984,742956072960,84191470210944,7854514137984,75594000000000,2684.99,0.22605325560168252
0x039593488d624884d47118500c0734338a8668e3c8f9476abdd5f431764b8b05,26114568,1791063671,0x5f62d006c10c009ff50c878cd6157ac861c99990,0x3,164,156,8,75594,21752,53842,752,1096749164,96749164,1,131072,5584152,82907656303416,731925970944,83639582274360,7313656303416,75594000000000,2684.99,0.22457144201083384
0xa5fbc4038492ab607245d06dbdb43ac3bbcc097211e80f05e8fe0626cd882a40,26114600,1791064055,0x35376dd47c061bc3b8c8e8d61987019e7ed58f06,0x3,164,156,8,75594,21752,53842,752,1099700028,99700028,1,131072,6108441,83130723916632,800645578752,83931369495384,7536723916632,75594000000000,2684.99,0.22535488778141108
0x6cb0ac1cc13a44efb7e930af066f8db7a7f3eb352cabef999ee948f863a06210,26114632,1791064439,0x35376dd47c061bc3b8c8e8d61987019e7ed58f06,0x3,164,156,8,75594,21752,53842,752,1085354378,85354378,1,131072,5259863,82046278850532,689420763136,82735699613668,6452278850532,75594000000000,2684.99,0.22214452610570243
0x1c5052d774ec39fa2eb221a0aafa5c825b478d99e5f82f82219b364c6e1c346a,26114664,1791064823,0x5f62d006c10c009ff50c878cd6157ac861c99990,0x3,164,156,8,75594,21752,53842,752,1062129927,62129927,1,131072,3370787,80290649701638,441815793664,80732465495302,4696649701638,75594000000000,2686.17,0.21686112683951536
0xab6775babdf907244e238bf7b8023cd3cb965194a3ea6420b3d37169f1f64af9,26114696,1791065207,0x5f62d006c10c009ff50c878cd6157ac861c99990,0x3,164,156,8,75594,21752,53842,752,1063866149,63866149,1,131072,3198870,80421897667506,419282288640,80841179956146,4827897667506,75594000000000,2686.17,0.2171531523628007
0xc83e676158274f3cc9202415e8a886d6976c7ba00d1cc8aaf788eb03150ae6e2,26114727,1791065591,0x5f62d006c10c009ff50c878cd6157ac861c99990,0x3,164,156,8,75594,21752,53842,752,1064608803,64608803,1,131072,3728857,80478037853982,488748744704,80966786598686,4884037853982,75594000000000,2686.17,0.2174905531577924
0xa0faac1f459d32b8166e4b2c52ee630ef9c4da410e50a8c8b32e49f3bed77513,26114759,1791065975,0x35376dd47c061bc3b8c8e8d61987019e7ed58f06,0x3,164,156,8,75594,21752,53842,752,1063986240,63986240,1,131072,3943971,80430975826560,516944166912,80947919993472,4836975826560,75594000000000,2686.17,0.21743987424886468
0xd62d2c5742c2a94f2fa2ac7564a98d9d4f8d67c774438446b45acf4229ca7545,26114791,1791066359,0x5f62d006c10c009ff50c878cd6157ac861c99990,0x3,164,156,8,75594,21752,53842,752,1062564066,62564066,1,131072,3320738,80323468005204,435255771136,80758723776340,4729468005204,75594000000000,2686.17,0.21693166104629122
0x3b245b47f0543397cb8ccd61c6b9de24c4167286ed1fe00b550ac356ca092fed,26114823,1791066743,0x5f62d006c10c009ff50c878cd6157ac861c99990,0x3,164,156,8,75594,21752,53842,752,1061442310,61442310,1,131072,3047086,80238669982140,399387656192,80638057638332,4644669982140,75594000000000,2686.17,0.21660753128635826
0x588d775b635dde85d4d900bdff71e7961f52a09cdb29d035b39461720cef0521,26114855,1791067127,0x5f62d006c10c009ff50c878cd6157ac861c99990,0x3,164,156,8,75594,21752,53842,752,1059216939,59216939,1,131072,3785036,80070445286766,496112238592,80566557525358,4476445286766,75594000000000,2686.17,0.2164154698278909
0xdc4ee83647e6719768a2bf95a6883a46e1fc4618116e2f542ec68f982ae71622,26114887,1791067511,0x5f62d006c10c009ff50c878cd6157ac861c99990,0x3,164,156,8,75594,21752,53842,752,1067806518,67806518,1,131072,3728844,80719765921692,488747040768,81208512962460,5125765921692,75594000000000,2686.17,0.21813987126437118
0x19a06b71bcf68b0e25e3994cdfc357fa26108f1b08f0fdd40e5ddf6169872b3f,26114919,1791067895,0x35376dd47c061bc3b8c8e8d61987019e7ed58f06,0x3,164,156,8,75594,21752,53842,752,1066117021,66117021,1,131072,4234344,80592050085474,555003936768,81147054022242,4998050085474,75594000000000,2686.17,0.2179747821029258
0xb34e2d301d1ad0a5247da2810ddbc0bcbae6b6e5cc1c4b7502c44d60dde59d82,26114951,1791068279,0x5f62d006c10c009ff50c878cd6157ac861c99990,0x3,164,156,8,75594,21752,53842,752,1067304815,67304815,1,131072,3447243,80681840185110,451837034496,81133677219606,5087840185110,75594000000000,2686.17,0.21793884973698907
0x45dc34ddb06b2fe956aba2843aa440fa2d4381e59e7c78a280eb67f2f63a66c1,26114983,1791068663,0x35376dd47c061bc3b8c8e8d61987019e7ed58f06,0x3,164,156,8,75594,21752,53842,752,1061656448,61656448,1,131072,3421557,80254857530112,448470319104,80703327849216,4660857530112,75594000000000,2687.02,0.21685145599740038
0x03ee433aaa05be1b7bde18416bfa86eab7aee817b1cd02b503c4861d2e8ca442,26115016,1791069059,0x35376dd47c061bc3b8c8e8d61987019e7ed58f06,0x3,164,156,8,75594,21752,53842,752,1063761886,63761886,1,131072,3525450,80414016010284,462087782400,80876103792684,4820016010284,75594000000000,2687.02,0.21731570841301778
0x0f257dbb09b8eee2da279794f0da3d532b67b44631d6f82f216ada5fd2f1662a,26115047,1791069431,0x5f62d006c10c009ff50c878cd6157ac861c99990,0x3,164,156,8,75594,21752,53842,752,1060171450,60171450,1,131072,3473111,80142600591300,455227604992,80597828196292,4548600591300,75594000000000,2687.02,0.21656797632000052
0x4660c26863d742ffcf853b7b581058cfe1f8fae9d4240f4e158975d004d09e55,26115079,1791069815,0x35376dd47c061bc3b8c8e8d61987019e7ed58f06,0x3,164,156,8,75594,21752,53842,752,1058021653,58021653,1,131072,3421549,79980088836882,448469270528,80428558107410,4386088836882,75594000000000,2687.02,0.21611314420577282
0xce7ecf75066c2e099c3e4a42e001e3a87d5122410320a74382b09d43a2d5044e,26115111,1791070199,0x35376dd47c061bc3b8c8e8d61987019e7ed58f06,0x3,164,156,8,75594,21752,53842,752,1064463862,64463862,1,131072,3358173,80467081184028,440162451456,80907243635484,4873081184028,75594000000000,2687.02,0.2173993817934182
0xe2778cf36edbbc132ea0291171f7f9053cab948a39e934232805ffb1ecf8cfe4,26115142,1791070583,0x5f62d006c10c009ff50c878cd6157ac861c99990,0x3,164,156,8,75594,21752,53842,752,1070824938,70824938,1,131072,3856441,80947940363172,505471434752,81453411797924,5353940363172,75594000000000,2687.02,0.21886694656925776
0x73706e03a865d193f22ee16ae993f1406b3fc182293fcce384a3486bb8508288,26115174,1791070967,0x5f62d006c10c009ff50c878cd6157ac861c99990,0x3,164,156,8,75594,21752,53842,752,1083534991,83534991,1,131072,4991541,81908744109654,654251261952,82562995371606,6314744109654,75594000000000,2687.02,0.22184841982341275
0x99c0ab4701ed01d0c0d588d39ddc97ebe236a4d86d26867ad377ac4042342210,26115206,1791071351,0x5f62d006c10c009ff50c878cd6157ac861c99990,0x3,164,156,8,75594,21752,53842,752,1067346807,67346807,1,131072,3646093,80685014528358,477900701696,81162915230054,5091014528358,75594000000000,2687.02,0.21808637648145968
0x2c7b1244804ae5a12869cd03ac3327a317cc2c4353d0f71fec6c56456bd57f3a,26115238,1791071735,0x5f62d006c10c009ff50c878cd6157ac861c99990,0x3,164,156,8,75594,21752,53842,752,1061907716,61907716,1,131072,3565202,80273851883304,467298156544,80741150039848,4679851883304,75594000000000,2687.02,0.21695308498007237
0x4aaeca73d988699247fcbe1dee078529beacbe6575bf12cf593cfc4e509bae34,26115270,1791072119,0x5f62d006c10c009ff50c878cd6157ac861c99990,0x3,164,156,8,75594,21752,53842,752,1085990002,85990002,1,131072,4379231,82094328211188,573994565632,82668322776820,6500328211188,75594000000000,2692.93,0.22262000645538188
0x5d6485e34f68abac984428ee5b6ca7dffcd812a3a326b28d94be169141cbb77d,26115302,1791072503,0x35376dd47c061bc3b8c8e8d61987019e7ed58f06,0x3,164,156,8,75594,21752,53842,752,1059423258,59423258,1,131072,3842036,80086041765252,503583342592,80589625107844,4492041765252,75594000000000,2692.93,0.21702221914166633
0x14cf00f159a4b3b75cfb0d8ceff8cf5fd68213fb33a4a56a52ff820332d7c0be,26115334,1791072887,0x35376dd47c061bc3b8c8e8d61987019e7ed58f06,0x3,164,156,8,75594,21752,53842,752,1070106289,70106289,1,131072,3714892,80893614810666,486918324224,81380533134890,5299614810666,75594000000000,2692.93,0.21915207909493933
0x9c066aab79787f3df6a29e12174e2184ffae9b987fe8868e53ee4b16958d1449,26115366,1791073271,0x5f62d006c10c009ff50c878cd6157ac861c99990,0x3,164,156,8,75594,21752,53842,752,1066410354,66410354,1,131072,3799175,80614224300276,497965465600,81112189765876,5020224300276,75594000000000,2692.93,0.21842944918622045
0x5cc2da76b8582b8db2cdcdd524ae5f4b102b955a024d166475b08d3e814f360b,26115398,1791073655,0x35376dd47c061bc3b8c8e8d61987019e7ed58f06,0x3,164,156,8,75594,21752,53842,752,1065038497,65038497,1,131072,3591953,80510520142218,470804463616,80981324605834,4916520142218,75594000000000,2692.93,0.21807703847078852
0xb197d79d2a25cb6b596208fc7125ab0f109a8a7aa12aa1feeab0e913c5742275,26115430,1791074039,0x35376dd47c061bc3b8c8e8d61987019e7ed58f06,0x3,164,156,8,75594,21752,53842,752,1072589636,72589636,1,131072,3799169,81081340943784,497964679168,81579305622952,5487340943784,75594000000000,2692.93,0.2196873594912161
0xb5d37b832d28af9695c2b432228056067d9e6e799923befc9de169941fcbfdcb,26115462,1791074423,0x5f62d006c10c009ff50c878cd6157ac861c99990,0x3,164,156,8,75594,21752,53842,752,1097890017,97890017,1,131072,5542443,82993897945098,726459088896,83720357033994,7399897945098,75594000000000,2692.93,0.22545306106755345
0xe12c880e02dec7dece061a4a4161c9970c12542319575197a8357ead26bb2844,26115494,1791074807,0x5f62d006c10c009ff50c878cd6157ac861c99990,0x3,164,156,8,75594,21752,53842,752,1108199178,108199178,1,131072,6223599,83773208661732,815739568128,84588948229860,8179208661732,75594000000000,2692.93,0.22779211635663688
0xbce58dd61aa51fe7eac830297303d224f08081d725e4971815a56a96fb9e98f1,26115526,1791075191,0x35376dd47c061bc3b8c8e8d61987019e7ed58f06,0x3,164,156,8,75594,21752,53842,752,1067823326,67823326,1,131072,4048499,80721036505644,530644860928,81251681366572,5127036505644,75594000000000,2692.93,0.2188050903024827
0x02ee70f52fc092602985594d28183fcea64013298a05dd72c7df3c5d4f128ac0,26115557,1791075575,0x35376dd47c061bc3b8c8e8d61987019e7ed58f06,0x3,164,156,8,75594,21752,53842,752,1062234001,62234001,1,131072,4155860,80298517071594,544716881920,80843233953514,4704517071594,75594000000000,2692.93,0.21770517001043646
0x90d23b0dc87a2093e2ca23f8d1a0c4791d5055d3dfa9241198a00cda1ba5d53b,26115589,1791075959,0x5f62d006c10c009ff50c878cd6157ac861c99990,0x3,164,156,8,75594,21752,53842,752,1063665563,63665563,1,131072,3578533,80406734569422,469045477376,80875780046798,4812734569422,75594000000000,2694.3,0.21790361418008788
0x8b252c1f46ea1b7084f5025a98734cedfd413ee7166ebc9153c3c7537efc13a1,26115621,1791076343,0x35376dd47c061bc3b8c8e8d61987019e7ed58f06,0x3,164,156,8,75594,21752,53842,752,1060620612,60620612,1,131072,3174975,80176554543528,416150323200,80592704866728,4582554543528,75594000000000,2694.3,0.21714092472242527
0x73829c94faf591211a88112cf91d2574344deb2be696c24060a9331c7df6f49d,26115653,1791076727,0x35376dd47c061bc3b8c8e8d61987019e7ed58f06,0x3,164,156,8,75594,21752,53842,752,1066205589,66205589,1,131072,3659720,80598745294866,479686819840,81078432114706,5004745294866,75594000000000,2694.3,0.21844961964665238
0x7f0aafc98ae1dbc32fb8f7cc7c25e35f5b7d3679d4396f41385acf05eaab16fa,26115685,1791077111,0x35376dd47c061bc3b8c8e8d61987019e7ed58f06,0x3,164,156,8,75594,21752,53842,752,1065087966,65087966,1,131072,3673428,80514259701804,481483554816,80995743256620,4920259701804,75594000000000,2694.3,0.21822683105631127
0x2b95c9b6cbeb1c6b944396e9638426a6d76381f18abd8c59773bec7fc6e37f6a,26115717,1791077495,0x5f62d006c10c009ff50c878cd6157ac861c99990,0x3,164,156,8,75594,21752,53842,752,1071476167,71476167,1,131072,3578525,80997169368198,469044428800,81466213796998,5403169368198,75594000000000,2694.3,0.21949441983325174
0xc46eb119092ddaedbf902fd962ec434211119e7e83ba95a494e69c73d770a90c,26115750,1791077891,0x5f62d006c10c009ff50c878cd6157ac861c99990,0x3,164,156,8,75594,21752,53842,752,1073003862,73003862,1,131072,4171413,81112653944028,546755444736,81659409388764,5518653944028,75594000000000,2694.3,0.22001494671614688
0x662988e3f73e012e8b3c3d54d99cd7b7403478ed3181bb96d0007f12f06e9bf2,26115781,1791078263,0x35376dd47c061bc3b8c8e8d61987019e7ed58f06,0x3,164,156,8,75594,21752,53842,752,1106928001,106928001,1,131072,6062781,83677115307594,794660831232,84471776138826,8083115307594,75594000000000,2694.3,0.22759230645083892
0xe9e783f75c80409e4f85ca1133568bc6446c87ce6bd475341a74e680b88a2f16,26115813,1791078647,0x5f62d006c10c009ff50c878cd6157ac861c99990,0x3,164,156,8,75594,21752,53842,752,1070907523,70907523,1,131072,4063641,80954183293662,532629553152,81486812846814,5360183293662,75594000000000,2694.3,0.21954991985317096
0xf5ea8825471b1ef92d2200dc6396ba728de89b8836b7683c362162b130032f0b,26115844,1791079031,0x35376dd47c061bc3b8c8e8d61987019e7ed58f06,0x3,164,156,8,75594,21752,53842,752,1113495171,113495171,1,131072,5584002,84173553956574,731906310144,84905460266718,8579553956574,75594000000000,2694.3,0.2287607815966183
0x413547b2a15bd78408e36d7c6128377594f987f8ca860cca8381c64a183ceb53,26115876,1791079415,0x5f62d006c10c009ff50c878cd6157ac861c99990,0x3,164,156,8,75594,21752,53842,752,1082268199,82268199,1,131072,5028939,81812982235206,659153092608,82472135327814,6218982235206,75594000000000,2692.47,0.22205375020607934
0xafaf662195fd3e02d32ba6cca85ab7dc36cee3a378eecdeecaaf1f0cb078e36d,26115908,1791079799,0x5f62d006c10c009ff50c878cd6157ac861c99990,0x3,164,156,8,75594,21752,53842,752,1101365563,101365563,1,131072,5604912,83256628369422,734647025664,83991275395086,7662628369422,75594000000000,2692.47,0.2261439892630072
0x07c8f5badca506d091b2453e5818df775d1aed63db404bfe743e5e324cd00227,26115940,1791080183,0x35376dd47c061bc3b8c8e8d61987019e7ed58f06,0x3,164,156,8,75594,21752,53842,752,1074600981,74600981,1,131072,4478527,81233386557714,587009490944,81820396048658,5639386557714,75594000000000,2692.47,0.22029896174913022
0xa47d8ece7a32c71d1e3ec6b2fae7707f624c61ee4ce22d4cb166877ed2f51ea9,26115972,1791080567,0x35376dd47c061bc3b8c8e8d61987019e7ed58f06,0x3,164,156,8,75594,21752,53842,752,1068313046,68313046,1,131072,3827644,80758056399324,501696954368,81259753353692,5164056399324,75594000000000,2692.47,0.21878944811221507
0xa3da63c62882e1029022e9bce39eaa7168b8e9228baac2bcf139e508f2330ce3,26116004,1791080951,0x35376dd47c061bc3b8c8e8d61987019e7ed58f06,0x3,164,156,8,75594,21752,53842,752,1072589074,72589074,1,131072,3799125,81081298459956,497958912000,81579257371956,5487298459956,75594000000000,2692.47,0.21964970309627035
0x8bcc269985df3ea2b002eea5cf31723a3eb87449b61732e61b496c85a451edd5,26116036,1791081335,0x35376dd47c061bc3b8c8e8d61987019e7ed58f06,0x3,164,156,8,75594,21752,53842,752,1074858558,74858558,1,131072,4187013,81252857833452,548800167936,81801658001388,5658857833452,75594000000000,2692.47,0.22024851011899713
0xdfd48df6371f21278a7bd72e9bafb66806fc6c714477bf888fa7aaf82ec60135,26116068,1791081719,0x5f62d006c10c009ff50c878cd6157ac861c99990,0x3,164,156,8,75594,21752,53842,752,1077397627,77397627,1,131072,4362815,81444796215438,571842887680,82016639103118,5850796215438,75594000000000,2692.47,0.2208273402859721
0x3e3e0d82bf7afcf3e761c56b4f1742d137c54c787b32d06fa847a1c8d26ba450,26116100,1791082103,0x5f62d006c10c009ff50c878cd6157ac861c99990,0x3,164,156,8,75594,21752,53842,752,1077466922,77466922,1,131072,4140302,81450034501668,542677663744,81992712165412,5856034501668,75594000000000,2692.47,0.2207629177240068
0x7cc7645b304a7cdeda61537b90c345ae7d7f6dda72dccf7d2e96bdd0d43720b7,26116132,1791082487,0x35376dd47c061bc3b8c8e8d61987019e7ed58f06,0x3,164,156,8,75594,21752,53842,752,1072130265,72130265,1,131072,4282001,81046615252410,561250435072,81607865687482,5452615252410,75594000000000,2692.47,0.21972673012757465
0x10d563bae077411c5906a8d0463fa55df53e54787f1c74395c6a6dd4eacff64a,26116164,1791082871,0x5f62d006c10c009ff50c878cd6157ac861c99990,0x3,164,156,8,75594,21752,53842,752,1077154456,77154456,1,131072,4346523,81426413946864,569707462656,81996121409520,5832413946864,75594000000000,2694.22,0.22091559022395696
0x4c83a3d05718528e50261ebdee545954fcbf1d959f6dd0b560ffb468c0561988,26116196,1791083255,0x5f62d006c10c009ff50c878cd6157ac861c99990,0x3,164,156,8,75594,21752,53842,752,1078117018,78117018,1,131072,4461787,81499177858692,584815345664,82083993204356,5905177858692,75594000000000,2694.22,0.22115233617104002
0x6b83ed7f8770e007e88d9b12a329062361a674b8534c3d1b2fb6f6d3ac7b0ab7,26116228,1791083639,0x5f62d006c10c009ff50c878cd6157ac861c99990,0x3,164,156,8,75594,21752,53842,752,1065073655,65073655,1,131072,4033328,80513177876070,528656367616,81041834243686,4919177876070,75594000000000,2694.22,0.2183445306560237
0x2d14a859c0a7ea5f81f8ac04791baa603c89f3341289ddb88a4a14a3c63219df,26116260,1791084023,0x5f62d006c10c009ff50c878cd6157ac861c99990,0x3,164,156,8,75594,21752,53842,752,1070503337,70503337,1,131072,4018270,80923629257178,526682685440,81450311942618,5329629257178,75594000000000,2694.22,0.21944505944204026
0xbaf442b2cb48841409158f2fc24824c1ea7574cc00996db3dc46c1d656fa95d5,26116292,1791084407,0x35376dd47c061bc3b8c8e8d61987019e7ed58f06,0x3,164,156,8,75594,21752,53842,752,1059453758,59453758,1,131072,3473019,80088347382252,455215546368,80543562928620,4494347382252,75594000000000,2694.22,0.21700207811354655
0x76ba644588d1485f9b4004bf96ec0fd321b43758a143d60d432e01d2af01e4ec,26116324,1791084791,0x5f62d006c10c009ff50c878cd6157ac861c99990,0x3,164,156,8,75594,21752,53842,752,1061608362,61608362,1,131072,3320627,80251222517028,435241222144,80686463739172,4657222517028,75594000000000,2694.22,0.21738708433535198
0xc6e15b66b4fe05629136d53eb2f49ff6245be5d2c9e415e4d8d278f3ef786429,26116356,1791085175,0x5f62d006c10c009ff50c878cd6157ac861c99990,0x3,164,156,8,75594,21752,53842,752,1072537876,72537876,1,131072,3929117,81077428198344,514997223424,81592425421768,5483428198344,75594000000000,2694.22,0.21982794441983577
0xf15551e7b81ca03d885a725cfd05bf19f9c1d173eff6d788454ab750febca054,26116388,1791085571,0x5f62d006c10c009ff50c878cd6157ac861c99990,0x3,164,156,8,75594,21752,53842,752,1076736658,76736658,1,131072,4790277,81394830924852,627871186944,82022702111796,5800830924852,75594000000000,2694.22,0.220987204483643
0x670b65d21f5888ccfc51cbfa13299dcb3170331aaa7e474e3f6092e2bfd911c2,26116419,1791085943,0x35376dd47c061bc3b8c8e8d61987019e7ed58f06,0x3,164,156,8,75594,21752,53842,752,1077361844,77361844,1,131072,4826233,81442091235336,632584011776,82074675247112,5848091235336,75594000000000,2694.22,0.22112723154427408
0x6323510931b58be92b81d98254657e74c00915de11319ad12ff9fd6262186f57,26116451,1791086327,0x35376dd47c061bc3b8c8e8d61987019e7ed58f06,0x3,164,156,8,75594,21752,53842,752,1069971461,69971461,1,131072,3538548,80883422622834,463804563456,81347227186290,5289422622834,75594000000000,2694.22,0.2191673264298462
0x38576bacacd49be52a427434ddce0271cdd9c97a749172cc779ed6fa74ff9c07,26116483,1791086711,0x35376dd47c061bc3b8c8e8d61987019e7ed58f06,0x3,164,156,8,75594,21752,53842,752,1079248346,79248346,1,131072,4844305,81584699467524,634952744960,82219652212484,5990699467524,75594000000000,2691.86,0.2213237930046972
0xebdcdc8a9049c8a3dadf17eb70567689118b1f93409d18e45c07359d9fe68537,26116515,1791087095,0x35376dd47c061bc3b8c8e8d61987019e7ed58f06,0x3,164,156,8,75594,21752,53842,752,1065003240,65003240,1,131072,3756701,80507854924560,492398313472,81000253238032,4913854924560,75594000000000,2691.86,0.21804134168132883
0xb5b7d21a2fdba61ab7e9edf5f3578320de076fd8fbba42482c4ab3304a9c3a90,26116546,1791087479,0x35376dd47c061bc3b8c8e8d61987019e7ed58f06,0x3,164,156,8,75594,21752,53842,752,1061173652,61173652,1,131072,3163060,80218361049288,414588600320,80632949649608,4624361049288,75594000000000,2691.86,0.2170526118437938
0x195540b80fa146b214b8f603accd07fa72d2fd68912dcdb0157875156cf8ecb3,26116578,1791087863,0x35376dd47c061bc3b8c8e8d61987019e7ed58f06,0x3,164,156,8,75594,21752,53842,752,1061674189,61674189,1,131072,3370648,80256198643266,441797574656,80697996217922,4662198643266,75594000000000,2691.86,0.21722770809917552
0xf03ce30c77ab99e12774a5d2b93e378781ec07028698dfdd1fb1fc8d1ddcac95,26116610,1791088247,0x35376dd47c061bc3b8c8e8d61987019e7ed58f06,0x3,164,156,8,75594,21752,53842,752,1061917744,61917744,1,131072,3308214,80274609939936,433614225408,80708224165344,4680609939936,75594000000000,2691.86,0.2172552403017229
0x86433d55c77309397235f03529b0fb8f8c17ac15cc41d46095f99415daaf8451,26116642,1791088631,0x5f62d006c10c009ff50c878cd6157ac861c99990,0x3,164,156,8,75594,21752,53842,752,1065450005,65450005,1,131072,3673349,80541627677970,481473200128,81023100878098,4947627677970,75594000000000,2691.86,0.2181028443297169
0x6e087641c5134cb3e53ba68b89da3c91684fe694c9a12d7d662b243eea4e9d57,26116674,1791089015,0x5f62d006c10c009ff50c878cd6157ac861c99990,0x3,164,156,8,75594,21752,53842,752,1063366819,63366819,1,131072,3551787,80384151315486,465539825664,80849691141150,4790151315486,75594000000000,2691.86,0.21763604959521607
0x1d6af0a60612a8047334400110dc0b8a8809e2a3d1621a9a347931fbc8e496fe,26116707,1791089411,0x5f62d006c10c009ff50c878cd6157ac861c99990,0x3,164,156,8,75594,21752,53842,752,1063830077,63830077,1,131072,3246933,80419170840738,425582002176,80844752842914,4825170840738,75594000000000,2691.86,0.2176227563877265
0x3d51cacd2ddfb668310d4d1d1384f0f2abdb9461ebe55372e6b92a662425c07d,26116738,1791089783,0x35376dd47c061bc3b8c8e8d61987019e7ed58f06,0x3,164,156,8,75594,21752,53842,752,1062142319,62142319,1,131072,3770757,80291586462486,494240661504,80785827123990,4697586462486,75594000000000,2691.86,0.21746413660198374
0x6d0dfd9aecc0e2f9700f688873e85a61499d734877a7dc807a1f32cd001fbc46,26116770,1791090167,0x5f62d006c10c009ff50c878cd6157ac861c99990,0x3,164,156,8,75594,21752,53842,752,1060026964,60026964,1,131072,3578441,80131678316616,469033418752,80600711735368,4537678316616,75594000000000,2694.58,0.21718506582788788
0x05070fc891737cf948663c566f42f405aec2ae7fc1a68a1cefaa4c54a1871310,26116802,1791090551,0x35376dd47c061bc3b8c8e8d61987019e7ed58f06,0x3,164,156,8,75594,21752,53842,752,1065562293,65562293,1,131072,3605300,80550115977042,472553881600,81022669858642,4956115977042,75594000000000,2694.58,0.21832206574769955
0x784f0510ebbcaca72b4231f69ca86d793511436383063da1dd633194e0ba948d,26116834,1791090935,0x35376dd47c061bc3b8c8e8d61987019e7ed58f06,0x3,164,156,8,75594,21752,53842,752,1063845655,63845655,1,131072,3856302,80420348444070,505453215744,80925801659814,4826348444070,75594000000000,2694.58,0.2180610466365016
0x8019c95979feda52d843d7bbcec994cd28cf90df5b63709a0f4d23ac7b0dc607,26116867,1791091331,0x5f62d006c10c009ff50c878cd6157ac861c99990,0x3,164,156,8,75594,21752,53842,752,1056724665,56724665,1,131072,2848627,79882044326010,373375238144,80255419564154,4288044326010,75594000000000,2694.58,0.2162546484491781
0xd35fac7acb1716c41146197925b05047c11a1d2484f4a1c274741b733c818890,26116898,1791091703,0x35376dd47c061bc3b8c8e8d61987019e7ed58f06,0x3,164,156,8,75594,21752,53842,752,1056872045,56872045,1,131072,3320587,79893185369730,435235979264,80328421348994,4299185369730,75594000000000,2694.58,0.21645135759857226
0xbce5ab9fd1cad75c39fd04096b255c5ac0ae8d2f853a0d681127410c4a40eca6,26116930,1791092087,0x5f62d006c10c009ff50c878cd6157ac861c99990,0x3,164,156,8,75594,21752,53842,752,1059377698,59377698,1,131072,3742648,80082597702612,490556358656,80573154061268,4488597702612,75594000000000,2694.58,0.21711080947041153
0xb08aeadff22ecf1fd4c628f17412ffcf12d6bf179f11491eefd2f899972c96f3,26116962,1791092471,0x5f62d006c10c009ff50c878cd6157ac861c99990,0x3,164,156,8,75594,21752,53842,752,1063380612,63380612,1,131072,3222724,80385193983528,422408880128,80807602863656,4791193983528,75594000000000,2694.58,0.21774255052435018
0xf477eb64afff1c5afa9243a72f3dcf25b8cf87934862cb840fcd302d903ce00c,26116994,1791092855,0x5f62d006c10c009ff50c878cd6157ac861c99990,0x3,164,156,8,75594,21752,53842,752,1057189213,57189213,1,131072,3345505,79917161367522,438502031360,80355663398882,4323161367522,75594000000000,2694.58,0.21652476348135943
0x23cec4161d586e1c70dd8af0bf07582e3b64de145788b9fc7cfc14264cb95f8d,26117025,1791093239,0x35376dd47c061bc3b8c8e8d61987019e7ed58f06,0x3,164,156,8,75594,21752,53842,752,1056639222,56639222,1,131072,3700892,79875585347868,485083316224,80360668664092,4281585347868,75594000000000,2694.58,0.216538250568889
0xde4d392ffa5c1a6af4829bca05caa9fb5fbca5b1138050d279a75c9e56113d38,26117057,1791093623,0x35376dd47c061bc3b8c8e8d61987019e7ed58f06,0x3,164,156,8,75594,21752,53842,752,1066141930,66141930,1,131072,3383239,80593933056420,443447902208,81037380958628,4999933056420,75594000000000,2695.95,0.21847272719541314
0xcddcc244cb6b473315066becc675984f68268e0a92e4cf409adb64c7f41c3d23,26117089,1791094007,0x35376dd47c061bc3b8c8e8d61987019e7ed58f06,0x3,164,156,8,75594,21752,53842,752,1061966038,61966038,1,131072,3127740,80278260676572,409959137280,80688219813852,4684260676572,75594000000000,2695.95,0.21753140620715428
0x3d6d68a7697227e1d40e507e6570d88de058c761c41a5d81e0ae997a5a0b4de5,26117122,1791094403,0x5f62d006c10c009ff50c878cd6157ac861c99990,0x3,164,156,8,75594,21752,53842,752,1062369409,62369409,1,131072,3174868,80308753103946,416136298496,80724889402442,4714753103946,75594000000000,2695.95,0.2176302655845135
0x275e71c9815e1264a726fb5b072b373d9daa878075dd70e0e1dc4ccaa286760d,26117153,1791094775,0x35376dd47c061bc3b8c8e8d61987019e7ed58f06,0x3,164,156,8,75594,21752,53842,752,1065316591,65316591,1,131072,3673306,80531542380054,481467564032,81013009944086,4937542380054,75594000000000,2695.95,0.21840702415875865
0xbd7e540bd0d164cd71c10a89b8264e743cf63b92da45c18cfeb909111315f434,26117186,1791095171,0x35376dd47c061bc3b8c8e8d61987019e7ed58f06,0x3,164,156,8,75594,21752,53842,752,1065463443,65463443,1,131072,3538490,80542643510142,463796961280,81006440471422,4948643510142,75594000000000,2695.95,0.21838931318893012
0x68c898249acb865ba76860fcbbca06c667006bfe8044d4ef971b386294b7572d,26117217,1791095543,0x5f62d006c10c009ff50c878cd6157ac861c99990,0x3,164,156,8,75594,21752,53842,752,1059072375,59072375,1,131072,3421391,80059517115750,448448561152,80507965676902,4465517115750,75594000000000,2695.95,0.21704545006664394
0xb747be829a74f2422a9e3796adbff01fe41986c0e1ba56e233ccdac76f852867,26117249,1791095927,0x5f62d006c10c009ff50c878cd6157ac861c99990,0x3,164,156,8,75594,21752,53842,752,1058813824,58813824,1,131072,3198691,80039972211456,419258826752,80459231038208,4445972211456,75594000000000,2695.95,0.21691406391745685
0x3c8eaec6d01f81efa3ef1081a14af95c9324ab26494290f02bee480038ddb7f3,26117282,1791096323,0x5f62d006c10c009ff50c878cd6157ac861c99990,0x3,164,156,8,75594,21752,53842,752,1056985286,56985286,1,131072,3799014,79901745709884,497944363008,80399690072892,4307745709884,75594000000000,2695.95,0.2167535444520132
0x2a147a5d4cf381bb2cd26261794edf1269000990253181eddfb37ccd3c30303e,26117313,1791096695,0x35376dd47c061bc3b8c8e8d61987019e7ed58f06,0x3,164,156,8,75594,21752,53842,752,1066174391,66174391,1,131072,2979325,80596386913254,390506086400,80986892999654,5002386913254,75594000000000,2695.95,0.21833661418241718
0x834f44c46b3709342aac9ff5a48844deae23f5e2ee7b413cffb53ae8034a710a,26117346,1791097091,0x35376dd47c061bc3b8c8e8d61987019e7ed58f06,0x3,164,156,8,75594,21752,53842,752,1059906204,59906204,1,131072,3591799,80122549585176,470784278528,80593333863704,4528549585176,75594000000000,2695.95,0.21727559842985278
0xeb20e858e95c3ca9d215b2ac181411241c1d84d6fa0c0be72a16e90de948e3fa,26117377,1791097463,0x5f62d006c10c009ff50c878cd6157ac861c99990,0x3,164,156,8,75594,21752,53842,752,1071165564,71165564,1,131072,4314022,80973689645016,565447491584,81539137136600,5379689645016,75594000000000,2705.24,0.22058293534741577
0x83324b7d1350f9de5e5e5da8d90fec03d0b689de4b276acc025fa43d4688a20a,26117409,1791097847,0x35376dd47c061bc3b8c8e8d61987019e7ed58f06,0x3,164,156,8,75594,21752,53842,752,1071257135,71257135,1,131072,3714723,80980611863190,486896173056,81467508036246,5386611863190,75594000000000,2705.24,0.2203891614399741
0x564167c67e44c3b358b7b47be835df779256441e14e6565d3e9e24caa4264147,26117441,1791098231,0x35376dd47c061bc3b8c8e8d61987019e7ed58f06,0x3,164,156,8,75594,21752,53842,752,1066601300,66601300,1,131072,3139432,80628658672200,411491631104,81040150303304,5034658672200,75594000000000,2705.24,0.21923305620651012
0xed3f29f3314ceb06070e9dc62263e22dae0df2fdeef73aed58290e5b214b846a,26117473,1791098615,0x5f62d006c10c009ff50c878cd6157ac861c99990,0x3,164,156,8,75594,21752,53842,752,1063600987,63600987,1,131072,3714718,80401853011278,486895517696,80888748528974,4807853011278,75594000000000,2705.24,0.2188234780705216
0xb92f7bba2af5e702818e5f1943dd1cd66fa679106c269f04170eafbc7aadac25,26117505,1791098999,0x35376dd47c061bc3b8c8e8d61987019e7ed58f06,0x3,164,156,8,75594,21752,53842,752,1061362955,61362955,1,131072,3885189,80232671220270,509239492608,80741910712878,4638671220270,75594000000000,2705.24,0.21842624653690607
0xde1b979a692ac5713c006aba3b5a63b2fb17015c8e41546638dba8d8b0e03be8,26117537,1791099383,0x35376dd47c061bc3b8c8e8d61987019e7ed58f06,0x3,164,156,8,75594,21752,53842,752,1064347287,64347287,1,131072,3459963,80458268813478,453504270336,80911773083814,4864268813478,75594000000000,2705.24,0.21888576501725698
0x77e0a0296d83c139799a3294615f5e4fbc99214ea8dc0ff59e20743f454bd33c,26117569,1791099767,0x5f62d006c10c009ff50c878cd6157ac861c99990,0x3,164,156,8,75594,21752,53842,752,1065307268,65307268,1,131072,3551717,80530837617192,465530650624,80996368267816,4936837617192,75594000000000,2705.24,0.21911461529282655
0x1c01bc440eb7be84dd042565c5677ff6b0916f4dcd66793f3024dede19022b41,26117601,1791100151,0x35376dd47c061bc3b8c8e8d61987019e7ed58f06,0x3,164,156,8,75594,21752,53842,752,1065639634,65639634,1,131072,3408594,80555962492596,446771232768,81002733725364,4961962492596,75594000000000,2705.24,0.2191318353832037
0x182536dfcd3370dbefe7a3d9beb33678d65c08df1bc3ffa6b5240ef14b7a146a,26117633,1791100547,0x35376dd47c061bc3b8c8e8d61987019e7ed58f06,0x3,164,156,8,75594,21752,53842,752,1063222522,63222522,1,131072,4297897,80373243328068,563333955584,80936577283652,4779243328068,75594000000000,2705.24,0.21895286633082672
0x5c29a02d6b900e6473f4fc8fd8aece28bf066046dd058f7230d9538256a936b1,26117663,1791100919,0x35376dd47c061bc3b8c8e8d61987019e7ed58f06,0x3,164,156,8,75594,21752,53842,752,1099471592,99471592,1,131072,5220330,83113455525648,684239093760,83797694619408,7519455525648,75594000000000,2700.08,0.22626047928797113
0x5641c558a55b981758ba6e1a75f41b40b9b9a36496d5f593ef7750418e26bb7b,26117695,1791101303,0x35376dd47c061bc3b8c8e8d61987019e7ed58f06,0x3,164,156,8,75594,21752,53842,752,1083635102,83635102,1,131072,4579957,81916311900588,600304123904,82516616024492,6322311900588,75594000000000,2700.08,0.22280146459541036
0xa9551e9ad940467c631e5263be21f7d4660c52ebd080abb1c9dc971e6f408908,26117727,1791101687,0x35376dd47c061bc3b8c8e8d61987019e7ed58f06,0x3,164,156,8,75594,21752,53842,752,1058683509,58683509,1,131072,3943715,80030121179346,516910612480,80547031791826,4436121179346,75594000000000,2700.08,0.2174834296004735
0x3bda10ddb6f6d4d65ff9835694b293741d612d3c782254ece71cd52f158e4a99,26117759,1791102071,0x5f62d006c10c009ff50c878cd6157ac861c99990,0x3,164,156,8,75594,21752,53842,752,1070572880,70572880,1,131072,3383186,80928886290720,443440955392,81372327246112,5334886290720,75594000000000,2700.08,0.21971179335068208
0xeeaf05cef42e73f45dc7733a7d44ce970a58a47432a86d6996941390e693355c,26117791,1791102455,0x35376dd47c061bc3b8c8e8d61987019e7ed58f06,0x3,164,156,8,75594,21752,53842,752,1063488674,63488674,1,131072,3525237,80393362822356,462059864064,80855422686420,4799362822356,75594000000000,2700.08,0.2183161096871489
0xa497fb32f7e143eedcfc4c2cd4911cb93c28cf64f8e6c39886c3befd332ac507,26117823,1791102839,0x35376dd47c061bc3b8c8e8d61987019e7ed58f06,0x3,164,156,8,75594,21752,53842,752,1069153345,69153345,1,131072,3784791,80821577961930,496080125952,81317658087882,5227577961930,75594000000000,2700.08,0.2195641822499284
0xb6d895e10bc83f5383fe70ccefdc83a0055b1b3f0399ecf10862efa9bcb8e32b,26117854,1791103223,0x35376dd47c061bc3b8c8e8d61987019e7ed58f06,0x3,164,156,8,75594,21752,53842,752,1079618732,79618732,1,131072,3813198,81612698426808,499803488256,82112501915064,6018698426808,75594000000000,2700.08,0.22171032417082598
0x868662f2b70e5720cd1fbd47254668e6d9c4bfb1b97ae51a7545cbed90a10f27,26117886,1791103607,0x5f62d006c10c009ff50c878cd6157ac861c99990,0x3,164,156,8,75594,21752,53842,752,1146896825,146896825,1,131072,6130882,86698518589050,803586965504,87502105554554,11104518589050,75594000000000,2700.08,0.23626268516574017
0x35ccf1086ca43e557e5f6c8a31b717f0973f1fb192e750b7a499054da9b8cbdf,26117918,1791103991,0x35376dd47c061bc3b8c8e8d61987019e7ed58f06,0x3,164,156,8,75594,21752,53842,752,1201024117,201024117,1,131072,9319620,90790217100498,1221541232640,92011758333138,15196217100498,75594000000000,2700.08,0.24843910844013922
0xebe724b475023874c5663156dd23fce9d37a03281429dbcb3a2990e3c5ddbc68,26117950,1791104375,0x5f62d006c10c009ff50c878cd6157ac861c99990,0x3,164,156,8,75594,21752,53842,752,1149026902,149026902,1,131072,8456230,86859539629788,1108374978560,87967914608348,11265539629788,75594000000000,2700.08,0.23752040687570825
0x072bd0e294f7db2e298070d857100c80f680fc70bee2ea1c2f8b39224263665b,26117982,1791104759,0x5f62d006c10c009ff50c878cd6157ac861c99990,0x3,164,156,8,75594,21752,53842,752,1112095065,112095065,1,131072,7040538,84067714343610,922817396736,84990531740346,8473714343610,75594000000000,2700.98,0.22955772642003971
0x608cf5e521045efbd7de083cb3e323dc09a45a2e89f0b7df84b8d8e264aa9c26,26118014,1791105143,0x35376dd47c061bc3b8c8e8d61987019e7ed58f06,0x3,164,156,8,75594,21752,53842,752,1201754124,201754124,1,131072,6961997,90845401249656,912522870784,91757924120440,15251401249656,75594000000000,2700.98,0.24783631789082602
0xda2870154deb8cf13da14ebeeeb831de2b878e248ebd2adb46131be661c6b119,26118046,1791105527,0x35376dd47c061bc3b8c8e8d61987019e7ed58f06,0x3,164,156,8,75594,21752,53842,752,1198641856,198641856,1,131072,10194604,90610132462464,1336227135488,91946359597952,15016132462464,75594000000000,2700.98,0.24834527834687642
0x857694f6ad2af89c7c850543c41346bfe82ecc76bc2108ac903949b71869cdce,26118078,1791105911,0x35376dd47c061bc3b8c8e8d61987019e7ed58f06,0x3,164,156,8,75594,21752,53842,752,1376412737,376412737,1,131072,15907898,104048544440778,2085080006656,106133624447434,28454544440778,75594000000000,2700.98,0.2866647969600303
0xb009d92fe0ce8fbc262213252aad1c8906efadf6ff03c1e7b7d49db4aeb5e3af,26118109,1791106295,0x35376dd47c061bc3b8c8e8d61987019e7ed58f06,0x3,164,156,8,75594,21752,53842,752,1345851549,345851549,1,131072,18893452,101738301995106,2476402540544,104214704535650,26144301995106,75594000000000,2700.98,0.2814818326566999
0x7c170773f0ad56af850433d9201f333d6b570ffc4fc754985845b87521bbdbaa,26118141,1791106679,0x35376dd47c061bc3b8c8e8d61987019e7ed58f06,0x3,164,156,8,75594,21752,53842,752,1344498050,344498050,1,131072,20284526,101635985591700,2658733391872,104294718983572,26041985591700,75594000000000,2700.98,0.2816979500802483
0x3bf9ddcd679504fb952506b4a5aea5e6933f0e1868b871cf7fa33c49177f571a,26118173,1791107063,0x35376dd47c061bc3b8c8e8d61987019e7ed58f06,0x3,164,156,8,75594,21752,53842,752,1250500258,250500258,1,131072,14872424,94530316503252,1949358358528,96479674861780,18936316503252,75594000000000,2700.98,0.26058967220817053
0x51ecbf803513ce469401571a1a9485120e6b02587601b0c5b9b6df5b552cb9fc,26118206,1791107459,0x35376dd47c061bc3b8c8e8d61987019e7ed58f06,0x3,164,156,8,75594,21752,53842,752,1133260982,133260982,1,131072,8393177,85667730673308,1100110495744,86767841169052,10073730673308,75594000000000,2700.98,0.23435820364078608
0x828572330203e43742ed66092de997b3628d6819738f0eb3393c2cf857357e35,26118237,1791107831,0x5f62d006c10c009ff50c878cd6157ac861c99990,0x3,164,156,8,75594,21752,53842,752,1101986593,101986593,1,131072,6153799,83303574511242,806590742528,84110165253770,7709574511242,75594000000000,2700.98,0.2271798741471277
0x73799e82e6035b0cd234b60821ea798a109a541724a252e268fd163941d4044f,26118269,1791108215,0x5f62d006c10c009ff50c878cd6157ac861c99990,0x3,164,156,8,75594,21752,53842,752,1088906106,88906106,1,131072,5994815,82314768176964,785752391680,83100520568644,6720768176964,75594000000000,2701.23,0.22447361917563824
0x32b7cd2f4a8db3ca11ba354891fe48bfb1c6197e50a98e5d3b6307dd783541bf,26118301,1791108599,0x35376dd47c061bc3b8c8e8d61987019e7ed58f06,0x3,164,156,8,75594,21752,53842,752,1100556255,100556255,1,131072,6269921,83195449540470,821811085312,84017260625782,7601449540470,75594000000000,2701.23,0.2269499449201811
0x8a5c3355f97b03ba003b24bb6000c17e479c36dbaaeba55087a30ddec37e7e17,26118333,1791108983,0x35376dd47c061bc3b8c8e8d61987019e7ed58f06,0x3,164,156,8,75594,21752,53842,752,1071083888,71083888,1,131072,3756548,80967515429472,492378259456,81459893688928,5373515429472,75594000000000,2701.23,0.220041908629343
0x84b7efd7c99f081a7f173a8ed6530584e983d6bf2c258c60e24c117928136456,26118364,1791109367,0x5f62d006c10c009ff50c878cd6157ac861c99990,0x3,164,156,8,75594,21752,53842,752,1094298599,94298599,1,131072,5796418,82722408292806,759748100096,83482156392902,7128408292806,75594000000000,2701.23,0.22550450531319868
0x1a98be86ce3553a43bf19008bce0cd25b7dabfa75faff703617243b8019059cd,26118396,1791109751,0x35376dd47c061bc3b8c8e8d61987019e7ed58f06,0x3,164,156,8,75594,21752,53842,752,1091865807,91865807,1,131072,5398902,82538503814358,707644882944,83246148697302,6944503814358,75594000000000,2701.23,0.22486699424561307
0xc88e741ddd2a0d5b1b6d302239d28162d56c1005cf5efe250a46e08846775328,26118426,1791110135,0x35376dd47c061bc3b8c8e8d61987019e7ed58f06,0x3,164,156,8,75594,21752,53842,752,1077902745,77902745,1,131072,4614257,81482980105530,604799893504,82087779999034,5888980105530,75594000000000,2701.23,0.22173797396679062
0x44db6a3e17ae689dc73455b5e8fc6e8f59ece2ecd2babcd84cd40ce6703232c1,26118458,1791110519,0x35376dd47c061bc3b8c8e8d61987019e7ed58f06,0x3,164,156,8,75594,21752,53842,752,1066802757,66802757,1,131072,4003075,80643887612658,524691046400,81168578659058,5049887612658,75594000000000,2701.23,0.21925499973120724
0x2953d674e90d8c88f85db21d1275af0e49cb88f146e0191facfebcec78bc1f8e,26118490,1791110903,0x5f62d006c10c009ff50c878cd6157ac861c99990,0x3,164,156,8,75594,21752,53842,752,1063893994,63893994,1,131072,4033120,80424002582436,528629104640,80952631687076,4830002582436,75594000000000,2701.23,0.2186716772920803
0xd2701695e33b5dbddff7f5211505ed7b7d91054b4057292c3ef30632a632e658,26118522,1791111287,0x35376dd47c061bc3b8c8e8d61987019e7ed58f06,0x3,164,156,8,75594,21752,53842,752,1072519887,72519887,1,131072,4281768,81076068337878,561219895296,81637288233174,5482068337878,75594000000000,2701.23,0.2205210920940966
0xc19c6e9d65b73de5a8c846cfeda417417946aca932ff19da42ea8ac67849b5f6,26118554,1791111671,0x5f62d006c10c009ff50c878cd6157ac861c99990,0x3,164,156,8,75594,21752,53842,752,1074829366,74829366,1,131072,3973242,81250651093404,520780775424,81771431868828,5656651093404,75594000000000,2699.85,0.22077060033105528
0x867dd6e5a6860affd0ddd03f43661d3a6328760436d097a3dd9ce2334bc65e5d,26118587,1791112067,0x35376dd47c061bc3b8c8e8d61987019e7ed58f06,0x3,164,156,8,75594,21752,53842,752,1061046632,61046632,1,131072,3421284,80208759099408,448434536448,80657193635856,4614759099408,75594000000000,2699.85,0.21776232423776581
0x833f2d81ed971db72e347fc5671a56e5956c71dfc57347c3281dc31c953e2b8b,26118618,1791112439,0x35376dd47c061bc3b8c8e8d61987019e7ed58f06,0x3,164,156,8,75594,21752,53842,752,1065177767,65177767,1,131072,3827416,80521048118598,501667069952,81022715188550,4927048118598,75594000000000,2699.85,0.2187491776018067
0x26bc65117e73634a664c127e0972322c322824c3e9c681e5177693d332385ec5,26118650,1791112823,0x35376dd47c061bc3b8c8e8d61987019e7ed58f06,0x3,164,156,8,75594,21752,53842,752,1067615280,67615280,1,131072,3813129,80705309476320,499794444288,81205103920608,5111309476320,75594000000000,2699.85,0.2192415998200535
0x83c27eb3bfe8ca2d69e0260895b986ccb294d4f7b5fc1c282bb53eac5b2ecc53,26118682,1791113207,0x5f62d006c10c009ff50c878cd6157ac861c99990,0x3,164,156,8,75594,21752,53842,752,1085287774,85287774,1,131072,4395304,82041243987756,576101285888,82617345273644,6447243987756,75594000000000,2699.85,0.22305443963704774
0x6e371a82e354c8a865deb47d4713e4377623ce34dbe0b8bf66efb0f390511c25,26118714,1791113591,0x35376dd47c061bc3b8c8e8d61987019e7ed58f06,0x3,164,156,8,75594,21752,53842,752,1067151377,67151377,1,131072,3686937,80670241192938,483254206464,81153495399402,5076241192938,75594000000000,2699.85,0.2191022645540755
0x0677c782daf1d1f2332473c4c0e74b28b72a1ec849d5154689d54e01575f5e4c,26118746,1791113975,0x35376dd47c061bc3b8c8e8d61987019e7ed58f06,0x3,164,156,8,75594,21752,53842,752,1066771450,66771450,1,131072,3943623,80641520991300,516898553856,81158419545156,5047520991300,75594000000000,2699.85,0.21911555900898944
0xe13c34898b9e0f367364c7351bebe9f70e748c2e86c1225ae5e80a4d985e5437,26118778,1791114359,0x5f62d006c10c009ff50c878cd6157ac861c99990,0x3,164,156,8,75594,21752,53842,752,1076216697,76216697,1,131072,3798885,81355524993018,497927454720,81853452447738,5761524993018,75594000000000,2699.85,0.22099204359102542
0x7ff070f58722a9c6803bdf5c11c00b5da7dff5f18a164444e4ab7d7cd902cade,26118811,1791114755,0x5f62d006c10c009ff50c878cd6157ac861c99990,0x3,164,156,8,75594,21752,53842,752,1062981102,62981102,1,131072,3813113,80354993424588,499792347136,80854785771724,4760993424588,75594000000000,2699.85,0.21829579336578903
0xa3fca254a3991ce03ad8764536a383e906903f088a938c6d1fb4f9a9c54e1b0f,26118842,1791115127,0x35376dd47c061bc3b8c8e8d61987019e7ed58f06,0x3,164,156,8,75594,21752,53842,752,1066449634,66449634,1,131072,3700738,80617193632596,485063131136,81102256763732,5023193632596,75594000000000,2699.85,0.21896392792356184
0x8a13a264869c12de185ef3855dd942f99d7ba287814aeb8c80732c0264f432f1,26118874,1791115511,0x35376dd47c061bc3b8c8e8d61987019e7ed58f06,0x3,164,156,8,75594,21752,53842,752,1068127703,68127703,1,131072,3742482,80744045580582,490534600704,81234580181286,5150045580582,75594000000000,2694.86,0.21891582074734042
0xab1222a7e6950ee174d98d770a096d863d5ff27353c7cc77fa74bc231f61c43f,26118906,1791115895,0x35376dd47c061bc3b8c8e8d61987019e7ed58f06,0x3,164,156,8,75594,21752,53842,752,1068784243,68784243,1,131072,4378877,80793676065342,573948166144,81367624231486,5199676065342,75594000000000,2694.86,0.21927435583646235
0x091bbb13f99f3ea5c6914a0a607ce3ac4f9be73f2d33ca1ef59a9a0948d2261c,26118938,1791116279,0x5f62d006c10c009ff50c878cd6157ac861c99990,0x3,164,156,8,75594,21752,53842,752,1073909317,73909317,1,131072,4395278,81181100909298,576097878016,81757198787314,5587100909298,75594000000000,2694.86,0.220324204723981
0x3830b46e29639464f0402af2fd75d9e11d82daefe866db12e568d8c11904bdd0,26118970,1791116663,0x35376dd47c061bc3b8c8e8d61987019e7ed58f06,0x3,164,156,8,75594,21752,53842,752,1076536994,76536994,1,131072,4063352,81379737524436,532591673344,81912329197780,5785737524436,75594000000000,2694.86,0.2207422594619294
0xbdd9a12cfea9dbe06ceb7b6162d403235611f6566d74755d7b72b804ef0c1ec8,26119002,1791117047,0x5f62d006c10c009ff50c878cd6157ac861c99990,0x3,164,156,8,75594,21752,53842,752,1078658090,78658090,1,131072,4346245,81540079655460,569671024640,82109750680100,5946079655460,75594000000000,2694.86,0.2212742827177743
0xa0c5ebe256050cd0aef704378221ddb6c260a5c941aef3bdcca73c24db62af2a,26119034,1791117431,0x5f62d006c10c009ff50c878cd6157ac861c99990,0x3,164,156,8,75594,21752,53842,752,1065977490,65977490,1,131072,3714587,80581502379060,486878347264,81068380726324,4987502379060,75594000000000,2694.86,0.21846793648414153
0xe0d74d8f414272b80edf0c8437a10e845da80c2e0f90c0a5d43980a9c57046c9,26119066,1791117815,0x35376dd47c061bc3b8c8e8d61987019e7ed58f06,0x3,164,156,8,75594,21752,53842,752,1065939930,65939930,1,131072,3320424,80578663068420,435214614528,81013877682948,4984663068420,75594000000000,2694.86,0.21832105841266924
0x9dd55982ac039cf60a306d913ef9b20df22e2697a51bda69ec98a91f997a00ee,26119098,1791118199,0x35376dd47c061bc3b8c8e8d61987019e7ed58f06,0x3,164,156,8,75594,21752,53842,752,1071542957,71542957,1,131072,4666241,81002218291458,611613540352,81613831831810,5408218291458,75594000000000,2694.86,0.21993785085027148
0x04ecda2740e64854f9b1d1f8d3354be068cccac5e941d220a4f32dbc9baef7a8,26119130,1791118583,0x35376dd47c061bc3b8c8e8d61987019e7ed58f06,0x3,164,156,8,75594,21752,53842,752,1069229700,69229700,1,131072,4249810,80827349941800,557031096320,81384381038120,5233349941800,75594000000000,2694.86,0.21931951308438805
0x708b48aa94c395108c8a1d3b6fa17fc318a4f4efef774175371537e64d732d09,26119162,1791118967,0x35376dd47c061bc3b8c8e8d61987019e7ed58f06,0x3,164,156,8,75594,21752,53842,752,1073839724,73839724,1,131072,4395257,81175840096056,576095125504,81751935221560,5581840096056,75594000000000,2698.98,0.220646838124286
0xf3bfc554f9f15cc26176510cf6b5dfe198b69c53f44cf82a30d8b92cb655ba1d,26119194,1791119351,0x35376dd47c061bc3b8c8e8d61987019e7ed58f06,0x3,164,156,8,75594,21752,53842,752,1076315078,76315078,1,131072,4346226,81362962006332,569668534272,81932630540604,5768962006332,75594000000000,2698.98,0.22113453117647938
0xf6e3230b3dc19d703db2a4f9fe7df3b8f97d70bec69293d19c89cb324b8b93ab,26119226,1791119735,0x5f62d006c10c009ff50c878cd6157ac861c99990,0x3,164,156,8,75594,21752,53842,752,1067036854,67036854,1,131072,3591647,80661583941276,470764355584,81132348296860,5067583941276,75594000000000,2698.98,0.21897458540625922
0x761f9a66b2431609a18be79db6aedae2570be789cd6fc3b45a415f4b62d6ef03,26119258,1791120119,0x5f62d006c10c009ff50c878cd6157ac861c99990,0x3,164,156,8,75594,21752,53842,752,1071369721,71369721,1,131072,4218135,80989122689274,552879390720,81542002079994,5395122689274,75594000000000,2698.98,0.2200802327738622
0x00fb89c60d1c63f8ea75881b9d121807b5a052b9be512902ac576acc40319344,26119290,1791120503,0x5f62d006c10c009ff50c878cd6157ac861c99990,0x3,164,156,8,75594,21752,53842,752,1153289792,153289792,1,131072,4825921,87181788536448,632543117312,87814331653760,11587788536448,75594000000000,2698.98,0.23700912484686515
0xb2afe3151f43109a3f8f82c946c7dfa2b59231b2d429e71e4dff3c174612506e,26119321,1791120887,0x5f62d006c10c009ff50c878cd6157ac861c99990,0x3,164,156,8,75594,21752,53842,752,1284359813,284359813,1,131072,7759143,97089895703922,1017006391296,98106902095218,21495895703922,75594000000000,2698.98,0.2647885666169515
0xa9b1290c3a3af7bad66bdd91683941616badcc09da4e898bb08cc09e14b9f186,26119353,1791121271,0x5f62d006c10c009ff50c878cd6157ac861c99990,0x3,164,156,8,75594,21752,53842,752,1195221983,195221983,1,131072,11619663,90351610582902,1523012468736,91874623051638,14757610582902,75594000000000,2698.98,0.24796777012390994
0x87a5e14a4030115879b06d9d6d5d8ee3899ba1a03b9e52143a722f16f9da4e52,26119385,1791121655,0x35376dd47c061bc3b8c8e8d61987019e7ed58f06,0x3,164,156,8,75594,21752,53842,752,1157893238,157893238,1,131072,9710611,87529781433372,1272789204992,88802570638364,11935781433372,75594000000000,2698.98,0.23967636210153168
0x22d200c8fbd4f9e5edadca921ead051e689cf7f4e89f1e4fd2cfce4d55f85090,26119417,1791122039,0x5f62d006c10c009ff50c878cd6157ac861c99990,0x3,164,156,8,75594,21752,53842,752,1110276067,110276067,1,131072,6656309,83930209008798,872455733248,84802664742046,8336209008798,75594000000000,2698.98,0.2288806960854873
0x10fb249d94d1c57e4b89dba5311a4c336f360364b1cbbd5a7c44f1041f54ed60,26119449,1791122423,0x35376dd47c061bc3b8c8e8d61987019e7ed58f06,0x3,164,156,8,75594,21752,53842,752,1122712312,122712312,1,131072,7119722,84870314513328,933196201984,85803510715312,9276314513328,75594000000000,2697.2,0.23142922910133953
0x639dbc723b6e078d8151e8ac0b21b6c86ab141164d10931ed8e33940a7e21938,26119481,1791122807,0x5f62d006c10c009ff50c878cd6157ac861c99990,0x3,164,156,8,75594,21752,53842,752,1205357650,205357650,1,131072,8424374,91117806194100,1104199548928,92222005743028,15523806194100,75594000000000,2697.2,0.2487411938900951
0x6c3e659c3b115e665f16bef0fe48006e11841e51d8b9d6efd04f7abbbc7626a8,26119513,1791123191,0x5f62d006c10c009ff50c878cd6157ac861c99990,0x3,164,156,8,75594,21752,53842,752,1345077713,345077713,1,131072,14219419,101679804636522,1863767687168,103543572323690,26085804636522,75594000000000,2697.2,0.2792777232714566
0x74aa3f0d00e54d3494842e18558fb75bb47d3da3afe9c6bab2203a8b555feab2,26119545,1791123575,0x35376dd47c061bc3b8c8e8d61987019e7ed58f06,0x3,164,156,8,75594,21752,53842,752,1364360221,364360221,1,131072,21858929,103137446546274,2865093541888,106002540088162,27543446546274,75594000000000,2697.2,0.28591005112579054
0x55d4be6d911539c6602ce1571e5ac3c8e4482b6f6c111e4b1a5829886082b80d,26119577,1791123959,0x5f62d006c10c009ff50c878cd6157ac861c99990,0x3,164,156,8,75594,21752,53842,752,1291507813,291507813,1,131072,18822315,97630241615922,2467078471680,100097320087602,22036241615922,75594000000000,2697.2,0.2699824917402801
0xe7d67d4de229bc089cd6887fa724561753f6692740c8898c6f5c3a40ecf554f9,26119609,1791124343,0x5f62d006c10c009ff50c878cd6157ac861c99990,0x3,164,156,8,75594,21752,53842,752,1353783153,353783153,1,131072,20436121,102337883667882,2678603251712,105016486919594,26743883667882,75594000000000,2697.2,0.2832504685195289
0xb7df9aa0ea96f37cdd36aedd273dacdd0521f25c0f8fcb30b32ea37d8c6cc021,26119641,1791124727,0x35376dd47c061bc3b8c8e8d61987019e7ed58f06,0x3,164,156,8,75594,21752,53842,752,1238488031,238488031,1,131072,13748836,93622264215414,1802087432192,95424351647606,18028264215414,75594000000000,2697.2,0.2573785612639229
0xb899a327621f3671061dbf79c1997fc223b024e7a47022d58fd877baa6ac2c91,26119673,1791125111,0x5f62d006c10c009ff50c878cd6157ac861c99990,0x3,164,156,8,75594,21752,53842,752,1185619711,185619711,1,131072,10944812,89625736433334,1434558398464,91060294831798,14031736433334,75594000000000,2697.2,0.24560782722032554
0x6f2936396492e8c254e1bef1446ef0c4b4bb355ad58c51089aa5fbeb5a9e7c48,26119705,1791125495,0x5f62d006c10c009ff50c878cd6157ac861c99990,0x3,164,156,8,75594,21752,53842,752,1134673042,134673042,1,131072,8455897,85774473936948,1108331331584,86882805268532,10180473936948,75594000000000,2697.2,0.2343403023702845
0xe7b9381cd9e9b6d26c2203ca7a8570da5274780095801e62ebe1c556d6d161ba,26119737,1791125879,0x5f62d006c10c009ff50c878cd6157ac861c99990,0x3,164,156,8,75594,21752,53842,752,1196195283,196195283,1,131072,10309215,90425186223102,1351249428480,91776435651582,14831186223102,75594000000000,2697.2,0.24753940223944695
0x2de58c986eb8c5656f24093d48730846844aa50db73cf5b6c5a35c4487656086,26119769,1791126263,0x5f62d006c10c009ff50c878cd6157ac861c99990,0x3,164,156,8,75594,21752,53842,752,1377226475,377226475,1,131072,18682017,104110058151150,2448689332224,106558747483374,28516058151150,75594000000000,2698.42,0.28754025538408606
0x27e533c8de1d312844e282620387d8a126899f529154f75a798f680b37087668,26119801,1791126647,0x35376dd47c061bc3b8c8e8d61987019e7ed58f06,0x3,164,156,8,75594,21752,53842,752,1537217428,537217428,1,131072,31065080,116204414252232,4071762165760,120276176417992,40610414252232,75594000000000,2698.42,0.324555639969838
0xa1476111b09b0ab6eae1347f0235c1eaf2f972491dd830ec4220bc1b294e638e,26119833,1791127031,0x35376dd47c061bc3b8c8e8d61987019e7ed58f06,0x3,164,156,8,75594,21752,53842,752,1323377472,323377472,1,131072,19612539,100039396618368,2570654711808,102610051330176,24445396618368,75594000000000,2698.42,0.2768850147103735
0x790b146dc68dc1fc1783705741d24d26b6e881e436b4dad3481d204b8e02b31b,26119865,1791127415,0x5f62d006c10c009ff50c878cd6157ac861c99990,0x3,164,156,8,75594,21752,53842,752,1226695561,226695561,1,131072,12382126,92730824238234,1622950019072,94353774257306,17136824238234,75594000000000,2698.42,0.25460611153139967
0xfa683b0f2083554f13df70f54ff2256f0569e0582a2cdae4613a954a41c5cd13,26119897,1791127799,0x35376dd47c061bc3b8c8e8d61987019e7ed58f06,0x3,164,156,8,75594,21752,53842,752,1231554784,231554784,1,131072,12568702,93098152341696,1647404908544,94745557250240,17504152341696,75594000000000,2698.42,0.25566330659519265
0x4271290b3862079bfa6038a8c64b1bb37d37785d46173c88d93fec4069ac2a1a,26119929,1791128183,0x35376dd47c061bc3b8c8e8d61987019e7ed58f06,0x3,164,156,8,75594,21752,53842,752,1219907443,219907443,1,131072,14272577,92217683246142,1870735212544,94088418458686,16623683246142,75594000000000,2698.42,0.2538900701372875
0x56c6e6e0da73dda697499af9ead405789536bd5628fb67223818df4b8a0d4a70,26119962,1791128579,0x35376dd47c061bc3b8c8e8d61987019e7ed58f06,0x3,164,156,8,75594,21752,53842,752,1193991040,193991040,1,131072,10903904,90258558677760,1429196505088,91687755182848,14664558677760,75594000000000,2698.42,0.2474120723405007
0xe8cd26a94dee91b1d46982b5c8ffa88c0d9fa177efb7375fb28d6a3d7d096f32,26119993,1791128951,0x5f62d006c10c009ff50c878cd6157ac861c99990,0x3,164,156,8,75594,21752,53842,752,1136522772,136522772,1,131072,7846564,85914302426568,1028464836608,86942767263176,10320302426568,75594000000000,2698.42,0.2346081020382994
0x22c1117358a771a19b90746cb192e1c3269c4f9329671f82ed7b94c3cf1d09ed,26120025,1791129335,0x35376dd47c061bc3b8c8e8d61987019e7ed58f06,0x3,164,156,8,75594,21752,53842,752,1139539011,139539011,1,131072,8237391,86142311997534,1079691313152,87222003310686,10548311997534,75594000000000,2698.42,0.23536159817362132
0x22f5f325876f2065027666808e4f535cf0fa9d3f1a61f9ea3cc4999b7279720f,26120058,1791129731,0x5f62d006c10c009ff50c878cd6157ac861c99990,0x3,164,156,8,75594,21752,53842,752,1105715813,105715813,1,131072,7040218,83585481167922,922775453696,84508256621618,7991481167922,75594000000000,2702.93,0.2284199020702699
0x7f1e94a3b9459792bc4658f1cb14de0fef62844f595b00f262bef0d8f82a0e60,26120088,1791130103,0x5f62d006c10c009ff50c878cd6157ac861c99990,0x3,164,156,8,75594,21752,53842,752,1161482273,161482273,1,131072,9893722,87801090945162,1296789929984,89097880875146,12207090945162,75594000000000,2702.93,0.24082533515385834
0x31ea198c0dd8329916b4835811278599d603e86af0795fb70bfcca112037a628,26120120,1791130487,0x35376dd47c061bc3b8c8e8d61987019e7ed58f06,0x3,164,156,8,75594,21752,53842,752,1148107487,148107487,1,131072,8977146,86790037372278,1176652480512,87966689852790,11196037372278,75594000000000,2702.93,0.23776780500380165
0xd88fc5ebe35d5881621f1fc8628edda72abfdb8812a504a02a7a5689eb0ddff9,26120152,1791130871,0x35376dd47c061bc3b8c8e8d61987019e7ed58f06,0x3,164,156,8,75594,21752,53842,752,1154043758,154043758,1,131072,9044525,87238783842252,1185483980800,88424267823052,11644783842252,75594000000000,2702.93,0.23900460622696193
0xa34ede832d6097a56ad88192a0253c471aa07e3cbed6f81296a8974bb6ba87cc,26120185,1791131267,0x5f62d006c10c009ff50c878cd6157ac861c99990,0x3,164,156,8,75594,21752,53842,752,1169472112,169472112,1,131072,9146548,88405074834528,1198856339456,89603931173984,12811074834528,75594000000000,2702.93,0.24219315368809657
0x14a470121e8656ae3da02683b122ac4ed3f6de4b0b49474cc1a7dfef5c1b0421,26120216,1791131639,0x5f62d006c10c009ff50c878cd6157ac861c99990,0x3,164,156,8,75594,21752,53842,752,1145021650,145021650,1,131072,8910245,86556766610100,1167883632640,87724650242740,10962766610100,75594000000000,2702.93,0.2371135888806092
0x9677916fcca9f7fdd668b567a5cdb6bdacec875d6357d600a4280872080798a6,26120248,1791132023,0x5f62d006c10c009ff50c878cd6157ac861c99990,0x3,164,156,8,75594,21752,53842,752,1138460526,138460526,1,131072,8392806,86060785002444,1100061868032,87160846870476,10466785002444,75594000000000,2702.93,0.23558966783161567
0x63a9fccd711cfb68ee3820e94ee4e3501d559ace255a9cb26cad971cc1115f1c,26120279,1791132407,0x35376dd47c061bc3b8c8e8d61987019e7ed58f06,0x3,164,156,8,75594,21752,53842,752,1128171997,128171997,1,131072,7994592,85283033941218,1047867162624,86330901103842,9689033941218,75594000000000,2702.93,0.23334638252060763
0x9a18bf6b8caab8e3a825812ed33fd8d283cdb560cfcc23d851c176646af1b601,26120311,1791132791,0x5f62d006c10c009ff50c878cd6157ac861c99990,0x3,164,156,8,75594,21752,53842,752,1107327956,107327956,1,131072,6681119,83707349505864,875707629568,84583057135432,8113349505864,75594000000000,2702.93,0.2286220826230732
0xa3b883923424c59ff2adae512634802a99472cc50e4b3d15eb04b1c3514762c3,26120343,1791133175,0x35376dd47c061bc3b8c8e8d61987019e7ed58f06,0x3,164,156,8,75594,21752,53842,752,1130482918,130482918,1,131072,6781790,85457725703292,888902778880,86346628482172,9863725703292,75594000000000,2702.93,0.23338889252331715
0x8c9d80795321e0a230bd65479c98be828d374885814ce1f532028fcc3b7128c4,26120375,1791133559,0x35376dd47c061bc3b8c8e8d61987019e7ed58f06,0x3,164,156,8,75594,21752,53842,752,1137704945,137704945,1,131072,7730012,86003667612330,1013188132864,87016855745194,10409667612330,75594000000000,2701.67,0.23509082866111827
0xeabae45bb378986d4ef395c4ab32be0d7b1852d7eb545405fb101185ac5d6c1a,26120407,1791133943,0x5f62d006c10c009ff50c878cd6157ac861c99990,0x3,164,156,8,75594,21752,53842,752,1118998972,118998972,1,131072,7390829,84589608289368,968730738688,85558339028056,8995608289368,75594000000000,2701.67,0.2311503978019281
0x2d0b4237ce927917f2f35e671395e3fc4ca0825535a112e4425340039bff39ea,26120439,1791134327,0x5f62d006c10c009ff50c878cd6157ac861c99990,0x3,164,156,8,75594,21752,53842,752,1125533824,125533824,1,131072,6961626,85083603891456,912474243072,85996078134528,9489603891456,75594000000000,2701.67,0.2323330244137103
0xe09a73beab19c29d8f59ae73415f881565ca4e0214e09986712743f4815c135b,26120471,1791134711,0x5f62d006c10c009ff50c878cd6157ac861c99990,0x3,164,156,8,75594,21752,53842,752,1126938303,126938303,1,131072,7253926,85189774076982,950786588672,86140560665654,9595774076982,75594000000000,2701.67,0.23272336853357745
0x64d32b273883c679b0b8185bb79f8c0d940d51ec5945a10311f497510d6fe7fb,26120503,1791135095,0x5f62d006c10c009ff50c878cd6157ac861c99990,0x3,164,156,8,75594,21752,53842,752,1124075308,124075308,1,131072,8024497,84973348832952,1051786870784,86025135703736,9379348832952,75594000000000,2701.67,0.23241152837671245
0xec7f35aa72be9ead8233d9d195159b9006533dea923712acc1ef1ce7f9309561,26120534,1791135479,0x35376dd47c061bc3b8c8e8d61987019e7ed58f06,0x3,164,156,8,75594,21752,53842,752,1142241377,142241377,1,131072,7146229,86346594652938,936670527488,87283265180426,10752594652938,75594000000000,2701.67,0.2358105790400015
0x456f21150012dbb52a368103d63ee2628a54f12780437b92bb2dc82015e51fc9,26120566,1791135863,0x35376dd47c061bc3b8c8e8d61987019e7ed58f06,0x3,164,156,8,75594,21752,53842,752,1122244326,122244326,1,131072,7758937,84834937579644,1016979390464,85851916970108,9240937579644,75594000000000,2701.67,0.23194354852063168
0x497ccf94ba4d20f61d13d8e6d631b75cd7005b7e3dc0ddf586f71886861e2ff8,26120598,1791136247,0x5f62d006c10c009ff50c878cd6157ac861c99990,0x3,164,156,8,75594,21752,53842,752,1127975511,127975511,1,131072,6781751,85268180778534,888897667072,86157078445606,9674180778534,75594000000000,2701.67,0.23276799412414037
0x75dcb0e1771650bf8db8f688438063a5de76b48535bd91808fac06931e2e5f6a,26120630,1791136631,0x35376dd47c061bc3b8c8e8d61987019e7ed58f06,0x3,164,156,8,75594,21752,53842,752,1117533593,117533593,1,131072,7787990,84478834429242,1020787425280,85499621854522,8884834429242,75594000000000,2701.67,0.23099176337570643
0x7ffd1e334bf8cc0398479f4438baf63c937f95c35c010301a02ea042b18f30b3,26120662,1791137015,0x35376dd47c061bc3b8c8e8d61987019e7ed58f06,0x3,164,156,8,75594,21752,53842,752,1122288262,122288262,1,131072,6781740,84838258877628,888896225280,85727155102908,9244258877628,75594000000000,2700.71,0.23152418505797467
0x4d1bce14414766940382dc85dcbe91d588472599a0d82c633028deca2cd4d736,26120693,1791137399,0x5f62d006c10c009ff50c878cd6157ac861c99990,0x3,164,156,8,75594,21752,53842,752,1117629722,117629722,1,131072,7119531,84486101204868,933171167232,85419272372100,8892101204868,75594000000000,2700.71,0.2306926830880542
0x479f5d0a3426773ed13d6adfaf8afcf01da799f15acc1ef6be54343e1b817850,26120725,1791137783,0x35376dd47c061bc3b8c8e8d61987019e7ed58f06,0x3,164,156,8,75594,21752,53842,752,1109326630,109326630,1,131072,6631275,83858437268220,869174476800,84727611745020,8264437268220,75594000000000,2700.71,0.22882470831589297
0x684ff0927fe83dc1540b2475affc0e254cb1d851c6b084f634554bf91d669242,26120757,1791138167,0x35376dd47c061bc3b8c8e8d61987019e7ed58f06,0x3,164,156,8,75594,21752,53842,752,1125695175,125695175,1,131072,7846422,85095801058950,1028446224384,86124247283334,9501801058950,75594000000000,2700.71,0.23259661588057298
0x8abc84135be2fa77b5c4a263a4472afafe789eff2d4b5930297a6e505b8587d0,26120789,1791138551,0x35376dd47c061bc3b8c8e8d61987019e7ed58f06,0x3,164,156,8,75594,21752,53842,752,1105756134,105756134,1,131072,5298622,83588529193596,694500982784,84283030176380,7994529193596,75594000000000,2700.71,0.22762402242765123
0xa3d6808e8f57e19082fb923af332effd9146e353454a7fefa8b33579f0e4d42b,26120821,1791138935,0x5f62d006c10c009ff50c878cd6157ac861c99990,0x3,164,156,8,75594,21752,53842,752,1103629369,103629369,1,131072,5500492,83427758520186,720960487424,84148719007610,7833758520186,75594000000000,2700.71,0.2272612869110424
0x4198cbf0f29d7c5189462a30ce0d03ccd8d6c5fce524f37a4c1156981e00d548,26120853,1791139319,0x5f62d006c10c009ff50c878cd6157ac861c99990,0x3,164,156,8,75594,21752,53842,752,1115089536,115089536,1,131072,6316626,84294078384384,827932803072,85122011187456,8700078384384,75594000000000,2700.71,0.22988986683407428
0x825cfa7bfcd368c8b50dfc656c4ae9b957eb83c299156e888993d5ae71d31f6a,26120885,1791139703,0x5f62d006c10c009ff50c878cd6157ac861c99990,0x3,164,156,8,75594,21752,53842,752,1104571187,104571187,1,131072,6681028,83498954310078,875695702016,84374650012094,7904954310078,75594000000000,2700.71,0.2278714610341624
0x21f490e906e8be31a2dc50a523edb02b75073e86cb377a2b52697de2925e2f04,26120916,1791140087,0x35376dd47c061bc3b8c8e8d61987019e7ed58f06,0x3,164,156,8,75594,21752,53842,752,1132860555,132860555,1,131072,6756389,85637460794670,885573419008,86523034213678,10043460794670,75594000000000,2700.71,0.23367362373122233
0x7e9997f04ac26643e435c8f7317f7057760983168bdf1229fab81fbdef51076f,26120948,1791140471,0x35376dd47c061bc3b8c8e8d61987019e7ed58f06,0x3,164,156,8,75594,21752,53842,752,1154007439,154007439,1,131072,6435820,87236038343766,843555799040,88079594142806,11642038343766,75594000000000,2701.24,0.23792412288231324
0xedafd3ad598ef7ad0362be33854fdeca702bbe0d0ada53ea2933875d76b0f6a8,26120980,1791140855,0x5f62d006c10c009ff50c878cd6157ac861c99990,0x3,164,156,8,75594,21752,53842,752,1164272417,164272417,1,131072,9284205,88012009090698,1216899317760,89228908408458,12418009090698,75594000000000,2701.24,0.24102869654926307
0x1c5f6dfefd25beb2b8694f14d7977e61afe13fe2912c856cd51889a3c9a3714f,26121012,1791141239,0x5f62d006c10c009ff50c878cd6157ac861c99990,0x3,164,156,8,75594,21752,53842,752,1100944308,100944308,1,131072,5562520,83224784018952,729090621440,83953874640392,7630784018952,75594000000000,2701.24,0.22677956433361246
0x8313a03620e513a0632cf31548244a068d7dbad040e01c406dbec47de71f3d31,26121044,1791141623,0x35376dd47c061bc3b8c8e8d61987019e7ed58f06,0x3,164,156,8,75594,21752,53842,752,1099713872,99713872,1,131072,5009592,83131770439968,656617242624,83788387682592,7537770439968,75594000000000,2701.24,0.22633254434372477
0x42d0f959803206e6849eca34bda5d08ebb98fc073bb3c24117b22a6b8863c9ca,26121076,1791142007,0x5f62d006c10c009ff50c878cd6157ac861c99990,0x3,164,156,8,75594,21752,53842,752,1104687206,104687206,1,131072,5688716,83507724650364,745631383552,84253356033916,7913724650364,75594000000000,2701.24,0.2275885354530552
0x8691d26f26bc47e49202f0ab83fb8485509efdf8287a8b1ba047e8df9fc300f1,26121108,1791142391,0x5f62d006c10c009ff50c878cd6157ac861c99990,0x3,164,156,8,75594,21752,53842,752,1112818212,112818212,1,131072,6606471,84122379917928,865923366912,84988303284840,8528379917928,75594000000000,2701.24,0.2295738043651412
0x632061ba5941d12759ce131a19786f69f8f394e580e1f7de64955aac9c18a117,26121141,1791142787,0x5f62d006c10c009ff50c878cd6157ac861c99990,0x3,164,156,8,75594,21752,53842,752,1113811523,113811523,1,131072,6484101,84197468269662,849884086272,85047352355934,8603468269662,75594000000000,2701.24,0.22973331007794312
0xc565c566e25210059d69f113d10f91c3b8e63635dc57cb3adadd18ea3b91b339,26121172,1791143159,0x5f62d006c10c009ff50c878cd6157ac861c99990,0x3,164,156,8,75594,21752,53842,752,1128151553,128151553,1,131072,7226738,85281488497482,947223003136,86228711500618,9687488497482,75594000000000,2701.24,0.23292444465392934
0xbe651bc19a230c20f803414eaaee6481c4e168f30f3a4b1b37e58fde5bbfe3f5,26121205,1791143555,0x35376dd47c061bc3b8c8e8d61987019e7ed58f06,0x3,164,156,8,75594,21752,53842,752,1152017997,152017997,1,131072,8424061,87085648465218,1104158523392,88189806988610,11491648465218,75594000000000,2701.24,0.23822183422991286
0x2e7a400d4f9edc63dccf5981d8ede7868e7cd76694bde0f305aeac69e89bd1c9,26121236,1791143927,0x35376dd47c061bc3b8c8e8d61987019e7ed58f06,0x3,164,156,8,75594,21752,53842,752,1104661500,104661500,1,131072,5752870,83505781431000,754040176640,84259821607640,7911781431000,75594000000000,2701.24,0.22760600051942145
0x90623aaaa0927dc59a26ebe3f2ca91ba5f1760cd90fc5e6fbadacc9b14f74832,26121268,1791144311,0x5f62d006c10c009ff50c878cd6157ac861c99990,0x3,164,156,8,75594,21752,53842,752,1119282563,119282563,1,131072,7558369,84611046067422,990690541568,85601736608990,9017046067422,75594000000000,2705.53,0.23159806644772074
0xc2fd1829b0a9b5eb60aabf0299a2e9f579415c80db6fad2116d4c4ecf0046952,26121300,1791144695,0x35376dd47c061bc3b8c8e8d61987019e7ed58f06,0x3,164,156,8,75594,21752,53842,752,1110910321,110910321,1,131072,6883837,83978154805674,902278283264,84880433088938,8384154805674,75594000000000,2705.53,0.22964655813511445
0xf82aecdcdc2f13e8037f8060f16c51afc053d6bd2c21ca99abb5e9b93e59773b,26121331,1791145079,0x5f62d006c10c009ff50c878cd6157ac861c99990,0x3,164,156,8,75594,21752,53842,752,1103914647,103914647,1,131072,6909619,83449323825318,905657581568,84354981406886,7855323825318,75594000000000,2705.53,0.2282249328457723
0x568789a8cefa146ee478c28335e863cb7101e9430a092cfb99a3dbdb03c4f659,26121362,1791145463,0x35376dd47c061bc3b8c8e8d61987019e7ed58f06,0x3,164,156,8,75594,21752,53842,752,1140067048,140067048,1,131072,6508362,86182228426512,853064024064,87035292450576,10588228426512,75594000000000,2705.53,0.2354765947838069
0x313482f25a2c2a87433d50d5bd732721f16e7562b95105e4c9651cb9462956d1,26121394,1791145847,0x35376dd47c061bc3b8c8e8d61987019e7ed58f06,0x3,164,156,8,75594,21752,53842,752,1145791280,145791280,1,131072,7787858,86614946020320,1020770123776,87635716144096,11020946020320,75594000000000,2705.53,0.23710105909933604
0x9bf782ed8b0b452966702cbe676d9081686a52d28b7cc8cf086405de5c4eda0e,26121426,1791146231,0x5f62d006c10c009ff50c878cd6157ac861c99990,0x3,164,156,8,75594,21752,53842,752,1215434552,215434552,1,131072,12615352,91879559523888,1653519417344,93533078941232,16285559523888,75594000000000,2705.53,0.25305655106787145
0x501b7c79b380f888646f7e093128ae0f391150df7d1c5bfc8df83697a27f9add,26121458,1791146615,0x5f62d006c10c009ff50c878cd6157ac861c99990,0x3,164,156,8,75594,21752,53842,752,1235440339,235440339,1,131072,13343117,93391876986366,1748909031424,95140786017790,17797876986366,75594000000000,2705.53,0.2574062507947114
0x2e96e73bceb871d6aab606f16edd6abacee7c732e324e64a0eb2b0859b3d9666,26121490,1791146999,0x5f62d006c10c009ff50c878cd6157ac861c99990,0x3,164,156,8,75594,21752,53842,752,1194615275,194615275,1,131072,11446626,90305747098350,1500332163072,91806079261422,14711747098350,75594000000000,2705.53,0.24838410162415508
0xd76034f8335d1bc01331d7bb32e54937d9889c0239c88e46a94eb9a8299c24c9,26121522,1791147383,0x5f62d006c10c009ff50c878cd6157ac861c99990,0x3,164,156,8,75594,21752,53842,752,1129618977,129618977,1,131072,7172839,85392416947338,940158353408,86332575300746,9798416947338,75594000000000,2705.53,0.23357537245342735
0x7a550074437576315528e551d6f67130976aca8e735ce95a7acbe91ec70c539d,26121554,1791147767,0x35376dd47c061bc3b8c8e8d61987019e7ed58f06,0x3,164,156,8,75594,21752,53842,752,1136568185,136568185,1,131072,6987529,85917735376890,915869401088,86833604777978,10323735376890,75594000000000,2701.9,0.23461571674961876
0xd1c7fb007947af9df27b0bad087a1cc6f572152bf8a0175899e319071fc59f77,26121586,1791148151,0x5f62d006c10c009ff50c878cd6157ac861c99990,0x3,164,156,8,75594,21752,53842,752,1104258959,104258959,1,131072,5731354,83475351746646,751220031488,84226571778134,7881351746646,75594000000000,2701.9,0.22757177428734027
0x3e426e650acefeeb2e210f90dd9aec8530498a29052b6953344657a11e3ac440,26121618,1791148535,0x5f62d006c10c009ff50c878cd6157ac861c99990,0x3,164,156,8,75594,21752,53842,752,1126474874,126474874,1,131072,7787819,85154741625156,1020765011968,86175506637124,9560741625156,75594000000000,2701.9,0.23283760138284534
0x078bc8ccfe7fe13d9ac3cfd2d1a69e863f8d19089eca651ea893d0828055dceb,26121650,1791148931,0x5f62d006c10c009ff50c878cd6157ac861c99990,0x3,164,156,8,75594,21752,53842,752,1114109122,114109122,1,131072,7253735,84219964968468,950761553920,85170726522388,8625964968468,75594000000000,2701.9,0.23012278599084013
0xb693877736b907e3bee2089558d0eb0b7bccf2feb50d11f337a7acb5c429d3ba,26121681,1791149303,0x5f62d006c10c009ff50c878cd6157ac861c99990,0x3,164,156,8,75594,21752,53842,752,1116092894,116092894,1,131072,6655978,84369926229036,872412348416,85242338577452,8775926229036,75594000000000,2701.9,0.23031627460241758
0x1d8df2a81277ac4315af04c8d6e989b8d32cc14550b252897e79a604b6a9d299,26121713,1791149687,0x35376dd47c061bc3b8c8e8d61987019e7ed58f06,0x3,164,156,8,75594,21752,53842,752,1115202907,115202907,1,131072,6269450,84302648551758,821749350400,85124397902158,8708648551758,75594000000000,2701.9,0.2299976106918407
0xcf5edf33685a7700519745b4382046cdacbff3c84a0cefae7e01f55f2bc9db0b,26121745,1791150071,0x35376dd47c061bc3b8c8e8d61987019e7ed58f06,0x3,164,156,8,75594,21752,53842,752,1089701998,89701998,1,131072,5180967,82374932836812,679079706624,83054012543436,6780932836812,75594000000000,2701.9,0.22440363649110973
0xe2b757d29b62c2d2914458618b85336e8a2908771f9721a52d9d1e90328650e9,26121777,1791150455,0x35376dd47c061bc3b8c8e8d61987019e7ed58f06,0x3,164,156,8,75594,21752,53842,752,1114270908,114270908,1,131072,6292927,84232195019352,824826527744,85057021547096,8638195019352,75594000000000,2701.9,0.22981556651809867
0x943b7645bbab75853d83aff34caea0e79ddf55b8d351d6053084d57a921fa998,26121809,1791150839,0x35376dd47c061bc3b8c8e8d61987019e7ed58f06,0x3,164,156,8,75594,21752,53842,752,1098109707,98109707,1,131072,5709937,83010505190958,748412862464,83758918053422,7416505190958,75594000000000,2701.9,0.2263082206885409
0x97d11fd5cc6f3c17f04771753de67ea8b1a2cbd455a6ce30f5f74c4cf4bc1ec9,26121842,1791151235,0x5f62d006c10c009ff50c878cd6157ac861c99990,0x3,164,156,8,75594,21752,53842,752,1090199373,90199373,1,131072,5398494,82412531402562,707591405568,83120122808130,6818531402562,75594000000000,2730.7,0.22697611935216058
0x88b495e322f308dddcec4c5ac5ec260e6357b7382a6109e8000928b2cdee4eb7,26121874,1791151619,0x35376dd47c061bc3b8c8e8d61987019e7ed58f06,0x3,164,156,8,75594,21752,53842,752,1113246616,113246616,1,131072,7172788,84154764689904,940151668736,85094916358640,8560764689904,75594000000000,2730.7,0.23236868810053823
0xa96a50232023930a4f4b0f69f7798ebfbff8de90654fe580b5163802f5e40c3d,26121905,1791151991,0x5f62d006c10c009ff50c878cd6157ac861c99990,0x3,164,156,8,75594,21752,53842,752,1115285325,115285325,1,131072,6832459,84308878858050,895544066048,85204422924098,8714878858050,75594000000000,2730.7,0.23266771767883437
0x058190dda947038cfcf479f0965df20d77b999b1f4f6128844f311e0132af453,26121937,1791152375,0x35376dd47c061bc3b8c8e8d61987019e7ed58f06,0x3,164,156,8,75594,21752,53842,752,1129938722,129938722,1,131072,7586573,85416587750868,994387296256,86410975047124,9822587750868,75594000000000,2730.7,0.23596244956118148
0x3f4842b39063ba9e7856a37b44e73039a96452b260e01956525688889b7388fe,26121970,1791152771,0x35376dd47c061bc3b8c8e8d61987019e7ed58f06,0x3,164,156,8,75594,21752,53842,752,1186130338,186130338,1,131072,11575633,89664336770772,1517241368576,91181578139348,14070336770772,75594000000000,2730.7,0.24898953542511754
0xc6834b217f0158afa6ed049b943f9f642f08eaffd6d4c8d134da5ef10dfdc2d3,26122001,1791153143,0x5f62d006c10c009ff50c878cd6157ac861c99990,0x3,164,156,8,75594,21752,53842,752,1138512343,138512343,1,131072,8615038,86064702056742,1129190260736,87193892317478,10470702056742,75594000000000,2730.7,0.23810036175133714
0xe48a832416f2fe76e9c89fd72f66e11af0f49075cb6b6755987bea2bf951e56e,26122033,1791153527,0x5f62d006c10c009ff50c878cd6157ac861c99990,0x3,164,156,8,75594,21752,53842,752,1099341338,99341338,1,131072,6340127,83103609104772,831013126144,83934622230916,7509609104772,75594000000000,2730.7,0.22920027292596232
0xe1b189fc27978d8ab8422ced00bc66b13bc88b1014946189463cb3bbbfae4340,26122065,1791153911,0x35376dd47c061bc3b8c8e8d61987019e7ed58f06,0x3,164,156,8,75594,21752,53842,752,1109876247,109876247,1,131072,5520948,83899985015718,723641696256,84623626711974,8305985015718,75594000000000,2730.7,0.2310817374623874
0x129ba9d25ffd48673cd135f2a81f3f1180f4052f8cc217e847c19dc274759eb3,26122097,1791154295,0x35376dd47c061bc3b8c8e8d61987019e7ed58f06,0x3,164,156,8,75594,21752,53842,752,1118476685,118476685,1,131072,5646206,84550126525890,740059512832,85290186038722,8956126525890,75594000000000,2730.7,0.23290191101593816
0xee7e6982ce1a21eb7c5d2b49f24997b73e637c01b50e20aabf54fac8b802a999,26122129,1791154679,0x5f62d006c10c009ff50c878cd6157ac861c99990,0x3,164,156,8,75594,21752,53842,752,1107970322,107970322,1,131072,6363864,83755908521268,834124382208,84590032903476,8161908521268,75594000000000,2730.7,0.23099000284952192
0xe47341472c6cb98b779551ce3163def476a15af3da51c59ecd723ae82d789052,26122161,1791155063,0x5f62d006c10c009ff50c878cd6157ac861c99990,0x3,164,156,8,75594,21752,53842,752,1116160449,116160449,1,131072,6883706,84375032981706,902261112832,85277294094538,8781032981706,75594000000000,2726.49,0.2325076895758169
0xd133c353d29cab191b2f4b0a495d3072e2b5b52401298a75e7fe114dcd63a126,26122193,1791155447,0x35376dd47c061bc3b8c8e8d61987019e7ed58f06,0x3,164,156,8,75594,21752,53842,752,1107694030,107694030,1,131072,6199448,83735022503820,812574048256,84547596552076,8141022503820,75594000000000,2726.49,0.23051817652326967
0x847104825b0e43094a15d4e8651162f92ad322ff255d513f655163bb19f5c193,26122225,1791155831,0x35376dd47c061bc3b8c8e8d61987019e7ed58f06,0x3,164,156,8,75594,21752,53842,752,1094612120,94612120,1,131072,6655896,82746108599280,872401600512,83618510199792,7152108599280,75594000000000,2726.49,0.22798503187463087
0x9ff950298b10623b6b9e3228c7790de71fe2f04d09541400e7773b021fad9fe0,26122257,1791156215,0x5f62d006c10c009ff50c878cd6157ac861c99990,0x3,164,156,8,75594,21752,53842,752,1157495549,157495549,1,131072,8876581,87499718531106,1163471224832,88663189755938,11905718531106,75594000000000,2726.49,0.24173930023766738
0x8a0a51d4e6f907a06310a82638d2b6fffadeaa06107250ac5029242ebb24e15b,26122289,1791156599,0x35376dd47c061bc3b8c8e8d61987019e7ed58f06,0x3,164,156,8,75594,21752,53842,752,1120021848,120021848,1,131072,7119278,84666931577712,933138006016,85600069583728,9072931577712,75594000000000,2726.49,0.23338773371933855
0x4367fe583daa95e3c9621dd7d7ae76d1e6d18deed78eb3431d2cc1d9870b48b6,26122321,1791156983,0x5f62d006c10c009ff50c878cd6157ac861c99990,0x3,164,156,8,75594,21752,53842,752,1131234614,131234614,1,131072,7280795,85514549410716,954308362240,86468857772956,9920549410716,75594000000000,2726.49,0.2357564760293868
0x866a8762679f662d900125da22562a0667f1a1613460a03dfa544883e273353f,26122353,1791157367,0x5f62d006c10c009ff50c878cd6157ac861c99990,0x3,164,156,8,75594,21752,53842,752,1103171695,103171695,1,131072,5219782,83393161111830,684167266304,84077328378134,7799161111830,75594000000000,2726.49,0.22923599504969855
0x3437376030d32b2eecab81f3271427531c1f925136cfc66a962d2481ce667bba,26122385,1791157751,0x35376dd47c061bc3b8c8e8d61987019e7ed58f06,0x3,164,156,8,75594,21752,53842,752,1121842837,121842837,1,131072,6806883,84804587420178,892191768576,85696779188754,9210587420178,75594000000000,2726.49,0.23365141149034588
0x727e24166d99b52a1999953124cb58fd019900926da2b5c0c5ab3211ae852ca5,26122417,1791158135,0x35376dd47c061bc3b8c8e8d61987019e7ed58f06,0x3,164,156,8,75594,21752,53842,752,1088706985,88706985,1,131072,5142286,82299715824090,674009710592,82973725534682,6705715824090,75594000000000,2726.49,0.2262270329330551
0x71ec53a2fccebf05310794a180bde7dc4ac3560d1809342ca090b77ebb6d22b9,26122449,1791158519,0x5f62d006c10c009ff50c878cd6157ac861c99990,0x3,164,156,8,75594,21752,53842,752,1115916564,115916564,1,131072,6363815,84356596739016,834117959680,85190714698696,8762596739016,75594000000000,2728.83,0.2324709779912426
0x1a05ac3ea37c733791ae0d82d715781ed0e0df2b3e48468d3b70019db9d7a64d,26122480,1791158903,0x35376dd47c061bc3b8c8e8d61987019e7ed58f06,0x3,164,156,8,75594,21752,53842,752,1140251621,140251621,1,131072,8582787,86196181037874,1124963057664,87321144095538,10602181037874,75594000000000,2728.83,0.23828455764222697
0x06aa63995db29c8a5f389ef6edcb3c058e8eecdef8066c4c5fd4548d2d71cde2,26122512,1791159287,0x5f62d006c10c009ff50c878cd6157ac861c99990,0x3,164,156,8,75594,21752,53842,752,1130091758,130091758,1,131072,7816831,85428156354252,1024567672832,86452724027084,9834156354252,75594000000000,2728.83,0.23591478690682763
0xcc626d055e3c8019840bf18fd9987bb350cdde2f319fe16ce97fd84a95ac88e1,26122544,1791159671,0x35376dd47c061bc3b8c8e8d61987019e7ed58f06,0x3,164,156,8,75594,21752,53842,752,1122745153,122745153,1,131072,7672041,84872797095882,1005589757952,85878386853834,9278797095882,75594000000000,2728.83,0.2343475183983478
0x2f84594c4d74267d6f2e4b148435c10dae83f40ddd3de2d95282bcf0f9c8ffda,26122576,1791160055,0x5f62d006c10c009ff50c878cd6157ac861c99990,0x3,164,156,8,75594,21752,53842,752,1112281083,112281083,1,131072,7092656,84081776188302,929648607232,85011424795534,8487776188302,75594000000000,2728.83,0.23198172632479702
0x018bcee0fdb72f615d1ed881dbd950735f76b53cd71f23c635f2a1353e71c6db,26122609,1791160451,0x5f62d006c10c009ff50c878cd6157ac861c99990,0x3,164,156,8,75594,21752,53842,752,1102957721,102957721,1,131072,5709827,83376985961274,748398444544,84125384405818,7782985961274,75594000000000,2728.83,0.2295638727281283
0xd8e89ee2f74d66e407cd72478a17432622c6b414c4dac261d2a9671c480d63f6,26122641,1791160835,0x35376dd47c061bc3b8c8e8d61987019e7ed58f06,0x3,164,156,8,75594,21752,53842,752,1100926462,100926462,1,131072,5883203,83223434968428,771123183616,83994558152044,7629434968428,75594000000000,2728.83,0.22920687012204222
0x5cda6ad008c4e05b8cda520b196a606b3a095193dac78f7708cef46311c5d7fc,26122672,1791161207,0x5f62d006c10c009ff50c878cd6157ac861c99990,0x3,164,156,8,75594,21752,53842,752,1107682087,107682087,1,131072,6130224,83734119684678,803500720128,84537620404806,8140119684678,75594000000000,2728.83,0.23068879468924675
0x4b83e0718a826ebb3d24f31f971ee550d65543b159ad5ed6de858582406ade31,26122704,1791161591,0x5f62d006c10c009ff50c878cd6157ac861c99990,0x3,164,156,8,75594,21752,53842,752,1096270963,96270963,1,131072,5200258,82871507177022,681608216576,83553115393598,7277507177022,75594000000000,2728.83,0.22800224787951204
0x65343cb9facd6b7b13aa18e45ce69ab57506505c0c65220cd5babc1d6e129f3b,26122737,1791161987,0x5f62d006c10c009ff50c878cd6157ac861c99990,0x3,164,156,8,75594,21752,53842,752,1088882413,88882413,1,131072,5562301,82312977128322,729061916672,83042039044994,6718977128322,75594000000000,2728.83,0.22660760740715097
0x8e3d9049e409392c455c0b7fd2035f51c7aa2b676d7c3ff1a2096aa66ec64f53,26122768,1791162359,0x5f62d006c10c009ff50c878cd6157ac861c99990,0x3,164,156,8,75594,21752,53842,752,1082868489,82868489,1,131072,4953516,81858360557466,649267249152,82507627806618,6264360557466,75594000000000,2724.52,0.22479368211168688
0x6845b229cea1846ce0a0898c963e675094c2148154faebe409f3ba1362fd7b66,26122800,1791162743,0x5f62d006c10c009ff50c878cd6157ac861c99990,0x3,164,156,8,75594,21752,53842,752,1075344900,75344900,1,131072,4233601,81289622370600,554906550272,81844528920872,5695622370600,75594000000000,2724.52,0.22298705593549417
0xf1e0c4f0ed5b4675e079c50cdf465cceb405c5f569f7c164254028afd3c95ccf,26122832,1791163127,0x35376dd47c061bc3b8c8e8d61987019e7ed58f06,0x3,164,156,8,75594,21752,53842,752,1087031088,87031088,1,131072,4313492,82173028066272,565378023424,82738406089696,6579028066272,75594000000000,2724.52,0.22542244215949855
0xa39b5d6beeff112981ead02d6c7e91785fb3b665f56b83d1bebabc07902dc1ff,26122864,1791163511,0x5f62d006c10c009ff50c878cd6157ac861c99990,0x3,164,156,8,75594,21752,53842,752,1089918313,89918313,1,131072,5358142,82391284952922,702302388224,83093587341146,6797284952922,75594000000000,2724.52,0.2263901405826991
0x9e6218f918c05e72b2c3055d31076a8443b9e386cb0a92b248d2a2f78b798dd3,26122896,1791163895,0x5f62d006c10c009ff50c878cd6157ac861c99990,0x3,164,156,8,75594,21752,53842,752,1080844238,80844238,1,131072,4843607,81705339327372,634861256704,82340200584076,6111339327372,75594000000000,2724.52,0.22433752329532675
0xd82a13fa5e862865f19ae0d006e64e89280974be47e089ed24798e1e45707c97,26122928,1791164279,0x5f62d006c10c009ff50c878cd6157ac861c99990,0x3,164,156,8,75594,21752,53842,752,1093529739,93529739,1,131072,4683318,82664287089966,613851856896,83278138946862,7070287089966,75594000000000,2724.52,0.22689295512350446
0x0007d3193cf737a608dbcb9d658dd7e6ba155941dca36d0bc1be3bd4754d3823,26122960,1791164663,0x35376dd47c061bc3b8c8e8d61987019e7ed58f06,0x3,164,156,8,75594,21752,53842,752,1081188521,81188521,1,131072,4461108,81731365056474,584726347776,82316091404250,6137365056474,75594000000000,2724.52,0.22427183735270723
0x02715fbec4c2d250b6cf645985b1cdf689b9b83e3c28bdfa186ac4ffd925df98,26122992,1791165047,0x35376dd47c061bc3b8c8e8d61987019e7ed58f06,0x3,164,156,8,75594,21752,53842,752,1101050677,101050677,1,131072,5338130,83232824877138,699679375360,83932504252498,7638824877138,75594000000000,2724.52,0.22867578648601586
0x4121fe8e43dceffb66328f568a0a29dc6bb0a3f3d8b6b6dba72c83330744b414,26123024,1791165431,0x5f62d006c10c009ff50c878cd6157ac861c99990,0x3,164,156,8,75594,21752,53842,752,1077859750,77859750,1,131072,4477813,81479729941500,586915905536,82066645847036,5885729941500,75594000000000,2724.52,0.22359221794316653
0x93f7617e4952ed53ae2410645c971d18fd3f145d497cc5ad4b6f0de10334d094,26123056,1791165815,0x5f62d006c10c009ff50c878cd6157ac861c99990,0x3,164,156,8,75594,21752,53842,752,1080603947,80603947,1,131072,4562313,81687174769518,597991489536,82285166259054,6093174769518,75594000000000,2730.42,0.22467306365704623
0xc2de0038ca29931329b79d099d45d805756452885f90f6c5071273ff1750e2ad,26123088,1791166199,0x35376dd47c061bc3b8c8e8d61987019e7ed58f06,0x3,164,156,8,75594,21752,53842,752,1083722338,83722338,1,131072,4990661,81922906418772,654135918592,82577042337364,6328906418772,75594000000000,2730.42,0.2254700079387854
0xacc28648ee310e9eb3910398e5242983b9aaca9e4f25bad859cfae2d6497bc6b,26123120,1791166583,0x5f62d006c10c009ff50c878cd6157ac861c99990,0x3,164,156,8,75594,21752,53842,752,1084600537,84600537,1,131072,4916571,81989292993978,644424794112,82633717788090,6395292993978,75594000000000,2730.42,0.2256247557229567
0x40e4374ccbcb8a00eac781cff7a6b7611ebae1b09fd86dafbea62032f942b5b9,26123152,1791166967,0x35376dd47c061bc3b8c8e8d61987019e7ed58f06,0x3,164,156,8,75594,21752,53842,752,1088927659,88927659,1,131072,5239236,82316397454446,686717140992,83003114595438,6722397454446,75594000000000,2730.42,0.22663336415367583
0xf3d97835e4b553cfb087ed753fca0f9ff66e11a6aa84a4259e1186ec49c70319,26123184,1791167351,0x35376dd47c061bc3b8c8e8d61987019e7ed58f06,0x3,164,156,8,75594,21752,53842,752,1073897041,73897041,1,131072,4411322,81180172917354,578200797184,81758373714538,5586172917354,75594000000000,2730.42,0.22323469875764887
0xc259f6ad81c7f606d333ca6857656a8dc40c676e79f8cfc5ca4bc827a53b1abb,26123216,1791167735,0x5f62d006c10c009ff50c878cd6157ac861c99990,0x3,164,156,8,75594,21752,53842,752,1073191739,73191739,1,131072,4562296,81126856317966,597989261312,81724845579278,5532856317966,75594000000000,2730.42,0.22314315286657224
0x4d745fdf469765e42ae063db37eed764d30ff59e6cf4b6b8c2194a92c6766e57,26123248,1791168119,0x35376dd47c061bc3b8c8e8d61987019e7ed58f06,0x3,164,156,8,75594,21752,53842,752,1085030880,85030880,1,131072,4736113,82021824342720,620771803136,82642596145856,6427824342720,75594000000000,2730.42,0.22564899736856814
0xd84a790a8cbfcb4b7003943ea53f490eadaf8fcef21dfeabe7997c7d0fcbef24,26123280,1791168503,0x35376dd47c061bc3b8c8e8d61987019e7ed58f06,0x3,164,156,8,75594,21752,53842,752,1085649512,85649512,1,131072,5278548,82068589210128,691869843456,82760459053584,6474589210128,75594000000000,2730.42,0.22597081260908686
0x36714c8da92a0fd18998ff41e54d724fce2ce6c56f09be6ac85755e8d6308c0c,26123312,1791168887,0x5f62d006c10c009ff50c878cd6157ac861c99990,0x3,164,156,8,75594,21752,53842,752,1084480322,84480322,1,131072,4579378,81980205461268,600228233216,82580433694484,6386205461268,75594000000000,2730.42,0.225479267768093
0xf25e4f385cc512aef4446f713f5e0834a70a2e1e97cdadea4eaf702ae2200227,26123344,1791169271,0x35376dd47c061bc3b8c8e8d61987019e7ed58f06,0x3,164,156,8,75594,21752,53842,752,1098979883,98979883,1,131072,5278542,83076285275502,691869057024,83768154332526,7482285275502,75594000000000,2715.51,0.2274732607715177
0x0fee7a3a93393465b8dcd8ad1fbce1f88230ab50b56a62e04f17af6ff4c1bfe8,26123376,1791169655,0x35376dd47c061bc3b8c8e8d61987019e7ed58f06,0x3,164,156,8,75594,21752,53842,752,1085740399,85740399,1,131072,4789527,82075459722006,627772882944,82703232604950,6481459722006,75594000000000,2715.51,0.22458145517106778
0x4bd2d5a6dc82b7f750f235ade983c302c4c8cb07025385dea52b905db4bae84c,26123408,1791170039,0x5f62d006c10c009ff50c878cd6157ac861c99990,0x3,164,156,8,75594,21752,53842,752,1102534752,102534752,1,131072,5500171,83345012042688,720918413312,84065930456000,7751012042688,75594000000000,2715.51,0.22828187481257256
0xea1a9c8bfdcf67460fbfd32a2db0e7f48210d27fb1d11df24ad8a947a30d0acd,26123440,1791170423,0x35376dd47c061bc3b8c8e8d61987019e7ed58f06,0x3,164,156,8,75594,21752,53842,752,1119603077,119603077,1,131072,6781313,84635275002738,888840257536,85524115260274,9041275002738,75594000000000,2715.51,0.23224159023042668
0x0660127cdfd030ccca6df5eff8da804fad792b1b85b5e9fe6b211158b2ee3855,26123472,1791170807,0x35376dd47c061bc3b8c8e8d61987019e7ed58f06,0x3,164,156,8,75594,21752,53842,752,1115473333,115473333,1,131072,6781308,84323091134802,888839602176,85211930736978,8729091134802,75594000000000,2715.51,0.23139385003557114
0x46dfc0a7301e6394b958254a6c6813a968b236adc16e241ee901748ced2999fe,26123504,1791171191,0x35376dd47c061bc3b8c8e8d61987019e7ed58f06,0x3,164,156,8,75594,21752,53842,752,1097735328,97735328,1,131072,5839258,82982204384832,765363224576,83747567609408,7388204384832,75594000000000,2715.51,0.22741735731902354
0x512a5d5216f8f6cc2eebf40cdc62bedf9bcdc715bbd0da9d66bd90a22b6e9261,26123536,1791171575,0x5f62d006c10c009ff50c878cd6157ac861c99990,0x3,164,156,8,75594,21752,53842,752,1093719546,93719546,1,131072,6176121,82678635360324,809516531712,83488151892036,7084635360324,75594000000000,2715.51,0.2267129113443427
0xc33e17a8f0066324f26a1845a094b9ae3967a6c9442e0b0d8121c6410d0214d9,26123569,1791171971,0x35376dd47c061bc3b8c8e8d61987019e7ed58f06,0x3,164,156,8,75594,21752,53842,752,1075473441,75473441,1,131072,5009307,81299339298954,656579887104,81955919186058,5705339298954,75594000000000,2715.51,0.22255211810893236
0xbfcf2ef83afc93e4b9ae422a6ee35fcc7769fa0351d319d9f6f42b19577092a9,26123600,1791172343,0x35376dd47c061bc3b8c8e8d61987019e7ed58f06,0x3,164,156,8,75594,21752,53842,752,1075035198,75035198,1,131072,4898172,81266210757612,642013200384,81908223957996,5672210757612,75594000000000,2715.51,0.22242260124017774
0x0339136faa1374c2882167f0bff9e17818f347f18c44245b71c497df63d1f54a,26123632,1791172727,0x5f62d006c10c009ff50c878cd6157ac861c99990,0x3,164,156,8,75594,21752,53842,752,1076012451,76012451,1,131072,4562258,81340085220894,597984280576,81938069501470,5746085220894,75594000000000,2715.51,0.22250364711193682
0x986a6688d3f8dec12504253093cbcc44b0b47e033b8a351675265d8326440f2c,26123664,1791173111,0x35376dd47c061bc3b8c8e8d61987019e7ed58f06,0x3,164,156,8,75594,21752,53842,752,1091940840,91940840,1,131072,5883072,82544175858960,771106013184,83315281872144,6950175858960,75594000000000,2701.73,0.22509539649242763
0x1703490ad656421b274c9b405d2e0fe5b8b7e04aff19425bd1fd51c316beebbf,26123696,1791173495,0x5f62d006c10c009ff50c878cd6157ac861c99990,0x3,164,156,8,75594,21752,53842,752,1107309369,107309369,1,131072,6781281,83705944440186,888836063232,84594780503418,8111944440186,75594000000000,2701.73,0.2285522563294995
0x5f194f76d22f7909f660f3f5a17e4ff9f4c1dbc918b28e199c6efe429af931e3,26123728,1791173879,0x5f62d006c10c009ff50c878cd6157ac861c99990,0x3,164,156,8,75594,21752,53842,752,1088602459,88602459,1,131072,4953415,82291814285646,649254010880,82941068296526,6697814285646,75594000000000,2701.73,0.22408437244877322
0x188f420476e653c4b2208d83407c65e439828944ba7ee64d78764cbe44b2d1b8,26123760,1791174263,0x35376dd47c061bc3b8c8e8d61987019e7ed58f06,0x3,164,156,8,75594,21752,53842,752,1094056822,94056822,1,131072,5258802,82704131402268,689281695744,83393413098012,7110131402268,75594000000000,2701.73,0.22530648596929195
0x45372f848dcc086af52a628d35bf417c8193cebf3fea1c78c14decf4c30bf8fd,26123791,1791174647,0x35376dd47c061bc3b8c8e8d61987019e7ed58f06,0x3,164,156,8,75594,21752,53842,752,1086810608,86810608,1,131072,4683234,82156361101152,613840846848,82770201948000,6562361101152,75594000000000,2701.73,0.22362273770897004
0x4bb1183990d58483a8ee2e7fb855f0861a4c3c0ad05fe0439a426eee1ef9bfc4,26123823,1791175031,0x35376dd47c061bc3b8c8e8d61987019e7ed58f06,0x3,164,156,8,75594,21752,53842,752,1108085935,108085935,1,131072,6363625,83764648170390,834093056000,84598741226390,8170648170390,75594000000000,2701.73,0.22856295713357466
0xa070ae84324ff4d8ae604ea13e3eca2d123344a5bed0122955450ae40fa66fa1,26123855,1791175415,0x5f62d006c10c009ff50c878cd6157ac861c99990,0x3,164,156,8,75594,21752,53842,752,1076105752,76105752,1,131072,4108745,81347138216688,538541424640,81885679641328,5753138216688,75594000000000,2701.73,0.22123299725736512
0xa8f57dcc239fb8770a7bf1f657e5171a8e9191bb1175dda792923bd1e591ecf4,26123887,1791175799,0x35376dd47c061bc3b8c8e8d61987019e7ed58f06,0x3,164,156,8,75594,21752,53842,752,1068138546,68138546,1,131072,4494509,80744865246324,589104283648,81333969529972,5150865246324,75594000000000,2701.73,0.21974242549821124
0x5b6e5b2d6463da8882d4dfd06dedf515b71b8fedc2ffaf9c84c0f46766dc2423,26123918,1791176183,0x5f62d006c10c009ff50c878cd6157ac861c99990,0x3,164,156,8,75594,21752,53842,752,1078074387,78074387,1,131072,4233501,81495955210878,554893443072,82050848653950,5901955210878,75594000000000,2701.73,0.22167923933383635
0x6ddf416b3b5c2d246f2f0af1d1e82f122f6105083af391a7741194fbd9d37a66,26123950,1791176567,0x35376dd47c061bc3b8c8e8d61987019e7ed58f06,0x3,164,156,8,75594,21752,53842,752,1087826293,87826293,1,131072,5200119,82233140793042,681589997568,82914730790610,6639140793042,75594000000000,2705.54,0.224329120743227
0x71e6a1fd7657db03aad3e2c96261b2a75db23655cab9e526cd4d38b4a295de31,26123983,1791176963,0x35376dd47c061bc3b8c8e8d61987019e7ed58f06,0x3,164,156,8,75594,21752,53842,752,1095940192,95940192,1,131072,6176067,82846502874048,809509453824,83656012327872,7252502874048,75594000000000,2705.54,0.2263346875935508
0xe3f1c3f1af0315061ab468fca719ef46f9340ded79b06fed572ffbed59003a34,26124014,1791177335,0x5f62d006c10c009ff50c878cd6157ac861c99990,0x3,164,156,8,75594,21752,53842,752,1080212913,80212913,1,131072,4265271,81657614945322,559057600512,82216672545834,6063614945322,75594000000000,2705.54,0.22244049623965573
0x24a3bc19c7e26616640c98951380ea28d15ad11194475c7833246190b54ca9fe,26124046,1791177719,0x35376dd47c061bc3b8c8e8d61987019e7ed58f06,0x3,164,156,8,75594,21752,53842,752,1104660854,104660854,1,131072,5358010,83505732597276,702285086720,84208017683996,7911732597276,75594000000000,2705.54,0.22782816016475851
0xf352e16062fce527614c8549bbdbe2cd42644e9274d7d1bfb9c06da87c5e7954,26124078,1791178103,0x5f62d006c10c009ff50c878cd6157ac861c99990,0x3,164,156,8,75594,21752,53842,752,1115832561,115832561,1,131072,6292606,84350246616234,824784453632,85175031069866,8756246616234,75594000000000,2705.54,0.23044445356076523
0xbdcf5d22cb2940247b151d6257a57cde919f29d8612b22cb8a514d4947dd0ee4,26124110,1791178487,0x5f62d006c10c009ff50c878cd6157ac861c99990,0x3,164,156,8,75594,21752,53842,752,1092330136,92330136,1,131072,5438743,82573604300784,712866922496,83286471223280,6979604300784,75594000000000,2705.54,0.22533487935343297
0x403af990c8147ba28c675a06600995dc4ab3ad8c7b2382467e6cafc0e3342606,26124141,1791178871,0x5f62d006c10c009ff50c878cd6157ac861c99990,0x3,164,156,8,75594,21752,53842,752,1069191444,69191444,1,131072,4002573,80824458017736,524625248256,81349083265992,5230458017736,75594000000000,2705.54,0.220093198739472
0x762f6e57b61461fa7d8a8b35be3d9742750cc98cc55e218e4accf99e4bf7d82e,26124173,1791179255,0x35376dd47c061bc3b8c8e8d61987019e7ed58f06,0x3,164,156,8,75594,21752,53842,752,1074643771,74643771,1,131072,4313370,81236621224974,565362032640,81801983257614,5642621224974,75594000000000,2705.54,0.22131853778280497
0x4216e69317a5b4dd0578f5b1a954b6d2fbf84cd2aa4a2d7a544113e73cc229d3,26124205,1791179639,0x35376dd47c061bc3b8c8e8d61987019e7ed58f06,0x3,164,156,8,75594,21752,53842,752,1069739467,69739467,1,131072,3210178,80865885268398,420764450816,81286649719214,5271885268398,75594000000000,2705.54,0.21992428228132224
0x90b96409a097357d68999416f5afed642efcadccf657949d68f4c80d50b0e3dd,26124238,1791180035,0x35376dd47c061bc3b8c8e8d61987019e7ed58f06,0x3,164,156,8,75594,21752,53842,752,1073975720,73975720,1,131072,4155058,81186120577680,544611762176,81730732339856,5592120577680,75594000000000,2725.2,0.22273259177257557
0x52af065645099cc4f921526ac5cd4741861f942beca38f42099c13a5d9bd2cf1,26124269,1791180407,0x35376dd47c061bc3b8c8e8d61987019e7ed58f06,0x3,164,156,8,75594,21752,53842,752,1100924599,100924599,1,131072,6483651,83223294136806,849825103872,84073119240678,7629294136806,75594000000000,2725.2,0.22911606455469566
0x2542ac8160f5a42acf812ab1634bb83e935ea3d0ea3c94e6beaf9f765f7e9659,26124301,1791180791,0x35376dd47c061bc3b8c8e8d61987019e7ed58f06,0x3,164,156,8,75594,21752,53842,752,1100578697,100578697,1,131072,5817369,83197146021018,762494189568,83959640210586,7603146021018,75594000000000,2725.2,0.22880681150188895
0x07bcf60dd3a8ec8c0f10c7cb6ac8f2418df21b0f4a378af90df686dc26dae686,26124334,1791181187,0x5f62d006c10c009ff50c878cd6157ac861c99990,0x3,164,156,8,75594,21752,53842,752,1078035284,78035284,1,131072,4898098,81492999258696,642003501056,82135002759752,5898999258696,75594000000000,2725.2,0.22383430952087613
0xad35568fb510d95feffe2fb83f1b8297e54df9b1c030026eb8d8ce4f830b527d,26124365,1791181559,0x35376dd47c061bc3b8c8e8d61987019e7ed58f06,0x3,164,156,8,75594,21752,53842,752,1072878508,72878508,1,131072,4411216,81103177933752,578186903552,81681364837304,5509177933752,75594000000000,2725.2,0.22259805545462083
0x6d71f8d190dd637e95d32e4ffd5c640c6a56c7a8a6fd4dab8c019cb4be756d42,26124397,1791181943,0x35376dd47c061bc3b8c8e8d61987019e7ed58f06,0x3,164,156,8,75594,21752,53842,752,1090411813,90411813,1,131072,5459084,82428590591922,715533058048,83144123649970,6834590591922,75594000000000,2725.2,0.22658436577089822
0x66f93bf3a5ae2e986c78c10e652746c71e7c8661ebec9b354b03a49c2039e3e6,26124428,1791182327,0x5f62d006c10c009ff50c878cd6157ac861c99990,0x3,164,156,8,75594,21752,53842,752,1100650372,100650372,1,131072,4825376,83202564220968,632471683072,83835035904040,7608564220968,75594000000000,2725.2,0.22846723984568978
0xd034ec815d5b96a8776b50725a816ee83d1f5b16ab8f4d9ce71900dd4b399d94,26124460,1791182711,0x35376dd47c061bc3b8c8e8d61987019e7ed58f06,0x3,164,156,8,75594,21752,53842,752,1064108849,64108849,1,131072,3826924,80440244331306,501602582528,80941846913834,4846244331306,75594000000000,2725.2,0.2205827212095804
0x2399419fd62b0dd6418c74fa474529441c9191e5e6dfc797e997431d74685428,26124492,1791183095,0x5f62d006c10c009ff50c878cd6157ac861c99990,0x3,164,156,8,75594,21752,53842,752,1074652583,74652583,1,131072,3987607,81237287359302,522663624704,81759950984006,5643287359302,75594000000000,2725.2,0.2228122184216131
0x62384f18b9ce835b95d5801e1dc2657834819f46af30429a876bc12225a60b6d,26124524,1791183479,0x35376dd47c061bc3b8c8e8d61987019e7ed58f06,0x3,164,156,8,75594,21752,53842,752,1135670144,135670144,1,131072,6199133,85849848865536,812532760576,86662381626112,10255848865536,75594000000000,2725.2,0.2361723224074804
0xb5efc88a2d9a1225c24688353f9ae72dc6e5b6ffc8db08a5dbc0f14502958bfe,26124556,1791183863,0x35376dd47c061bc3b8c8e8d61987019e7ed58f06,0x3,164,156,8,75594,21752,53842,752,1130377467,130377467,1,131072,7529618,85449754240398,986922090496,86436676330894,9855754240398,75594000000000,2724.39,0.23548721662912428
0x00ea81365919144ba72aa67be5b86dfa7a6650a13f3971c8e1fd9809be36f859,26124588,1791184247,0x5f62d006c10c009ff50c878cd6157ac861c99990,0x3,164,156,8,75594,21752,53842,752,1139146836,139146836,1,131072,7013240,86112665920584,919239393280,87031905313864,10518665920584,75594000000000,2724.39,0.23710885251803793
0xf1d351050ce25cf4afe6c504672fe1f96c7ba5d77f95ab2313f7ac4d5bfd24f8,26124620,1791184631,0x35376dd47c061bc3b8c8e8d61987019e7ed58f06,0x3,164,156,8,75594,21752,53842,752,1106637299,106637299,1,131072,5839125,83655139980606,765345792000,84420485772606,8061139980606,75594000000000,2724.39,0.22999432723403004
0xee450ab53d4033040a10c531afe01e29afea5839cf7b82033ba7da2a4adde555,26124651,1791185015,0x5f62d006c10c009ff50c878cd6157ac861c99990,0x3,164,156,8,75594,21752,53842,752,1103548196,103548196,1,131072,6339763,83421622328424,830965415936,84252587744360,7827622328424,75594000000000,2724.39,0.22953690752485692
0x0a8c0bcc29968efe3dd62d3d51e5a6ef13335156cde7d20aa034c4be7f9e3abe,26124683,1791185399,0x5f62d006c10c009ff50c878cd6157ac861c99990,0x3,164,156,8,75594,21752,53842,752,1092500341,92500341,1,131072,5318019,82586470777554,697043386368,83283514163922,6992470777554,75594000000000,2724.39,0.22689677315304746
0xd5b83c046ee8cd3a877640ebf29f09a67c4963412df2fc7ac66fab702f91d572,26124715,1791185783,0x5f62d006c10c009ff50c878cd6157ac861c99990,0x3,164,156,8,78448,21752,56696,752,1114641498,114641498,1,131072,6459394,87441396235104,846645690368,88288041925472,8993396235104,78448000000000,2724.39,0.24053105854133663
0x5f7549911a5cb2643851a8cb789186ac26223a4533234409ccc60b4c9ae52e35,26124747,1791186167,0x5f62d006c10c009ff50c878cd6157ac861c99990,0x3,164,156,8,75594,21752,53842,752,1109930805,109930805,1,131072,6483585,83904109273170,849816453120,84753925726290,8310109273170,75594000000000,2724.39,0.2309027477094472
0xdbc404794406ef5e3d5b7333fdcf2277ede29da478a18a9bbd93cd0a22471f29,26124778,1791186551,0x5f62d006c10c009ff50c878cd6157ac861c99990,0x3,164,156,8,75594,21752,53842,752,1123407282,123407282,1,131072,6755815,84922850075508,885498183680,85808348259188,9328850075508,75594000000000,2724.39,0.23377540591384918
0x93de27c5e20d397d17851336ead7acbfefd9b56d3b2167823ca8fcb60c04d13c,26124811,1791186947,0x35376dd47c061bc3b8c8e8d61987019e7ed58f06,0x3,164,156,8,75594,21752,53842,752,1169238973,169238973,1,131072,9494046,88387450924962,1244403597312,89631854522274,12793450924962,75594000000000,2724.39,0.24419212814193805
0x8399edf298e86434da5478c2d2bb8f49d6fca0200f037af45e744125cc9ed739,26124842,1791187319,0x5f62d006c10c009ff50c878cd6157ac861c99990,0x3,164,156,8,75594,21752,53842,752,1156775418,156775418,1,131072,9077461,87445280948292,1189800968192,88635081916484,11851280948292,75594000000000,2720.53,0.24113439940625223
0x0bc5309d8988d6631f295f2a119ddf6f5598023d15b398fd18b3787eea07319d,26124874,1791187703,0x5f62d006c10c009ff50c878cd6157ac861c99990,0x3,164,156,8,75594,21752,53842,752,1111765098,111765098,1,131072,6107053,84042770818212,800463650816,84843234469028,8448770818212,75594000000000,2720.53,0.23081856467002476
0xaeec62b23e530885a93ab93b4bcb9804f4c0ddbc0e21faf8b6178cf147638fb1,26124906,1791188087,0x35376dd47c061bc3b8c8e8d61987019e7ed58f06,0x3,164,156,8,75594,21752,53842,752,1126708131,126708131,1,131072,7065827,85172374454814,926132076544,86098506531358,9578374454814,75594000000000,2720.53,0.23423356997375538
0x0217007cd2fcb37db5fff5da3986cfbc9a2844e4b74f0d74d1c91c1f0ab550be,26124937,1791188471,0x35376dd47c061bc3b8c8e8d61987019e7ed58f06,0x3,164,156,8,75594,21752,53842,752,1131459153,131459153,1,131072,7557753,85531523211882,990609801216,86522133013098,9937523211882,75594000000000,2720.53,0.23538605852612351
0x2bda5be787d62a12a8846d6b2675c865eec64508be274e0c779bde65a48fe51e,26124969,1791188855,0x35376dd47c061bc3b8c8e8d61987019e7ed58f06,0x3,164,156,8,75594,21752,53842,752,1126254813,126254813,1,131072,7787239,85138106333922,1020688990208,86158795324130,9544106333922,75594000000000,2720.53,0.2343975874431554
0x3caddf4535c92f5e4f5807ee305f86419bd11466b026e1e682dc283675dbed06,26125001,1791189239,0x35376dd47c061bc3b8c8e8d61987019e7ed58f06,0x3,164,156,8,75594,21752,53842,752,1115815912,115815912,1,131072,7172286,84348988051728,940085870592,85289073922320,8754988051728,75594000000000,2720.53,0.23203148427788925
0xf00e96d974ef017823c113fa2b83b771c7be5bd39932e0c27d9b47a54e5e6f70,26125033,1791189623,0x5f62d006c10c009ff50c878cd6157ac861c99990,0x3,164,156,8,75594,21752,53842,752,1105817300,105817300,1,131072,6016368,83593152976200,788577386496,84381730362696,7999152976200,75594000000000,2720.53,0.22956302890362537
0x1455148c34e2d3754c133305e600249f1c68eb8d82e399d6189d44a2fab16841,26125066,1791190019,0x35376dd47c061bc3b8c8e8d61987019e7ed58f06,0x3,164,156,8,75594,21752,53842,752,1134338214,134338214,1,131072,8205723,85749162949116,1075540525056,86824703474172,10155162949116,75594000000000,2720.53,0.23620921054258917
0x6e371e5e1d8c806b21134a9941a8906790625221519a09dbf05430b037d643bf,26125097,1791190391,0x5f62d006c10c009ff50c878cd6157ac861c99990,0x3,164,156,8,75594,21752,53842,752,1120652561,120652561,1,131072,6883254,84714609696234,902201868288,85616811564522,9120609696234,75594000000000,2720.53,0.23292310436562905
0x07c9502a518600f836d2cdc73178d4bf6933270becbed0983f243c4fadce70ec,26125129,1791190775,0x35376dd47c061bc3b8c8e8d61987019e7ed58f06,0x3,164,156,8,75594,21752,53842,752,1112652864,112652864,1,131072,6532193,84109880601216,856187600896,84966068202112,8515880601216,75594000000000,2720.53,0.23115273752589177
0xce6816cdc3fa5c478335ccb5156adf4ec75432ddb3c7615dd8d57f0d81f42598,26125161,1791191159,0x35376dd47c061bc3b8c8e8d61987019e7ed58f06,0x3,164,156,8,75594,21752,53842,752,1113645312,113645312,1,131072,6245569,84184903715328,818619219968,85003522935296,8590903715328,75594000000000,2716.8,0.2309375711106122
0x2a8c643ab7c72a89a4bda78602b638148a565a8f3a1d47a5c915cde53dce2f3f,26125193,1791191543,0x5f62d006c10c009ff50c878cd6157ac861c99990,0x3,164,156,8,75594,21752,53842,752,1113144934,113144934,1,131072,6268962,84147078140796,821685387264,84968763528060,8553078140796,75594000000000,2716.8,0.23084313675303342
0x118bb61c82fe85a6788a28395a3f0f559d65bbbbdaa6e641d772cac58294c785,26125225,1791191927,0x35376dd47c061bc3b8c8e8d61987019e7ed58f06,0x3,164,156,8,75594,21752,53842,752,1120214598,120214598,1,131072,7065774,84681502321212,926125129728,85607627450940,9087502321212,75594000000000,2716.8,0.2325788022587138
0x10c746c095fc70f88e963566d5147296ee2a65b880b013c196ee5206499c122f,26125257,1791192311,0x35376dd47c061bc3b8c8e8d61987019e7ed58f06,0x3,164,156,8,75594,21752,53842,752,1116499385,116499385,1,131072,6222245,84400654509690,815562096640,85216216606330,8806654509690,75594000000000,2716.8,0.23151541727607738
0xb97cc680655cad7094e3c9526d8f497c0387224aeeaa839693492cb697936a48,26125288,1791192695,0x5f62d006c10c009ff50c878cd6157ac861c99990,0x3,164,156,8,75594,21752,53842,752,1109679258,109679258,1,131072,7118801,83885093829252,933075484672,84818169313924,8291093829252,75594000000000,2716.8,0.23043400239206877
0x9f0e06d566e2732ae4e39258a1c4f4a2d54fdbeb5057a4ee5335fa5abd53dd35,26125320,1791193079,0x5f62d006c10c009ff50c878cd6157ac861c99990,0x3,164,156,8,75594,21752,53842,752,1114209172,114209172,1,131072,6630597,84227528148168,869085609984,85096613758152,8633528148168,75594000000000,2716.8,0.23119048025814734
0x1eb8a70ec8755554f8b1f97fb57c21a5d39299b3d8682feba1d6d6d1bbfce28c,26125352,1791193463,0x5f62d006c10c009ff50c878cd6157ac861c99990,0x3,164,156,8,75594,21752,53842,752,1141752288,141752288,1,131072,6986933,86309622459072,915791282176,87225413741248,10715622459072,75594000000000,2716.8,0.23697400405222258
0x837b75b9eb68841013b35bba12f8d9b041dde3655de1fc6d9bf42fd348891a53,26125384,1791193847,0x5f62d006c10c009ff50c878cd6157ac861c99990,0x3,164,156,8,75594,21752,53842,752,1117587329,117587329,1,131072,6483485,84482896548426,849803345920,85332699894346,8888896548426,75594000000000,2716.8,0.23183187907295924
0x6b84a8801077cf322edaf53ee7fac9ce954adf9f41a3dfe03596ac7bf8e84f5d,26125416,1791194231,0x5f62d006c10c009ff50c878cd6157ac861c99990,0x3,164,156,8,75594,21752,53842,752,1132238203,132238203,1,131072,6268928,85590414717582,821680930816,86412095648398,9996414717582,75594000000000,2716.8,0.2347643814575677
0xbc13b0751e188d35fc79f654f1b10add307324e42c12fe9c96c337543a1f15cc,26125448,1791194615,0x35376dd47c061bc3b8c8e8d61987019e7ed58f06,0x3,164,156,8,75594,21752,53842,752,1216422040,216422040,1,131072,9929589,91954207691760,1301491089408,93255698781168,16360207691760,75594000000000,2717.04,0.2533794638163847
0xa1a2179b37865e20094ce7803ca83c360fa4c2342d4bbc0d504b079b22ea6628,26125480,1791194999,0x5f62d006c10c009ff50c878cd6157ac861c99990,0x3,164,156,8,75594,21752,53842,752,1202110423,202110423,1,131072,12060721,90872335316262,1580822822912,92453158139174,15278335316262,75594000000000,2717.04,0.25119892879046135
0x3337b723e0bcaa389f9d360ea305234c10538021992035b661185ecb94833db7,26125512,1791195383,0x5f62d006c10c009ff50c878cd6157ac861c99990,0x3,164,156,8,75594,21752,53842,752,1116256004,116256004,1,131072,7529443,84382256366376,986899152896,85369155519272,8788256366376,75594000000000,2717.04,0.23195141031208277
0x95c26158c199dd3121faf9552b12d180652635e4b71e4c3868479dc9d7a329f9,26125544,1791195767,0x5f62d006c10c009ff50c878cd6157ac861c99990,0x3,164,156,8,75594,21752,53842,752,1117866578,117866578,1,131072,6705357,84504006097332,878884552704,85382890650036,8910006097332,75594000000000,2717.04,0.2319887292117738
0x934fdfea8557052b6ca6fb9d0f7dabced64be1c72acdc379d7ed53cb254b836d,26125576,1791196151,0x5f62d006c10c009ff50c878cd6157ac861c99990,0x3,164,156,8,75594,21752,53842,752,1116717767,116717767,1,131072,7334915,84417162878598,961401978880,85378564857478,8823162878598,75594000000000,2717.04,0.23197697586036203
0xfff43321d6f85f089b7433fef2b2ad2a20c6042a3f5a276d9035f64bf2fd74c8,26125615,1791196619,0x35376dd47c061bc3b8c8e8d61987019e7ed58f06,0x3,164,156,8,75594,21752,53842,752,1138618247,138618247,1,131072,8942538,86072707763718,1172116340736,87244824104454,10478707763718,75594000000000,2717.04,0.2370476768847657
0x2ccec7de6e02c8a575563ae5bbc8e4f0b3b1c3c7e3859decfb075b623ac83c1e,26125647,1791197003,0x35376dd47c061bc3b8c8e8d61987019e7ed58f06,0x3,164,156,8,75594,21752,53842,752,1205592114,205592114,1,131072,10984352,91135530265716,1439740985344,92575271251060,15541530265716,75594000000000,2717.04,0.25153071499998003
0x525abd1bc04617541cadf7f1fa8cc1dacba76d60360d440ba8410a4611e79eb3,26125679,1791197387,0x35376dd47c061bc3b8c8e8d61987019e7ed58f06,0x3,164,156,8,75594,21752,53842,752,1166892230,166892230,1,131072,9892481,88210051234620,1296627269632,89506678504252,12616051234620,75594000000000,2717.04,0.24319322576319286
0xbc21e9945abb5ec5138915f06e4637c70a19216b7460b27650abcf001019fcae,26125711,1791197771,0x35376dd47c061bc3b8c8e8d61987019e7ed58f06,0x3,164,156,8,75594,21752,53842,752,1117507681,117507681,1,131072,6755666,84476875637514,885478653952,85362354291466,8882875637514,75594000000000,2717.04,0.23193293110408478
0x372f69014763c018ec58b38d1ff399503d49fd6132f18f643a392c33480fef2f,26125737,1791198083,0x35376dd47c061bc3b8c8e8d61987019e7ed58f06,0x3,164,156,8,75594,21752,53842,752,1133823912,133823912,1,131072,5795466,85710284803728,759623319552,86469908123280,10116284803728,75594000000000,2717.84,0.23501137509377532
0xf6431d042ed26b8279cbfd0c45bf2fd7913e679e34475889c73a9612d3467e04,26125768,1791198455,0x5f62d006c10c009ff50c878cd6157ac861c99990,0x3,164,156,8,75594,21752,53842,752,1154964700,154964700,1,131072,9179658,87308401531800,1203196133376,88511597665176,11714401531800,75594000000000,2717.84,0.24056036059832195
0x953ab375c5e2e8c3462655b2f50f7c368c2108b137751850ae3c269782fda981,26125799,1791198839,0x35376dd47c061bc3b8c8e8d61987019e7ed58f06,0x3,164,156,8,75594,21752,53842,752,1125163405,125163405,1,131072,7039308,85055602437570,922656178176,85978258615746,9461602437570,75594000000000,2717.84,0.23367515039621914
0xe70f5c658ba1eae959a38af46b011d408eada319ec76c4a407e7e8064b125619,26125830,1791199223,0x5f62d006c10c009ff50c878cd6157ac861c99990,0x3,164,156,8,75594,21752,53842,752,1129209443,129209443,1,131072,7253050,85361458634142,950671769600,86312130403742,9767458634142,75594000000000,2717.84,0.23458256049650617
0xdbb838b2776dec0b7e5dee051460fdd1f9f0dd911bcf94773c8887df8820ebca,26125862,1791199607,0x35376dd47c061bc3b8c8e8d61987019e7ed58f06,0x3,164,156,8,75594,21752,53842,752,1121440297,121440297,1,131072,6387166,84774157811418,837178621952,85611336433370,9180157811418,75594000000000,2717.84,0.23267791461207035
0xfb97fab87089a93555867aa6bf52111acbb1e1f2c4618df3683dc4a886836a08,26125894,1791199991,0x35376dd47c061bc3b8c8e8d61987019e7ed58f06,0x3,164,156,8,75594,21752,53842,752,1130023071,130023071,1,131072,7700208,85422964029174,1009281662976,86432245692150,9828964029174,75594000000000,2717.84,0.234909014631953
0x6e8b0a5547176c9f3e2eb6e8ab632d2920053d581488a73488b4ceb87609505c,26125927,1791200387,0x5f62d006c10c009ff50c878cd6157ac861c99990,0x3,164,156,8,75594,21752,53842,752,1125879441,125879441,1,131072,7445384,85109730462954,975881371648,86085611834602,9515730462954,75594000000000,2717.84,0.2339669192685547
0xba587ebc5b38df22c7be39887f87238665a60e3b0f5890f3ad92018403081c88,26125957,1791200759,0x5f62d006c10c009ff50c878cd6157ac861c99990,0x3,164,156,8,75594,21752,53842,752,1123530466,123530466,1,131072,7362327,84932162046804,964994924544,85897156971348,9338162046804,75594000000000,2717.84,0.23345472910300846
0x6784e778e1d267a0171b82ff18b0c18edcd05ce8663f1ac952e15f965be2dcee,26125989,1791201143,0x35376dd47c061bc3b8c8e8d61987019e7ed58f06,0x3,164,156,8,75594,21752,53842,752,1154917702,154917702,1,131072,8776828,87304848764988,1150396399616,88455245164604,11710848764988,75594000000000,2717.84,0.24040720351816733
0xcc725d4d1c0ed77afc88082553183b31c7391fa1dc8ef8a593e281d495e39ed7,26126021,1791201527,0x35376dd47c061bc3b8c8e8d61987019e7ed58f06,0x3,164,156,8,75594,21752,53842,752,1611336340,611336340,1,131072,13644452,121807359285960,1788405612544,123595764898504,46213359285960,75594000000000,2717.84,0.3359135136717501
0xa7535579e9651db268bbce3b0388d5b59b5f6c453029c74635d8a913858aeea7,26126052,1791201911,0x5f62d006c10c009ff50c878cd6157ac861c99990,0x3,164,156,8,75594,21752,53842,752,2817903052,1817903052,1,131072,22944385,213016563312888,3007366430720,216023929743608,137422563312888,75594000000000,2710.59,0.5855523037237265
0x248c32808715c82ccb33a7a3626ad583b4125bd23af70615b1e7ff5ea1ac7923,26126084,1791202295,0x5f62d006c10c009ff50c878cd6157ac861c99990,0x3,164,156,8,75594,21752,53842,752,3678980962,2678980962,1,131072,39164470,278108886841428,5133365411840,283242252253268,202514886841428,75594000000000,2710.59,0.7677536165351857
0x97b34a69bbeca531540a2af3805a9e697a6e4beb9715808484b0cccc2fe525a0,26126116,1791202679,0x35376dd47c061bc3b8c8e8d61987019e7ed58f06,0x3,164,156,8,75594,21752,53842,752,2129814097,1129814097,1,131072,77346335,161001166848618,10137938821120,171139105669738,85407166848618,75594000000000,2710.59,0.4638879484373351
0xe5007d5b71f53341690dd2b775a2a7887be4b431c7668b849caa34a828d621d2,26126148,1791203063,0x35376dd47c061bc3b8c8e8d61987019e7ed58f06,0x3,164,156,8,75594,21752,53842,752,1857591910,857591910,1,131072,51648705,140422802844540,6769699061760,147192501906300,64828802844540,75594000000000,2710.59,0.3989785237421978
0x2010aaf5044ef6d69e7199df82a332d79e3eac5c8bf5408d2acca212a1a7f2e5,26126179,1791203447,0x35376dd47c061bc3b8c8e8d61987019e7ed58f06,0x3,164,156,8,75594,21752,53842,752,1849013118,849013118,1,131072,47392500,139774297642092,6211829760000,145986127402092,64180297642092,75594000000000,2710.59,0.39570853707483655
0xd95644dc9c2cc0e2d0461084621afa1223a6d457d832cb991287dbb5d94e33d2,26126211,1791203831,0x35376dd47c061bc3b8c8e8d61987019e7ed58f06,0x3,164,156,8,75594,21752,53842,752,1665700032,665700032,1,131072,40656488,125916928219008,5328927195136,131245855414144,50322928219008,75594000000000,2710.59,0.3557537032270246
0x1f4b15fa6d9e5afeabd332802505dd5961374eb8b4ddf5cbe765d8d55c9d0145,26126243,1791204215,0x35376dd47c061bc3b8c8e8d61987019e7ed58f06,0x3,164,156,8,75594,21752,53842,752,1575036790,575036790,1,131072,34104114,119063331103260,4470094430208,123533425533468,43469331103260,75594000000000,2710.59,0.33484846791676304
0x12aac1a0a32d54daaa6e7950cc659db51aa99ab76b9722eb1695f9febf243156,26126275,1791204599,0x35376dd47c061bc3b8c8e8d61987019e7ed58f06,0x3,164,156,8,75594,21752,53842,752,1389894114,389894114,1,131072,23818426,105067655653716,3121928732672,108189584386388,29473655653716,75594000000000,2710.59,0.29325760554189945
0x3f11eadd8e51fb1d3ffc320c1a67cef2d8dc66c6eb7db12ad1d77040d792d7e7,26126307,1791204983,0x35376dd47c061bc3b8c8e8d61987019e7ed58f06,0x3,164,156,8,75594,21752,53842,752,1329206125,329206125,1,131072,20663554,100480007813250,2708413349888,103188421163138,24886007813250,75594000000000,2710.59,0.2797015025205903
0xd207ad353b8d36dbb42f08f26c36ff2e21d801e835e426eb6c39671e5e894dde,26126339,1791205367,0x5f62d006c10c009ff50c878cd6157ac861c99990,0x3,164,156,8,75594,21752,53842,752,1502546246,502546246,1,131072,22268066,113583480920124,2918719946752,116502200866876,37989480920124,75594000000000,2722.88,0.31722151269639937
0xb7500623349dd7b3c07f4617e39e97758200a18f2d82ce9a8676a1eacf1830c3,26126371,1791205751,0x5f62d006c10c009ff50c878cd6157ac861c99990,0x3,164,156,8,75594,21752,53842,752,1574272371,574272371,1,131072,36342227,119005545613374,4763448377344,123768993990718,43411545613374,75594000000000,2722.88,0.33700811835744626
0xf3c5eecc40374b691984e7d2ed57d338ada5db393d83555a2805c167ba68685e,26126401,1791206135,0x5f62d006c10c009ff50c878cd6157ac861c99990,0x3,164,156,8,75594,21752,53842,752,1633903396,633903396,1,131072,37868150,123513293317224,4963454156800,128476747474024,47919293317224,75594000000000,2722.88,0.34982676616207053
0x05da693ef2c74737605b4660105dc03006a6231e9855b262fd08c781a27a0747,26126433,1791206519,0x5f62d006c10c009ff50c878cd6157ac861c99990,0x3,164,156,8,75594,21752,53842,752,1590837640,590837640,1,131072,33723549,120257780558160,4420213014528,124677993572688,44663780558160,75594000000000,2722.88,0.3394832151392007
0xbaf0be873c92d0f705e88160793d04a4896a1a335680c90f1e4091643d313039,26126465,1791206903,0x35376dd47c061bc3b8c8e8d61987019e7ed58f06,0x3,164,156,8,75594,21752,53842,752,1590175025,590175025,1,131072,35008364,120207690839850,4588616286208,124796307126058,44613690839850,75594000000000,2722.88,0.3398053687474008
0xce6f3694d867f502afb0af8f0eb8956d92744f1b04f03e74229f3598495a1391,26126497,1791207287,0x5f62d006c10c009ff50c878cd6157ac861c99990,0x3,164,156,8,75594,21752,53842,752,1719747501,719747501,1,131072,39458089,130002592590594,5171850641408,135174443232002,54408592590594,75594000000000,2722.88,0.3680637879875536
0x68ab4ed6628d708071387588bd5fdce56f5e0f65f5d216c84e532ad0b5cd59a0,26126528,1791207671,0x5f62d006c10c009ff50c878cd6157ac861c99990,0x3,164,156,8,75594,21752,53842,752,1646757190,646757190,1,131072,36752079,124484963020860,4817168498688,129302131519548,48890963020860,75594000000000,2722.88,0.3520741878719469
0xcbe57b426c88609c151a6b7b5abc50dc7af5a6d6fa68801095abdec553e01f3a,26126560,1791208055,0x35376dd47c061bc3b8c8e8d61987019e7ed58f06,0x3,164,156,8,75594,21752,53842,752,1689545593,689545593,1,131072,37585899,127719509557242,4926458953728,132645968510970,52125509557242,75594000000000,2722.88,0.36117905473914996
0xdddb0bd7ce4415e666e502767dfc0383906ce209e8f8814e4217933aee49dffa,26126592,1791208439,0x35376dd47c061bc3b8c8e8d61987019e7ed58f06,0x3,164,156,8,75594,21752,53842,752,1665249198,665249198,1,131072,36752025,125882847873612,4817161420800,130700009294412,50288847873612,75594000000000,2722.88,0.3558804413075686
0x9e460a39f3b3755e8f7ef9d18b846904393f575d1313535064372b799a1e7f75,26126624,1791208823,0x5f62d006c10c009ff50c878cd6157ac861c99990,0x3,164,156,8,75594,21752,53842,752,1537447859,537447859,1,131072,33472156,116221833453246,4387262431232,120609095884478,40627833453246,75594000000000,2703.61,0.32607995772423354
0xe0fbda4a3a828baa1d768b19a43c655fd88f6e5623e6d50295cc025d79c95b31,26126656,1791209219,0x5f62d006c10c009ff50c878cd6157ac861c99990,0x3,164,156,8,75594,21752,53842,752,1906750925,906750925,1,131072,54220699,144138929424450,7106815459328,151245744883778,68544929424450,75594000000000,2703.61,0.40890950832523104
0xfd3e11d1354098b5e4eb5a4c93ae36bfabac42a4be2e672b7b49dfc860fcfba1,26126687,1791209591,0x5f62d006c10c009ff50c878cd6157ac861c99990,0x3,164,156,8,75594,21752,53842,752,1945330866,945330866,1,131072,51263303,147055341484404,6719183650816,153774525135220,71461341484404,75594000000000,2703.61,0.41574634390083215
0x246cef89b91d5fc6ff45a5f31e4f0f12505641a3aca75e0f7278e6493ce19db6,26126719,1791209975,0x35376dd47c061bc3b8c8e8d61987019e7ed58f06,0x3,164,156,8,75594,21752,53842,752,1689120232,689120232,1,131072,40656050,127687354817808,5328869785600,133016224603408,52093354817808,75594000000000,2703.61,0.3596239950000199
0x05610b77ad6e8ecbff26b7ef0117f04ee302232c469072e36cd6087d0f57b90d,26126751,1791210359,0x5f62d006c10c009ff50c878cd6157ac861c99990,0x3,164,156,8,75594,21752,53842,752,1996516707,996516707,1,131072,60430624,150924683948958,7920762748928,158845446697886,75330683948958,75594000000000,2703.61,0.42945613814687156
0xf5a1cc9ebf7afd3375064959db2dd53a59c4a4cd8cd32b6dfec870c005c00d2a,26126783,1791210743,0x35376dd47c061bc3b8c8e8d61987019e7ed58f06,0x3,164,156,8,75594,21752,53842,752,2093443114,1093443114,1,131072,68366776,158251738759716,8960970063872,167212708823588,82657738759716,75594000000000,2703.61,0.4520779517025408
0xf39057a5ad0e0e08547869a504db0e0539a182de959a702f70cb4d103ca8da2e,26126815,1791211127,0x35376dd47c061bc3b8c8e8d61987019e7ed58f06,0x3,164,156,8,75594,21752,53842,752,2067279415,1067279415,1,131072,67100429,156273920097510,8794987429888,165068907527398,80679920097510,75594000000000,2703.61,0.4462819490801485
0x52010cae67d8a0a7036654b2ec90a4d9f25359a4c10d26b6989ca11b7a8b55bc,26126846,1791211511,0x35376dd47c061bc3b8c8e8d61987019e7ed58f06,0x3,164,156,8,75594,21752,53842,752,1959729705,959729705,1,131072,57348453,148143807319770,7516776431616,155660583751386,72549807319770,75594000000000,2703.61,0.42084551083608474
0x510f39e5949471d2d32f4780db8c47d16784e428ff0e374d8a451cce23dcdc4a,26126878,1791211895,0x35376dd47c061bc3b8c8e8d61987019e7ed58f06,0x3,164,156,8,75594,21752,53842,752,1804677204,804677204,1,131072,44806887,136422768559176,5872928292864,142295696852040,60828768559176,75594000000000,2703.61,0.3847120689661439
0xeecea9f8f295e8f75b686996c29702a1916e3fa6d71ce252eef1ff3045d05f7e,26126910,1791212279,0x35376dd47c061bc3b8c8e8d61987019e7ed58f06,0x3,164,156,8,75594,21752,53842,752,1754608541,754608541,1,131072,45823441,132637878048354,6006170058752,138644048107106,57043878048354,75594000000000,2703.61,0.3748394349028529
0xae0cb8469317ac8a2c3931e0ea192ded7271294d0979530a79e6fa42782559d7,26126942,1791212663,0x5f62d006c10c009ff50c878cd6157ac861c99990,0x3,164,156,8,75594,21752,53842,752,2030500707,1030500707,1,131072,62498591,153493670444958,8191815319552,161685485764510,77899670444958,75594000000000,2696.72,0.4360204831708694
0xe374c61eb471e39f5052d88118a2d0f9814267dded8d142ff135b262a4b2f684,26126974,1791213047,0x35376dd47c061bc3b8c8e8d61987019e7ed58f06,0x3,164,156,8,75594,21752,53842,752,2190874312,1190874312,1,131072,69917599,165616952741328,9164239536128,174781192277456,90022952741328,75594000000000,2696.72,0.4713359368384611
0x428ac77279383c3fb21b63bdffd3bc441ed4ca958134f7e4142050f7cde2e61d,26127006,1791213431,0x35376dd47c061bc3b8c8e8d61987019e7ed58f06,0x3,164,156,8,75594,21752,53842,752,2026585990,1026585990,1,131072,62265238,153197741328060,8161229275136,161358970603196,77603741328060,75594000000000,2696.72,0.43513996320505066
0x90975adb797458b951dab9e0a8a98ba74c4dda378de73575e0a3ec45c2d4b9d6,26127038,1791213815,0x5f62d006c10c009ff50c878cd6157ac861c99990,0x3,164,156,8,75594,21752,53842,752,2080431958,1080431958,1,131072,56496851,157268173433052,7405155254272,164673328687324,81674173433052,75594000000000,2696.72,0.4440778589376803
0xafceeb41a7bac747458dcbe9b89c0a83b5115472f2f7c4b79bd4618b5d7c507f,26127070,1791214199,0x35376dd47c061bc3b8c8e8d61987019e7ed58f06,0x3,164,156,8,75594,21752,53842,752,2197145263,1197145263,1,131072,71771643,166090999011222,9407252791296,175498251802518,90496999011222,75594000000000,2696.72,0.4732696456008863
0x3c3b08dabc9a72cf7b88219c4ddb1d6a880c41a73a222456783c6bde4f25da7b,26127103,1791214595,0x35376dd47c061bc3b8c8e8d61987019e7ed58f06,0x3,164,156,8,75594,21752,53842,752,1983537061,983537061,1,131072,62032731,149943500589234,8130754117632,158074254706866,74349500589234,75594000000000,2696.72,0.42628200415309964
0x4c30f3f21b9494c23002f86f27d7f89e2b2797c653baa6e9611c33d19b474ee8,26127134,1791214967,0x35376dd47c061bc3b8c8e8d61987019e7ed58f06,0x3,164,156,8,75594,21752,53842,752,2335593785,1335593785,1,131072,76768348,176556876583290,10062180909056,186619057492346,100962876583290,75594000000000,2696.72,0.5032593447207593
0xc0bb611f338c9f9c31da6030031f2fb83caf4ec408d7d50cd05e4ecd2107ab3f,26127166,1791215351,0x5f62d006c10c009ff50c878cd6157ac861c99990,0x3,164,156,8,75594,21752,53842,752,2309750015,1309750015,1,131072,81197042,174603242633910,10642658689024,185245901322934,99009242633910,75594000000000,2696.72,0.4995563270155825
0x49233d710e756327ca1810eeee2d20f619b1162aef89aac4d7b651e6d983458f,26127198,1791215735,0x5f62d006c10c009ff50c878cd6157ac861c99990,0x3,164,156,8,75594,21752,53842,752,2014334982,1014334982,1,131072,58868822,152271638629308,7716054237184,159987692866492,76677638629308,75594000000000,2696.72,0.43144201110692626
0x75966aa89d4f42ce64b73b563a135ec2c584c6eb98a445459394b35ee410b5d0,26127230,1791216119,0x5f62d006c10c009ff50c878cd6157ac861c99990,0x3,164,156,8,75594,21752,53842,752,2369115221,1369115221,1,131072,75628524,179090896016274,9912781897728,189003677914002,103496896016274,75594000000000,2696.12,0.5095765960974991
0x4deab951c1c02cf2a8ba111256327f91dabfcd1e748e7b8af5944ab4c21ed851,26127262,1791216503,0x35376dd47c061bc3b8c8e8d61987019e7ed58f06,0x3,164,156,8,75594,21752,53842,752,2357291189,1357291189,1,131072,73399670,178197070141266,9620641546240,187817711687506,102603070141266,75594000000000,2696.12,0.5063790888349187
0xd6dbd1721cd1f8fe6ef4515b9ac2dbb2dcddc04c0a65c25b5fe15a0792576c5b,26127294,1791216887,0x5f62d006c10c009ff50c878cd6157ac861c99990,0x3,164,156,8,75594,21752,53842,752,2233287204,1233287204,1,131072,64637054,168823112899176,8472107941888,177295220841064,93229112899176,75594000000000,2696.12,0.47800919081400944
0x982b1c6640a0c003cebb2f556e332aef780426ad0d3de1a2cf7c97ce52728e84,26127326,1791217271,0x35376dd47c061bc3b8c8e8d61987019e7ed58f06,0x3,164,156,8,75594,21752,53842,752,3088918013,2088918013,1,131072,127652426,233503668274722,16731658780672,250235327055394,157909668274722,75594000000000,2696.12,0.6746644699805889
0xceb33956bae69a37dd6485769afec2f62ee9b666c87acfbc3ab128ff74941cf0,26127358,1791217655,0x35376dd47c061bc3b8c8e8d61987019e7ed58f06,0x3,164,156,8,75594,21752,53842,752,3328542461,2328542461,1,131072,144416606,251617838796834,18928973381632,270546812178466,176023838796834,75594000000000,2696.12,0.7294266712506058
0x0aac990739fdb72b36db74dbe098f1ff7d50a0cd3a9d7156b471290a3aa8489b,26127389,1791218039,0x5f62d006c10c009ff50c878cd6157ac861c99990,0x3,164,156,8,75594,21752,53842,752,3497669839,2497669839,1,131072,146592684,264402853809366,19214196277248,283617050086614,188808853809366,75594000000000,2696.12,0.7646656010795218
0x74f5dfbb02e02a6e6c6cf940d0875a81d03b4557c6ce4ff4a3d11fc10ecabecc,26127421,1791218423,0x35376dd47c061bc3b8c8e8d61987019e7ed58f06,0x3,164,156,8,75594,21752,53842,752,3099668451,2099668451,1,131072,124820138,234316336884894,16360425127936,250676762012830,158722336884894,75594000000000,2696.12,0.6758546315980312
0x986bd0e76f780dcc358461467545650858ce9973dc6f120607fead685b972c7a,26127453,1791218807,0x5f62d006c10c009ff50c878cd6157ac861c99990,0x3,164,156,8,75594,21752,53842,752,2641521910,1641521910,1,131072,107480247,199683207264540,14087650934784,213770858199324,124089207264540,75594000000000,2696.12,0.5763518862083614
0xa42557dee11ed323a0b0b191c378de8ff40622d3698bb6549c6330ebba52e378,26127485,1791219191,0x5f62d006c10c009ff50c878cd6157ac861c99990,0x3,164,156,8,75594,21752,53842,752,2357547303,1357547303,1,131072,81500564,178216430822982,10682441924608,188898872747590,102622430822982,75594000000000,2696.12,0.5092940287922323
0x62374642966a1cc55e5d3ea1e4e8390be95e1741cd3b01a8f4f723911968faa7,26127517,1791219575,0x35376dd47c061bc3b8c8e8d61987019e7ed58f06,0x3,164,156,8,75594,21752,53842,752,1979515029,979515029,1,131072,61340141,149639459102226,8039974961152,157679434063378,74045459102226,75594000000000,2696.12,0.42512267576695467
0xac4df024e8d07a0637ef2c34b50f592ea8fdd4cdb98fdc97d86de82b288e2ea1,26127548,1791219959,0x35376dd47c061bc3b8c8e8d61987019e7ed58f06,0x3,164,156,8,75594,21752,53842,752,1975379145,975379145,1,131072,52034743,149326811087130,6820297834496,156147108921626,73732811087130,75594000000000,2705.14,0.42239979022824736
0x3e756f1f06e0be7ee26877132cc5d5346d73b92908c6384ed3a80bcd5239d8fe,26127580,1791220343,0x35376dd47c061bc3b8c8e8d61987019e7ed58f06,0x3,164,156,8,75594,21752,53842,752,1974152614,974152614,1,131072,60883051,149234092702716,7980063260672,157214155963388,73640092702716,75594000000000,2705.14,0.4252863018627994
0x8c45b7c73cc510ed5c6519d8f25998e056e3f59b0a6a420de4aec5379b5c0000,26127612,1791220727,0x5f62d006c10c009ff50c878cd6157ac861c99990,0x3,164,156,8,75594,21752,53842,752,1950752087,950752087,1,131072,58211582,147465153264678,7629908475904,155095061740582,71871153264678,75594000000000,2705.14,0.41955385531691797
0xa788d2decf071a742c9fdee533b0de65fb95cb0c03ee5221d40d1bacba81f13e,26127645,1791221123,0x35376dd47c061bc3b8c8e8d61987019e7ed58f06,0x3,164,156,8,75594,21752,53842,752,1625616461,625616461,1,131072,40051624,122886850752834,5249646460928,128136497213762,47292850752834,75594000000000,2705.14,0.3466271640728361
0xbca263d95a076201344eb179f261d1c67ca25d19e13f03e2876fb2a45950f1eb,26127676,1791221495,0x5f62d006c10c009ff50c878cd6157ac861c99990,0x3,164,156,8,75594,21752,53842,752,1694921048,694921048,1,131072,35007405,128125861702512,4588490588160,132714352290672,52531861702512,75594000000000,2705.14,0.35901090295558846
0xb2d03f707d7c33ad43e550d8656ca5717b753259ac28c4a1e1705ce3e110bb3c,26127708,1791221879,0x35376dd47c061bc3b8c8e8d61987019e7ed58f06,0x3,164,156,8,75594,21752,53842,752,1658169277,658169277,1,131072,40807411,125347648325538,5348708974592,130696357300130,49753648325538,75594000000000,2705.14,0.3535519439868736
0xeb1d12141a16573f102d76fbff85635423d27fa6c5495c60f49479f4954ef20f,26127740,1791222263,0x5f62d006c10c009ff50c878cd6157ac861c99990,0x3,164,156,8,75594,21752,53842,752,1605213121,605213121,1,131072,38581615,121344480668874,5056969441280,126401450110154,45750480668874,75594000000000,2705.14,0.341933618750982
0x4628323eb34b38baa90a8e4367d2b67da95e63fd30941f5722397593189fd914,26127772,1791222647,0x35376dd47c061bc3b8c8e8d61987019e7ed58f06,0x3,164,156,8,75594,21752,53842,752,1570230065,570230065,1,131072,31645652,118699971533610,4147858898944,122847830432554,43105971533610,75594000000000,2705.14,0.33232058001631914
0xc2b0f93ac6d683d59db8358a0287478277a578e5db4fd54a8b0288a027bbcc78,26127804,1791223031,0x5f62d006c10c009ff50c878cd6157ac861c99990,0x3,164,156,8,75594,21752,53842,752,1719053784,719053784,1,131072,44472100,129950151747696,5829047091200,135779198838896,54356151747696,75594000000000,2705.14,0.36730174194705106
0xfd72e2d06afa03cb0f24c07bfa6a9bb9cfff5e99a795e3b28aff55270302650e,26127836,1791223415,0x35376dd47c061bc3b8c8e8d61987019e7ed58f06,0x3,164,156,8,75594,21752,53842,752,1780279259,780279259,1,131072,46512968,134578430304846,6096547741696,140674978046542,58984430304846,75594000000000,2710.06,0.3812376310048116
0x389be525a6e1ff534990c9f73d3c8c1daf7de9053a1827a96edd3d206ab90c25,26127868,1791223799,0x35376dd47c061bc3b8c8e8d61987019e7ed58f06,0x3,164,156,8,75594,21752,53842,752,1995221903,995221903,1,131072,62031626,150826804535382,8130609283072,158957413818454,75232804535382,75594000000000,2710.06,0.4307841288928394
0x8539cccef4b7e347ba25a1955655503996df753376f29c797da8d46fa72535b9,26127900,1791224183,0x5f62d006c10c009ff50c878cd6157ac861c99990,0x3,164,156,8,75594,21752,53842,752,1975973836,975973836,1,131072,60655414,149371766158584,7950226423808,157321992582392,73777766158584,75594000000000,2710.06,0.4263520392178372
0xe3e2be6f626304a16826b1594ffa573847c4002dfaefd955919478fbdf849198,26127932,1791224567,0x5f62d006c10c009ff50c878cd6157ac861c99990,0x3,164,156,8,75594,21752,53842,752,1936863324,936863324,1,131072,52229232,146415246114456,6845789896704,153261036011160,70821246114456,75594000000000,2710.06,0.4153466032524043
0x043584a3157495b5bb27483f61482bc66f2db5035523150318c43614662874c2,26127964,1791224951,0x35376dd47c061bc3b8c8e8d61987019e7ed58f06,0x3,164,156,8,75594,21752,53842,752,2077470842,1077470842,1,131072,70440829,157044330830148,9232820338688,166277151168836,81450330830148,75594000000000,2710.06,0.45062105629661564
0x13c30f437a62c32cd5a831d645fbf67776a5c884492774315c920e6354d81f24,26127996,1791225335,0x35376dd47c061bc3b8c8e8d61987019e7ed58f06,0x3,164,156,8,75594,21752,53842,752,2532529562,1532529562,1,131072,84604746,191444039709828,11089313267712,202533352977540,115850039709828,75594000000000,2710.06,0.5488775385703121
0xe0992dbd7a6a97dfdbb921e8af7ea1ce7e3719a560685b9069d8b295601e42f8,26128028,1791225719,0x5f62d006c10c009ff50c878cd6157ac861c99990,0x3,164,156,8,75594,21752,53842,752,2043642068,1043642068,1,131072,63202043,154487078488392,8284018180096,162771096668488,78893078488392,75594000000000,2710.06,0.4411194382374026
0x24750e53026f64654c0202a546be0cad678b64cd883d5cd06c01c4614644ad52,26128060,1791226103,0x5f62d006c10c009ff50c878cd6157ac861c99990,0x3,164,156,8,75594,21752,53842,752,2057070919,1057070919,1,131072,58867688,155502219050886,7715905601536,163218124652422,79908219050886,75594000000000,2710.06,0.4423309108955428
0x3706b89e8b655ace88e57f234e7be1121b7f2bba7bd2a404606fbc2935cba17b,26128092,1791226487,0x5f62d006c10c009ff50c878cd6157ac861c99990,0x3,164,156,8,75594,21752,53842,752,1732464719,732464719,1,131072,46512701,130963937968086,6096512745472,137060450713558,55369937968086,75594000000000,2710.06,0.371442045060785
0xe411c0cf3a0504af1c4b561898ce260a73109dc20f1df53315ed7117f43616f1,26128125,1791226883,0x35376dd47c061bc3b8c8e8d61987019e7ed58f06,0x3,164,156,8,75594,21752,53842,752,1524394245,524394245,1,131072,33221647,115235058556530,4354427715584,119589486272114,39641058556530,75594000000000,2708.53,0.323911711252609
0xf5e37d08cd04239806e7df14cc4f919abbdba871822b3a69ea805929ad435bf1,26128157,1791227267,0x5f62d006c10c009ff50c878cd6157ac861c99990,0x3,164,156,8,75594,21752,53842,752,1668082884,668082884,1,131072,37444260,126097057533096,4907894046720,131004951579816,50503057533096,75594000000000,2708.53,0.35483084150247907
0x9749833d261443965489480ee18910c9d9b2075dedf5fad8dda225ccd625d869,26128188,1791227639,0x35376dd47c061bc3b8c8e8d61987019e7ed58f06,0x3,164,156,8,75594,21752,53842,752,1710363353,710363353,1,131072,37026547,129293207306682,4853143568384,134146350875066,53699207306682,75594000000000,2708.53,0.36333941573564255
0x844f5dd8b04aa29f0f28dba49dbe006b306cc122608020f95d6ab64d32fadb01,26128220,1791228023,0x35376dd47c061bc3b8c8e8d61987019e7ed58f06,0x3,164,156,8,75594,21752,53842,752,2249328802,1249328802,1,131072,62730853,170035761458388,8222258364416,178258019822804,94441761458388,75594000000000,2708.53,0.48281719443065935
0xa188a04332c4662d3642dbea318411631445af43ac1d66c26244724d520d5344,26128252,1791228407,0x5f62d006c10c009ff50c878cd6157ac861c99990,0x3,164,156,8,75594,21752,53842,752,2254484157,1254484157,1,131072,80590052,170425475364258,10563099295744,180988574660002,94831475364258,75594000000000,2708.53,0.4902129841238552
0xe600eb7e56c670d8dcfa2a6d371e80ddd84f5f2d6ca222568f1d8ad873eec231,26128284,1791228791,0x35376dd47c061bc3b8c8e8d61987019e7ed58f06,0x3,164,156,8,75594,21752,53842,752,1964012783,964012783,1,131072,65855345,148467582318102,8631791779840,157099374097942,72873582318102,75594000000000,2708.53,0.4255083677254989
0x763224fac4985997df91fbb06ae26ddb69423104f1d194c226ef72ff760f4951,26128315,1791229175,0x5f62d006c10c009ff50c878cd6157ac861c99990,0x3,164,156,8,75594,21752,53842,752,1739680029,739680029,1,131072,42679533,131509372112226,5594091749376,137103463861602,55915372112226,75594000000000,2708.53,0.3713488449730649
0x8cdd063193bfc1afbbf33b39413db09b0d31d4fed035dd8f22a0eca894471bc5,26128347,1791229559,0x5f62d006c10c009ff50c878cd6157ac861c99990,0x3,164,156,8,75594,21752,53842,752,1648558429,648558429,1,131072,40050990,124621125881826,5249563361280,129870689243106,49027125881826,75594000000000,2708.53,0.35175865793562994
0x47dc6cf1862601924871e7d5b63652d93e8995a249ffdf3960d0ad1f8cecb922,26128379,1791229943,0x5f62d006c10c009ff50c878cd6157ac861c99990,0x3,164,156,8,75594,21752,53842,752,1463703251,463703251,1,131072,27556498,110647183556094,3611885305856,114259068861950,35053183556094,75594000000000,2708.53,0.30947411578465744
0xb92b1226e585bd2e051904bb21b183cf182b20455987d672c8d563f68ba372ec,26128411,1791230327,0x35376dd47c061bc3b8c8e8d61987019e7ed58f06,0x3,164,156,8,75594,21752,53842,752,1380730440,380730440,1,131072,21369737,104374936881360,2800974168064,107175911049424,28780936881360,75594000000000,2708.53,0.2902891703546964
0xb7bd3762b9540a8158a1cecc6b2394d15f907fbcb43ff6ef3acf1da5cbbf3bb0,26128443,1791230711,0x35376dd47c061bc3b8c8e8d61987019e7ed58f06,0x3,164,156,8,75594,21752,53842,752,1357818076,357818076,1,131072,21289964,102642899637144,2790518161408,105433417798552,27048899637144,75594000000000,2712.08,0.2859438637430969
0x0c907820f5e2c441eceb992a9e363ec15c601fa908bff56aa9ef73dc5b941b79,26128475,1791231095,0x35376dd47c061bc3b8c8e8d61987019e7ed58f06,0x3,164,156,8,75594,21752,53842,752,1373190871,373190871,1,131072,21289946,103804990702374,2790515802112,106595506504486,28210990702374,75594000000000,2712.08,0.2890955412806864
0x729666c0f43220c02a06284a901089e18657bca5e26669774bc07ff6bc4a0744,26128507,1791231479,0x35376dd47c061bc3b8c8e8d61987019e7ed58f06,0x3,164,156,8,75594,21752,53842,752,1327999731,327999731,1,131072,18959800,100388811665214,2485098905600,102873910570814,24794811665214,75594000000000,2712.08,0.2790022753808932
0x1c659c631e708a94eb417a45b4833a2057844af475c913c05574eeb0e6a03352,26128539,1791231863,0x35376dd47c061bc3b8c8e8d61987019e7ed58f06,0x3,164,156,8,75594,21752,53842,752,1292761690,292761690,1,131072,16264997,97725027193860,2131885686784,99856912880644,22131027193860,75594000000000,2712.08,0.27081993628533696
0x6d6cdd11e495e61d8c3f78b79d4cc3c45ffa7f283e38c7080de9f38a8cf5b68a,26128572,1791232259,0x5f62d006c10c009ff50c878cd6157ac861c99990,0x3,164,156,8,75594,21752,53842,752,1271745834,271745834,1,131072,17725688,96136354575396,2323341377536,98459695952932,20542354575396,75594000000000,2712.08,0.2670305722000278
0x479c1c9690ca409697654ec890d42d7962056f6e4573106783bea870e2a16055,26128603,1791232631,0x35376dd47c061bc3b8c8e8d61987019e7ed58f06,0x3,164,156,8,75594,21752,53842,752,1340514615,340514615,1,131072,18539136,101334861806310,2429961633792,103764823440102,25740861806310,75594000000000,2712.08,0.2814185023554318
0xdb9ac72fb164540b3d449d477569bcdce5d2c384db21404e4620a51c277a19ed,26128635,1791233015,0x5f62d006c10c009ff50c878cd6157ac861c99990,0x3,164,156,8,75594,21752,53842,752,1257219396,257219396,1,131072,13541988,95038243021224,1774975451136,96813218472360,19444243021224,75594000000000,2712.08,0.26256519355451813
0x28ed4460f48fc2189ba038805976c194d2f879c57cc886fa944113edeb71c286,26128667,1791233399,0x35376dd47c061bc3b8c8e8d61987019e7ed58f06,0x3,164,156,8,75594,21752,53842,752,1220760506,220760506,1,131072,12241568,92282169690564,1604526800896,93886696491460,16688169690564,75594000000000,2712.08,0.2546282318205588
0xdef014a2f9cbfe708554a9ccfb87607296cab0adc4c67f1e1fe317a0fa2ae95f,26128700,1791233795,0x5f62d006c10c009ff50c878cd6157ac861c99990,0x3,164,156,8,75594,21752,53842,752,1197237248,197237248,1,131072,12379652,90503952525312,1622625746944,92126578272256,14909952525312,75594000000000,2712.08,0.24985465040062005
0xa94c3d8facccee0aec5ecf639d8812db49e31ac29929d6c96097e99aaa290d31,26128731,1791234167,0x5f62d006c10c009ff50c878cd6157ac861c99990,0x3,164,156,8,75594,21752,53842,752,1234083022,234083022,1,131072,13390900,93289271965068,1755172044800,95044444009868,17695271965068,75594000000000,2717.68,0.25830038459673804
0xff76721e70f2fb6fac1dfc416fdc0d127bc0c20ce19498fcd42a46ea9b99a41a,26128763,1791234551,0x5f62d006c10c009ff50c878cd6157ac861c99990,0x3,164,156,8,75594,21752,53842,752,1199446004,199446004,1,131072,12472557,90670921226376,1634802991104,92305724217480,15076921226376,75594000000000,2717.68,0.25085742059136107
0x9a4c89efde313ecee223d77864c136a34a2ada445dd54ba6e8412fcfafef6c6a,26128795,1791234935,0x5f62d006c10c009ff50c878cd6157ac861c99990,0x3,164,156,8,75594,21752,53842,752,1314032628,314032628,1,131072,15320365,99332982481032,2008070881280,101341053362312,23738982481032,75594000000000,2717.68,0.27541255390168806
0x756a64cef5c3cc0d11de9e9631857c620bdee70fba19288f3dc1ae4c1234512c,26128827,1791235319,0x5f62d006c10c009ff50c878cd6157ac861c99990,0x3,164,156,8,75594,21752,53842,752,1372259502,372259502,1,131072,19682002,103734584794188,2579759366144,106314344160332,28140584794188,75594000000000,2717.68,0.28892836683765105
0x48327024ed306006b20ac24af8aa24d8ff0bb4880a933a5f55759b8bedc1e5a7,26128859,1791235703,0x35376dd47c061bc3b8c8e8d61987019e7ed58f06,0x3,164,156,8,75594,21752,53842,752,1430015640,430015640,1,131072,27045774,108100602290160,3544943689728,111645545979888,32506602290160,75594000000000,2717.68,0.303416867398622
0x5f737f841b1c9d567049bb56cf01fac2ea350380f5e1ee549535cf71df562a93,26128891,1791236087,0x5f62d006c10c009ff50c878cd6157ac861c99990,0x3,164,156,8,75594,21752,53842,752,2638020480,1638020480,1,131072,32362780,199418520165120,4241854300160,203660374465280,123824520165120,75594000000000,2717.68,0.5534837264768021
0x104608b7069ef1dc099ee73134e6e8c26694f88a40b1c9081c81441eb1ba9bfe,26128923,1791236471,0x5f62d006c10c009ff50c878cd6157ac861c99990,0x3,164,156,8,75594,21752,53842,752,3101802997,2101802997,1,131072,51838872,234477695755218,6794624630784,241272320386002,158883695755218,75594000000000,2717.68,0.6557009596666299
0x82dc69807c52d11daf466588daa95b2bf29b843fc97371d88fb02a6e087ee1bd,26128955,1791236855,0x35376dd47c061bc3b8c8e8d61987019e7ed58f06,0x3,164,156,8,75594,21752,53842,752,1957770309,957770309,1,131072,56283460,147995688738546,7377185669120,155372874407666,72401688738546,75594000000000,2717.68,0.4222537533202257
0x61aed98ebf1d50a4f7181e673ab6ab836f2d6c9b7f5acfc76a76ad562dfd614e,26128987,1791237239,0x35376dd47c061bc3b8c8e8d61987019e7ed58f06,0x3,164,156,8,75594,21752,53842,752,1535699099,535699099,1,131072,30369575,116089637689806,3980600934400,120070238624206,40495637689806,75594000000000,2717.68,0.32631248610423214
0x60b4a5c68c865659a45657f253a9c6a096025f2632cf79674bff6b32be9b1452,26129019,1791237623,0x5f62d006c10c009ff50c878cd6157ac861c99990,0x3,164,156,8,75594,21752,53842,752,1315429492,315429492,1,131072,17791897,99438577018248,2332019523584,101770596541832,23844577018248,75594000000000,2715.77,0.2763855329704111
0x413c1b3b6d985dc4ebb2d658856fd1339f09f572f72336b9c2068c6a8c82a633,26129051,1791238007,0x5f62d006c10c009ff50c878cd6157ac861c99990,0x3,164,156,8,75594,21752,53842,752,1372768299,372768299,1,131072,22183564,103773046794606,2907644100608,106680690895214,28179046794606,75594000000000,2715.77,0.28972021991249536
0xf05e5193da4a40c412d974fca50adaf79e7fecb68721fa59c3741619cd6793a3,26129082,1791238391,0x35376dd47c061bc3b8c8e8d61987019e7ed58f06,0x3,164,156,8,75594,21752,53842,752,1343145477,343145477,1,131072,20279520,101533739188338,2658077245440,104191816433778,25939739188338,75594000000000,2715.77,0.28296100931636126
0x286b38664285281cfc036910b388e621bc3ed43a0d560d9636b9a8f3a9db3237,26129114,1791238775,0x35376dd47c061bc3b8c8e8d61987019e7ed58f06,0x3,164,156,8,75594,21752,53842,752,1382279313,382279313,1,131072,22771829,104492022386922,2984749170688,107476771557610,28898022386922,75594000000000,2715.77,0.2918821918930105
0x2f2135adff248e8dff852be4de24a0cb01cb5bb85c247f88b67dfb4405145ca7,26129146,1791239159,0x35376dd47c061bc3b8c8e8d61987019e7ed58f06,0x3,164,156,8,75594,21752,53842,752,1193543863,193543863,1,131072,11925170,90224754779622,1563055882240,91787810661862,14630754779622,75594000000000,2715.77,0.24927458256116497
0x5f037a224b804b1d30415cab878f78b338f7165c5f1a07091fdf64f4ffbfb95c,26129178,1791239543,0x5f62d006c10c009ff50c878cd6157ac861c99990,0x3,164,156,8,75594,21752,53842,752,1154315686,154315686,1,131072,8549451,87259339967484,1120593641472,88379933608956,11665339967484,75594000000000,2715.77,0.24001957229719445
0xc13c6348370472320a042fe468645a790f4a8dbb9b99506ba0b4de846e10afc3,26129210,1791239927,0x35376dd47c061bc3b8c8e8d61987019e7ed58f06,0x3,164,156,8,75594,21752,53842,752,1137139528,137139528,1,131072,9928726,85960925479632,1301377974272,87262303453904,10366925479632,75594000000000,2715.77,0.2369843458510089
0x8541980506474c7a452c6af8fa3296bd89b879bc5571cc68e185d5d6b322ea85,26129242,1791240311,0x5f62d006c10c009ff50c878cd6157ac861c99990,0x3,164,156,8,75594,21752,53842,752,1290061492,290061492,1,131072,12755392,97520908426248,1671874740224,99192783166472,21926908426248,75594000000000,2715.77,0.26938478474000965
0xfd84ff2bf8d95433c84b7bacd8f03914b408069873d045bb897126f7a959a75f,26129274,1791240695,0x5f62d006c10c009ff50c878cd6157ac861c99990,0x3,164,156,8,75594,21752,53842,752,1448124518,448124518,1,131072,19755528,109469524813692,2589396566016,112058921379708,33875524813692,75594000000000,2715.77,0.3043262569153696
0x0d2a100a9c548e2296b016204c56ba46c7e7cbe0903a6197a23a45f92b23384c,26129306,1791241079,0x5f62d006c10c009ff50c878cd6157ac861c99990,0x3,164,156,8,75594,21752,53842,752,1427147195,427147195,1,131072,25666142,107883765058830,3364112564224,111247877623054,32289765058830,75594000000000,2715.77,0.30212364861236135
0x59e3ab293cdbd17e4edf914a40bf9e9d537b4d5d7d6a1469838e6f443df31832,26129337,1791241463,0x5f62d006c10c009ff50c878cd6157ac861c99990,0x3,164,156,8,75594,21752,53842,752,1415557718,415557718,1,131072,25666127,107007670134492,3364110598144,110371780732636,31413670134492,75594000000000,2709.39,0.29904019899919665
0x814448bc12937267192f59d6cb329db5ff31162281e08db3d9aae3b1fe97262b,26129369,1791241847,0x5f62d006c10c009ff50c878cd6157ac861c99990,0x3,164,156,8,75594,21752,53842,752,1261619102,261619102,1,131072,14593275,95370834396588,1912769740800,97283604137388,19776834396588,75594000000000,2709.39,0.26357922421379765
0x386a5948eee53a154755438c9e66a452c27a588dbca21bbcea73264e996f8935,26129401,1791242231,0x5f62d006c10c009ff50c878cd6157ac861c99990,0x3,164,156,8,75594,21752,53842,752,1242603795,242603795,1,131072,13093617,93933391279230,1716206567424,95649597846654,18339391279230,75594000000000,2709.39,0.2591520639097459
0x24b910124ec573306fcc3cd9efd72712e22e62ecb73863a5132e9e30892ef939,26129432,1791242615,0x35376dd47c061bc3b8c8e8d61987019e7ed58f06,0x3,164,156,8,75594,21752,53842,752,1376597073,376597073,1,131072,18400655,104062479136362,2411810652160,106474289788522,28468479136362,75594000000000,2709.39,0.2884803760101236
0x9be1239f9c372dca68f9b4f938920adce0da9e275b4dba9b3e1e46b7941c1d30,26129465,1791243011,0x35376dd47c061bc3b8c8e8d61987019e7ed58f06,0x3,164,156,8,75594,21752,53842,752,1344961484,344961484,1,131072,21289458,101671018421496,2790451838976,104461470260472,26077018421496,75594000000000,2709.39,0.28302686290902024
0x839de5b60144f3353490dcddd8afc2865c149556a1e09c5a83e822e6d3ece9a4,26129496,1791243383,0x35376dd47c061bc3b8c8e8d61987019e7ed58f06,0x3,164,156,8,75594,21752,53842,752,1482877975,482877975,1,131072,27452935,112096677642150,3598311096320,115694988738470,36502677642150,75594000000000,2709.39,0.3134628455381232
0x1d26ca1c41a764fde2692339e1350266df7897e4d60f5c28e2be80b01e35c52b,26129528,1791243767,0x5f62d006c10c009ff50c878cd6157ac861c99990,0x3,164,156,8,75594,21752,53842,752,1217616553,217616553,1,131072,13797259,92044505707482,1808434331648,93852940039130,16450505707482,75594000000000,2709.39,0.2542842172126184
0xcfe05ae9ef27d1bcc4337f84772f315ccad303b2f6c894357eea67e912416bf6,26129560,1791244151,0x5f62d006c10c009ff50c878cd6157ac861c99990,0x3,164,156,8,75594,21752,53842,752,1220746502,220746502,1,131072,14269460,92281111072188,1870326661120,94151437733308,16687111072188,75594000000000,2709.39,0.2550929638802474
0x0c284511d9613f870239771e3c729def5f7916d0df70dcbdbcf11d9f27fc0d59,26129592,1791244535,0x35376dd47c061bc3b8c8e8d61987019e7ed58f06,0x3,164,156,8,75594,21752,53842,752,1180035395,180035395,1,131072,11573625,89203595649630,1516978176000,90720573825630,13609595649630,75594000000000,2709.39,0.24579741551742365
0x2f6a8a43e311d69f5faa825f33c6560d5903e16ab27e5714e46509e292790773,26129623,1791244919,0x35376dd47c061bc3b8c8e8d61987019e7ed58f06,0x3,164,156,8,75594,21752,53842,752,1201157007,201157007,1,131072,11316856,90800262787158,1483322949632,92283585736790,15206262787158,75594000000000,2718.0,0.25082678603259523
0x403eb1759f8254e66ba9944cb70d6c067c368671c34a093f82efe22f1f509c7d,26129654,1791245303,0x35376dd47c061bc3b8c8e8d61987019e7ed58f06,0x3,164,156,8,75594,21752,53842,752,1215932495,215932495,1,131072,11274611,91917201027030,1477785812992,93394986840022,16323201027030,75594000000000,2718.0,0.2538475742311798
0xfe953690059a1fdb1f9a394b4a6bdd239fa73e3fd1e4ac46d7d02ffad127fb5c,26129686,1791245687,0x35376dd47c061bc3b8c8e8d61987019e7ed58f06,0x3,164,156,8,75594,21752,53842,752,1289433514,289433514,1,131072,13241234,97473437057316,1735555022848,99208992080164,21879437057316,75594000000000,2718.0,0.26965004047388574
0x35010b84eebc4d46a38c235df4077e802de0cd9bfa0605f1539d4defaad4d3bb,26129718,1791246071,0x5f62d006c10c009ff50c878cd6157ac861c99990,0x3,164,156,8,75594,21752,53842,752,1264455611,264455611,1,131072,14593154,95585257457934,1912753881088,97498011339022,19991257457934,75594000000000,2718.0,0.2649995948194618
0xb1ecb7ef2f25fa788b20704f9038ea37a7a001676f0d6f2fac7eeaba5d22128e,26129750,1791246455,0x35376dd47c061bc3b8c8e8d61987019e7ed58f06,0x3,164,156,8,75594,21752,53842,752,1153256747,153256747,1,131072,9387068,87179290532718,1230381776896,88409672309614,11585290532718,75594000000000,2718.0,0.24029748933753084
0x1c419ab4900a81b1946a376bfe94880c1ab868f14045d869954da483625777a3,26129782,1791246839,0x35376dd47c061bc3b8c8e8d61987019e7ed58f06,0x3,164,156,8,75594,21752,53842,752,1188334028,188334028,1,131072,10901474,89830922512632,1428878000128,91259800512760,14236922512632,75594000000000,2718.0,0.2480441377936817
0x4d5edd30a5b3ebcba378088d22f26e55f765fc9f079b55bdd7b863be44917895,26129815,1791247235,0x35376dd47c061bc3b8c8e8d61987019e7ed58f06,0x3,164,156,8,75594,21752,53842,752,1089282157,89282157,1,131072,5926400,82343195376258,776785100800,83119980477058,6749195376258,75594000000000,2718.0,0.22592010693664363
0xbe21c92e0e5549ac326faf922b32284b8a22346e5fd5950a735ab69af083f29c,26129846,1791247607,0x5f62d006c10c009ff50c878cd6157ac861c99990,0x3,164,156,8,75594,21752,53842,752,1150331396,150331396,1,131072,8235555,86958151549224,1079450664960,88037602214184,11364151549224,75594000000000,2718.0,0.2392862028181521
0x4c4c06c083a8c9834cc114fa5bd5c7778cd2fe230705475609e42f97a35ccabf,26129878,1791247991,0x5f62d006c10c009ff50c878cd6157ac861c99990,0x3,164,156,8,75594,21752,53842,752,1133880420,133880420,1,131072,7815524,85714556469480,1024396361728,86738952831208,10120556469480,75594000000000,2718.0,0.23575647379522335
0x12a476d4382b5e61b99357b89a2f184250295e71f746d8af292c17a96cfe93cd,26129910,1791248375,0x35376dd47c061bc3b8c8e8d61987019e7ed58f06,0x3,164,156,8,75594,21752,53842,752,1134956419,134956419,1,131072,7903682,85795895537886,1035951407104,86831846944990,10201895537886,75594000000000,2718.0,0.2360089599964828
0x84a88e9f1314f205757da4000e0623183fb8988286df0544a3691c99cb6a3c09,26129942,1791248771,0x35376dd47c061bc3b8c8e8d61987019e7ed58f06,0x3,164,156,8,75594,21752,53842,752,1130948372,130948372,1,131072,7903677,85492911232968,1035950751744,86528861984712,9898911232968,75594000000000,2707.07,0.2342396864129543
0x27e3c6e1b5da37648e49df707bf0e0e966c3cb23d82d07264f22021a8a6a2c6d,26129971,1791249143,0x5f62d006c10c009ff50c878cd6157ac861c99990,0x3,164,156,8,75594,21752,53842,752,1121379859,121379859,1,131072,6908263,84769589061246,905479847936,85675068909182,9175589061246,75594000000000,2707.07,0.23192840879197932
0x30cf29e58e9439b9435a99e8e59c46ff605cecc9718f5fb200fdae8013ec88ab,26130003,1791249527,0x35376dd47c061bc3b8c8e8d61987019e7ed58f06,0x3,164,156,8,75594,21752,53842,752,1146849152,146849152,1,131072,7416900,86694914796288,972147916800,87667062713088,11100914796288,75594000000000,2707.07,0.23732087545871916
0xce5af4d406574a836f1bdfc79b795bc79d09e00a93be339352234fc0a946dbed,26130035,1791249911,0x35376dd47c061bc3b8c8e8d61987019e7ed58f06,0x3,164,156,8,75594,21752,53842,752,1164398076,164398076,1,131072,9817790,88021508157144,1286837370880,89308345528024,12427508157144,75594000000000,2707.07,0.24176394292854797
0x63f686f2820cfadbb6745124b055d96ee401d15cebb8c66e0dd5746146d7c56b,26130067,1791250295,0x5f62d006c10c009ff50c878cd6157ac861c99990,0x3,164,156,8,75594,21752,53842,752,1146598136,146598136,1,131072,6908248,86675939492784,905477881856,87581417374640,11081939492784,75594000000000,2707.07,0.23708902753236674
0x5f9fcfb1d26657d2f18f4103e408ec0612ab1caa835aabb8c4a943f15fe0dd47,26130098,1791250679,0x35376dd47c061bc3b8c8e8d61987019e7ed58f06,0x3,164,156,8,75594,21752,53842,752,1141139165,141139165,1,131072,9110358,86263274039010,1194112843776,87457386882786,10669274039010,75594000000000,2707.07,0.2367532683087835
0x8d5b0bbeb367dde5b8e78c1fe4b466c03ebc979d6b4c4f4f65cf3eb16cc2a5ec,26130130,1791251063,0x35376dd47c061bc3b8c8e8d61987019e7ed58f06,0x3,164,156,8,75594,21752,53842,752,1118394687,118394687,1,131072,6605119,84543927969078,865746157568,85409674126646,8949927969078,75594000000000,2707.07,0.2312099665380196
0x52dd667d69f91c001a925ce65e33e7e1edb97d87bf2ffaaf4d31c0f3655ebe20,26130162,1791251447,0x35376dd47c061bc3b8c8e8d61987019e7ed58f06,0x3,164,156,8,75594,21752,53842,752,1133168704,133168704,1,131072,9282271,85660755010176,1216645824512,86877400834688,10066755010176,75594000000000,2707.07,0.23518320547755883
0xa7dc8384dcb25b8a52bd96cb7949fb458300a98c51b653bd5ab6a598e16e4a7c,26130194,1791251831,0x35376dd47c061bc3b8c8e8d61987019e7ed58f06,0x3,164,156,8,75594,21752,53842,752,1152113432,152113432,1,131072,7874133,87092862778608,1032078360576,88124941139184,11498862778608,75594000000000,2707.07,0.23856038440965086
0x00d528cce3cbda19198be8b502560cbd4d23658df6a56f8e181bbb6995e3625b,26130225,1791252215,0x5f62d006c10c009ff50c878cd6157ac861c99990,0x3,164,156,8,75594,21752,53842,752,1202530398,202530398,1,131072,10659519,90904082906412,1397164474368,92301247380780,15310082906412,75594000000000,2701.53,0.2493545888365986
0xc7519212c2631de29e85fd49a55713f52a48a7f3ea0f80256df23fe9b4d35d6f,26130257,1791252599,0x5f62d006c10c009ff50c878cd6157ac861c99990,0x3,164,156,8,75594,21752,53842,752,1121325675,121325675,1,131072,6221530,84765493075950,815468380160,85580961456110,9171493075950,75594000000000,2701.53,0.23119953480252486
0x15f2226a8dec3fca1e04c3aea331659787d455cba95dd1e1a3aee03d3b68a892,26130289,1791252983,0x5f62d006c10c009ff50c878cd6157ac861c99990,0x3,164,156,8,75594,21752,53842,752,1144009334,144009334,1,131072,8841839,86480241594396,1158917521408,87639159115804,10886241594396,75594000000000,2701.53,0.236759817526118
0x30c3d475b39cad6243c12ab14a983e35e8853d9dda37ed3a6775f3ace9013ec7,26130321,1791253379,0x35376dd47c061bc3b8c8e8d61987019e7ed58f06,0x3,164,156,8,75594,21752,53842,752,1155462358,155462358,1,131072,9247597,87346021490652,1212101033984,88558122524636,11752021490652,75594000000000,2701.53,0.23924242474397991
0x1fa2891457e47e6f880beaa2a6fb86450b8a59f63cf1c3f663f5fea885e51896,26130352,1791253751,0x35376dd47c061bc3b8c8e8d61987019e7ed58f06,0x3,164,156,8,75594,21752,53842,752,1146487143,146487143,1,131072,7962932,86667549087942,1043717423104,87711266511046,11073549087942,75594000000000,2701.53,0.2369546178175861
0xca736842b4158f9c15097c36a50a4856e3f3257d21ebfeb69e261e12606293a6,26130384,1791254135,0x5f62d006c10c009ff50c878cd6157ac861c99990,0x3,164,156,8,75594,21752,53842,752,1162252040,162252040,1,131072,9891412,87859280711760,1296487153664,89155767865424,12265280711760,75594000000000,2701.53,0.24085698156147894
0x3230d79264303eb9c84f558d55f5382761b33ff6d25853cd334096200684be08,26130416,1791254519,0x35376dd47c061bc3b8c8e8d61987019e7ed58f06,0x3,164,156,8,75594,21752,53842,752,1160252223,160252223,1,131072,9928458,87708106545462,1301342846976,89009449392438,12114106545462,75594000000000,2701.53,0.24046169781715307
0x9294f5f026a10a215bf5133b7a90a58e753f571032e43819b6192761d56e26cc,26130448,1791254903,0x35376dd47c061bc3b8c8e8d61987019e7ed58f06,0x3,164,156,8,75594,21752,53842,752,1132746079,132746079,1,131072,7416825,85628807095926,972138086400,86600945182326,10034807095926,75594000000000,2701.53,0.2339550514384092
0x314a81af53439bdc02701e1665062dff388919fd89f370b3bf577adcae0312ba,26130480,1791255287,0x35376dd47c061bc3b8c8e8d61987019e7ed58f06,0x3,164,156,8,75594,21752,53842,752,1136062490,136062490,1,131072,7613511,85879507869060,997918113792,86877425982852,10285507869060,75594000000000,2701.53,0.23470197261545417
0xb0cab61001b9342bf35a5baa2e1c6ff18359dc714bb02403ffa5d7f33b424c3f,26130512,1791255671,0x5f62d006c10c009ff50c878cd6157ac861c99990,0x3,164,156,8,75594,21752,53842,752,1142818343,142818343,1,131072,6555850,86390209820742,859288371200,87249498191942,10796209820742,75594000000000,2698.68,0.23545847578063
0x3942ef85daa71204f2b81fdfa87853e693692ac45847109fb062480055a8021e,26130544,1791256055,0x5f62d006c10c009ff50c878cd6157ac861c99990,0x3,164,156,8,75594,21752,53842,752,1106583441,106583441,1,131072,6934051,83651068638954,908859932672,84559928571626,8057068638954,75594000000000,2698.68,0.22820018803767567
0xc1b1405db48bf2866ec277aa0021037a8ac9cd5a6ebc61ed9074bece982e56ca,26130576,1791256439,0x35376dd47c061bc3b8c8e8d61987019e7ed58f06,0x3,164,156,8,75594,21752,53842,752,1137546893,137546893,1,131072,7144599,85991719829442,936456880128,86928176709570,10397719829442,75594000000000,2698.68,0.23459133192258233
0xd7b4fb4ac44dbbb4b0ee5bd0e51059d9f468d3e42eb0fe49e6f6d0adaf063e47,26130608,1791256823,0x35376dd47c061bc3b8c8e8d61987019e7ed58f06,0x3,164,156,8,75594,21752,53842,752,1120160165,120160165,1,131072,7225190,84677387513010,947020103680,85624407616690,9083387513010,75594000000000,2698.68,0.23107287634700896
0x490c4074702dca72fb0bd2e3c5bd382b23477c436b0aa0c219c4c3b30fbe2b02,26130640,1791257207,0x5f62d006c10c009ff50c878cd6157ac861c99990,0x3,164,156,8,75594,21752,53842,752,1112433156,112433156,1,131072,6856690,84093271994664,898720071680,84991992066344,8499271994664,75594000000000,2698.68,0.22936618914960122
0xbda896662a4d6ca500f0faa00025ca7502f0c5037832d7ac42a4237eb56d59f5,26130672,1791257591,0x35376dd47c061bc3b8c8e8d61987019e7ed58f06,0x3,164,156,8,75594,21752,53842,752,1193940409,193940409,1,131072,10739424,90254731277946,1407637782528,91662369060474,14660731277946,75594000000000,2698.68,0.24736740213611996
0x80f880e0c3461ff04f62db9bcfc2d2a8b4973b1f68375465c7224c30599a12db,26130704,1791257975,0x35376dd47c061bc3b8c8e8d61987019e7ed58f06,0x3,164,156,8,75594,21752,53842,752,1135454877,135454877,1,131072,7444568,85833575971938,975774416896,86809350388834,10239575971938,75594000000000,2698.68,0.23427065770733851
0xb4705b7b8095c3c747d1d182e83becb25d3984897fe2c0480e3ce5751ce85d6e,26130735,1791258359,0x5f62d006c10c009ff50c878cd6157ac861c99990,0x3,164,156,8,75594,21752,53842,752,1128256079,128256079,1,131072,6629772,85289390035926,868977475584,86158367511510,9695390035926,75594000000000,2698.68,0.2325138632359618
0x45bacf531ba722fffd4a7d025eb29e0bcf968cb7d4a5670ceb3466df2bd1b99b,26130768,1791258755,0x5f62d006c10c009ff50c878cd6157ac861c99990,0x3,164,156,8,75594,21752,53842,752,1153687652,153687652,1,131072,7670610,87211864365288,1005402193920,88217266559208,11617864365288,75594000000000,2698.68,0.23807017291800342
0x53d03c6ce4fb674bb0be37c3e1f15e4da3b0786e4c40c76f98cf8379a723479a,26130799,1791259127,0x5f62d006c10c009ff50c878cd6157ac861c99990,0x3,164,156,8,75594,21752,53842,752,1209218261,209218261,1,131072,9042337,91409645222034,1185197195264,92594842417298,15815645222034,75594000000000,2698.68,0.24988384933471375
0xb7ac2895d4ba1997f2f9f5680a2dcae86fd30bf43e9428ad33c5627c09bcf34b,26130831,1791259511,0x35376dd47c061bc3b8c8e8d61987019e7ed58f06,0x3,164,156,8,75594,21752,53842,752,1165438973,165438973,1,131072,10383994,88100193724962,1361050861568,89461244586530,12506193724962,75594000000000,2701.76,0.2417028121741033
0x1478b3eeaa363fddc370d78d4bbaf66ab1a76364a69a4b6bdcc3b0022ea99c6a,26130863,1791259895,0x5f62d006c10c009ff50c878cd6157ac861c99990,0x3,164,156,8,75594,21752,53842,752,1143200297,143200297,1,131072,8204633,86419083251418,1075397656576,87494480907994,10825083251418,75594000000000,2701.76,0.23638908873798187
0xf77c7b75b6410daed3607388551a94b25a573a22d87aa9338dab8d65da488172,26130895,1791260279,0x5f62d006c10c009ff50c878cd6157ac861c99990,0x3,164,156,8,75594,21752,53842,752,1213929230,213929230,1,131072,11616638,91765766212620,1522615975936,93288382188556,16171766212620,75594000000000,2701.76,0.25204281946175305
0x7042fe2b550c8d63418c476811c00f83d620cf92a8e95534b922e7937dddf163,26130927,1791260663,0x5f62d006c10c009ff50c878cd6157ac861c99990,0x3,164,156,8,75594,21752,53842,752,1124575279,124575279,1,131072,8549115,85011143640726,1120549601280,86131693242006,9417143640726,75594000000000,2701.76,0.23270716353352217
0x42c24e47512f5ff4bd467a3527d11d04d8762d9f4e28659ed9da4806f330ce07,26130959,1791261047,0x5f62d006c10c009ff50c878cd6157ac861c99990,0x3,164,156,8,75594,21752,53842,752,1146774196,146774196,1,131072,8328246,86689248572424,1091599859712,87780848432136,11095248572424,75594000000000,2701.76,0.2371627850600078
0x04c404198e309b121da672bcd1c419dda261d456fa284a255de376576556cf24,26130991,1791261431,0x5f62d006c10c009ff50c878cd6157ac861c99990,0x3,164,156,8,75594,21752,53842,752,1166710158,166710158,1,131072,9817578,88196287683852,1286809583616,89483097267468,12602287683852,75594000000000,2701.76,0.24176185287335436
0xd4b96b981fc44081bfe2a6ee2147cea96f8be6786213874dd9fe14e99343c66f,26131023,1791261815,0x35376dd47c061bc3b8c8e8d61987019e7ed58f06,0x3,164,156,8,75594,21752,53842,752,1215327920,215327920,1,131072,10040316,91871498784480,1316004298752,93187503083232,16277498784480,75594000000000,2701.76,0.2517702683301529
0xd06c0538ddcc2838bf77918580ad9141d9d9c32006c3e7bff8a240aa21af5f34,26131055,1791262199,0x35376dd47c061bc3b8c8e8d61987019e7ed58f06,0x3,164,156,8,75594,21752,53842,752,1149798930,149798930,1,131072,9421953,86917900314420,1234954223616,88152854538036,11323900314420,75594000000000,2701.76,0.23816785627668416
0xfc5a92629c01a5aef8b6a0e5510a51046ff58268f3b16195c91340252c9e3b46,26131087,1791262583,0x35376dd47c061bc3b8c8e8d61987019e7ed58f06,0x3,164,156,8,75594,21752,53842,752,1156072193,156072193,1,131072,9247433,87392121357642,1212079538176,88604200895818,11798121357642,75594000000000,2701.76,0.23938728581228527
0x790e30704a28d32a438221ec104bd9a909629ed5825b90952758585232bf0bb6,26131119,1791262967,0x35376dd47c061bc3b8c8e8d61987019e7ed58f06,0x3,164,156,8,75594,21752,53842,752,1142812767,142812767,1,131072,8266167,86389788308598,1083463041024,87473251349622,10795788308598,75594000000000,2698.61,0.23605619082460344
0x1b050bd5ba7f06c4cce440c58aa059966e9f4de646b0e62e9e0e63d6180009fb,26131151,1791263351,0x5f62d006c10c009ff50c878cd6157ac861c99990,0x3,164,156,8,75594,21752,53842,752,1138980940,138980940,1,131072,8974896,86100125178360,1176357568512,87276482746872,10506125178360,75594000000000,2698.61,0.23552518910553627
0x518c0670f3027cffb8f6295f60a8f3d4b4b932b1eff4bd99d889652dcb5bc55a,26131183,1791263735,0x5f62d006c10c009ff50c878cd6157ac861c99990,0x3,164,156,8,75594,21752,53842,752,1166230694,166230694,1,131072,7389022,88160043082236,968493891584,89128536973820,12566043082236,75594000000000,2698.61,0.2405231611629204
0xcef7e6a246ca29b09c3a102e4c3815a22105073cd3b41ec39a73a8928dc397a5,26131215,1791264119,0x5f62d006c10c009ff50c878cd6157ac861c99990,0x3,164,156,8,75594,21752,53842,752,1153938101,153938101,1,131072,8645495,87230796806994,1133182320640,88363979127634,11636796806994,75594000000000,2698.61,0.2384599177136244
0x4437d85a8bfb2f4b8412e5ca55ae1648802218ab0829aab371d995cc6a762c48,26131247,1791264503,0x5f62d006c10c009ff50c878cd6157ac861c99990,0x3,164,156,8,75594,21752,53842,752,1162281144,162281144,1,131072,7144489,87861480799536,936442462208,88797923261744,12267480799536,75594000000000,2698.61,0.239630963693375
0x17c8c482ce596114b1dc35abacaa57582f43bb50350f88ed9e872ae1c59fb5f1,26131279,1791264887,0x5f62d006c10c009ff50c878cd6157ac861c99990,0x3,164,156,8,75594,21752,53842,752,1126625902,126625902,1,131072,7389003,85166158435788,968491401216,86134649837004,9572158435788,75594000000000,2698.61,0.23244382739663738
0x30b50560ed620345442d2ae67565bfbc5974dcb00acb75832ce88b965daea193,26131311,1791265271,0x5f62d006c10c009ff50c878cd6157ac861c99990,0x3,164,156,8,75594,21752,53842,752,1147349924,147349924,1,131072,8581065,86732770154856,1124737351680,87857507506536,11138770154856,75594000000000,2698.61,0.23709314833221315
0xd846bc022d1759924b10409b007423dc691578d53157bf1dd06dbee0d3eb39cd,26131343,1791265655,0x35376dd47c061bc3b8c8e8d61987019e7ed58f06,0x3,164,156,8,75594,21752,53842,752,1140814932,140814932,1,131072,7333943,86238763969608,961274576896,87200038546504,10644763969608,75594000000000,2698.61,0.2353188960219812
0x8bbf7cb1a7955c80de6a0b2f39096dafd473bd0b432e90d74e40398c8c3b2e9e,26131376,1791266051,0x5f62d006c10c009ff50c878cd6157ac861c99990,0x3,164,156,8,75594,21752,53842,752,1153864946,153864946,1,131072,7962743,87225266727924,1043692650496,88268959378420,11631266727924,75594000000000,2698.61,0.238203496468198
0xa7fcfa44c8bdee44605763560e8be2503987ad5a1303e870b1b86f14d9faef84,26131407,1791266423,0x35376dd47c061bc3b8c8e8d61987019e7ed58f06,0x3,164,156,8,75594,21752,53842,752,1233939470,233939470,1,131072,12014067,93278420295180,1574707789824,94853128085004,17684420295180,75594000000000,2696.97,0.2558160408514132
0x9c56eddda7bd9265a4f4c9f7e1cc97ec5b6ca508900002be89f8e83aabded08d,26131439,1791266807,0x35376dd47c061bc3b8c8e8d61987019e7ed58f06,0x3,164,156,8,75594,21752,53842,752,1217263885,217263885,1,131072,14812471,92017846122690,1941500198912,93959346321602,16423846122690,75594000000000,2696.97,0.25340553824897094
0x337fd54333c475210fee8cd0812a6e6212b94343b1a07c9242408dc4b7f5cc10,26131471,1791267191,0x35376dd47c061bc3b8c8e8d61987019e7ed58f06,0x3,164,156,8,75594,21752,53842,752,1217209060,217209060,1,131072,13541098,92013701681640,1774858797056,93788560478696,16419701681640,75594000000000,2696.97,0.25294493395422873
0xd6d2247bbf2232e2c03348f2d9980221f77ad631bb05c98df67f31ad40c9b138,26131503,1791267575,0x35376dd47c061bc3b8c8e8d61987019e7ed58f06,0x3,164,156,8,75594,21752,53842,752,1176508162,176508162,1,131072,10306461,88936957998228,1350888456192,90287846454420,13342957998228,75594000000000,2696.97,0.24350361325217706
0x686ce24c8b23ea62bc30008ef5b826900f108ee9a56361679f33c85436161a10,26131535,1791267959,0x5f62d006c10c009ff50c878cd6157ac861c99990,0x3,164,156,8,75594,21752,53842,752,1158282042,158282042,1,131072,9563820,87559172682948,1253549015040,88812721697988,11965172682948,75594000000000,2696.97,0.23952524603782266
0x0f2411914ccac716dfeb4926e192945f1cc721009a0e57a851573ce5906f6b06,26131567,1791268343,0x35376dd47c061bc3b8c8e8d61987019e7ed58f06,0x3,164,156,8,75594,21752,53842,752,1108866253,108866253,1,131072,6604899,83823635529282,865717321728,84689352851010,8229635529282,75594000000000,2696.97,0.22840464395858842
0x4d53511a33219742558fa1c50e075d13f5b91a7518c8dc6894b75415871acf6a,26131599,1791268727,0x35376dd47c061bc3b8c8e8d61987019e7ed58f06,0x3,164,156,8,75594,21752,53842,752,1175032401,175032401,1,131072,9042168,88825399321194,1185175044096,90010574365290,13231399321194,75594000000000,2696.97,0.24275581874595617
0x3d72dce24448d2ee9833edd913268698c0ba3ded5426e2bf2c77272539a2d81c,26131629,1791269111,0x5f62d006c10c009ff50c878cd6157ac861c99990,0x3,164,156,8,75594,21752,53842,752,1162601676,162601676,1,131072,10659170,87885711095544,1397118730240,89282829825784,12291711095544,75594000000000,2696.97,0.24079311355524466
0xbae90d515c81c22f1d29d78014b364f78f9f7e886403e31cf3b9f6ffbc19e13f,26131661,1791269495,0x35376dd47c061bc3b8c8e8d61987019e7ed58f06,0x3,164,156,8,75594,21752,53842,752,1146730042,146730042,1,131072,9042155,86685910794948,1185173340160,87871084135108,11091910794948,75594000000000,2696.97,0.2369856777798622
0xaaea23d9dd06a6d7d4de71e65e6077fc17fbfff449feb7afd22be0838cb1b3ee,26131693,1791269879,0x5f62d006c10c009ff50c878cd6157ac861c99990,0x3,164,156,8,75594,21752,53842,752,1130176447,130176447,1,131072,7699177,85434558334518,1009146527744,86443704862262,9840558334518,75594000000000,2696.97,0.2331360787023747
0x59df8a17051668ba69e9a2f5e6b55fc5654eaada7d5c84e967124f074f0718d6,26131725,1791270263,0x35376dd47c061bc3b8c8e8d61987019e7ed58f06,0x3,164,156,8,75594,21752,53842,752,1113302798,113302798,1,131072,6629616,84159011712012,868957028352,85027968740364,8565011712012,75594000000000,2707.0,0.23017071138016537
0x410ca9717ab260a85856e0499d32379040a6f7d6bfc5a4b209eb50239c1efc8a,26131757,1791270647,0x35376dd47c061bc3b8c8e8d61987019e7ed58f06,0x3,164,156,8,75594,21752,53842,752,1121396703,121396703,1,131072,6754723,84770862366582,885355053056,85656217419638,9176862366582,75594000000000,2707.0,0.2318713805549601
0x5231cc11cc846a86d55a7b4ec3e2a82c147f62ec56a7de23b18b970da361832e,26131789,1791271031,0x35376dd47c061bc3b8c8e8d61987019e7ed58f06,0x3,164,156,8,75594,21752,53842,752,1177198251,177198251,1,131072,7903338,88989124586094,1035906318336,90025030904430,13395124586094,75594000000000,2707.0,0.243697758658292
0x15fbecfd69b5a65b0b17db580ae0fe912f807e2b9a3cbeef7b25e75ec3b06277,26131821,1791271415,0x5f62d006c10c009ff50c878cd6157ac861c99990,0x3,164,156,8,75594,21752,53842,752,1162929077,162929077,1,131072,8422021,87910460646738,1103891136512,89014351783250,12316460646738,75594000000000,2707.0,0.24096185027725775
0xdf542ee810647616b70e9ab7cb904efc15ebd56ace1502c3d7a5ec71dc40ef78,26131853,1791271799,0x5f62d006c10c009ff50c878cd6157ac861c99990,0x3,164,156,8,75594,21752,53842,752,1104852107,104852107,1,131072,7038325,83520190176558,922527334400,84442717510958,7926190176558,75594000000000,2707.0,0.2285864363021633
0xc45385fe489c9922b735addc3f7d7bb47fc23fcdc825dad1798063aab6fbe06e,26131885,1791272183,0x5f62d006c10c009ff50c878cd6157ac861c99990,0x3,164,156,8,75594,21752,53842,752,1130879855,130879855,1,131072,7727983,85487731758870,1012922187776,86500653946646,9893731758870,75594000000000,2707.0,0.23415727023357072
0x6e5ea27423d2c7671b2382e92d0c2c6a892709df3160559ea62104d6b59db6d9,26131917,1791272567,0x5f62d006c10c009ff50c878cd6157ac861c99990,0x3,164,156,8,75594,21752,53842,752,1113712355,113712355,1,131072,7224966,84189971763870,946990743552,85136962507422,8595971763870,75594000000000,2707.0,0.23046575750759135
0x20043812148fdbe737b53eac0789161c343b44823953b480f741fc8da76efa0b,26131949,1791272951,0x35376dd47c061bc3b8c8e8d61987019e7ed58f06,0x3,164,156,8,75594,21752,53842,752,1135095571,135095571,1,131072,7444348,85806414594174,975745581056,86782160175230,10212414594174,75594000000000,2707.0,0.2349193075943476
0x4f19cd9765cd3bbf200d8d94ad7712e3a882750f2c678a32e9017c03e0c3a12a,26131981,1791273335,0x35376dd47c061bc3b8c8e8d61987019e7ed58f06,0x3,164,156,8,75594,21752,53842,752,1156647415,156647415,1,131072,8143285,87435604689510,1067356651520,88502961341030,11841604689510,75594000000000,2707.0,0.23957751635016822
0x265a021fc485f8adfd3b440e832aca871a1e5d6852befbbc4c576805e11690b6,26132012,1791273719,0x35376dd47c061bc3b8c8e8d61987019e7ed58f06,0x3,164,156,8,75594,21752,53842,752,1178660037,178660037,1,131072,10982735,89099626836978,1439529041920,90539155878898,13505626836978,75594000000000,2716.13,0.24591611745735123
0x0e355f2d0a340d402a33a44e7fceb16a62959a2683fc8a3fb123de1e7296b192,26132044,1791274103,0x5f62d006c10c009ff50c878cd6157ac861c99990,0x3,164,156,8,75594,21752,53842,752,1213078971,213078971,1,131072,10982725,91701491733774,1439527731200,93141019464974,16107491733774,75594000000000,2716.13,0.25298311719939987
0x1fb514a70c9a0c0f843e78a9cc5bd178062c285c5f99d122b36274f1b6e33916,26132076,1791274487,0x5f62d006c10c009ff50c878cd6157ac861c99990,0x3,164,156,8,75594,21752,53842,752,1181080213,181080213,1,131072,10698984,89282577621522,1402337230848,90684914852370,13688577621522,75594000000000,2716.13,0.2463120177779677
0x51d563268c015ee5c9f136f93286e838ab41c0fbfce75b7c017e51f976e158ea,26132108,1791274871,0x5f62d006c10c009ff50c878cd6157ac861c99990,0x3,164,156,8,75594,21752,53842,752,1212381065,212381065,1,131072,11148205,91648734227610,1461217525760,93109951753370,16054734227610,75594000000000,2716.13,0.25289873325588086
0xf9496531352c24c5ac7b575180465cdb095fd373e77f7de767ed2aa85b23e154,26132139,1791275255,0x35376dd47c061bc3b8c8e8d61987019e7ed58f06,0x3,164,156,8,75594,21752,53842,752,1142917870,142917870,1,131072,8974683,86397733464780,1176329650176,87574063114956,10803733464780,75594000000000,2716.13,0.23786254004842544
0x9ef3aca416188f688a8cdf1b6ace4b2523bbdab0133505f3e96f96780f0f5b24,26132171,1791275639,0x5f62d006c10c009ff50c878cd6157ac861c99990,0x3,164,156,8,75594,21752,53842,752,1125232018,125232018,1,131072,6985832,85060789168692,915646971904,85976436140596,9466789168692,75594000000000,2716.13,0.23352317749455703
0x703f3c3d8179e5f198df7eba6701949cd8057540e7b8f90a5f2f95d29bb44f74,26132203,1791276023,0x35376dd47c061bc3b8c8e8d61987019e7ed58f06,0x3,164,156,8,75594,21752,53842,752,1154725735,154725735,1,131072,8516948,87290337211590,1116333408256,88406670619846,11696337211590,75594000000000,2716.13,0.2401240102706823
0x5976b47c75aa09398acbcfda66b00d341165b30c3e2456142e01bef2e44da5be,26132235,1791276407,0x5f62d006c10c009ff50c878cd6157ac861c99990,0x3,164,156,8,75594,21752,53842,752,1276596081,276596081,1,131072,14004288,96503004147114,1835570036736,98338574183850,20909004147114,75594000000000,2716.13,0.2671003514979805
0x39e7c0307433aa853a02a83c0190bed519de9c5f091df43c7e34c67498e9dc11,26132267,1791276791,0x5f62d006c10c009ff50c878cd6157ac861c99990,0x3,164,156,8,75594,21752,53842,752,1274160383,274160383,1,131072,16632579,96318879992502,2180065394688,98498945387190,20724879992502,75594000000000,2716.13,0.2675359405345084
0xaa56b7201f7b37820f322a1403ccb4a217cdab087fcf5cfa688325fb59f22f73,26132299,1791277175,0x35376dd47c061bc3b8c8e8d61987019e7ed58f06,0x3,164,156,8,75594,21752,53842,752,1208194242,208194242,1,131072,11231841,91332235529748,1472179863552,92804415393300,15738235529748,75594000000000,2716.13,0.2520688567822039
0x864e9c162f48474fac5b58e2333f6178dbf6f73c53434f142b22fc021d3aa732,26132330,1791277559,0x5f62d006c10c009ff50c878cd6157ac861c99990,0x3,164,156,8,75594,21752,53842,752,1263841874,263841874,1,131072,14592270,95538862623156,1912638013440,97451500636596,19944862623156,75594000000000,2709.98,0.26409161769516243
0x61d4751a6c47164210adbd1adb7613547eb538976d09c69ab9dc1a23c29a0980,26132362,1791277943,0x35376dd47c061bc3b8c8e8d61987019e7ed58f06,0x3,164,156,8,75594,21752,53842,752,1166806799,166806799,1,131072,10191291,88203593163606,1335792893952,89539386057558,12609593163606,75594000000000,2709.98,0.24264994542826104
0x6f7be6dcf7d4ae1fc8b78227275cb7a8543f6cdcec8634fa8dbafd1edffabf8e,26132394,1791278327,0x5f62d006c10c009ff50c878cd6157ac861c99990,0x3,164,156,8,75594,21752,53842,752,1223213888,223213888,1,131072,13092705,92467630649472,1716087029760,94183717679232,16873630649472,75594000000000,2709.98,0.25523599123636515
0x5bace0435218ce4ae8d2cc58ab34f11a6497f979b49b4639b128aca67dc12480,26132426,1791278711,0x35376dd47c061bc3b8c8e8d61987019e7ed58f06,0x3,164,156,8,75594,21752,53842,752,1177726729,177726729,1,131072,11231803,89029074352026,1472174882816,90501249234842,13435074352026,75594000000000,2709.98,0.2452565754014371
0x596ef30c22626d4ebbbda5d5d7fc67720d1add7f994b99f8d09ad98cbc8d134d,26132457,1791279095,0x5f62d006c10c009ff50c878cd6157ac861c99990,0x3,164,156,8,75594,21752,53842,752,1324712590,324712590,1,131072,18126211,100140323528460,2375838728192,102516162256652,24546323528460,75594000000000,2709.98,0.2778167493922818
0x935c3726990f5c76e4b2d9cf40b1acfc0e40087d1c5ed0887eb0fa03714d21b9,26132489,1791279479,0x5f62d006c10c009ff50c878cd6157ac861c99990,0x3,164,156,8,75594,21752,53842,752,1307695496,307695496,1,131072,19902332,98853933324624,2608638459904,101462571784528,23259933324624,75594000000000,2709.98,0.27496154028463515
0x15c1437731c8031064a26d10555e2e4926f92273647151894d5705dd8bd32098,26132521,1791279863,0x35376dd47c061bc3b8c8e8d61987019e7ed58f06,0x3,164,156,8,75594,21752,53842,752,1905699602,905699602,1,131072,29916284,144059455713588,3921187176448,147980642890036,68465455713588,75594000000000,2709.98,0.40102458261913976
0xa1eff97896786e1b20605fddf92c2c6a7c2e0f0d09a863cf4a55b1de9ca5c071,26132551,1791280247,0x5f62d006c10c009ff50c878cd6157ac861c99990,0x3,164,156,8,75594,21752,53842,752,2786657886,1786657886,1,131072,49932139,210654616234284,6544705323008,217199321557292,135060616234284,75594000000000,2709.98,0.5886058174338302
0xdf4020e9959a4b22b975775b76540569ae9d419c60f50651c1c02d37a0adcaed,26132582,1791280631,0x5f62d006c10c009ff50c878cd6157ac861c99990,0x3,164,156,8,75594,21752,53842,752,1978607509,978607509,1,131072,61793311,149570856035346,8099372859392,157670228894738,73976856035346,75594000000000,2709.98,0.42728316690016205
0x649d87abeb098df68208e7e3b2e85534b8b31fe0f08fa07d67f5921b4e55607d,26132615,1791281039,0x5f62d006c10c009ff50c878cd6157ac861c99990,0x3,164,156,8,75594,21752,53842,752,2093675699,1093675699,1,131072,50684493,158269320790206,6643317866496,164912638656702,82675320790206,75594000000000,2713.15,0.44743272557143104
0x452e63aa91e3177133633b10d02a9074634e4988e8d8f9744ff4be2b3930e318,26132644,1791281399,0x35376dd47c061bc3b8c8e8d61987019e7ed58f06,0x3,164,156,8,75594,21752,53842,752,3246737162,2246737162,1,131072,80581818,245433849024228,10562020048896,255995869073124,169839849024228,75594000000000,2713.15,0.6945551921757463
0x6646b47d6e150947f937bc23911eb910312d5f35c1908cbb3bb76e032c25894d,26132676,1791281783,0x5f62d006c10c009ff50c878cd6157ac861c99990,0x3,164,156,8,75594,21752,53842,752,3756325544,2756325544,1,131072,129076379,283955673173136,16918299148288,300873972321424,208361673173136,75594000000000,2713.15,0.8163162180038716
0xaea745914d07e3d4901d360297d9ca41d61feb504ed20397c96bffda0222b73d,26132707,1791282167,0x35376dd47c061bc3b8c8e8d61987019e7ed58f06,0x3,164,156,8,75594,21752,53842,752,3146350180,2146350180,1,131072,131021344,237845195506920,17173229600768,255018425107688,162251195506920,75594000000000,2713.15,0.6919032400809237
0x4b1fe2c36c8e5b4017357dbd34c214ac781283b3aa274e68efb92f52f4975a5d,26132738,1791282551,0x5f62d006c10c009ff50c878cd6157ac861c99990,0x3,164,156,8,75594,21752,53842,752,5548679877,4548679877,1,131072,182754429,419446906621938,23953988517888,443400895139826,343852906621938,75594000000000,2713.15,1.203013138648619
0xac96ec503f5515dbfac1359bb579438937569e587b232e24373318293989973f,26132770,1791282935,0x5f62d006c10c009ff50c878cd6157ac861c99990,0x3,164,156,8,75594,21752,53842,752,4528144981,3528144981,1,131072,203685617,342300591693714,26697481191424,368998072885138,266706591693714,75594000000000,2713.15,1.0011471214483123
0x999ebe5c88a4459026b922f44c6cd88bb354d82d05b6edcead06fb0acd3597d2,26132802,1791283319,0x35376dd47c061bc3b8c8e8d61987019e7ed58f06,0x3,164,156,8,75594,21752,53842,752,2882409490,1882409490,1,131072,122035797,217892862987060,15995475984384,233888338971444,142298862987060,75594000000000,2713.15,0.6345741468803733
0x15265c446adff870f39913b324f7f2332f5215b2854011be203c6b12c6dbd68a,26132834,1791283703,0x35376dd47c061bc3b8c8e8d61987019e7ed58f06,0x3,164,156,8,75594,21752,53842,752,2099414814,1099414814,1,131072,71494189,158703163449516,9370886340608,168074049790124,83109163449516,75594000000000,2713.15,0.45601010818807497
0x62a455fb80cbc2b5cedb022223c32a551f1ac9b8a08a9f9fbbe094b5f8b29c48,26132866,1791284087,0x35376dd47c061bc3b8c8e8d61987019e7ed58f06,0x3,164,156,8,75594,21752,53842,752,1969952496,969952496,1,131072,55442899,148916588982624,7267011657728,156183600640352,73322588982624,75594000000000,2713.15,0.42374953607737104
0xc1405731d7b883e1626819a30e88be651a8ad2cead601b287772cb33de3831a7,26132898,1791284471,0x5f62d006c10c009ff50c878cd6157ac861c99990,0x3,164,156,8,75594,21752,53842,752,2016425620,1016425620,1,131072,60648344,152429678318280,7949299744768,160378978063048,76835678318280,75594000000000,2714.01,0.43527015025289295
0xed076cc3ef4924a2ed7ed416bb495760fef29664e13741c89a158d0d45e58858,26132930,1791284855,0x5f62d006c10c009ff50c878cd6157ac861c99990,0x3,164,156,8,75594,21752,53842,752,1862747159,862747159,1,131072,52418781,140812508737446,6870634463232,147683143200678,65218508737446,75594000000000,2714.01,0.40081352747807214
0x09a654c3e000dea0d92dba0c71fb97aa4bb02eb7336a6647a3247c9054d0eeb5,26132962,1791285239,0x35376dd47c061bc3b8c8e8d61987019e7ed58f06,0x3,164,156,8,75594,21752,53842,752,1734753831,734753831,1,131072,44633329,131136981100614,5850179698688,136987160799302,55542981100614,75594000000000,2714.01,0.37178452428091363
0xf089f631a6c51520e21c3f79878bb783219e11e9cddff6fe3c4584afe426b8ac,26132994,1791285623,0x35376dd47c061bc3b8c8e8d61987019e7ed58f06,0x3,164,156,8,75594,21752,53842,752,1579677097,579677097,1,131072,31998736,119414110470618,4194138324992,123608248795610,43820110470618,75594000000000,2714.01,0.3354740233137735
0x2be6ed40497c5f8b3c96a240cd4cf07a8d6480a679b5025390e0fa0e2b5627cf,26133026,1791286007,0x5f62d006c10c009ff50c878cd6157ac861c99990,0x3,164,156,8,75594,21752,53842,752,1568819901,568819901,1,131072,38721380,118593371596194,5075288719360,123668660315554,42999371596194,75594000000000,2714.01,0.33563798078301676
0xcc9ec02d127119c5277f42891ee6136db94ac97eafa636d05618c9d1b4b54dd5,26133058,1791286391,0x5f62d006c10c009ff50c878cd6157ac861c99990,0x3,164,156,8,75594,21752,53842,752,1446766681,446766681,1,131072,26246173,109366880483514,3440138387456,112807018870970,33772880483514,75594000000000,2714.01,0.30615937728600134
0xded724d05c0aecb09411d810dc7b3b0b7f8955249be7d7f54536358c63f8a3b2,26133090,1791286775,0x35376dd47c061bc3b8c8e8d61987019e7ed58f06,0x3,164,156,8,75594,21752,53842,752,1596612865,596612865,1,131072,29915882,120694352916810,3921134485504,124615487402314,45100352916810,75594000000000,2714.01,0.33820767896475423
0x28992dcdf988284b0a93f489f4632595463e20132d1a254d2479caa728fec041,26133122,1791287159,0x35376dd47c061bc3b8c8e8d61987019e7ed58f06,0x3,164,156,8,75594,21752,53842,752,1568223198,568223198,1,131072,25568084,118548264429612,3351259906048,121899524335660,42954264429612,75594000000000,2714.01,0.33083652804222463
0xa9a9dbb2eaaff661c0750f1350052f2a33355be50e4b2de59e2010adab56618e,26133154,1791287543,0x35376dd47c061bc3b8c8e8d61987019e7ed58f06,0x3,164,156,8,75594,21752,53842,752,1693972966,693972966,1,131072,42356763,128054192391804,5551785639936,133605978031740,52460192391804,75594000000000,2714.01,0.3626079604379227
0x7cab6f82f32cf3e9377c2785304c4cff8cf26b669bf98771657fff0381b0e76a,26133186,1791287927,0x5f62d006c10c009ff50c878cd6157ac861c99990,0x3,164,156,8,75594,21752,53842,752,1407503690,407503690,1,131072,23373514,106398833941860,3063613227008,109462447168868,30804833941860,75594000000000,2714.01,0.2970821762407795
0x24f9057d6061648a51019685ec81f088a1787823ffecf91337319a948a7150c0,26133218,1791288311,0x35376dd47c061bc3b8c8e8d61987019e7ed58f06,0x3,164,156,8,75594,21752,53842,752,1417561178,417561178,1,131072,23993348,107159119689732,3144856109056,110303975798788,31565119689732,75594000000000,2715.24,0.2995017672479011
0x58671d06eb2864a133d54a504b13b92d44b73c7e059f3f419fdf4b976eeffa23,26133250,1791288695,0x35376dd47c061bc3b8c8e8d61987019e7ed58f06,0x3,164,156,8,75594,21752,53842,752,1396236329,396236329,1,131072,21770557,105547089054426,2853510447104,108400599501530,29953089054426,75594000000000,2715.24,0.2943336437905343
0x5a79639ceda3f43b869dfbb9d277f14738859d1fc72b5796b641421901d0a616,26133282,1791289079,0x35376dd47c061bc3b8c8e8d61987019e7ed58f06,0x3,164,156,8,75594,21752,53842,752,1430435889,430435889,1,131072,27144302,108132370593066,3557857951744,111690228544810,32538370593066,75594000000000,2715.24,0.3032657761540099
0xddfef4e359b599ee27f749b4241512b64e14e75ec947bbca6adb38f3177e93b0,26133314,1791289463,0x5f62d006c10c009ff50c878cd6157ac861c99990,0x3,164,156,8,75594,21752,53842,752,1363577119,363577119,1,131072,20429735,103078248733686,2677766225920,105756014959606,27484248733686,75594000000000,2715.24,0.2871529620589206
0x4dd6f63a16b629d35b5bb07e19643a0f0bfc439122220e95aa41e5cdde72b53f,26133346,1791289847,0x5f62d006c10c009ff50c878cd6157ac861c99990,0x3,164,156,8,75594,21752,53842,752,1336590700,336590700,1,131072,20971508,101038237375800,2748777496576,103787014872376,25444237375800,75594000000000,2715.24,0.2818066542620702
0x1f06c86523113afa700fa76c5593d8b715706c3739112672bb93710055006592,26133378,1791290231,0x5f62d006c10c009ff50c878cd6157ac861c99990,0x3,164,156,8,75594,21752,53842,752,1390603101,390603101,1,131072,20971496,105121250816994,2748775923712,107870026740706,29527250816994,75594000000000,2715.24,0.2928930114074345
0x2561c5ac74546f772ec2d2dbc19e383d2cb715137dbb79f4601f09fd182907d4,26133410,1791290615,0x35376dd47c061bc3b8c8e8d61987019e7ed58f06,0x3,164,156,8,75594,21752,53842,752,1376548659,376548659,1,131072,23725612,104058819328446,3109763416064,107168582744510,28464819328446,75594000000000,2715.24,0.2909884226112033
0xcf326340500dd680818dd6da845b5b3bf525a45b369db9b035bdb4c43fa92e13,26133442,1791290999,0x5f62d006c10c009ff50c878cd6157ac861c99990,0x3,164,156,8,75594,21752,53842,752,1306393754,306393754,1,131072,17525969,98755529439876,2297163808768,101052693248644,23161529439876,75594000000000,2715.24,0.27438231481644815
0x2a0de03c266a46d33f057239b471e867b25450a5281f109bf412a8f1e7029f7e,26133473,1791291383,0x35376dd47c061bc3b8c8e8d61987019e7ed58f06,0x3,164,156,8,75594,21752,53842,752,1349586007,349586007,1,131072,18816357,102020604613158,2466297544704,104486902157862,26426604613158,75594000000000,2715.24,0.2837070162151132
0x78ff740291384e4966e0f129d148cffd4c32f5836146b0328f603e35ad9664de,26133505,1791291767,0x35376dd47c061bc3b8c8e8d61987019e7ed58f06,0x3,164,156,8,75594,21752,53842,752,1369083883,369083883,1,131072,19753580,103494527051502,2589141237760,106083668289262,27900527051502,75594000000000,2714.63,0.2879779084480793
0xc9b47ef3722b5942a36065f642a055c5a4b90eb6abdf5b50bb51793319f03573,26133537,1791292151,0x35376dd47c061bc3b8c8e8d61987019e7ed58f06,0x3,164,156,8,75594,21752,53842,752,1360095804,360095804,1,131072,21049976,102815082207576,2759062454272,105574144661848,27221082207576,75594000000000,2714.63,0.28659474032339244
0xba0171cea7f7688795d04e3960d7d2f2f9d4acc2e5099e9fc90679b0d9111729,26133569,1791292535,0x5f62d006c10c009ff50c878cd6157ac861c99990,0x3,164,156,8,75594,21752,53842,752,1481441204,481441204,1,131072,23286071,111988066375176,3052151898112,115040218273288,36394066375176,75594000000000,2714.63,0.3122916277312158
0xcadf55d832a659dce73f2f0bdc6a60a15fde38c718b9fec5c01a1dfa866dd2fe,26133601,1791292919,0x35376dd47c061bc3b8c8e8d61987019e7ed58f06,0x3,164,156,8,75594,21752,53842,752,1639427301,639427301,1,131072,38865901,123930867391794,5094231375872,129025098767666,48336867391794,75594000000000,2714.63,0.3502554038676692
0x019791a3248113b0898113ddab1a3f476e385017e9dbf41dacba814fc0533a46,26133633,1791293303,0x5f62d006c10c009ff50c878cd6157ac861c99990,0x3,164,156,8,75594,21752,53842,752,1548746636,548746636,1,131072,33466694,117075953201784,4386546515968,121462499717752,41481953201784,75594000000000,2714.63,0.32972574560880114
0x9d197272bc447a19f79e78b99832880b516add771102204b319938e3e7d113d6,26133665,1791293687,0x35376dd47c061bc3b8c8e8d61987019e7ed58f06,0x3,164,156,8,75594,21752,53842,752,1522488135,522488135,1,131072,26344112,115090968077190,3452975448064,118543943525254,39496968077190,75594000000000,2714.63,0.3218029454119603
0x551363d5d4c34100bd72e4c3d3abc28c031e26c6f53cab081ad1e877afde65d9,26133696,1791294071,0x35376dd47c061bc3b8c8e8d61987019e7ed58f06,0x3,164,156,8,75594,21752,53842,752,1514996481,514996481,1,131072,33592020,114524643984714,4402973245440,118927617230154,38930643984714,75594000000000,2714.63,0.322844477561493
0x34437727c0a1e3e188215c60cee535563235d5ca70344ada5accd3914a505800,26133727,1791294455,0x35376dd47c061bc3b8c8e8d61987019e7ed58f06,0x3,164,156,8,75594,21752,53842,752,1409488606,409488606,1,131072,25856135,106548881681964,3389015326720,109937897008684,30954881681964,75594000000000,2714.63,0.2984407133566838
0xc7a999f14fe3b01bc9bfc2ebf716e9c7cea94981597b16014583d296914ec5ad,26133758,1791294839,0x5f62d006c10c009ff50c878cd6157ac861c99990,0x3,164,156,8,75594,21752,53842,752,1354736632,354736632,1,131072,20815063,102409960959408,2728271937536,105138232896944,26815960959408,75594000000000,2714.63,0.2854114011690311
0x8f5c8c102b791e69458dc5a49112cd7bcf12543d1234ed20eaedee5f64da6ec5,26133791,1791295235,0x35376dd47c061bc3b8c8e8d61987019e7ed58f06,0x3,164,156,8,75594,21752,53842,752,1325130393,325130393,1,131072,18330115,100171906928442,2402564833280,102574471761722,24577906928442,75594000000000,2721.91,0.2791984804329487
0xc16f796ad89aa854050a9eedf9a83fbe934f5fbf4a2aa14660ec6e0eacbd86e1,26133822,1791295607,0x35376dd47c061bc3b8c8e8d61987019e7ed58f06,0x3,164,156,8,75594,21752,53842,752,2155833046,1155833046,1,131072,32724093,162968043279324,4289212317696,167257255597020,87374043279324,75594000000000,2721.91,0.4552591965820847
0xd039d8a90d96b6b6d41f4056ba1d76db6cadaf4a68cef19d05ee359f29a7da09,26133854,1791295991,0x5f62d006c10c009ff50c878cd6157ac861c99990,0x3,164,156,8,75594,21752,53842,752,2401212223,1401212223,1,131072,73114490,181517236785462,9583262433280,191100499218742,105923236785462,75594000000000,2721.91,0.520158359828486
0x8cf815211227bcfa0ca2721139188db040589820f2ffa5fff7814026045f8aec,26133886,1791296375,0x5f62d006c10c009ff50c878cd6157ac861c99990,0x3,164,156,8,75594,21752,53842,752,1777754272,777754272,1,131072,47207182,134387556437568,6187539759104,140575096196672,58793556437568,75594000000000,2721.91,0.38263276008868347
0xad66791dd94de6efef060994504a6be97dfc7d4ac9d0329215099e9b58132211,26133918,1791296759,0x5f62d006c10c009ff50c878cd6157ac861c99990,0x3,164,156,8,75594,21752,53842,752,1590281360,590281360,1,131072,35397156,120215729127840,4639576031232,124855305159072,44621729127840,75594000000000,2721.91,0.33984490366552966
0xf4ab9a7b8d06f1770a7b0ca21789a98223d492e8fb188fb2d08b07f82f63d25e,26133950,1791297143,0x5f62d006c10c009ff50c878cd6157ac861c99990,0x3,164,156,8,75594,21752,53842,752,1650530982,650530982,1,131072,32846593,124770239053308,4305268637696,129075507691004,49176239053308,75594000000000,2721.91,0.35133191513922063
0xde2441c8d309caa4fcc4cd8fa4fa6931136b2d411a090ffa2620edd5addf59a8,26133982,1791297527,0x35376dd47c061bc3b8c8e8d61987019e7ed58f06,0x3,164,156,8,75594,21752,53842,752,2195678066,1195678066,1,131072,60646787,165980087721204,7949095665664,173929183386868,90386087721204,75594000000000,2721.91,0.4734195835525498
0xc5124b1023bef6fec810b33ac738a5b01cf4b63dce6b4b17765f2a0bbab19b60,26134014,1791297923,0x35376dd47c061bc3b8c8e8d61987019e7ed58f06,0x3,164,156,8,75594,21752,53842,752,3357694144,2357694144,1,131072,137543238,253821531121536,18028067291136,271849598412672,178227531121536,75594000000000,2721.91,0.739950140415436
0xe8f00ef168c4e6d9d665c3ebf7db3f548c98cbf6395ff35ecd3ff7ce6373ca10,26134044,1791298295,0x35376dd47c061bc3b8c8e8d61987019e7ed58f06,0x3,164,156,8,75594,21752,53842,752,3229535339,2229535339,1,131072,125737714,244133494416366,16480693649408,260614188065774,168539494416366,75594000000000,2721.91,0.7093683646381108
0x6baa35c2f981e69858f47ead4ce2c52782ae2eac8d477562f03564ff2a733b02,26134076,1791298679,0x35376dd47c061bc3b8c8e8d61987019e7ed58f06,0x3,164,156,8,75594,21752,53842,752,2737216229,1737216229,1,131072,100468939,206917123615026,13168664772608,220085788387634,131323123615026,75594000000000,2721.91,0.5990537082701849
0xe44384badfb7ddf8f2fe786d119d012818d744d05e29a5601b50c908e1014f37,26134108,1791299063,0x5f62d006c10c009ff50c878cd6157ac861c99990,0x3,164,156,8,75594,21752,53842,752,2474355166,1474355166,1,131072,87487819,187046404418604,11467203411968,198513607830572,111452404418604,75594000000000,2702.25,0.5364333967601632
0x983d6d0f58f8089c54526f71ed32e561c74013bdb77825ea3eadca99746928a0,26134140,1791299447,0x35376dd47c061bc3b8c8e8d61987019e7ed58f06,0x3,164,156,8,75594,21752,53842,752,2489023483,1489023483,1,131072,82099627,188155241173902,10760962310144,198916203484046,112561241173902,75594000000000,2702.25,0.5375213108647633
0xaa69bed5078b8cedf69b10495f7d4186b55b67430e11dba162d89435c252c7c7,26134172,1791299831,0x35376dd47c061bc3b8c8e8d61987019e7ed58f06,0x3,164,156,8,75594,21752,53842,752,2119146242,1119146242,1,131072,66838544,160194741017748,8760661639168,168955402656916,84600741017748,75594000000000,2702.25,0.4565597368296513
0xd9a9b4af81e94642f53602500893d3cfab73175165df744ffe0851b3b6fa7c80,26134204,1791300215,0x5f62d006c10c009ff50c878cd6157ac861c99990,0x3,164,156,8,75594,21752,53842,752,2037330828,1037330828,1,131072,61790974,154009986611832,8099066544128,162109053155960,78415986611832,75594000000000,2702.25,0.43805918889069295
0xe915a332e712cbaea8a8ed7adbc51711f08cb5072110c99ec051741816ac7079,26134237,1791300611,0x35376dd47c061bc3b8c8e8d61987019e7ed58f06,0x3,164,156,8,75594,21752,53842,752,1880153465,880153465,1,131072,54414220,142128321033210,7132180643840,149260501677050,66534321033210,75594000000000,2702.25,0.40333919065680834
0xebc8719cb7d2d2f49fb81df030180dc7ee88f3088ed81e028750b1e986f9207b,26134268,1791300983,0x35376dd47c061bc3b8c8e8d61987019e7ed58f06,0x3,164,156,8,75594,21752,53842,752,1686791728,686791728,1,131072,44799157,127511333886432,5871915106304,133383248992736,51917333886432,75594000000000,2702.25,0.3604348845906209
0x7d864c5310a7e942c62e803503307f49e692ccd748452c13896ffefd5fd0e23b,26134300,1791301367,0x5f62d006c10c009ff50c878cd6157ac861c99990,0x3,164,156,8,75594,21752,53842,752,1502796604,502796604,1,131072,28709565,113602406482776,3763020103680,117365426586456,38008406482776,75594000000000,2702.25,0.3171507239932507
0x3915c5b82a297c75101e4e09670ff5ea0f09661f6435a00c4efec5f3c7695916,26134332,1791301751,0x35376dd47c061bc3b8c8e8d61987019e7ed58f06,0x3,164,156,8,75594,21752,53842,752,1468815090,468815090,1,131072,25471929,111033607913460,3338656677888,114372264591348,35439607913460,75594000000000,2702.25,0.30906245199197013
0x7410ee926b94dddc693ee41da4b668e088a38bcb176472df1bda1acc7ec1a156,26134364,1791302135,0x35376dd47c061bc3b8c8e8d61987019e7ed58f06,0x3,164,156,8,75594,21752,53842,752,1667932745,667932745,1,131072,40497080,126085707925530,5308033269760,131393741195290,50491707925530,75594000000000,2702.25,0.35505873714497244
0x97b98cbe98b32efe49244930b93fb6a8c9ef60bd69dec8a1d98fda009b0fb586,26134396,1791302519,0x5f62d006c10c009ff50c878cd6157ac861c99990,0x3,164,156,8,75594,21752,53842,752,2764734492,1764734492,1,131072,76468856,208997339188248,10022925893632,219020265081880,133403339188248,75594000000000,2695.4,0.5903472225016994
0x59770bb35283a2bdb715daf7398def3e0cc8a0610eee0c75b93154a10188de80,26134428,1791302903,0x35376dd47c061bc3b8c8e8d61987019e7ed58f06,0x3,164,156,8,75594,21752,53842,752,2491099011,1491099011,1,131072,98607225,188312138637534,12924646195200,201236784832734,112718138637534,75594000000000,2695.4,0.5424136298381512
0x0a8c82e626bbd80b6d36f70785664ae1ebb207a2abac05f7bd9ef752e2fe80b5,26134460,1791303299,0x35376dd47c061bc3b8c8e8d61987019e7ed58f06,0x3,164,156,8,75594,21752,53842,752,2716567690,1716567690,1,131072,102747461,205356217957860,13467315208192,218823533166052,129762217957860,75594000000000,2695.4,0.5898169512957765
0xeebecd5c2f5854bafd83cc98e013ab2a3a56a5c402623ccab5ce6b7f868fcd6f,26134491,1791303671,0x35376dd47c061bc3b8c8e8d61987019e7ed58f06,0x3,164,156,8,75594,21752,53842,752,3649253749,2649253749,1,131072,153294655,275861687901906,20092637020160,295954324922066,200267687901906,75594000000000,2695.4,0.7977152873949367
0x0d464457aed2f9efd37c56192259c0e19aef3df1247696a722d14e4fff5f9582,26134523,1791304055,0x35376dd47c061bc3b8c8e8d61987019e7ed58f06,0x3,164,156,8,75594,21752,53842,752,2988370422,1988370422,1,131072,124333694,225902873680668,16296665939968,242199539620636,150308873680668,75594000000000,2695.4,0.6528246390934623
0x97655806f7f2375de53292a72be3b381da8bb0d829d3e7499bce3c997ad87dfb,26134555,1791304439,0x35376dd47c061bc3b8c8e8d61987019e7ed58f06,0x3,164,156,8,75594,21752,53842,752,2298378286,1298378286,1,131072,82715055,173743608151884,10841627688960,184585235840844,98149608151884,75594000000000,2695.4,0.49753104468541093
0x1e9c2aea849e6d9915dc509d47b92ad73250cbb934fd42f21377392676541a04,26134587,1791304823,0x35376dd47c061bc3b8c8e8d61987019e7ed58f06,0x3,164,156,8,75594,21752,53842,752,2380592247,1380592247,1,131072,76754953,179958490319718,10060425199616,190018915519334,104364490319718,75594000000000,2695.4,0.5121769848908129
0x5f28118a15d82906fc02950b5b995344ded845442eda01773202713d03900086,26134619,1791305207,0x35376dd47c061bc3b8c8e8d61987019e7ed58f06,0x3,164,156,8,75594,21752,53842,752,2111448846,1111448846,1,131072,71224318,159612864064524,9335513808896,168948377873420,84018864064524,75594000000000,2695.4,0.4553834577200163
0x6b91089da49bef17ccbfd6f6494a90ee313680ffa0031dea4097954038f62a19,26134651,1791305591,0x35376dd47c061bc3b8c8e8d61987019e7ed58f06,0x3,164,156,8,75594,21752,53842,752,1978093686,978093686,1,131072,62254108,149532014099484,8159770443776,157691784543260,73938014099484,75594000000000,2695.4,0.42504243605790304
0x903902505b4441dbe74a5b637a79f95c4c6b0ebaa030665d0f48111d693b709b,26134683,1791305987,0x35376dd47c061bc3b8c8e8d61987019e7ed58f06,0x3,164,156,8,75594,21752,53842,752,1807335704,807335704,1,131072,54008218,136623735208176,7078965149696,143702700357872,61029735208176,75594000000000,2695.4,0.38733625854460824
0xd4509765c22f0ab4fe0f5c1d695a42d139164e1ec6feaf04ac2e4db1e24bf90d,26134714,1791306359,0x5f62d006c10c009ff50c878cd6157ac861c99990,0x3,164,156,8,75594,21752,53842,752,1804079257,804079257,1,131072,50492805,136377567353658,6618192936960,142995760290618,60783567353658,75594000000000,2699.14,0.38596557643081864
0x8fe978ce0ce6e16797b8a1d05757081b35c4903a8e25a674e37e0ba0d78df148,26134746,1791306743,0x5f62d006c10c009ff50c878cd6157ac861c99990,0x3,164,156,8,75594,21752,53842,752,1632300839,632300839,1,131072,37020849,123392149623366,4852396720128,128244546343494,47798149623366,75594000000000,2699.14,0.3461499848175784
0x50aecbe2e18f773568706bd30236f8d3c3e8c911e04115c654eed997f49f168b,26134779,1791307139,0x5f62d006c10c009ff50c878cd6157ac861c99990,0x3,164,156,8,75594,21752,53842,752,1454825743,454825743,1,131072,27347086,109976097216342,3584437256192,113560534472534,34382097216342,75594000000000,2699.14,0.3065157810161954
0x434c71e9011f33dff1dc38dbdbc63c377b3c8686defcc329cb7d0de0c002a2f8,26134810,1791307511,0x35376dd47c061bc3b8c8e8d61987019e7ed58f06,0x3,164,156,8,75594,21752,53842,752,1491089575,491089575,1,131072,29914666,112717425332550,3920975101952,116638400434502,37123425332550,75594000000000,2699.14,0.3148233721487817
0x3a33903a6b8cb85b576b91dfe2535eb5da6271ca157adbde4a732091db774a50,26134842,1791307895,0x35376dd47c061bc3b8c8e8d61987019e7ed58f06,0x3,164,156,8,75594,21752,53842,752,1477996363,477996363,1,131072,30139196,111727657064622,3950404698112,115678061762734,36133657064622,75594000000000,2699.14,0.31223128362626584
0x24eab493c4c54dc2cbc63c9d40e07864c34dd341db9dedeae026063150de33d9,26134874,1791308279,0x5f62d006c10c009ff50c878cd6157ac861c99990,0x3,164,156,8,75594,21752,53842,752,1412391772,412391772,1,131072,24353966,106768343612568,3192123031552,109960466644120,31174343612568,75594000000000,2699.14,0.29679869393781005
0x1338e5eed1d58a4b47c9300952a8337a8aeaddbd8a591cd090c9c87a3e618fbc,26134906,1791308663,0x35376dd47c061bc3b8c8e8d61987019e7ed58f06,0x3,164,156,8,75594,21752,53842,752,1418523753,418523753,1,131072,25855420,107231884584282,3388921610240,110620806194522,31637884584282,75594000000000,2699.14,0.2985810428318821
0x250f07905720ccc3ad2bed739a37cf727f35ac5720058ee70513db745177ae31,26134938,1791309047,0x35376dd47c061bc3b8c8e8d61987019e7ed58f06,0x3,164,156,8,75594,21752,53842,752,1504490980,504490980,1,131072,30365367,113730491142120,3980049383424,117710540525544,38136491142120,75594000000000,2699.14,0.3177172283541168
0xd0ec938a57cce658b761fab80384932e09b172121aa6281d02a2ef1a601e955a,26134970,1791309431,0x5f62d006c10c009ff50c878cd6157ac861c99990,0x3,164,156,8,75594,21752,53842,752,1455932347,455932347,1,131072,25376493,110059749839118,3326147690496,113385897529614,34465749839118,75594000000000,2699.14,0.3060444114580823
0x315b68241f7bf0b572d0d7a2a61f4f4f4d6e8265b81bba03cec368db4e91af50,26135002,1791309815,0x35376dd47c061bc3b8c8e8d61987019e7ed58f06,0x3,164,156,8,75594,21752,53842,752,1614922078,614922078,1,131072,28816655,122078419564332,3777056604160,125855476168492,46484419564332,75594000000000,2689.97,0.3385474552289584
0x6cbb39c85a8e4f135efe32b08b4034187ea730cff55e2b3ace3a8fcc34ee61a2,26135034,1791310199,0x35376dd47c061bc3b8c8e8d61987019e7ed58f06,0x3,164,156,8,75594,21752,53842,752,1408807315,408807315,1,131072,24999742,106497380170110,3276766183424,109774146353534,30903380170110,75594000000000,2689.97,0.29528916046661585
0xf37878007cf1dde4cd90545b7cbc7edc8d43d312df62fb5c936fced843f560c7,26135066,1791310583,0x35376dd47c061bc3b8c8e8d61987019e7ed58f06,0x3,164,156,8,75594,21752,53842,752,1404670360,404670360,1,131072,24445104,106184651193840,3204068671488,109388719865328,30590651193840,75594000000000,2689.97,0.2942523747761363
0x0872feb73dea643f18c63a0406165b6f54c3d5a5d79a25c4571de6fd4df7c57f,26135099,1791310979,0x5f62d006c10c009ff50c878cd6157ac861c99990,0x3,164,156,8,75594,21752,53842,752,1781216018,781216018,1,131072,43315824,134649243664692,5677491683328,140326735348020,59055243664692,75594000000000,2689.97,0.37747470828411334
0x93698a51e981ac98773a2165674b3ae73f5e9daab7e1808fd4b9a661dfa8633d,26135130,1791311351,0x5f62d006c10c009ff50c878cd6157ac861c99990,0x3,164,156,8,75594,21752,53842,752,1443275169,443275169,1,131072,28282835,109102943125386,3707087749120,112810030874506,33508943125386,75594000000000,2689.97,0.30345559875149486
0x3f1db806496c24891b2831b588cc486f1d74f60ffa35f4b91d71b6871d9e0a74,26135162,1791311735,0x35376dd47c061bc3b8c8e8d61987019e7ed58f06,0x3,164,156,8,75594,21752,53842,752,1442103747,442103747,1,131072,27967326,109014390650718,3665733353472,112680124004190,33420390650718,75594000000000,2689.97,0.30310615316755096
0x477cbcf4a0cbba0a207eb20452fe0e9fc50529391486985955eda875c7d9e995,26135195,1791312131,0x5f62d006c10c009ff50c878cd6157ac861c99990,0x3,164,156,8,75594,21752,53842,752,2119985127,1119985127,1,131072,45134482,160258155690438,5915866824704,166174022515142,84664155690438,75594000000000,2689.97,0.44700313534505653
0x42e507d931c736873b1968efa8e3ad5881cc51ade1dd360daf587fa37721791b,26135226,1791312503,0x35376dd47c061bc3b8c8e8d61987019e7ed58f06,0x3,164,156,8,75594,21752,53842,752,2781396669,1781396669,1,131072,76182064,210256899796386,9985335492608,220242235288994,134662899796386,75594000000000,2689.97,0.5924450056603351
0xd2e67839f5442dc4db5ba129180ecbf707618dd20256d903c7c2d1db2b490ca9,26135259,1791312899,0x35376dd47c061bc3b8c8e8d61987019e7ed58f06,0x3,164,156,8,75594,21752,53842,752,1914124992,914124992,1,131072,58638136,144696364645248,7685817761792,152382182407040,69102364645248,75594000000000,2689.97,0.40990349920946534
0xd1434bba80c775e22a4cfece9822774e9c5e4f5d3c22cfea59f50847048e65cc,26135290,1791313271,0x5f62d006c10c009ff50c878cd6157ac861c99990,0x3,164,156,8,75594,21752,53842,752,1653596557,653596557,1,131072,40496241,125001978129858,5307923300352,130309901430210,49407978129858,75594000000000,2692.27,0.35082943832351143
0xf50b99ab5934cde386008ed5294e4fb5bf2c4a86ced91583c2dae3f718a9a109,26135322,1791313655,0x35376dd47c061bc3b8c8e8d61987019e7ed58f06,0x3,164,156,8,75594,21752,53842,752,1359401225,359401225,1,131072,25662557,102762576202650,3363642671104,106126218873754,27168576202650,75594000000000,2692.27,0.28572043528724167
0xa057f1e96193275e25a3274e10350c13ec8610ad50f11f1167a2e562f2825f1b,26135354,1791314039,0x5f62d006c10c009ff50c878cd6157ac861c99990,0x3,164,156,8,75594,21752,53842,752,1391652815,391652815,1,131072,21851053,105200602897110,2864061218816,108064664115926,29606602897110,75594000000000,2692.27,0.2909392532593841
0x5698584fe4646f76a0ed3803bbb4f9b1e51b1b833bb3333e3b12e27dd28f4214,26135387,1791314435,0x5f62d006c10c009ff50c878cd6157ac861c99990,0x3,164,156,8,75594,21752,53842,752,1376736066,376736066,1,131072,22853815,104072986173204,2995495239680,107068481412884,28478986173204,75594000000000,2692.27,0.2882572604534652
0xeabe3a721f4fb2c63457051e50d7d0841d1bd498b8ad9ac13ef84a7838114222,26135418,1791314807,0x35376dd47c061bc3b8c8e8d61987019e7ed58f06,0x3,164,156,8,75594,21752,53842,752,1404713299,404713299,1,131072,22683525,106187897124606,2973174988800,109161072113406,30593897124606,75594000000000,2692.27,0.2938910796187596
0x7f178aca02c781dac0e5c7ec8ea615354574de2280de75849628a7cbb96d63d6,26135450,1791315191,0x35376dd47c061bc3b8c8e8d61987019e7ed58f06,0x3,164,156,8,75594,21752,53842,752,1479262980,479262980,1,131072,24999498,111823405710120,3276734201856,115100139911976,36229405710120,75594000000000,2692.27,0.30988065368081563
0xdb6130f71cb9a358ad59655122089163d25d7d9f833c0708f03f0e1ab2c0ac5e,26135482,1791315575,0x5f62d006c10c009ff50c878cd6157ac861c99990,0x3,164,156,8,75594,21752,53842,752,1364369529,364369529,1,131072,23724463,103138150175226,3109612814336,106247762989562,27544150175226,75594000000000,2692.27,0.2860476648639081
0x94ce80ff59e4182a31e87d496690ce2f0337e97bf750e063583ba8d9d823e14c,26135514,1791315959,0x35376dd47c061bc3b8c8e8d61987019e7ed58f06,0x3,164,156,8,75594,21752,53842,752,1337332763,337332763,1,131072,16945174,101094332886222,2221037846528,103315370732750,25500332886222,75594000000000,2692.27,0.27815287316266085
0x815f3fb39eb7893ff915917c246ae08b9cde44eee74f9fa5a59bfdea4a4b3676,26135546,1791316343,0x5f62d006c10c009ff50c878cd6157ac861c99990,0x3,164,156,8,75594,21752,53842,752,1393018979,393018979,1,131072,20892166,105303876698526,2738377981952,108042254680478,29709876698526,75594000000000,2692.27,0.2908789210086105
0x66100dab295584c808693a37a06481d8e8a78b3636dc608cfa04bbede9bc4603,26135578,1791316727,0x35376dd47c061bc3b8c8e8d61987019e7ed58f06,0x3,164,156,8,75594,21752,53842,752,1394580424,394580424,1,131072,26739902,105421912571856,3504852434944,108926765006800,29827912571856,75594000000000,2692.27,0.2932602616248574
0x53cd362e5e8878f22a87f84eaf8e6f1a77c5fe64aef116e55963c80016bc0170,26135611,1791317123,0x35376dd47c061bc3b8c8e8d61987019e7ed58f06,0x3,164,156,8,75594,21752,53842,752,1616306806,616306806,1,131072,38144247,122183096692764,4999642742784,127182739435548,46589096692764,75594000000000,2698.37,0.3431860886106996
0xf7bc5cc7d606e5c0461e8205ee6a1a23c8cf4212c6b1d129f9bdd9d5057d0e9e,26135642,1791317495,0x35376dd47c061bc3b8c8e8d61987019e7ed58f06,0x3,164,156,8,75594,21752,53842,752,1573715966,573715966,1,131072,34352617,118963484733804,4502666215424,123466150949228,43369484733804,75594000000000,2698.37,0.33315735773686833
0x274cf02a63048c2bd6ed88697a38fbf666dddf7dfcf5b68a9575428a1a6917fe,26135674,1791317879,0x35376dd47c061bc3b8c8e8d61987019e7ed58f06,0x3,164,156,8,75594,21752,53842,752,1519107264,519107264,1,131072,34352588,114835394514816,4502662414336,119338056929152,39241394514816,75594000000000,2698.37,0.3220182326759159
0x2ab6aa69da198a0a5e61846dba5ee996a4f01a0cbfea591499adf0c0a69771a4,26135706,1791318263,0x5f62d006c10c009ff50c878cd6157ac861c99990,0x3,164,156,8,75594,21752,53842,752,1523776083,523776083,1,131072,30707362,115188329218302,4024875352064,119213204570366,39594329218302,75594000000000,2698.37,0.3216813348165385
0x280a53ed92b0b9f2be001e74cd707b44dbd84fb6dfe4a1b05760a2e8cc15afd6,26135739,1791318659,0x35376dd47c061bc3b8c8e8d61987019e7ed58f06,0x3,164,156,8,75594,21752,53842,752,1470907919,470907919,1,131072,28494713,111191813228886,3734859022336,114926672251222,35597813228886,75594000000000,2698.37,0.3101146846025299
0xe4d3765374c380b0957ddd06f33b7af1a3b16a4f9416423fbb52508631b80820,26135770,1791319031,0x5f62d006c10c009ff50c878cd6157ac861c99990,0x3,164,156,8,75594,21752,53842,752,1534428645,534428645,1,131072,26540564,115993598990130,3478724804608,119472323794738,40399598990130,75594000000000,2698.37,0.3223805343580072
0x341e0f8e80278b485c0d79a8edfa47515e1162989b9c93e102f2751b85f6ab7d,26135802,1791319415,0x35376dd47c061bc3b8c8e8d61987019e7ed58f06,0x3,164,156,8,75594,21752,53842,752,1337295001,337295001,1,131072,17072252,101091478305594,2237694214144,103329172519738,25497478305594,75594000000000,2698.37,0.2788203392520854
0x73410847d95ed66609be4126580e6431135e2b9b346cb403ecce6b80f67b04ac,26135834,1791319799,0x35376dd47c061bc3b8c8e8d61987019e7ed58f06,0x3,164,156,8,75594,21752,53842,752,1334706987,334706987,1,131072,17922601,100895839975278,2349151158272,103244991133550,25301839975278,75594000000000,2698.37,0.2785931867250373
0x8d77568a964ceaf300b3b022ea5ea8d76bb220e061a660540ee463360a1c1313,26135866,1791320183,0x35376dd47c061bc3b8c8e8d61987019e7ed58f06,0x3,164,156,8,75594,21752,53842,752,1289272842,289272842,1,131072,17789057,97461291218148,2331647279104,99792938497252,21867291218148,75594000000000,2698.37,0.26927827145282984
0x8491623233ff5f23664ace00fbfa9dd34b92937bcf9668a54a59a78cd79c5540,26135898,1791320567,0x35376dd47c061bc3b8c8e8d61987019e7ed58f06,0x3,164,156,8,75594,21752,53842,752,1270192541,270192541,1,131072,16569095,96018934944354,2171744419840,98190679364194,20424934944354,75594000000000,2697.96,0.2649145252974209
0x2a7cbba582f32e6c2c1de87048f837ece4fd65d4a8ad7cac89b4c12a926ca38f,26135930,1791320951,0x35376dd47c061bc3b8c8e8d61987019e7ed58f06,0x3,164,156,8,75594,21752,53842,752,1304040025,304040025,1,131072,17656502,98577601649850,2314273030144,100891874679994,22983601649850,75594000000000,2697.96,0.2722022422116366
0x0a96e4d8f97eec9e7f9d9c7e73a462f95f370bfa9fca36e12266fc5998e9b261,26135962,1791321335,0x5f62d006c10c009ff50c878cd6157ac861c99990,0x3,164,156,8,75594,21752,53842,752,1282265684,282265684,1,131072,16080782,96931592116296,2107740258304,99039332374600,21337592116296,75594000000000,2697.96,0.2672041571733758
0x05fdbfd8b6f68e1c379f5f4c6215352de6134732f075c3e45aa6e72150896e4d,26135994,1791321719,0x35376dd47c061bc3b8c8e8d61987019e7ed58f06,0x3,164,156,8,75594,21752,53842,752,1238083606,238083606,1,131072,13438792,93591692111964,1761449345024,95353141456988,17997692111964,75594000000000,2697.96,0.25725896152529537
0x34557d2aa0e687c85465e994ed08d2e3d53152e5a1be301b928c5c6b2f065e77,26136026,1791322103,0x35376dd47c061bc3b8c8e8d61987019e7ed58f06,0x3,164,156,8,75594,21752,53842,752,1215716753,215716753,1,131072,12012771,91900892226282,1574537920512,93475430146794,16306892226282,75594000000000,2697.96,0.25219297151884434
0x4064f12e2459f9c56776b17905556d10abd39dd4b5a7158f36bd48a3ab57f867,26136058,1791322487,0x35376dd47c061bc3b8c8e8d61987019e7ed58f06,0x3,164,156,8,75594,21752,53842,752,1295055136,295055136,1,131072,15960942,97898397950784,2092032589824,99990430540608,22304397950784,75594000000000,2697.96,0.2697701819813388
0x2bfe981888df34c8c7f11aad944cf94d2234b77bb9f01a2ad2b6425bef385ea1,26136090,1791322871,0x35376dd47c061bc3b8c8e8d61987019e7ed58f06,0x3,164,156,8,75594,21752,53842,752,1217554680,217554680,1,131072,13743668,92039828479920,1801410052096,93841238532016,16445828479920,75594000000000,2697.96,0.25317990790983785
0x003acfa30d8221d8f1c0399337b2ea0fd2626346e7c95f7921f94060ad47ca16,26136122,1791323255,0x35376dd47c061bc3b8c8e8d61987019e7ed58f06,0x3,164,156,8,75594,21752,53842,752,1200339203,200339203,1,131072,12148258,90738441711582,1592296472576,92330738184158,15144441711582,75594000000000,2697.96,0.2491046383913309
0x8aa687a643dac683b6ff85997b50ee97f9260017af5ecf6add9cee0ad73c2681,26136154,1791323639,0x5f62d006c10c009ff50c878cd6157ac861c99990,0x3,164,156,8,75594,21752,53842,752,1155592271,155592271,1,131072,8580092,87355842133974,1124609818624,88480451952598,11761842133974,75594000000000,2697.96,0.23871672015003131
0x58f43e367629c3567fcbbd68239fd438f5b44f0b6bbf861e739c50cf1e695426,26136186,1791324023,0x35376dd47c061bc3b8c8e8d61987019e7ed58f06,0x3,164,156,8,75594,21752,53842,752,1161897703,161897703,1,131072,10305337,87832494960582,1350741131264,89183236091846,12238494960582,75594000000000,2696.24,0.24045940848027883
0xe070456c8842318d2c68fdff22a90ab96d400137c9542868c7cf535cbc591a16,26136218,1791324419,0x35376dd47c061bc3b8c8e8d61987019e7ed58f06,0x3,164,156,8,75594,21752,53842,752,1270705667,270705667,1,131072,14536495,96057724191198,1905327472640,97963051663838,20463724191198,75594000000000,2696.24,0.2641318984181065
0xd5cc543315052656f3e1dcb5a96b2921da70f1f501dd450e148db531a58ac263,26136249,1791324791,0x35376dd47c061bc3b8c8e8d61987019e7ed58f06,0x3,164,156,8,75594,21752,53842,752,1306667514,306667514,1,131072,19531997,98776224053316,2560097910784,101336321964100,23182224053316,75594000000000,2696.24,0.27322704473248494
0xde31710bfcbf9663ae6b80b91880dd2eb84e930f99c1b54c33e29482b47f16bd,26136281,1791325175,0x5f62d006c10c009ff50c878cd6157ac861c99990,0x3,164,156,8,75594,21752,53842,752,1387922995,387922995,1,131072,21606844,104918650884030,2832052256768,107750703140798,29324650884030,75594000000000,2696.24,0.2905217558363452
0x2e37865948f3bade9e4a226bb81c6f3d52a353ff2dfd195489af1a3d033ee2c8,26136313,1791325559,0x35376dd47c061bc3b8c8e8d61987019e7ed58f06,0x3,164,156,8,75594,21752,53842,752,1398278996,398278996,1,131072,19605137,105701502423624,2569684516864,108271186940488,30107502423624,75594000000000,2696.24,0.29192510507642133
0x4edd026215ba6af77d2d9b2b561b4dfd3865666b06f025ccf8f60acdcb0af28e,26136345,1791325943,0x5f62d006c10c009ff50c878cd6157ac861c99990,0x3,164,156,8,75594,21752,53842,752,1320567406,320567406,1,131072,19027359,99826972489164,2493953998848,102320926488012,24232972489164,75594000000000,2696.24,0.2758817748340374
0xf78c5360a7e09ab9bff878ae5cbe782c30c87ba7aca4e81d0a5458a4bf65d602,26136377,1791326327,0x5f62d006c10c009ff50c878cd6157ac861c99990,0x3,164,156,8,75594,21752,53842,752,1190310528,190310528,1,131072,12239374,89980334053632,1604239228928,91584573282560,14386334053632,75594000000000,2696.24,0.24693398986736956
0xc2d07647c24d0a9828b68ad8a7f3b22e3580f6449a3841d10e492182161915a5,26136409,1791326711,0x5f62d006c10c009ff50c878cd6157ac861c99990,0x3,164,156,8,75594,21752,53842,752,1152789435,152789435,1,131072,9385615,87143964549390,1230191329280,88374155878670,11549964549390,75594000000000,2696.24,0.23827793404630518
0x9b0f850e6baed7d4d4dc68de742d402548c3a8493785e89ff89cbfeb88379640,26136441,1791327095,0x35376dd47c061bc3b8c8e8d61987019e7ed58f06,0x3,164,156,8,75594,21752,53842,752,1257630703,257630703,1,131072,12102831,95069335362582,1586342264832,96655677627414,19475335362582,75594000000000,2696.24,0.2606069042461387
0x72f7e2a593d73520a4771ddf2e90bf568f02684e7da3a44ae3c24140d8e8fe64,26136473,1791327479,0x5f62d006c10c009ff50c878cd6157ac861c99990,0x3,164,156,8,75594,21752,53842,752,1237213369,237213369,1,131072,11064031,93525907416186,1450184671232,94976092087418,17931907416186,75594000000000,2696.24,0.2560783385297799
0xcde5d21af6e2563238973ddbb897e08720a3feab29e7fe97cb75db547fb97b07,26136505,1791327863,0x5f62d006c10c009ff50c878cd6157ac861c99990,0x3,164,156,8,75594,21752,53842,752,1465669732,465669732,1,131072,17135950,110795837720808,2246043238400,113041880959208,35201837720808,75594000000000,2697.24,0.3049010829984142
0x9d4002a806c228e96c4c9d5ce196a7e3d8e407b06302faa9bfefe9083e20d9d3,26136538,1791328259,0x5f62d006c10c009ff50c878cd6157ac861c99990,0x3,164,156,8,75594,21752,53842,752,1272478872,272478872,1,131072,18260558,96191767849968,2393447858176,98585215708144,20597767849968,75594000000000,2697.24,0.26590798721663433
0x4b243ecc4ba74f38c4b4f5a07fe72b2e75aa7f35b031c37dd2d87cc2829fe915,26136569,1791328631,0x5f62d006c10c009ff50c878cd6157ac861c99990,0x3,164,156,8,75594,21752,53842,752,1461173165,461173165,1,131072,22429914,110455924235010,2939933687808,113395857922818,34861924235010,75594000000000,2697.24,0.3058558438237416
0xe3b154a980814c6716533ba8ccc58fc495f98e828e653fa315cc763be90973bd,26136601,1791329015,0x5f62d006c10c009ff50c878cd6157ac861c99990,0x3,164,156,8,75594,21752,53842,752,1707657961,707657961,1,131072,35660675,129088695903834,4674115993600,133762811897434,53494695903834,75594000000000,2697.24,0.36079040676223484
0x6f424946cd66598fe56529736789f00b5028079a7006b648450d89a1a37bb879,26136633,1791329399,0x5f62d006c10c009ff50c878cd6157ac861c99990,0x3,164,156,8,75594,21752,53842,752,1384118400,384118400,1,131072,21932271,104631046329600,2874706624512,107505752954112,29037046329600,75594000000000,2697.24,0.289968817097949
0x61c346eef664d683f700fc5ff3172feee295f5750278a64164f65180662f53f3,26136665,1791329783,0x35376dd47c061bc3b8c8e8d61987019e7ed58f06,0x3,164,156,8,75594,21752,53842,752,1461147094,461147094,1,131072,27966366,110453953423836,3665607524352,114119560948188,34859953423836,75594000000000,2697.24,0.3078078445718906
0x0af5df05ea369a42029afb70355ca2db33f998afb2ceff60ef2946212c620844,26136697,1791330167,0x35376dd47c061bc3b8c8e8d61987019e7ed58f06,0x3,164,156,8,75594,21752,53842,752,1363363227,363363227,1,131072,24627683,103062079781838,3227999666176,106290079448014,27468079781838,75594000000000,2697.24,0.2866898538903613
0xb7a9e4f7974c2bb356c687737d8169ac7fa93f3b1c174534898e2507a1c8ec16,26136730,1791330563,0x5f62d006c10c009ff50c878cd6157ac861c99990,0x3,164,156,8,75594,21752,53842,752,1293313235,293313235,1,131072,18885438,97766720686590,2475352129536,100242072816126,22172720686590,75594000000000,2697.24,0.27037692848256767
0xd05fb9a660460706ed4c0e5c36b97205fcaea40d4d46d1e6be95602c893dd816,26136760,1791330935,0x35376dd47c061bc3b8c8e8d61987019e7ed58f06,0x3,164,156,8,75594,21752,53842,752,1292172913,292172913,1,131072,16020484,97680519185322,2099836878848,99780356064170,22086519185322,75594000000000,2697.24,0.26913156759052187
