from_block,to_block,from_ts,to_ts,interval_s
26120733,26120734,1791137879,1791137891,12
26120734,26120735,1791137891,1791137903,12
26120735,26120736,1791137903,1791137915,12
26120736,26120737,1791137915,1791137927,12
26120737,26120738,1791137927,1791137939,12
26120738,26120739,1791137939,1791137951,12
26120739,26120740,1791137951,1791137963,12
26120740,26120741,1791137963,1791137975,12
26120741,26120742,1791137975,1791137987,12
26120742,26120743,1791137987,1791137999,12
26120743,26120744,1791137999,1791138011,12
26120744,26120745,1791138011,1791138023,12
26120745,26120746,1791138023,1791138035,12
26120746,26120747,1791138035,1791138047,12
26120747,26120748,1791138047,1791138059,12
26120748,26120749,1791138059,1791138071,12
26120749,26120750,1791138071,1791138083,12
26120750,26120751,1791138083,1791138095,12
26120751,26120752,1791138095,1791138107,12
26120752,26120753,1791138107,1791138119,12
26120753,26120754,1791138119,1791138131,12
26120754,26120755,1791138131,1791138143,12
26120755,26120756,1791138143,1791138155,12
26120756,26120757,1791138155,1791138167,12
26120757,26120758,1791138167,1791138179,12
26120758,26120759,1791138179,1791138191,12
26120759,26120760,1791138191,1791138203,12
26120760,26120761,1791138203,1791138215,12
26120761,26120762,1791138215,1791138227,12
26120762,26120763,1791138227,1791138239,12
26120763,26120764,1791138239,1791138251,12
26120764,26120765,1791138251,1791138263,12
26120765,26120766,1791138263,1791138275,12
26120766,26120767,1791138275,1791138287,12
26120767,26120768,1791138287,1791138299,12
26120768,26120769,1791138299,1791138311,12
26120769,26120770,1791138311,1791138323,12
26120770,26120771,1791138323,1791138335,12
26120771,26120772,1791138335,1791138347,12
26120772,26120773,1791138347,1791138359,12
26120773,26120774,1791138359,1791138371,12
26120774,26120775,1791138371,1791138383,12
26120775,26120776,1791138383,1791138395,12
26120776,26120777,1791138395,1791138407,12
26120777,26120778,1791138407,1791138419,12
26120778,26120779,1791138419,1791138431,12
26120779,26120780,1791138431,1791138443,12
26120780,26120781,1791138443,1791138455,12
26120781,26120782,1791138455,1791138467,12
26120782,26120783,1791138467,1791138479,12
26120783,26120784,1791138479,1791138491,12
26120784,26120785,1791138491,1791138503,12
26120785,26120786,1791138503,1791138515,12
26120786,26120787,1791138515,1791138527,12
26120787,26120788,1791138527,1791138539,12
26120788,26120789,1791138539,1791138551,12
26120789,26120790,1791138551,1791138563,12
26120790,26120791,1791138563,1791138575,12
26120791,26120792,1791138575,1791138587,12
26120792,26120793,1791138587,1791138599,12
26120793,26120794,1791138599,1791138611,12
26120794,26120795,1791138611,1791138623,12
26120795,26120796,1791138623,1791138635,12
26120796,26120797,1791138635,1791138647,12
26120797,26120798,1791138647,1791138659,12
26120798,26120799,1791138659,1791138671,12
26120799,26120800,1791138671,1791138683,12
26120800,26120801,1791138683,1791138695,12
26120801,26120802,1791138695,1791138707,12
26120802,26120803,1791138707,1791138719,12
26120803,26120804,1791138719,1791138731,12
26120804,26120805,1791138731,1791138743,12
26120805,26120806,1791138743,1791138755,12
26120806,26120807,1791138755,1791138767,12
26120807,26120808,1791138767,1791138779,12
26120808,26120809,1791138779,1791138791,12
26120809,26120810,1791138791,1791138803,12
26120810,26120811,1791138803,1791138815,12
26120811,26120812,1791138815,1791138827,12
26120812,26120813,1791138827,1791138839,12
26120813,26120814,1791138839,1791138851,12
26120814,26120815,1791138851,1791138863,12
26120815,26120816,1791138863,1791138875,12
26120816,26120817,1791138875,1791138887,12
26120817,26120818,1791138887,1791138899,12
26120818,26120819,1791138899,1791138911,12
26120819,26120820,1791138911,1791138923,12
26120820,26120821,1791138923,1791138935,12
26120821,26120822,1791138935,1791138947,12
26120822,26120823,1791138947,1791138959,12
26120823,26120824,1791138959,1791138971,12
26120824,26120825,1791138971,1791138983,12
26120825,26120826,1791138983,1791138995,12
26120826,26120827,1791138995,1791139007,12
26120827,26120828,1791139007,1791139019,12
26120828,26120829,1791139019,1791139031,12
26120829,26120830,1791139031,1791139043,12
26120830,26120831,1791139043,1791139055,12
26120831,26120832,1791139055,1791139067,12
26120832,26120833,1791139067,1791139079,12
26120833,26120834,1791139079,1791139091,12
26120834,26120835,1791139091,1791139103,12
26120835,26120836,1791139103,1791139115,12
26120836,26120837,1791139115,1791139127,12
26120837,26120838,1791139127,1791139139,12
26120838,26120839,1791139139,1791139151,12
26120839,26120840,1791139151,1791139163,12
26120840,26120841,1791139163,1791139175,12
26120841,26120842,1791139175,1791139187,12
26120842,26120843,1791139187,1791139199,12
26120843,26120844,1791139199,1791139211,12
26120844,26120845,1791139211,1791139223,12
26120845,26120846,1791139223,1791139235,12
26120846,26120847,1791139235,1791139247,12
26120847,26120848,1791139247,1791139259,12
26120848,26120849,1791139259,1791139271,12
26120849,26120850,1791139271,1791139283,12
26120850,26120851,1791139283,1791139295,12
26120851,26120852,1791139295,1791139307,12
26120852,26120853,1791139307,1791139319,12
26120853,26120854,1791139319,1791139331,12
26120854,26120855,1791139331,1791139343,12
26120855,26120856,1791139343,1791139355,12
26120856,26120857,1791139355,1791139367,12
26120857,26120858,1791139367,1791139379,12
26120858,26120859,1791139379,1791139391,12
26120859,26120860,1791139391,1791139403,12
26120860,26120861,1791139403,1791139415,12
26120861,26120862,1791139415,1791139427,12
26120862,26120863,1791139427,1791139439,12
26120863,26120864,1791139439,1791139451,12
26120864,26120865,1791139451,1791139463,12
26120865,26120866,1791139463,1791139475,12
26120866,26120867,1791139475,1791139487,12
26120867,26120868,1791139487,1791139499,12
26120868,26120869,1791139499,1791139511,12
26120869,26120870,1791139511,1791139523,12
26120870,26120871,1791139523,1791139535,12
26120871,26120872,1791139535,1791139547,12
26120872,26120873,1791139547,1791139559,12
26120873,26120874,1791139559,1791139571,12
26120874,26120875,1791139571,1791139583,12
26120875,26120876,1791139583,1791139595,12
26120876,26120877,1791139595,1791139607,12
26120877,26120878,1791139607,1791139619,12
26120878,26120879,1791139619,1791139631,12
26120879,26120880,1791139631,1791139643,12
26120880,26120881,1791139643,1791139655,12
26120881,26120882,1791139655,1791139667,12
26120882,26120883,1791139667,1791139679,12
26120883,26120884,1791139679,1791139691,12
26120884,26120885,1791139691,1791139703,12
26120885,26120886,1791139703,1791139715,12
26120886,26120887,1791139715,1791139727,12
26120887,26120888,1791139727,1791139739,12
26120888,26120889,1791139739,1791139751,12
26120889,26120890,1791139751,1791139763,12
26120890,26120891,1791139763,1791139775,12
26120891,26120892,1791139775,1791139787,12
26120892,26120893,1791139787,1791139799,12
26120893,26120894,1791139799,1791139811,12
26120894,26120895,1791139811,1791139823,12
26120895,26120896,1791139823,1791139835,12
26120896,26120897,1791139835,1791139847,12
26120897,26120898,1791139847,1791139859,12
26120898,26120899,1791139859,1791139871,12
26120899,26120900,1791139871,1791139895,24
26120900,26120901,1791139895,1791139907,12
26120901,26120902,1791139907,1791139919,12
26120902,26120903,1791139919,1791139931,12
26120903,26120904,1791139931,1791139943,12
26120904,26120905,1791139943,1791139955,12
26120905,26120906,1791139955,1791139967,12
26120906,26120907,1791139967,1791139979,12
26120907,26120908,1791139979,1791139991,12
26120908,26120909,1791139991,1791140003,12
26120909,26120910,1791140003,1791140015,12
26120910,26120911,1791140015,1791140027,12
26120911,26120912,1791140027,1791140039,12
26120912,26120913,1791140039,1791140051,12
26120913,26120914,1791140051,1791140063,12
26120914,26120915,1791140063,1791140075,12
26120915,26120916,1791140075,1791140087,12
26120916,26120917,1791140087,1791140099,12
26120917,26120918,1791140099,1791140111,12
26120918,26120919,1791140111,1791140123,12
26120919,26120920,1791140123,1791140135,12
26120920,26120921,1791140135,1791140147,12
26120921,26120922,1791140147,1791140159,12
26120922,26120923,1791140159,1791140171,12
26120923,26120924,1791140171,1791140183,12
26120924,26120925,1791140183,1791140195,12
26120925,26120926,1791140195,1791140207,12
26120926,26120927,1791140207,1791140219,12
26120927,26120928,1791140219,1791140231,12
26120928,26120929,1791140231,1791140243,12
26120929,26120930,1791140243,1791140255,12
26120930,26120931,1791140255,1791140267,12
26120931,26120932,1791140267,1791140279,12
26120932,26120933,1791140279,1791140291,12
26120933,26120934,1791140291,1791140303,12
26120934,26120935,1791140303,1791140315,12
26120935,26120936,1791140315,1791140327,12
26120936,26120937,1791140327,1791140339,12
26120937,26120938,1791140339,1791140351,12
26120938,26120939,1791140351,1791140363,12
26120939,26120940,1791140363,1791140375,12
26120940,26120941,1791140375,1791140387,12
26120941,26120942,1791140387,1791140399,12
26120942,26120943,1791140399,1791140411,12
26120943,26120944,1791140411,1791140423,12
26120944,26120945,1791140423,1791140435,12
26120945,26120946,1791140435,1791140447,12
26120946,26120947,1791140447,1791140459,12
26120947,26120948,1791140459,1791140471,12
26120948,26120949,1791140471,1791140483,12
26120949,26120950,1791140483,1791140495,12
26120950,26120951,1791140495,1791140507,12
26120951,26120952,1791140507,1791140519,12
26120952,26120953,1791140519,1791140531,12
26120953,26120954,1791140531,1791140543,12
26120954,26120955,1791140543,1791140555,12
26120955,26120956,1791140555,1791140567,12
26120956,26120957,1791140567,1791140579,12
26120957,26120958,1791140579,1791140591,12
26120958,26120959,1791140591,1791140603,12
26120959,26120960,1791140603,1791140615,12
26120960,26120961,1791140615,1791140627,12
26120961,26120962,1791140627,1791140639,12
26120962,26120963,1791140639,1791140651,12
26120963,26120964,1791140651,1791140663,12
26120964,26120965,1791140663,1791140675,12
26120965,26120966,1791140675,1791140687,12
26120966,26120967,1791140687,1791140699,12
26120967,26120968,1791140699,1791140711,12
26120968,26120969,1791140711,1791140723,12
26120969,26120970,1791140723,1791140735,12
26120970,26120971,1791140735,1791140747,12
26120971,26120972,1791140747,1791140759,12
26120972,26120973,1791140759,1791140771,12
26120973,26120974,1791140771,1791140783,12
26120974,26120975,1791140783,1791140795,12
26120975,26120976,1791140795,1791140807,12
26120976,26120977,1791140807,1791140819,12
26120977,26120978,1791140819,1791140831,12
26120978,26120979,1791140831,1791140843,12
26120979,26120980,1791140843,1791140855,12
26120980,26120981,1791140855,1791140867,12
26120981,26120982,1791140867,1791140879,12
26120982,26120983,1791140879,1791140891,12
26120983,26120984,1791140891,1791140903,12
26120984,26120985,1791140903,1791140915,12
26120985,26120986,1791140915,1791140927,12
26120986,26120987,1791140927,1791140939,12
26120987,26120988,1791140939,1791140951,12
26120988,26120989,1791140951,1791140963,12
26120989,26120990,1791140963,1791140975,12
26120990,26120991,1791140975,1791140987,12
26120991,26120992,1791140987,1791140999,12
26120992,26120993,1791140999,1791141011,12
26120993,26120994,1791141011,1791141023,12
26120994,26120995,1791141023,1791141035,12
26120995,26120996,1791141035,1791141047,12
26120996,26120997,1791141047,1791141059,12
26120997,26120998,1791141059,1791141071,12
26120998,26120999,1791141071,1791141083,12
26120999,26121000,1791141083,1791141095,12
26121000,26121001,1791141095,1791141107,12
26121001,26121002,1791141107,1791141119,12
26121002,26121003,1791141119,1791141131,12
26121003,26121004,1791141131,1791141143,12
26121004,26121005,1791141143,1791141155,12
26121005,26121006,1791141155,1791141167,12
26121006,26121007,1791141167,1791141179,12
26121007,26121008,1791141179,1791141191,12
26121008,26121009,1791141191,1791141203,12
26121009,26121010,1791141203,1791141215,12
26121010,26121011,1791141215,1791141227,12
26121011,26121012,1791141227,1791141239,12
26121012,26121013,1791141239,1791141251,12
26121013,26121014,1791141251,1791141263,12
26121014,26121015,1791141263,1791141275,12
26121015,26121016,1791141275,1791141287,12
26121016,26121017,1791141287,1791141299,12
26121017,26121018,1791141299,1791141311,12
26121018,26121019,1791141311,1791141323,12
26121019,26121020,1791141323,1791141335,12
26121020,26121021,1791141335,1791141347,12
26121021,26121022,1791141347,1791141359,12
26121022,26121023,1791141359,1791141371,12
26121023,26121024,1791141371,1791141383,12
26121024,26121025,1791141383,1791141395,12
26121025,26121026,1791141395,1791141407,12
26121026,26121027,1791141407,1791141419,12
26121027,26121028,1791141419,1791141431,12
26121028,26121029,1791141431,1791141443,12
26121029,26121030,1791141443,1791141455,12
26121030,26121031,1791141455,1791141467,12
26121031,26121032,1791141467,1791141479,12
26121032,26121033,1791141479,1791141491,12
26121033,26121034,1791141491,1791141503,12
26121034,26121035,1791141503,1791141515,12
26121035,26121036,1791141515,1791141527,12
26121036,26121037,1791141527,1791141539,12
26121037,26121038,1791141539,1791141551,12
26121038,26121039,1791141551,1791141563,12
26121039,26121040,1791141563,1791141575,12
26121040,26121041,1791141575,1791141587,12
26121041,26121042,1791141587,1791141599,12
26121042,26121043,1791141599,1791141611,12
26121043,26121044,1791141611,1791141623,12
26121044,26121045,1791141623,1791141635,12
26121045,26121046,1791141635,1791141647,12
26121046,26121047,1791141647,1791141659,12
26121047,26121048,1791141659,1791141671,12
26121048,26121049,1791141671,1791141683,12
26121049,26121050,1791141683,1791141695,12
26121050,26121051,1791141695,1791141707,12
26121051,26121052,1791141707,1791141719,12
26121052,26121053,1791141719,1791141731,12
26121053,26121054,1791141731,1791141743,12
26121054,26121055,1791141743,1791141755,12
26121055,26121056,1791141755,1791141767,12
26121056,26121057,1791141767,1791141779,12
26121057,26121058,1791141779,1791141791,12
26121058,26121059,1791141791,1791141803,12
26121059,26121060,1791141803,1791141815,12
26121060,26121061,1791141815,1791141827,12
26121061,26121062,1791141827,1791141839,12
26121062,26121063,1791141839,1791141851,12
26121063,26121064,1791141851,1791141863,12
26121064,26121065,1791141863,1791141875,12
26121065,26121066,1791141875,1791141887,12
26121066,26121067,1791141887,1791141899,12
26121067,26121068,1791141899,1791141911,12
26121068,26121069,1791141911,1791141923,12
26121069,26121070,1791141923,1791141935,12
26121070,26121071,1791141935,1791141947,12
26121071,26121072,1791141947,1791141959,12
26121072,26121073,1791141959,1791141971,12
26121073,26121074,1791141971,1791141983,12
26121074,26121075,1791141983,1791141995,12
26121075,26121076,1791141995,1791142007,12
26121076,26121077,1791142007,1791142019,12
26121077,26121078,1791142019,1791142031,12
26121078,26121079,1791142031,1791142043,12
26121079,26121080,1791142043,1791142055,12
26121080,26121081,1791142055,1791142067,12
26121081,26121082,1791142067,1791142079,12
26121082,26121083,1791142079,1791142091,12
26121083,26121084,1791142091,1791142103,12
26121084,26121085,1791142103,1791142115,12
26121085,26121086,1791142115,1791142127,12
26121086,26121087,1791142127,1791142139,12
26121087,26121088,1791142139,1791142151,12
26121088,26121089,1791142151,1791142163,12
26121089,26121090,1791142163,1791142175,12
26121090,26121091,1791142175,1791142187,12
26121091,26121092,1791142187,1791142199,12
26121092,26121093,1791142199,1791142211,12
26121093,26121094,1791142211,1791142223,12
26121094,26121095,1791142223,1791142235,12
26121095,26121096,1791142235,1791142247,12
26121096,26121097,1791142247,1791142259,12
26121097,26121098,1791142259,1791142271,12
26121098,26121099,1791142271,1791142283,12
26121099,26121100,1791142283,1791142295,12
26121100,26121101,1791142295,1791142307,12
26121101,26121102,1791142307,1791142319,12
26121102,26121103,1791142319,1791142331,12
26121103,26121104,1791142331,1791142343,12
26121104,26121105,1791142343,1791142355,12
26121105,26121106,1791142355,1791142367,12
26121106,26121107,1791142367,1791142379,12
26121107,26121108,1791142379,1791142391,12
26121108,26121109,1791142391,1791142403,12
26121109,26121110,1791142403,1791142415,12
26121110,26121111,1791142415,1791142427,12
26121111,26121112,1791142427,1791142439,12
26121112,26121113,1791142439,1791142451,12
26121113,26121114,1791142451,1791142463,12
26121114,26121115,1791142463,1791142475,12
26121115,26121116,1791142475,1791142487,12
26121116,26121117,1791142487,1791142499,12
26121117,26121118,1791142499,1791142511,12
26121118,26121119,1791142511,1791142523,12
26121119,26121120,1791142523,1791142535,12
26121120,26121121,1791142535,1791142547,12
26121121,26121122,1791142547,1791142559,12
26121122,26121123,1791142559,1791142571,12
26121123,26121124,1791142571,1791142583,12
26121124,26121125,1791142583,1791142595,12
26121125,26121126,1791142595,1791142607,12
26121126,26121127,1791142607,1791142619,12
26121127,26121128,1791142619,1791142631,12
26121128,26121129,1791142631,1791142643,12
26121129,26121130,1791142643,1791142655,12
26121130,26121131,1791142655,1791142667,12
26121131,26121132,1791142667,1791142679,12
26121132,26121133,1791142679,1791142691,12
26121133,26121134,1791142691,1791142703,12
26121134,26121135,1791142703,1791142715,12
26121135,26121136,1791142715,1791142727,12
26121136,26121137,1791142727,1791142739,12
26121137,26121138,1791142739,1791142751,12
26121138,26121139,1791142751,1791142763,12
26121139,26121140,1791142763,1791142775,12
26121140,26121141,1791142775,1791142787,12
26121141,26121142,1791142787,1791142799,12
26121142,26121143,1791142799,1791142811,12
26121143,26121144,1791142811,1791142823,12
26121144,26121145,1791142823,1791142835,12
26121145,26121146,1791142835,1791142847,12
26121146,26121147,1791142847,1791142859,12
26121147,26121148,1791142859,1791142871,12
26121148,26121149,1791142871,1791142883,12
26121149,26121150,1791142883,1791142895,12
26121150,26121151,1791142895,1791142907,12
26121151,26121152,1791142907,1791142919,12
26121152,26121153,1791142919,1791142931,12
26121153,26121154,1791142931,1791142943,12
26121154,26121155,1791142943,1791142955,12
26121155,26121156,1791142955,1791142967,12
26121156,26121157,1791142967,1791142979,12
26121157,26121158,1791142979,1791142991,12
26121158,26121159,1791142991,1791143003,12
26121159,26121160,1791143003,1791143015,12
26121160,26121161,1791143015,1791143027,12
26121161,26121162,1791143027,1791143039,12
26121162,26121163,1791143039,1791143051,12
26121163,26121164,1791143051,1791143063,12
26121164,26121165,1791143063,1791143075,12
26121165,26121166,1791143075,1791143087,12
26121166,26121167,1791143087,1791143099,12
26121167,26121168,1791143099,1791143111,12
26121168,26121169,1791143111,1791143123,12
26121169,26121170,1791143123,1791143135,12
26121170,26121171,1791143135,1791143147,12
26121171,26121172,1791143147,1791143159,12
26121172,26121173,1791143159,1791143171,12
26121173,26121174,1791143171,1791143183,12
26121174,26121175,1791143183,1791143195,12
26121175,26121176,1791143195,1791143207,12
26121176,26121177,1791143207,1791143219,12
26121177,26121178,1791143219,1791143231,12
26121178,26121179,1791143231,1791143243,12
26121179,26121180,1791143243,1791143255,12
26121180,26121181,1791143255,1791143267,12
26121181,26121182,1791143267,1791143279,12
26121182,26121183,1791143279,1791143291,12
26121183,26121184,1791143291,1791143303,12
26121184,26121185,1791143303,1791143315,12
26121185,26121186,1791143315,1791143327,12
26121186,26121187,1791143327,1791143339,12
26121187,26121188,1791143339,1791143351,12
26121188,26121189,1791143351,1791143363,12
26121189,26121190,1791143363,1791143375,12
26121190,26121191,1791143375,1791143387,12
26121191,26121192,1791143387,1791143399,12
26121192,26121193,1791143399,1791143411,12
26121193,26121194,1791143411,1791143423,12
26121194,26121195,1791143423,1791143435,12
26121195,26121196,1791143435,1791143447,12
26121196,26121197,1791143447,1791143459,12
26121197,26121198,1791143459,1791143471,12
26121198,26121199,1791143471,1791143483,12
26121199,26121200,1791143483,1791143495,12
26121200,26121201,1791143495,1791143507,12
26121201,26121202,1791143507,1791143519,12
26121202,26121203,1791143519,1791143531,12
26121203,26121204,1791143531,1791143543,12
26121204,26121205,1791143543,1791143555,12
26121205,26121206,1791143555,1791143567,12
26121206,26121207,1791143567,1791143579,12
26121207,26121208,1791143579,1791143591,12
26121208,26121209,1791143591,1791143603,12
26121209,26121210,1791143603,1791143615,12
26121210,26121211,1791143615,1791143627,12
26121211,26121212,1791143627,1791143639,12
26121212,26121213,1791143639,1791143651,12
26121213,26121214,1791143651,1791143663,12
26121214,26121215,1791143663,1791143675,12
26121215,26121216,1791143675,1791143687,12
26121216,26121217,1791143687,1791143699,12
26121217,26121218,1791143699,1791143711,12
26121218,26121219,1791143711,1791143723,12
26121219,26121220,1791143723,1791143735,12
26121220,26121221,1791143735,1791143747,12
26121221,26121222,1791143747,1791143759,12
26121222,26121223,1791143759,1791143771,12
26121223,26121224,1791143771,1791143783,12
26121224,26121225,1791143783,1791143795,12
26121225,26121226,1791143795,1791143807,12
26121226,26121227,1791143807,1791143819,12
26121227,26121228,1791143819,1791143831,12
26121228,26121229,1791143831,1791143843,12
26121229,26121230,1791143843,1791143855,12
26121230,26121231,1791143855,1791143867,12
26121231,26121232,1791143867,1791143879,12
26121232,26121233,1791143879,1791143891,12
26121233,26121234,1791143891,1791143903,12
26121234,26121235,1791143903,1791143915,12
26121235,26121236,1791143915,1791143927,12
26121236,26121237,1791143927,1791143939,12
26121237,26121238,1791143939,1791143951,12
26121238,26121239,1791143951,1791143963,12
26121239,26121240,1791143963,1791143975,12
26121240,26121241,1791143975,1791143987,12
26121241,26121242,1791143987,1791143999,12
26121242,26121243,1791143999,1791144011,12
26121243,26121244,1791144011,1791144023,12
26121244,26121245,1791144023,1791144035,12
26121245,26121246,1791144035,1791144047,12
26121246,26121247,1791144047,1791144059,12
26121247,26121248,1791144059,1791144071,12
26121248,26121249,1791144071,1791144083,12
26121249,26121250,1791144083,1791144095,12
26121250,26121251,1791144095,1791144107,12
26121251,26121252,1791144107,1791144119,12
26121252,26121253,1791144119,1791144131,12
26121253,26121254,1791144131,1791144143,12
26121254,26121255,1791144143,1791144155,12
26121255,26121256,1791144155,1791144167,12
26121256,26121257,1791144167,1791144179,12
26121257,26121258,1791144179,1791144191,12
26121258,26121259,1791144191,1791144203,12
26121259,26121260,1791144203,1791144215,12
26121260,26121261,1791144215,1791144227,12
26121261,26121262,1791144227,1791144239,12
26121262,26121263,1791144239,1791144251,12
26121263,26121264,1791144251,1791144263,12
26121264,26121265,1791144263,1791144275,12
26121265,26121266,1791144275,1791144287,12
26121266,26121267,1791144287,1791144299,12
26121267,26121268,1791144299,1791144311,12
26121268,26121269,1791144311,1791144323,12
26121269,26121270,1791144323,1791144335,12
26121270,26121271,1791144335,1791144347,12
26121271,26121272,1791144347,1791144359,12
26121272,26121273,1791144359,1791144371,12
26121273,26121274,1791144371,1791144383,12
26121274,26121275,1791144383,1791144395,12
26121275,26121276,1791144395,1791144407,12
26121276,26121277,1791144407,1791144419,12
26121277,26121278,1791144419,1791144431,12
26121278,26121279,1791144431,1791144443,12
26121279,26121280,1791144443,1791144455,12
26121280,26121281,1791144455,1791144467,12
26121281,26121282,1791144467,1791144479,12
26121282,26121283,1791144479,1791144491,12
26121283,26121284,1791144491,1791144503,12
26121284,26121285,1791144503,1791144515,12
26121285,26121286,1791144515,1791144527,12
26121286,26121287,1791144527,1791144539,12
26121287,26121288,1791144539,1791144551,12
26121288,26121289,1791144551,1791144563,12
26121289,26121290,1791144563,1791144575,12
26121290,26121291,1791144575,1791144587,12
26121291,26121292,1791144587,1791144599,12
26121292,26121293,1791144599,1791144611,12
26121293,26121294,1791144611,1791144623,12
26121294,26121295,1791144623,1791144635,12
26121295,26121296,1791144635,1791144647,12
26121296,26121297,1791144647,1791144659,12
26121297,26121298,1791144659,1791144671,12
26121298,26121299,1791144671,1791144683,12
26121299,26121300,1791144683,1791144695,12
26121300,26121301,1791144695,1791144707,12
26121301,26121302,1791144707,1791144719,12
26121302,26121303,1791144719,1791144731,12
26121303,26121304,1791144731,1791144743,12
26121304,26121305,1791144743,1791144755,12
26121305,26121306,1791144755,1791144767,12
26121306,26121307,1791144767,1791144779,12
26121307,26121308,1791144779,1791144791,12
26121308,26121309,1791144791,1791144803,12
26121309,26121310,1791144803,1791144815,12
26121310,26121311,1791144815,1791144827,12
26121311,26121312,1791144827,1791144839,12
26121312,26121313,1791144839,1791144851,12
26121313,26121314,1791144851,1791144863,12
26121314,26121315,1791144863,1791144875,12
26121315,26121316,1791144875,1791144887,12
26121316,26121317,1791144887,1791144899,12
26121317,26121318,1791144899,1791144911,12
26121318,26121319,1791144911,1791144923,12
26121319,26121320,1791144923,1791144935,12
26121320,26121321,1791144935,1791144959,24
26121321,26121322,1791144959,1791144971,12
26121322,26121323,1791144971,1791144983,12
26121323,26121324,1791144983,1791144995,12
26121324,26121325,1791144995,1791145007,12
26121325,26121326,1791145007,1791145019,12
26121326,26121327,1791145019,1791145031,12
26121327,26121328,1791145031,1791145043,12
26121328,26121329,1791145043,1791145055,12
26121329,26121330,1791145055,1791145067,12
26121330,26121331,1791145067,1791145079,12
26121331,26121332,1791145079,1791145091,12
26121332,26121333,1791145091,1791145103,12
26121333,26121334,1791145103,1791145115,12
26121334,26121335,1791145115,1791145127,12
26121335,26121336,1791145127,1791145139,12
26121336,26121337,1791145139,1791145151,12
26121337,26121338,1791145151,1791145163,12
26121338,26121339,1791145163,1791145175,12
26121339,26121340,1791145175,1791145187,12
26121340,26121341,1791145187,1791145199,12
26121341,26121342,1791145199,1791145211,12
26121342,26121343,1791145211,1791145223,12
26121343,26121344,1791145223,1791145235,12
26121344,26121345,1791145235,1791145247,12
26121345,26121346,1791145247,1791145259,12
26121346,26121347,1791145259,1791145283,24
26121347,26121348,1791145283,1791145295,12
26121348,26121349,1791145295,1791145307,12
26121349,26121350,1791145307,1791145319,12
26121350,26121351,1791145319,1791145331,12
26121351,26121352,1791145331,1791145343,12
26121352,26121353,1791145343,1791145355,12
26121353,26121354,1791145355,1791145367,12
26121354,26121355,1791145367,1791145379,12
26121355,26121356,1791145379,1791145391,12
26121356,26121357,1791145391,1791145403,12
26121357,26121358,1791145403,1791145415,12
26121358,26121359,1791145415,1791145427,12
26121359,26121360,1791145427,1791145439,12
26121360,26121361,1791145439,1791145451,12
26121361,26121362,1791145451,1791145463,12
26121362,26121363,1791145463,1791145475,12
26121363,26121364,1791145475,1791145487,12
26121364,26121365,1791145487,1791145499,12
26121365,26121366,1791145499,1791145511,12
26121366,26121367,1791145511,1791145523,12
26121367,26121368,1791145523,1791145535,12
26121368,26121369,1791145535,1791145547,12
26121369,26121370,1791145547,1791145559,12
26121370,26121371,1791145559,1791145571,12
26121371,26121372,1791145571,1791145583,12
26121372,26121373,1791145583,1791145595,12
26121373,26121374,1791145595,1791145607,12
26121374,26121375,1791145607,1791145619,12
26121375,26121376,1791145619,1791145631,12
26121376,26121377,1791145631,1791145643,12
26121377,26121378,1791145643,1791145655,12
26121378,26121379,1791145655,1791145667,12
26121379,26121380,1791145667,1791145679,12
26121380,26121381,1791145679,1791145691,12
26121381,26121382,1791145691,1791145703,12
26121382,26121383,1791145703,1791145715,12
26121383,26121384,1791145715,1791145727,12
26121384,26121385,1791145727,1791145739,12
26121385,26121386,1791145739,1791145751,12
26121386,26121387,1791145751,1791145763,12
26121387,26121388,1791145763,1791145775,12
26121388,26121389,1791145775,1791145787,12
26121389,26121390,1791145787,1791145799,12
26121390,26121391,1791145799,1791145811,12
26121391,26121392,1791145811,1791145823,12
26121392,26121393,1791145823,1791145835,12
26121393,26121394,1791145835,1791145847,12
26121394,26121395,1791145847,1791145859,12
26121395,26121396,1791145859,1791145871,12
26121396,26121397,1791145871,1791145883,12
26121397,26121398,1791145883,1791145895,12
26121398,26121399,1791145895,1791145907,12
26121399,26121400,1791145907,1791145919,12
26121400,26121401,1791145919,1791145931,12
26121401,26121402,1791145931,1791145943,12
26121402,26121403,1791145943,1791145955,12
26121403,26121404,1791145955,1791145967,12
26121404,26121405,1791145967,1791145979,12
26121405,26121406,1791145979,1791145991,12
26121406,26121407,1791145991,1791146003,12
26121407,26121408,1791146003,1791146015,12
26121408,26121409,1791146015,1791146027,12
26121409,26121410,1791146027,1791146039,12
26121410,26121411,1791146039,1791146051,12
26121411,26121412,1791146051,1791146063,12
26121412,26121413,1791146063,1791146075,12
26121413,26121414,1791146075,1791146087,12
26121414,26121415,1791146087,1791146099,12
26121415,26121416,1791146099,1791146111,12
26121416,26121417,1791146111,1791146123,12
26121417,26121418,1791146123,1791146135,12
26121418,26121419,1791146135,1791146147,12
26121419,26121420,1791146147,1791146159,12
26121420,26121421,1791146159,1791146171,12
26121421,26121422,1791146171,1791146183,12
26121422,26121423,1791146183,1791146195,12
26121423,26121424,1791146195,1791146207,12
26121424,26121425,1791146207,1791146219,12
26121425,26121426,1791146219,1791146231,12
26121426,26121427,1791146231,1791146243,12
26121427,26121428,1791146243,1791146255,12
26121428,26121429,1791146255,1791146267,12
26121429,26121430,1791146267,1791146279,12
26121430,26121431,1791146279,1791146291,12
26121431,26121432,1791146291,1791146303,12
26121432,26121433,1791146303,1791146315,12
26121433,26121434,1791146315,1791146327,12
26121434,26121435,1791146327,1791146339,12
26121435,26121436,1791146339,1791146351,12
26121436,26121437,1791146351,1791146363,12
26121437,26121438,1791146363,1791146375,12
26121438,26121439,1791146375,1791146387,12
26121439,26121440,1791146387,1791146399,12
26121440,26121441,1791146399,1791146411,12
26121441,26121442,1791146411,1791146423,12
26121442,26121443,1791146423,1791146435,12
26121443,26121444,1791146435,1791146447,12
26121444,26121445,1791146447,1791146459,12
26121445,26121446,1791146459,1791146471,12
26121446,26121447,1791146471,1791146483,12
26121447,26121448,1791146483,1791146495,12
26121448,26121449,1791146495,1791146507,12
26121449,26121450,1791146507,1791146519,12
26121450,26121451,1791146519,1791146531,12
26121451,26121452,1791146531,1791146543,12
26121452,26121453,1791146543,1791146555,12
26121453,26121454,1791146555,1791146567,12
26121454,26121455,1791146567,1791146579,12
26121455,26121456,1791146579,1791146591,12
26121456,26121457,1791146591,1791146603,12
26121457,26121458,1791146603,1791146615,12
26121458,26121459,1791146615,1791146627,12
26121459,26121460,1791146627,1791146639,12
26121460,26121461,1791146639,1791146651,12
26121461,26121462,1791146651,1791146663,12
26121462,26121463,1791146663,1791146675,12
26121463,26121464,1791146675,1791146687,12
26121464,26121465,1791146687,1791146699,12
26121465,26121466,1791146699,1791146711,12
26121466,26121467,1791146711,1791146723,12
26121467,26121468,1791146723,1791146735,12
26121468,26121469,1791146735,1791146747,12
26121469,26121470,1791146747,1791146759,12
26121470,26121471,1791146759,1791146771,12
26121471,26121472,1791146771,1791146783,12
26121472,26121473,1791146783,1791146795,12
26121473,26121474,1791146795,1791146807,12
26121474,26121475,1791146807,1791146819,12
26121475,26121476,1791146819,1791146831,12
26121476,26121477,1791146831,1791146843,12
26121477,26121478,1791146843,1791146855,12
26121478,26121479,1791146855,1791146867,12
26121479,26121480,1791146867,1791146879,12
26121480,26121481,1791146879,1791146891,12
26121481,26121482,1791146891,1791146903,12
26121482,26121483,1791146903,1791146915,12
26121483,26121484,1791146915,1791146927,12
26121484,26121485,1791146927,1791146939,12
26121485,26121486,1791146939,1791146951,12
26121486,26121487,1791146951,1791146963,12
26121487,26121488,1791146963,1791146975,12
26121488,26121489,1791146975,1791146987,12
26121489,26121490,1791146987,1791146999,12
26121490,26121491,1791146999,1791147011,12
26121491,26121492,1791147011,1791147023,12
26121492,26121493,1791147023,1791147035,12
26121493,26121494,1791147035,1791147047,12
26121494,26121495,1791147047,1791147059,12
26121495,26121496,1791147059,1791147071,12
26121496,26121497,1791147071,1791147083,12
26121497,26121498,1791147083,1791147095,12
26121498,26121499,1791147095,1791147107,12
26121499,26121500,1791147107,1791147119,12
26121500,26121501,1791147119,1791147131,12
26121501,26121502,1791147131,1791147143,12
26121502,26121503,1791147143,1791147155,12
26121503,26121504,1791147155,1791147167,12
26121504,26121505,1791147167,1791147179,12
26121505,26121506,1791147179,1791147191,12
26121506,26121507,1791147191,1791147203,12
26121507,26121508,1791147203,1791147215,12
26121508,26121509,1791147215,1791147227,12
26121509,26121510,1791147227,1791147239,12
26121510,26121511,1791147239,1791147251,12
26121511,26121512,1791147251,1791147263,12
26121512,26121513,1791147263,1791147275,12
26121513,26121514,1791147275,1791147287,12
26121514,26121515,1791147287,1791147299,12
26121515,26121516,1791147299,1791147311,12
26121516,26121517,1791147311,1791147323,12
26121517,26121518,1791147323,1791147335,12
26121518,26121519,1791147335,1791147347,12
26121519,26121520,1791147347,1791147359,12
26121520,26121521,1791147359,1791147371,12
26121521,26121522,1791147371,1791147383,12
26121522,26121523,1791147383,1791147395,12
26121523,26121524,1791147395,1791147407,12
26121524,26121525,1791147407,1791147419,12
26121525,26121526,1791147419,1791147431,12
26121526,26121527,1791147431,1791147443,12
26121527,26121528,1791147443,1791147455,12
26121528,26121529,1791147455,1791147467,12
26121529,26121530,1791147467,1791147479,12
26121530,26121531,1791147479,1791147491,12
26121531,26121532,1791147491,1791147503,12
26121532,26121533,1791147503,1791147515,12
26121533,26121534,1791147515,1791147527,12
26121534,26121535,1791147527,1791147539,12
26121535,26121536,1791147539,1791147551,12
26121536,26121537,1791147551,1791147563,12
26121537,26121538,1791147563,1791147575,12
26121538,26121539,1791147575,1791147587,12
26121539,26121540,1791147587,1791147599,12
26121540,26121541,1791147599,1791147611,12
26121541,26121542,1791147611,1791147623,12
26121542,26121543,1791147623,1791147635,12
26121543,26121544,1791147635,1791147647,12
26121544,26121545,1791147647,1791147659,12
26121545,26121546,1791147659,1791147671,12
26121546,26121547,1791147671,1791147683,12
26121547,26121548,1791147683,1791147695,12
26121548,26121549,1791147695,1791147707,12
26121549,26121550,1791147707,1791147719,12
26121550,26121551,1791147719,1791147731,12
26121551,26121552,1791147731,1791147743,12
26121552,26121553,1791147743,1791147755,12
26121553,26121554,1791147755,1791147767,12
26121554,26121555,1791147767,1791147779,12
26121555,26121556,1791147779,1791147791,12
26121556,26121557,1791147791,1791147803,12
26121557,26121558,1791147803,1791147815,12
26121558,26121559,1791147815,1791147827,12
26121559,26121560,1791147827,1791147839,12
26121560,26121561,1791147839,1791147851,12
26121561,26121562,1791147851,1791147863,12
26121562,26121563,1791147863,1791147875,12
26121563,26121564,1791147875,1791147887,12
26121564,26121565,1791147887,1791147899,12
26121565,26121566,1791147899,1791147911,12
26121566,26121567,1791147911,1791147923,12
26121567,26121568,1791147923,1791147935,12
26121568,26121569,1791147935,1791147947,12
26121569,26121570,1791147947,1791147959,12
26121570,26121571,1791147959,1791147971,12
26121571,26121572,1791147971,1791147983,12
26121572,26121573,1791147983,1791147995,12
26121573,26121574,1791147995,1791148007,12
26121574,26121575,1791148007,1791148019,12
26121575,26121576,1791148019,1791148031,12
26121576,26121577,1791148031,1791148043,12
26121577,26121578,1791148043,1791148055,12
26121578,26121579,1791148055,1791148067,12
26121579,26121580,1791148067,1791148079,12
26121580,26121581,1791148079,1791148091,12
26121581,26121582,1791148091,1791148103,12
26121582,26121583,1791148103,1791148115,12
26121583,26121584,1791148115,1791148127,12
26121584,26121585,1791148127,1791148139,12
26121585,26121586,1791148139,1791148151,12
26121586,26121587,1791148151,1791148163,12
26121587,26121588,1791148163,1791148175,12
26121588,26121589,1791148175,1791148187,12
26121589,26121590,1791148187,1791148199,12
26121590,26121591,1791148199,1791148211,12
26121591,26121592,1791148211,1791148223,12
26121592,26121593,1791148223,1791148235,12
26121593,26121594,1791148235,1791148247,12
26121594,26121595,1791148247,1791148259,12
26121595,26121596,1791148259,1791148271,12
26121596,26121597,1791148271,1791148283,12
26121597,26121598,1791148283,1791148295,12
26121598,26121599,1791148295,1791148307,12
26121599,26121600,1791148307,1791148319,12
26121600,26121601,1791148319,1791148331,12
26121601,26121602,1791148331,1791148343,12
26121602,26121603,1791148343,1791148355,12
26121603,26121604,1791148355,1791148367,12
26121604,26121605,1791148367,1791148379,12
26121605,26121606,1791148379,1791148391,12
26121606,26121607,1791148391,1791148403,12
26121607,26121608,1791148403,1791148415,12
26121608,26121609,1791148415,1791148427,12
26121609,26121610,1791148427,1791148439,12
26121610,26121611,1791148439,1791148451,12
26121611,26121612,1791148451,1791148463,12
26121612,26121613,1791148463,1791148475,12
26121613,26121614,1791148475,1791148487,12
26121614,26121615,1791148487,1791148499,12
26121615,26121616,1791148499,1791148511,12
26121616,26121617,1791148511,1791148523,12
26121617,26121618,1791148523,1791148535,12
26121618,26121619,1791148535,1791148547,12
26121619,26121620,1791148547,1791148559,12
26121620,26121621,1791148559,1791148571,12
26121621,26121622,1791148571,1791148583,12
26121622,26121623,1791148583,1791148595,12
26121623,26121624,1791148595,1791148607,12
26121624,26121625,1791148607,1791148619,12
26121625,26121626,1791148619,1791148631,12
26121626,26121627,1791148631,1791148643,12
26121627,26121628,1791148643,1791148655,12
26121628,26121629,1791148655,1791148667,12
26121629,26121630,1791148667,1791148679,12
26121630,26121631,1791148679,1791148691,12
26121631,26121632,1791148691,1791148703,12
26121632,26121633,1791148703,1791148727,24
26121633,26121634,1791148727,1791148739,12
26121634,26121635,1791148739,1791148751,12
26121635,26121636,1791148751,1791148763,12
26121636,26121637,1791148763,1791148775,12
26121637,26121638,1791148775,1791148787,12
26121638,26121639,1791148787,1791148799,12
26121639,26121640,1791148799,1791148811,12
26121640,26121641,1791148811,1791148823,12
26121641,26121642,1791148823,1791148835,12
26121642,26121643,1791148835,1791148847,12
26121643,26121644,1791148847,1791148859,12
26121644,26121645,1791148859,1791148871,12
26121645,26121646,1791148871,1791148883,12
26121646,26121647,1791148883,1791148895,12
26121647,26121648,1791148895,1791148907,12
26121648,26121649,1791148907,1791148919,12
26121649,26121650,1791148919,1791148931,12
26121650,26121651,1791148931,1791148943,12
26121651,26121652,1791148943,1791148955,12
26121652,26121653,1791148955,1791148967,12
26121653,26121654,1791148967,1791148979,12
26121654,26121655,1791148979,1791148991,12
26121655,26121656,1791148991,1791149003,12
26121656,26121657,1791149003,1791149015,12
26121657,26121658,1791149015,1791149027,12
26121658,26121659,1791149027,1791149039,12
26121659,26121660,1791149039,1791149051,12
26121660,26121661,1791149051,1791149063,12
26121661,26121662,1791149063,1791149075,12
26121662,26121663,1791149075,1791149087,12
26121663,26121664,1791149087,1791149099,12
26121664,26121665,1791149099,1791149111,12
26121665,26121666,1791149111,1791149123,12
26121666,26121667,1791149123,1791149135,12
26121667,26121668,1791149135,1791149147,12
26121668,26121669,1791149147,1791149159,12
26121669,26121670,1791149159,1791149171,12
26121670,26121671,1791149171,1791149183,12
26121671,26121672,1791149183,1791149195,12
26121672,26121673,1791149195,1791149207,12
26121673,26121674,1791149207,1791149219,12
26121674,26121675,1791149219,1791149231,12
26121675,26121676,1791149231,1791149243,12
26121676,26121677,1791149243,1791149255,12
26121677,26121678,1791149255,1791149267,12
26121678,26121679,1791149267,1791149279,12
26121679,26121680,1791149279,1791149291,12
26121680,26121681,1791149291,1791149303,12
26121681,26121682,1791149303,1791149315,12
26121682,26121683,1791149315,1791149327,12
26121683,26121684,1791149327,1791149339,12
26121684,26121685,1791149339,1791149351,12
26121685,26121686,1791149351,1791149363,12
26121686,26121687,1791149363,1791149375,12
26121687,26121688,1791149375,1791149387,12
26121688,26121689,1791149387,1791149399,12
26121689,26121690,1791149399,1791149411,12
26121690,26121691,1791149411,1791149423,12
26121691,26121692,1791149423,1791149435,12
26121692,26121693,1791149435,1791149447,12
26121693,26121694,1791149447,1791149459,12
26121694,26121695,1791149459,1791149471,12
26121695,26121696,1791149471,1791149483,12
26121696,26121697,1791149483,1791149495,12
26121697,26121698,1791149495,1791149507,12
26121698,26121699,1791149507,1791149519,12
26121699,26121700,1791149519,1791149531,12
26121700,26121701,1791149531,1791149543,12
26121701,26121702,1791149543,1791149555,12
26121702,26121703,1791149555,1791149567,12
26121703,26121704,1791149567,1791149579,12
26121704,26121705,1791149579,1791149591,12
26121705,26121706,1791149591,1791149603,12
26121706,26121707,1791149603,1791149615,12
26121707,26121708,1791149615,1791149627,12
26121708,26121709,1791149627,1791149639,12
26121709,26121710,1791149639,1791149651,12
26121710,26121711,1791149651,1791149663,12
26121711,26121712,1791149663,1791149675,12
26121712,26121713,1791149675,1791149687,12
26121713,26121714,1791149687,1791149699,12
26121714,26121715,1791149699,1791149711,12
26121715,26121716,1791149711,1791149723,12
26121716,26121717,1791149723,1791149735,12
26121717,26121718,1791149735,1791149747,12
26121718,26121719,1791149747,1791149759,12
26121719,26121720,1791149759,1791149771,12
26121720,26121721,1791149771,1791149783,12
26121721,26121722,1791149783,1791149795,12
26121722,26121723,1791149795,1791149807,12
26121723,26121724,1791149807,1791149819,12
26121724,26121725,1791149819,1791149831,12
26121725,26121726,1791149831,1791149843,12
26121726,26121727,1791149843,1791149855,12
26121727,26121728,1791149855,1791149867,12
26121728,26121729,1791149867,1791149879,12
26121729,26121730,1791149879,1791149891,12
26121730,26121731,1791149891,1791149903,12
26121731,26121732,1791149903,1791149915,12
26121732,26121733,1791149915,1791149927,12
26121733,26121734,1791149927,1791149939,12
26121734,26121735,1791149939,1791149951,12
26121735,26121736,1791149951,1791149963,12
26121736,26121737,1791149963,1791149975,12
26121737,26121738,1791149975,1791149987,12
26121738,26121739,1791149987,1791149999,12
26121739,26121740,1791149999,1791150011,12
26121740,26121741,1791150011,1791150023,12
26121741,26121742,1791150023,1791150035,12
26121742,26121743,1791150035,1791150047,12
26121743,26121744,1791150047,1791150059,12
26121744,26121745,1791150059,1791150071,12
26121745,26121746,1791150071,1791150083,12
26121746,26121747,1791150083,1791150095,12
26121747,26121748,1791150095,1791150107,12
26121748,26121749,1791150107,1791150119,12
26121749,26121750,1791150119,1791150131,12
26121750,26121751,1791150131,1791150143,12
26121751,26121752,1791150143,1791150155,12
26121752,26121753,1791150155,1791150167,12
26121753,26121754,1791150167,1791150179,12
26121754,26121755,1791150179,1791150191,12
26121755,26121756,1791150191,1791150203,12
26121756,26121757,1791150203,1791150215,12
26121757,26121758,1791150215,1791150227,12
26121758,26121759,1791150227,1791150239,12
26121759,26121760,1791150239,1791150251,12
26121760,26121761,1791150251,1791150263,12
26121761,26121762,1791150263,1791150275,12
26121762,26121763,1791150275,1791150287,12
26121763,26121764,1791150287,1791150299,12
26121764,26121765,1791150299,1791150311,12
26121765,26121766,1791150311,1791150323,12
26121766,26121767,1791150323,1791150335,12
26121767,26121768,1791150335,1791150347,12
26121768,26121769,1791150347,1791150359,12
26121769,26121770,1791150359,1791150371,12
26121770,26121771,1791150371,1791150383,12
26121771,26121772,1791150383,1791150395,12
26121772,26121773,1791150395,1791150407,12
26121773,26121774,1791150407,1791150419,12
26121774,26121775,1791150419,1791150431,12
26121775,26121776,1791150431,1791150443,12
26121776,26121777,1791150443,1791150455,12
26121777,26121778,1791150455,1791150467,12
26121778,26121779,1791150467,1791150479,12
26121779,26121780,1791150479,1791150491,12
26121780,26121781,1791150491,1791150503,12
26121781,26121782,1791150503,1791150515,12
26121782,26121783,1791150515,1791150527,12
26121783,26121784,1791150527,1791150539,12
26121784,26121785,1791150539,1791150551,12
26121785,26121786,1791150551,1791150563,12
26121786,26121787,1791150563,1791150575,12
26121787,26121788,1791150575,1791150587,12
26121788,26121789,1791150587,1791150599,12
26121789,26121790,1791150599,1791150611,12
26121790,26121791,1791150611,1791150623,12
26121791,26121792,1791150623,1791150635,12
26121792,26121793,1791150635,1791150647,12
26121793,26121794,1791150647,1791150659,12
26121794,26121795,1791150659,1791150671,12
26121795,26121796,1791150671,1791150683,12
26121796,26121797,1791150683,1791150695,12
26121797,26121798,1791150695,1791150707,12
26121798,26121799,1791150707,1791150719,12
26121799,26121800,1791150719,1791150731,12
26121800,26121801,1791150731,1791150743,12
26121801,26121802,1791150743,1791150755,12
26121802,26121803,1791150755,1791150767,12
26121803,26121804,1791150767,1791150779,12
26121804,26121805,1791150779,1791150791,12
26121805,26121806,1791150791,1791150803,12
26121806,26121807,1791150803,1791150815,12
26121807,26121808,1791150815,1791150827,12
26121808,26121809,1791150827,1791150839,12
26121809,26121810,1791150839,1791150851,12
26121810,26121811,1791150851,1791150863,12
26121811,26121812,1791150863,1791150875,12
26121812,26121813,1791150875,1791150887,12
26121813,26121814,1791150887,1791150899,12
26121814,26121815,1791150899,1791150911,12
26121815,26121816,1791150911,1791150923,12
26121816,26121817,1791150923,1791150935,12
26121817,26121818,1791150935,1791150947,12
26121818,26121819,1791150947,1791150959,12
26121819,26121820,1791150959,1791150971,12
26121820,26121821,1791150971,1791150983,12
26121821,26121822,1791150983,1791150995,12
26121822,26121823,1791150995,1791151007,12
26121823,26121824,1791151007,1791151019,12
26121824,26121825,1791151019,1791151031,12
26121825,26121826,1791151031,1791151043,12
26121826,26121827,1791151043,1791151055,12
26121827,26121828,1791151055,1791151067,12
26121828,26121829,1791151067,1791151079,12
26121829,26121830,1791151079,1791151091,12
26121830,26121831,1791151091,1791151103,12
26121831,26121832,1791151103,1791151115,12
26121832,26121833,1791151115,1791151127,12
26121833,26121834,1791151127,1791151139,12
26121834,26121835,1791151139,1791151151,12
26121835,26121836,1791151151,1791151163,12
26121836,26121837,1791151163,1791151175,12
26121837,26121838,1791151175,1791151187,12
26121838,26121839,1791151187,1791151199,12
26121839,26121840,1791151199,1791151211,12
26121840,26121841,1791151211,1791151223,12
26121841,26121842,1791151223,1791151235,12
26121842,26121843,1791151235,1791151247,12
26121843,26121844,1791151247,1791151259,12
26121844,26121845,1791151259,1791151271,12
26121845,26121846,1791151271,1791151283,12
26121846,26121847,1791151283,1791151295,12
26121847,26121848,1791151295,1791151307,12
26121848,26121849,1791151307,1791151319,12
26121849,26121850,1791151319,1791151331,12
26121850,26121851,1791151331,1791151343,12
26121851,26121852,1791151343,1791151355,12
26121852,26121853,1791151355,1791151367,12
26121853,26121854,1791151367,1791151379,12
26121854,26121855,1791151379,1791151391,12
26121855,26121856,1791151391,1791151403,12
26121856,26121857,1791151403,1791151415,12
26121857,26121858,1791151415,1791151427,12
26121858,26121859,1791151427,1791151439,12
26121859,26121860,1791151439,1791151451,12
26121860,26121861,1791151451,1791151463,12
26121861,26121862,1791151463,1791151475,12
26121862,26121863,1791151475,1791151487,12
26121863,26121864,1791151487,1791151499,12
26121864,26121865,1791151499,1791151511,12
26121865,26121866,1791151511,1791151523,12
26121866,26121867,1791151523,1791151535,12
26121867,26121868,1791151535,1791151547,12
26121868,26121869,1791151547,1791151559,12
26121869,26121870,1791151559,1791151571,12
26121870,26121871,1791151571,1791151583,12
26121871,26121872,1791151583,1791151595,12
26121872,26121873,1791151595,1791151607,12
26121873,26121874,1791151607,1791151619,12
26121874,26121875,1791151619,1791151631,12
26121875,26121876,1791151631,1791151643,12
26121876,26121877,1791151643,1791151655,12
26121877,26121878,1791151655,1791151667,12
26121878,26121879,1791151667,1791151679,12
26121879,26121880,1791151679,1791151691,12
26121880,26121881,1791151691,1791151703,12
26121881,26121882,1791151703,1791151715,12
26121882,26121883,1791151715,1791151727,12
26121883,26121884,1791151727,1791151739,12
26121884,26121885,1791151739,1791151751,12
26121885,26121886,1791151751,1791151763,12
26121886,26121887,1791151763,1791151775,12
26121887,26121888,1791151775,1791151787,12
26121888,26121889,1791151787,1791151799,12
26121889,26121890,1791151799,1791151811,12
26121890,26121891,1791151811,1791151823,12
26121891,26121892,1791151823,1791151835,12
26121892,26121893,1791151835,1791151847,12
26121893,26121894,1791151847,1791151859,12
26121894,26121895,1791151859,1791151871,12
26121895,26121896,1791151871,1791151883,12
26121896,26121897,1791151883,1791151895,12
26121897,26121898,1791151895,1791151907,12
26121898,26121899,1791151907,1791151919,12
26121899,26121900,1791151919,1791151931,12
26121900,26121901,1791151931,1791151943,12
26121901,26121902,1791151943,1791151955,12
26121902,26121903,1791151955,1791151967,12
26121903,26121904,1791151967,1791151979,12
26121904,26121905,1791151979,1791151991,12
26121905,26121906,1791151991,1791152003,12
26121906,26121907,1791152003,1791152015,12
26121907,26121908,1791152015,1791152027,12
26121908,26121909,1791152027,1791152039,12
26121909,26121910,1791152039,1791152051,12
26121910,26121911,1791152051,1791152063,12
26121911,26121912,1791152063,1791152075,12
26121912,26121913,1791152075,1791152087,12
26121913,26121914,1791152087,1791152099,12
26121914,26121915,1791152099,1791152111,12
26121915,26121916,1791152111,1791152123,12
26121916,26121917,1791152123,1791152135,12
26121917,26121918,1791152135,1791152147,12
26121918,26121919,1791152147,1791152159,12
26121919,26121920,1791152159,1791152171,12
26121920,26121921,1791152171,1791152183,12
26121921,26121922,1791152183,1791152195,12
26121922,26121923,1791152195,1791152207,12
26121923,26121924,1791152207,1791152219,12
26121924,26121925,1791152219,1791152231,12
26121925,26121926,1791152231,1791152243,12
26121926,26121927,1791152243,1791152255,12
26121927,26121928,1791152255,1791152267,12
26121928,26121929,1791152267,1791152279,12
26121929,26121930,1791152279,1791152291,12
26121930,26121931,1791152291,1791152303,12
26121931,26121932,1791152303,1791152315,12
26121932,26121933,1791152315,1791152327,12
26121933,26121934,1791152327,1791152339,12
26121934,26121935,1791152339,1791152351,12
26121935,26121936,1791152351,1791152363,12
26121936,26121937,1791152363,1791152375,12
26121937,26121938,1791152375,1791152387,12
26121938,26121939,1791152387,1791152399,12
26121939,26121940,1791152399,1791152411,12
26121940,26121941,1791152411,1791152423,12
26121941,26121942,1791152423,1791152435,12
26121942,26121943,1791152435,1791152447,12
26121943,26121944,1791152447,1791152459,12
26121944,26121945,1791152459,1791152471,12
26121945,26121946,1791152471,1791152483,12
26121946,26121947,1791152483,1791152495,12
26121947,26121948,1791152495,1791152507,12
26121948,26121949,1791152507,1791152519,12
26121949,26121950,1791152519,1791152531,12
26121950,26121951,1791152531,1791152543,12
26121951,26121952,1791152543,1791152555,12
26121952,26121953,1791152555,1791152567,12
26121953,26121954,1791152567,1791152579,12
26121954,26121955,1791152579,1791152591,12
26121955,26121956,1791152591,1791152603,12
26121956,26121957,1791152603,1791152615,12
26121957,26121958,1791152615,1791152627,12
26121958,26121959,1791152627,1791152639,12
26121959,26121960,1791152639,1791152651,12
26121960,26121961,1791152651,1791152663,12
26121961,26121962,1791152663,1791152675,12
26121962,26121963,1791152675,1791152687,12
26121963,26121964,1791152687,1791152699,12
26121964,26121965,1791152699,1791152711,12
26121965,26121966,1791152711,1791152723,12
26121966,26121967,1791152723,1791152735,12
26121967,26121968,1791152735,1791152747,12
26121968,26121969,1791152747,1791152759,12
26121969,26121970,1791152759,1791152771,12
26121970,26121971,1791152771,1791152783,12
26121971,26121972,1791152783,1791152795,12
26121972,26121973,1791152795,1791152807,12
26121973,26121974,1791152807,1791152819,12
26121974,26121975,1791152819,1791152831,12
26121975,26121976,1791152831,1791152843,12
26121976,26121977,1791152843,1791152855,12
26121977,26121978,1791152855,1791152867,12
26121978,26121979,1791152867,1791152879,12
26121979,26121980,1791152879,1791152891,12
26121980,26121981,1791152891,1791152903,12
26121981,26121982,1791152903,1791152915,12
26121982,26121983,1791152915,1791152927,12
26121983,26121984,1791152927,1791152939,12
26121984,26121985,1791152939,1791152951,12
26121985,26121986,1791152951,1791152963,12
26121986,26121987,1791152963,1791152975,12
26121987,26121988,1791152975,1791152987,12
26121988,26121989,1791152987,1791152999,12
26121989,26121990,1791152999,1791153011,12
26121990,26121991,1791153011,1791153023,12
26121991,26121992,1791153023,1791153035,12
26121992,26121993,1791153035,1791153047,12
26121993,26121994,1791153047,1791153059,12
26121994,26121995,1791153059,1791153071,12
26121995,26121996,1791153071,1791153083,12
26121996,26121997,1791153083,1791153095,12
26121997,26121998,1791153095,1791153107,12
26121998,26121999,1791153107,1791153119,12
26121999,26122000,1791153119,1791153131,12
26122000,26122001,1791153131,1791153143,12
26122001,26122002,1791153143,1791153155,12
26122002,26122003,1791153155,1791153167,12
26122003,26122004,1791153167,1791153179,12
26122004,26122005,1791153179,1791153191,12
26122005,26122006,1791153191,1791153203,12
26122006,26122007,1791153203,1791153215,12
26122007,26122008,1791153215,1791153227,12
26122008,26122009,1791153227,1791153239,12
26122009,26122010,1791153239,1791153251,12
26122010,26122011,1791153251,1791153263,12
26122011,26122012,1791153263,1791153275,12
26122012,26122013,1791153275,1791153287,12
26122013,26122014,1791153287,1791153299,12
26122014,26122015,1791153299,1791153311,12
26122015,26122016,1791153311,1791153323,12
26122016,26122017,1791153323,1791153335,12
26122017,26122018,1791153335,1791153347,12
26122018,26122019,1791153347,1791153359,12
26122019,26122020,1791153359,1791153371,12
26122020,26122021,1791153371,1791153383,12
26122021,26122022,1791153383,1791153395,12
26122022,26122023,1791153395,1791153407,12
26122023,26122024,1791153407,1791153419,12
26122024,26122025,1791153419,1791153431,12
26122025,26122026,1791153431,1791153443,12
26122026,26122027,1791153443,1791153455,12
26122027,26122028,1791153455,1791153467,12
26122028,26122029,1791153467,1791153479,12
26122029,26122030,1791153479,1791153491,12
26122030,26122031,1791153491,1791153503,12
26122031,26122032,1791153503,1791153515,12
26122032,26122033,1791153515,1791153527,12
26122033,26122034,1791153527,1791153539,12
26122034,26122035,1791153539,1791153551,12
26122035,26122036,1791153551,1791153563,12
26122036,26122037,1791153563,1791153575,12
26122037,26122038,1791153575,1791153587,12
26122038,26122039,1791153587,1791153599,12
26122039,26122040,1791153599,1791153611,12
26122040,26122041,1791153611,1791153623,12
26122041,26122042,1791153623,1791153635,12
26122042,26122043,1791153635,1791153647,12
26122043,26122044,1791153647,1791153659,12
26122044,26122045,1791153659,1791153671,12
26122045,26122046,1791153671,1791153683,12
26122046,26122047,1791153683,1791153695,12
26122047,26122048,1791153695,1791153707,12
26122048,26122049,1791153707,1791153719,12
26122049,26122050,1791153719,1791153731,12
26122050,26122051,1791153731,1791153743,12
26122051,26122052,1791153743,1791153755,12
26122052,26122053,1791153755,1791153767,12
26122053,26122054,1791153767,1791153779,12
26122054,26122055,1791153779,1791153791,12
26122055,26122056,1791153791,1791153803,12
26122056,26122057,1791153803,1791153815,12
26122057,26122058,1791153815,1791153827,12
26122058,26122059,1791153827,1791153839,12
26122059,26122060,1791153839,1791153851,12
26122060,26122061,1791153851,1791153863,12
26122061,26122062,1791153863,1791153875,12
26122062,26122063,1791153875,1791153887,12
26122063,26122064,1791153887,1791153899,12
26122064,26122065,1791153899,1791153911,12
26122065,26122066,1791153911,1791153923,12
26122066,26122067,1791153923,1791153935,12
26122067,26122068,1791153935,1791153947,12
26122068,26122069,1791153947,1791153959,12
26122069,26122070,1791153959,1791153971,12
26122070,26122071,1791153971,1791153983,12
26122071,26122072,1791153983,1791153995,12
26122072,26122073,1791153995,1791154007,12
26122073,26122074,1791154007,1791154019,12
26122074,26122075,1791154019,1791154031,12
26122075,26122076,1791154031,1791154043,12
26122076,26122077,1791154043,1791154055,12
26122077,26122078,1791154055,1791154067,12
26122078,26122079,1791154067,1791154079,12
26122079,26122080,1791154079,1791154091,12
26122080,26122081,1791154091,1791154103,12
26122081,26122082,1791154103,1791154115,12
26122082,26122083,1791154115,1791154127,12
26122083,26122084,1791154127,1791154139,12
26122084,26122085,1791154139,1791154151,12
26122085,26122086,1791154151,1791154163,12
26122086,26122087,1791154163,1791154175,12
26122087,26122088,1791154175,1791154187,12
26122088,26122089,1791154187,1791154199,12
26122089,26122090,1791154199,1791154211,12
26122090,26122091,1791154211,1791154223,12
26122091,26122092,1791154223,1791154235,12
26122092,26122093,1791154235,1791154247,12
26122093,26122094,1791154247,1791154259,12
26122094,26122095,1791154259,1791154271,12
26122095,26122096,1791154271,1791154283,12
26122096,26122097,1791154283,1791154295,12
26122097,26122098,1791154295,1791154307,12
26122098,26122099,1791154307,1791154319,12
26122099,26122100,1791154319,1791154331,12
26122100,26122101,1791154331,1791154343,12
26122101,26122102,1791154343,1791154355,12
26122102,26122103,1791154355,1791154367,12
26122103,26122104,1791154367,1791154379,12
26122104,26122105,1791154379,1791154391,12
26122105,26122106,1791154391,1791154403,12
26122106,26122107,1791154403,1791154415,12
26122107,26122108,1791154415,1791154427,12
26122108,26122109,1791154427,1791154439,12
26122109,26122110,1791154439,1791154451,12
26122110,26122111,1791154451,1791154463,12
26122111,26122112,1791154463,1791154475,12
26122112,26122113,1791154475,1791154487,12
26122113,26122114,1791154487,1791154499,12
26122114,26122115,1791154499,1791154511,12
26122115,26122116,1791154511,1791154523,12
26122116,26122117,1791154523,1791154535,12
26122117,26122118,1791154535,1791154547,12
26122118,26122119,1791154547,1791154559,12
26122119,26122120,1791154559,1791154571,12
26122120,26122121,1791154571,1791154583,12
26122121,26122122,1791154583,1791154595,12
26122122,26122123,1791154595,1791154607,12
26122123,26122124,1791154607,1791154619,12
26122124,26122125,1791154619,1791154631,12
26122125,26122126,1791154631,1791154643,12
26122126,26122127,1791154643,1791154655,12
26122127,26122128,1791154655,1791154667,12
26122128,26122129,1791154667,1791154679,12
26122129,26122130,1791154679,1791154691,12
26122130,26122131,1791154691,1791154703,12
26122131,26122132,1791154703,1791154715,12
26122132,26122133,1791154715,1791154727,12
26122133,26122134,1791154727,1791154739,12
26122134,26122135,1791154739,1791154751,12
26122135,26122136,1791154751,1791154763,12
26122136,26122137,1791154763,1791154775,12
26122137,26122138,1791154775,1791154787,12
26122138,26122139,1791154787,1791154799,12
26122139,26122140,1791154799,1791154811,12
26122140,26122141,1791154811,1791154823,12
26122141,26122142,1791154823,1791154835,12
26122142,26122143,1791154835,1791154847,12
26122143,26122144,1791154847,1791154859,12
26122144,26122145,1791154859,1791154871,12
26122145,26122146,1791154871,1791154883,12
26122146,26122147,1791154883,1791154895,12
26122147,26122148,1791154895,1791154907,12
26122148,26122149,1791154907,1791154919,12
26122149,26122150,1791154919,1791154931,12
26122150,26122151,1791154931,1791154943,12
26122151,26122152,1791154943,1791154955,12
26122152,26122153,1791154955,1791154967,12
26122153,26122154,1791154967,1791154979,12
26122154,26122155,1791154979,1791154991,12
26122155,26122156,1791154991,1791155003,12
26122156,26122157,1791155003,1791155015,12
26122157,26122158,1791155015,1791155027,12
26122158,26122159,1791155027,1791155039,12
26122159,26122160,1791155039,1791155051,12
26122160,26122161,1791155051,1791155063,12
26122161,26122162,1791155063,1791155075,12
26122162,26122163,1791155075,1791155087,12
26122163,26122164,1791155087,1791155099,12
26122164,26122165,1791155099,1791155111,12
26122165,26122166,1791155111,1791155123,12
26122166,26122167,1791155123,1791155135,12
26122167,26122168,1791155135,1791155147,12
26122168,26122169,1791155147,1791155159,12
26122169,26122170,1791155159,1791155171,12
26122170,26122171,1791155171,1791155183,12
26122171,26122172,1791155183,1791155195,12
26122172,26122173,1791155195,1791155207,12
26122173,26122174,1791155207,1791155219,12
26122174,26122175,1791155219,1791155231,12
26122175,26122176,1791155231,1791155243,12
26122176,26122177,1791155243,1791155255,12
26122177,26122178,1791155255,1791155267,12
26122178,26122179,1791155267,1791155279,12
26122179,26122180,1791155279,1791155291,12
26122180,26122181,1791155291,1791155303,12
26122181,26122182,1791155303,1791155315,12
26122182,26122183,1791155315,1791155327,12
26122183,26122184,1791155327,1791155339,12
26122184,26122185,1791155339,1791155351,12
26122185,26122186,1791155351,1791155363,12
26122186,26122187,1791155363,1791155375,12
26122187,26122188,1791155375,1791155387,12
26122188,26122189,1791155387,1791155399,12
26122189,26122190,1791155399,1791155411,12
26122190,26122191,1791155411,1791155423,12
26122191,26122192,1791155423,1791155435,12
26122192,26122193,1791155435,1791155447,12
26122193,26122194,1791155447,1791155459,12
26122194,26122195,1791155459,1791155471,12
26122195,26122196,1791155471,1791155483,12
26122196,26122197,1791155483,1791155495,12
26122197,26122198,1791155495,1791155507,12
26122198,26122199,1791155507,1791155519,12
26122199,26122200,1791155519,1791155531,12
26122200,26122201,1791155531,1791155543,12
26122201,26122202,1791155543,1791155555,12
26122202,26122203,1791155555,1791155567,12
26122203,26122204,1791155567,1791155579,12
26122204,26122205,1791155579,1791155591,12
26122205,26122206,1791155591,1791155603,12
26122206,26122207,1791155603,1791155615,12
26122207,26122208,1791155615,1791155627,12
26122208,26122209,1791155627,1791155639,12
26122209,26122210,1791155639,1791155651,12
26122210,26122211,1791155651,1791155663,12
26122211,26122212,1791155663,1791155675,12
26122212,26122213,1791155675,1791155687,12
26122213,26122214,1791155687,1791155699,12
26122214,26122215,1791155699,1791155711,12
26122215,26122216,1791155711,1791155723,12
26122216,26122217,1791155723,1791155735,12
26122217,26122218,1791155735,1791155747,12
26122218,26122219,1791155747,1791155759,12
26122219,26122220,1791155759,1791155771,12
26122220,26122221,1791155771,1791155783,12
26122221,26122222,1791155783,1791155795,12
26122222,26122223,1791155795,1791155807,12
26122223,26122224,1791155807,1791155819,12
26122224,26122225,1791155819,1791155831,12
26122225,26122226,1791155831,1791155843,12
26122226,26122227,1791155843,1791155855,12
26122227,26122228,1791155855,1791155867,12
26122228,26122229,1791155867,1791155879,12
26122229,26122230,1791155879,1791155891,12
26122230,26122231,1791155891,1791155903,12
26122231,26122232,1791155903,1791155915,12
26122232,26122233,1791155915,1791155927,12
26122233,26122234,1791155927,1791155939,12
26122234,26122235,1791155939,1791155951,12
26122235,26122236,1791155951,1791155963,12
26122236,26122237,1791155963,1791155975,12
26122237,26122238,1791155975,1791155987,12
26122238,26122239,1791155987,1791155999,12
26122239,26122240,1791155999,1791156011,12
26122240,26122241,1791156011,1791156023,12
26122241,26122242,1791156023,1791156035,12
26122242,26122243,1791156035,1791156047,12
26122243,26122244,1791156047,1791156059,12
26122244,26122245,1791156059,1791156071,12
26122245,26122246,1791156071,1791156083,12
26122246,26122247,1791156083,1791156095,12
26122247,26122248,1791156095,1791156107,12
26122248,26122249,1791156107,1791156119,12
26122249,26122250,1791156119,1791156131,12
26122250,26122251,1791156131,1791156143,12
26122251,26122252,1791156143,1791156155,12
26122252,26122253,1791156155,1791156167,12
26122253,26122254,1791156167,1791156179,12
26122254,26122255,1791156179,1791156191,12
26122255,26122256,1791156191,1791156203,12
26122256,26122257,1791156203,1791156215,12
26122257,26122258,1791156215,1791156227,12
26122258,26122259,1791156227,1791156239,12
26122259,26122260,1791156239,1791156251,12
26122260,26122261,1791156251,1791156263,12
26122261,26122262,1791156263,1791156275,12
26122262,26122263,1791156275,1791156287,12
26122263,26122264,1791156287,1791156299,12
26122264,26122265,1791156299,1791156311,12
26122265,26122266,1791156311,1791156323,12
26122266,26122267,1791156323,1791156335,12
26122267,26122268,1791156335,1791156347,12
26122268,26122269,1791156347,1791156359,12
26122269,26122270,1791156359,1791156371,12
26122270,26122271,1791156371,1791156383,12
26122271,26122272,1791156383,1791156395,12
26122272,26122273,1791156395,1791156407,12
26122273,26122274,1791156407,1791156419,12
26122274,26122275,1791156419,1791156431,12
26122275,26122276,1791156431,1791156443,12
26122276,26122277,1791156443,1791156455,12
26122277,26122278,1791156455,1791156467,12
26122278,26122279,1791156467,1791156479,12
26122279,26122280,1791156479,1791156491,12
26122280,26122281,1791156491,1791156503,12
26122281,26122282,1791156503,1791156515,12
26122282,26122283,1791156515,1791156527,12
26122283,26122284,1791156527,1791156539,12
26122284,26122285,1791156539,1791156551,12
26122285,26122286,1791156551,1791156563,12
26122286,26122287,1791156563,1791156575,12
26122287,26122288,1791156575,1791156587,12
26122288,26122289,1791156587,1791156599,12
26122289,26122290,1791156599,1791156611,12
26122290,26122291,1791156611,1791156623,12
26122291,26122292,1791156623,1791156635,12
26122292,26122293,1791156635,1791156647,12
26122293,26122294,1791156647,1791156659,12
26122294,26122295,1791156659,1791156671,12
26122295,26122296,1791156671,1791156683,12
26122296,26122297,1791156683,1791156695,12
26122297,26122298,1791156695,1791156707,12
26122298,26122299,1791156707,1791156719,12
26122299,26122300,1791156719,1791156731,12
26122300,26122301,1791156731,1791156743,12
26122301,26122302,1791156743,1791156755,12
26122302,26122303,1791156755,1791156767,12
26122303,26122304,1791156767,1791156779,12
26122304,26122305,1791156779,1791156791,12
26122305,26122306,1791156791,1791156803,12
26122306,26122307,1791156803,1791156815,12
26122307,26122308,1791156815,1791156827,12
26122308,26122309,1791156827,1791156839,12
26122309,26122310,1791156839,1791156851,12
26122310,26122311,1791156851,1791156863,12
26122311,26122312,1791156863,1791156875,12
26122312,26122313,1791156875,1791156887,12
26122313,26122314,1791156887,1791156899,12
26122314,26122315,1791156899,1791156911,12
26122315,26122316,1791156911,1791156923,12
26122316,26122317,1791156923,1791156935,12
26122317,26122318,1791156935,1791156947,12
26122318,26122319,1791156947,1791156959,12
26122319,26122320,1791156959,1791156971,12
26122320,26122321,1791156971,1791156983,12
26122321,26122322,1791156983,1791156995,12
26122322,26122323,1791156995,1791157007,12
26122323,26122324,1791157007,1791157019,12
26122324,26122325,1791157019,1791157031,12
26122325,26122326,1791157031,1791157043,12
26122326,26122327,1791157043,1791157055,12
26122327,26122328,1791157055,1791157067,12
26122328,26122329,1791157067,1791157079,12
26122329,26122330,1791157079,1791157091,12
26122330,26122331,1791157091,1791157103,12
26122331,26122332,1791157103,1791157115,12
26122332,26122333,1791157115,1791157127,12
26122333,26122334,1791157127,1791157139,12
26122334,26122335,1791157139,1791157151,12
26122335,26122336,1791157151,1791157163,12
26122336,26122337,1791157163,1791157175,12
26122337,26122338,1791157175,1791157187,12
26122338,26122339,1791157187,1791157199,12
26122339,26122340,1791157199,1791157211,12
26122340,26122341,1791157211,1791157223,12
26122341,26122342,1791157223,1791157235,12
26122342,26122343,1791157235,1791157247,12
26122343,26122344,1791157247,1791157259,12
26122344,26122345,1791157259,1791157271,12
26122345,26122346,1791157271,1791157283,12
26122346,26122347,1791157283,1791157295,12
26122347,26122348,1791157295,1791157307,12
26122348,26122349,1791157307,1791157319,12
26122349,26122350,1791157319,1791157331,12
26122350,26122351,1791157331,1791157343,12
26122351,26122352,1791157343,1791157355,12
26122352,26122353,1791157355,1791157367,12
26122353,26122354,1791157367,1791157379,12
26122354,26122355,1791157379,1791157391,12
26122355,26122356,1791157391,1791157403,12
26122356,26122357,1791157403,1791157415,12
26122357,26122358,1791157415,1791157427,12
26122358,26122359,1791157427,1791157439,12
26122359,26122360,1791157439,1791157451,12
26122360,26122361,1791157451,1791157463,12
26122361,26122362,1791157463,1791157475,12
26122362,26122363,1791157475,1791157487,12
26122363,26122364,1791157487,1791157499,12
26122364,26122365,1791157499,1791157511,12
26122365,26122366,1791157511,1791157523,12
26122366,26122367,1791157523,1791157535,12
26122367,26122368,1791157535,1791157547,12
26122368,26122369,1791157547,1791157559,12
26122369,26122370,1791157559,1791157571,12
26122370,26122371,1791157571,1791157583,12
26122371,26122372,1791157583,1791157595,12
26122372,26122373,1791157595,1791157607,12
26122373,26122374,1791157607,1791157619,12
26122374,26122375,1791157619,1791157631,12
26122375,26122376,1791157631,1791157643,12
26122376,26122377,1791157643,1791157655,12
26122377,26122378,1791157655,1791157667,12
26122378,26122379,1791157667,1791157679,12
26122379,26122380,1791157679,1791157691,12
26122380,26122381,1791157691,1791157703,12
26122381,26122382,1791157703,1791157715,12
26122382,26122383,1791157715,1791157727,12
26122383,26122384,1791157727,1791157739,12
26122384,26122385,1791157739,1791157751,12
26122385,26122386,1791157751,1791157763,12
26122386,26122387,1791157763,1791157775,12
26122387,26122388,1791157775,1791157787,12
26122388,26122389,1791157787,1791157799,12
26122389,26122390,1791157799,1791157811,12
26122390,26122391,1791157811,1791157823,12
26122391,26122392,1791157823,1791157835,12
26122392,26122393,1791157835,1791157847,12
26122393,26122394,1791157847,1791157859,12
26122394,26122395,1791157859,1791157871,12
26122395,26122396,1791157871,1791157883,12
26122396,26122397,1791157883,1791157895,12
26122397,26122398,1791157895,1791157907,12
26122398,26122399,1791157907,1791157919,12
26122399,26122400,1791157919,1791157931,12
26122400,26122401,1791157931,1791157943,12
26122401,26122402,1791157943,1791157955,12
26122402,26122403,1791157955,1791157967,12
26122403,26122404,1791157967,1791157979,12
26122404,26122405,1791157979,1791157991,12
26122405,26122406,1791157991,1791158003,12
26122406,26122407,1791158003,1791158015,12
26122407,26122408,1791158015,1791158027,12
26122408,26122409,1791158027,1791158039,12
26122409,26122410,1791158039,1791158051,12
26122410,26122411,1791158051,1791158063,12
26122411,26122412,1791158063,1791158075,12
26122412,26122413,1791158075,1791158087,12
26122413,26122414,1791158087,1791158099,12
26122414,26122415,1791158099,1791158111,12
26122415,26122416,1791158111,1791158123,12
26122416,26122417,1791158123,1791158135,12
26122417,26122418,1791158135,1791158147,12
26122418,26122419,1791158147,1791158159,12
26122419,26122420,1791158159,1791158171,12
26122420,26122421,1791158171,1791158183,12
26122421,26122422,1791158183,1791158195,12
26122422,26122423,1791158195,1791158207,12
26122423,26122424,1791158207,1791158219,12
26122424,26122425,1791158219,1791158231,12
26122425,26122426,1791158231,1791158243,12
26122426,26122427,1791158243,1791158255,12
26122427,26122428,1791158255,1791158267,12
26122428,26122429,1791158267,1791158279,12
26122429,26122430,1791158279,1791158291,12
26122430,26122431,1791158291,1791158303,12
26122431,26122432,1791158303,1791158315,12
26122432,26122433,1791158315,1791158327,12
26122433,26122434,1791158327,1791158339,12
26122434,26122435,1791158339,1791158351,12
26122435,26122436,1791158351,1791158363,12
26122436,26122437,1791158363,1791158375,12
26122437,26122438,1791158375,1791158387,12
26122438,26122439,1791158387,1791158399,12
26122439,26122440,1791158399,1791158411,12
26122440,26122441,1791158411,1791158423,12
26122441,26122442,1791158423,1791158435,12
26122442,26122443,1791158435,1791158447,12
26122443,26122444,1791158447,1791158459,12
26122444,26122445,1791158459,1791158471,12
26122445,26122446,1791158471,1791158483,12
26122446,26122447,1791158483,1791158495,12
26122447,26122448,1791158495,1791158507,12
26122448,26122449,1791158507,1791158519,12
26122449,26122450,1791158519,1791158531,12
26122450,26122451,1791158531,1791158543,12
26122451,26122452,1791158543,1791158555,12
26122452,26122453,1791158555,1791158567,12
26122453,26122454,1791158567,1791158579,12
26122454,26122455,1791158579,1791158591,12
26122455,26122456,1791158591,1791158603,12
26122456,26122457,1791158603,1791158615,12
26122457,26122458,1791158615,1791158627,12
26122458,26122459,1791158627,1791158639,12
26122459,26122460,1791158639,1791158651,12
26122460,26122461,1791158651,1791158663,12
26122461,26122462,1791158663,1791158675,12
26122462,26122463,1791158675,1791158687,12
26122463,26122464,1791158687,1791158699,12
26122464,26122465,1791158699,1791158711,12
26122465,26122466,1791158711,1791158723,12
26122466,26122467,1791158723,1791158735,12
26122467,26122468,1791158735,1791158759,24
26122468,26122469,1791158759,1791158771,12
26122469,26122470,1791158771,1791158783,12
26122470,26122471,1791158783,1791158795,12
26122471,26122472,1791158795,1791158807,12
26122472,26122473,1791158807,1791158819,12
26122473,26122474,1791158819,1791158831,12
26122474,26122475,1791158831,1791158843,12
26122475,26122476,1791158843,1791158855,12
26122476,26122477,1791158855,1791158867,12
26122477,26122478,1791158867,1791158879,12
26122478,26122479,1791158879,1791158891,12
26122479,26122480,1791158891,1791158903,12
26122480,26122481,1791158903,1791158915,12
26122481,26122482,1791158915,1791158927,12
26122482,26122483,1791158927,1791158939,12
26122483,26122484,1791158939,1791158951,12
26122484,26122485,1791158951,1791158963,12
26122485,26122486,1791158963,1791158975,12
26122486,26122487,1791158975,1791158987,12
26122487,26122488,1791158987,1791158999,12
26122488,26122489,1791158999,1791159011,12
26122489,26122490,1791159011,1791159023,12
26122490,26122491,1791159023,1791159035,12
26122491,26122492,1791159035,1791159047,12
26122492,26122493,1791159047,1791159059,12
26122493,26122494,1791159059,1791159071,12
26122494,26122495,1791159071,1791159083,12
26122495,26122496,1791159083,1791159095,12
26122496,26122497,1791159095,1791159107,12
26122497,26122498,1791159107,1791159119,12
26122498,26122499,1791159119,1791159131,12
26122499,26122500,1791159131,1791159143,12
26122500,26122501,1791159143,1791159155,12
26122501,26122502,1791159155,1791159167,12
26122502,26122503,1791159167,1791159179,12
26122503,26122504,1791159179,1791159191,12
26122504,26122505,1791159191,1791159203,12
26122505,26122506,1791159203,1791159215,12
26122506,26122507,1791159215,1791159227,12
26122507,26122508,1791159227,1791159239,12
26122508,26122509,1791159239,1791159251,12
26122509,26122510,1791159251,1791159263,12
26122510,26122511,1791159263,1791159275,12
26122511,26122512,1791159275,1791159287,12
26122512,26122513,1791159287,1791159299,12
26122513,26122514,1791159299,1791159311,12
26122514,26122515,1791159311,1791159323,12
26122515,26122516,1791159323,1791159335,12
26122516,26122517,1791159335,1791159347,12
26122517,26122518,1791159347,1791159359,12
26122518,26122519,1791159359,1791159371,12
26122519,26122520,1791159371,1791159383,12
26122520,26122521,1791159383,1791159395,12
26122521,26122522,1791159395,1791159407,12
26122522,26122523,1791159407,1791159419,12
26122523,26122524,1791159419,1791159431,12
26122524,26122525,1791159431,1791159443,12
26122525,26122526,1791159443,1791159455,12
26122526,26122527,1791159455,1791159467,12
26122527,26122528,1791159467,1791159479,12
26122528,26122529,1791159479,1791159491,12
26122529,26122530,1791159491,1791159503,12
26122530,26122531,1791159503,1791159515,12
26122531,26122532,1791159515,1791159527,12
26122532,26122533,1791159527,1791159539,12
26122533,26122534,1791159539,1791159551,12
26122534,26122535,1791159551,1791159563,12
26122535,26122536,1791159563,1791159575,12
26122536,26122537,1791159575,1791159587,12
26122537,26122538,1791159587,1791159599,12
26122538,26122539,1791159599,1791159611,12
26122539,26122540,1791159611,1791159623,12
26122540,26122541,1791159623,1791159635,12
26122541,26122542,1791159635,1791159647,12
26122542,26122543,1791159647,1791159659,12
26122543,26122544,1791159659,1791159671,12
26122544,26122545,1791159671,1791159683,12
26122545,26122546,1791159683,1791159695,12
26122546,26122547,1791159695,1791159707,12
26122547,26122548,1791159707,1791159719,12
26122548,26122549,1791159719,1791159731,12
26122549,26122550,1791159731,1791159743,12
26122550,26122551,1791159743,1791159755,12
26122551,26122552,1791159755,1791159767,12
26122552,26122553,1791159767,1791159779,12
26122553,26122554,1791159779,1791159791,12
26122554,26122555,1791159791,1791159803,12
26122555,26122556,1791159803,1791159815,12
26122556,26122557,1791159815,1791159827,12
26122557,26122558,1791159827,1791159839,12
26122558,26122559,1791159839,1791159851,12
26122559,26122560,1791159851,1791159863,12
26122560,26122561,1791159863,1791159875,12
26122561,26122562,1791159875,1791159887,12
26122562,26122563,1791159887,1791159899,12
26122563,26122564,1791159899,1791159911,12
26122564,26122565,1791159911,1791159923,12
26122565,26122566,1791159923,1791159935,12
26122566,26122567,1791159935,1791159947,12
26122567,26122568,1791159947,1791159959,12
26122568,26122569,1791159959,1791159971,12
26122569,26122570,1791159971,1791159983,12
26122570,26122571,1791159983,1791159995,12
26122571,26122572,1791159995,1791160007,12
26122572,26122573,1791160007,1791160019,12
26122573,26122574,1791160019,1791160031,12
26122574,26122575,1791160031,1791160043,12
26122575,26122576,1791160043,1791160055,12
26122576,26122577,1791160055,1791160067,12
26122577,26122578,1791160067,1791160079,12
26122578,26122579,1791160079,1791160091,12
26122579,26122580,1791160091,1791160103,12
26122580,26122581,1791160103,1791160115,12
26122581,26122582,1791160115,1791160127,12
26122582,26122583,1791160127,1791160139,12
26122583,26122584,1791160139,1791160151,12
26122584,26122585,1791160151,1791160163,12
26122585,26122586,1791160163,1791160175,12
26122586,26122587,1791160175,1791160187,12
26122587,26122588,1791160187,1791160199,12
26122588,26122589,1791160199,1791160211,12
26122589,26122590,1791160211,1791160223,12
26122590,26122591,1791160223,1791160235,12
26122591,26122592,1791160235,1791160247,12
26122592,26122593,1791160247,1791160259,12
26122593,26122594,1791160259,1791160271,12
26122594,26122595,1791160271,1791160283,12
26122595,26122596,1791160283,1791160295,12
26122596,26122597,1791160295,1791160307,12
26122597,26122598,1791160307,1791160319,12
26122598,26122599,1791160319,1791160331,12
26122599,26122600,1791160331,1791160343,12
26122600,26122601,1791160343,1791160355,12
26122601,26122602,1791160355,1791160367,12
26122602,26122603,1791160367,1791160379,12
26122603,26122604,1791160379,1791160391,12
26122604,26122605,1791160391,1791160403,12
26122605,26122606,1791160403,1791160415,12
26122606,26122607,1791160415,1791160427,12
26122607,26122608,1791160427,1791160439,12
26122608,26122609,1791160439,1791160451,12
26122609,26122610,1791160451,1791160463,12
26122610,26122611,1791160463,1791160475,12
26122611,26122612,1791160475,1791160487,12
26122612,26122613,1791160487,1791160499,12
26122613,26122614,1791160499,1791160511,12
26122614,26122615,1791160511,1791160523,12
26122615,26122616,1791160523,1791160535,12
26122616,26122617,1791160535,1791160547,12
26122617,26122618,1791160547,1791160559,12
26122618,26122619,1791160559,1791160571,12
26122619,26122620,1791160571,1791160583,12
26122620,26122621,1791160583,1791160595,12
26122621,26122622,1791160595,1791160607,12
26122622,26122623,1791160607,1791160619,12
26122623,26122624,1791160619,1791160631,12
26122624,26122625,1791160631,1791160643,12
26122625,26122626,1791160643,1791160655,12
26122626,26122627,1791160655,1791160667,12
26122627,26122628,1791160667,1791160679,12
26122628,26122629,1791160679,1791160691,12
26122629,26122630,1791160691,1791160703,12
26122630,26122631,1791160703,1791160715,12
26122631,26122632,1791160715,1791160727,12
26122632,26122633,1791160727,1791160739,12
26122633,26122634,1791160739,1791160751,12
26122634,26122635,1791160751,1791160763,12
26122635,26122636,1791160763,1791160775,12
26122636,26122637,1791160775,1791160787,12
26122637,26122638,1791160787,1791160799,12
26122638,26122639,1791160799,1791160811,12
26122639,26122640,1791160811,1791160823,12
26122640,26122641,1791160823,1791160835,12
26122641,26122642,1791160835,1791160847,12
26122642,26122643,1791160847,1791160859,12
26122643,26122644,1791160859,1791160871,12
26122644,26122645,1791160871,1791160883,12
26122645,26122646,1791160883,1791160895,12
26122646,26122647,1791160895,1791160907,12
26122647,26122648,1791160907,1791160919,12
26122648,26122649,1791160919,1791160931,12
26122649,26122650,1791160931,1791160943,12
26122650,26122651,1791160943,1791160955,12
26122651,26122652,1791160955,1791160967,12
26122652,26122653,1791160967,1791160979,12
26122653,26122654,1791160979,1791160991,12
26122654,26122655,1791160991,1791161003,12
26122655,26122656,1791161003,1791161015,12
26122656,26122657,1791161015,1791161027,12
26122657,26122658,1791161027,1791161039,12
26122658,26122659,1791161039,1791161051,12
26122659,26122660,1791161051,1791161063,12
26122660,26122661,1791161063,1791161075,12
26122661,26122662,1791161075,1791161087,12
26122662,26122663,1791161087,1791161099,12
26122663,26122664,1791161099,1791161111,12
26122664,26122665,1791161111,1791161123,12
26122665,26122666,1791161123,1791161135,12
26122666,26122667,1791161135,1791161147,12
26122667,26122668,1791161147,1791161159,12
26122668,26122669,1791161159,1791161171,12
26122669,26122670,1791161171,1791161183,12
26122670,26122671,1791161183,1791161195,12
26122671,26122672,1791161195,1791161207,12
26122672,26122673,1791161207,1791161219,12
26122673,26122674,1791161219,1791161231,12
26122674,26122675,1791161231,1791161243,12
26122675,26122676,1791161243,1791161255,12
26122676,26122677,1791161255,1791161267,12
26122677,26122678,1791161267,1791161279,12
26122678,26122679,1791161279,1791161291,12
26122679,26122680,1791161291,1791161303,12
26122680,26122681,1791161303,1791161315,12
26122681,26122682,1791161315,1791161327,12
26122682,26122683,1791161327,1791161339,12
26122683,26122684,1791161339,1791161351,12
26122684,26122685,1791161351,1791161363,12
26122685,26122686,1791161363,1791161375,12
26122686,26122687,1791161375,1791161387,12
26122687,26122688,1791161387,1791161399,12
26122688,26122689,1791161399,1791161411,12
26122689,26122690,1791161411,1791161423,12
26122690,26122691,1791161423,1791161435,12
26122691,26122692,1791161435,1791161447,12
26122692,26122693,1791161447,1791161459,12
26122693,26122694,1791161459,1791161471,12
26122694,26122695,1791161471,1791161483,12
26122695,26122696,1791161483,1791161495,12
26122696,26122697,1791161495,1791161507,12
26122697,26122698,1791161507,1791161519,12
26122698,26122699,1791161519,1791161531,12
26122699,26122700,1791161531,1791161543,12
26122700,26122701,1791161543,1791161555,12
26122701,26122702,1791161555,1791161567,12
26122702,26122703,1791161567,1791161579,12
26122703,26122704,1791161579,1791161591,12
26122704,26122705,1791161591,1791161603,12
26122705,26122706,1791161603,1791161615,12
26122706,26122707,1791161615,1791161627,12
26122707,26122708,1791161627,1791161639,12
26122708,26122709,1791161639,1791161651,12
26122709,26122710,1791161651,1791161663,12
26122710,26122711,1791161663,1791161675,12
26122711,26122712,1791161675,1791161687,12
26122712,26122713,1791161687,1791161699,12
26122713,26122714,1791161699,1791161711,12
26122714,26122715,1791161711,1791161723,12
26122715,26122716,1791161723,1791161735,12
26122716,26122717,1791161735,1791161747,12
26122717,26122718,1791161747,1791161759,12
26122718,26122719,1791161759,1791161771,12
26122719,26122720,1791161771,1791161783,12
26122720,26122721,1791161783,1791161795,12
26122721,26122722,1791161795,1791161807,12
26122722,26122723,1791161807,1791161819,12
26122723,26122724,1791161819,1791161831,12
26122724,26122725,1791161831,1791161843,12
26122725,26122726,1791161843,1791161855,12
26122726,26122727,1791161855,1791161867,12
26122727,26122728,1791161867,1791161879,12
26122728,26122729,1791161879,1791161891,12
26122729,26122730,1791161891,1791161903,12
26122730,26122731,1791161903,1791161915,12
26122731,26122732,1791161915,1791161927,12
26122732,26122733,1791161927,1791161939,12
26122733,26122734,1791161939,1791161951,12
26122734,26122735,1791161951,1791161963,12
26122735,26122736,1791161963,1791161975,12
26122736,26122737,1791161975,1791161987,12
26122737,26122738,1791161987,1791161999,12
26122738,26122739,1791161999,1791162011,12
26122739,26122740,1791162011,1791162023,12
26122740,26122741,1791162023,1791162035,12
26122741,26122742,1791162035,1791162047,12
26122742,26122743,1791162047,1791162059,12
26122743,26122744,1791162059,1791162071,12
26122744,26122745,1791162071,1791162083,12
26122745,26122746,1791162083,1791162095,12
26122746,26122747,1791162095,1791162107,12
26122747,26122748,1791162107,1791162119,12
26122748,26122749,1791162119,1791162131,12
26122749,26122750,1791162131,1791162143,12
26122750,26122751,1791162143,1791162155,12
26122751,26122752,1791162155,1791162167,12
26122752,26122753,1791162167,1791162179,12
26122753,26122754,1791162179,1791162191,12
26122754,26122755,1791162191,1791162203,12
26122755,26122756,1791162203,1791162215,12
26122756,26122757,1791162215,1791162227,12
26122757,26122758,1791162227,1791162239,12
26122758,26122759,1791162239,1791162251,12
26122759,26122760,1791162251,1791162263,12
26122760,26122761,1791162263,1791162275,12
26122761,26122762,1791162275,1791162287,12
26122762,26122763,1791162287,1791162299,12
26122763,26122764,1791162299,1791162311,12
26122764,26122765,1791162311,1791162323,12
26122765,26122766,1791162323,1791162335,12
26122766,26122767,1791162335,1791162347,12
26122767,26122768,1791162347,1791162359,12
26122768,26122769,1791162359,1791162371,12
26122769,26122770,1791162371,1791162383,12
26122770,26122771,1791162383,1791162395,12
26122771,26122772,1791162395,1791162407,12
26122772,26122773,1791162407,1791162419,12
26122773,26122774,1791162419,1791162431,12
26122774,26122775,1791162431,1791162443,12
26122775,26122776,1791162443,1791162455,12
26122776,26122777,1791162455,1791162467,12
26122777,26122778,1791162467,1791162479,12
26122778,26122779,1791162479,1791162491,12
26122779,26122780,1791162491,1791162503,12
26122780,26122781,1791162503,1791162515,12
26122781,26122782,1791162515,1791162527,12
26122782,26122783,1791162527,1791162539,12
26122783,26122784,1791162539,1791162551,12
26122784,26122785,1791162551,1791162563,12
26122785,26122786,1791162563,1791162575,12
26122786,26122787,1791162575,1791162587,12
26122787,26122788,1791162587,1791162599,12
26122788,26122789,1791162599,1791162611,12
26122789,26122790,1791162611,1791162623,12
26122790,26122791,1791162623,1791162635,12
26122791,26122792,1791162635,1791162647,12
26122792,26122793,1791162647,1791162659,12
26122793,26122794,1791162659,1791162671,12
26122794,26122795,1791162671,1791162683,12
26122795,26122796,1791162683,1791162695,12
26122796,26122797,1791162695,1791162707,12
26122797,26122798,1791162707,1791162719,12
26122798,26122799,1791162719,1791162731,12
26122799,26122800,1791162731,1791162743,12
26122800,26122801,1791162743,1791162755,12
26122801,26122802,1791162755,1791162767,12
26122802,26122803,1791162767,1791162779,12
26122803,26122804,1791162779,1791162791,12
26122804,26122805,1791162791,1791162803,12
26122805,26122806,1791162803,1791162815,12
26122806,26122807,1791162815,1791162827,12
26122807,26122808,1791162827,1791162839,12
26122808,26122809,1791162839,1791162851,12
26122809,26122810,1791162851,1791162863,12
26122810,26122811,1791162863,1791162875,12
26122811,26122812,1791162875,1791162887,12
26122812,26122813,1791162887,1791162899,12
26122813,26122814,1791162899,1791162911,12
26122814,26122815,1791162911,1791162923,12
26122815,26122816,1791162923,1791162935,12
26122816,26122817,1791162935,1791162947,12
26122817,26122818,1791162947,1791162959,12
26122818,26122819,1791162959,1791162971,12
26122819,26122820,1791162971,1791162983,12
26122820,26122821,1791162983,1791162995,12
26122821,26122822,1791162995,1791163007,12
26122822,26122823,1791163007,1791163019,12
26122823,26122824,1791163019,1791163031,12
26122824,26122825,1791163031,1791163043,12
26122825,26122826,1791163043,1791163055,12
26122826,26122827,1791163055,1791163067,12
26122827,26122828,1791163067,1791163079,12
26122828,26122829,1791163079,1791163091,12
26122829,26122830,1791163091,1791163103,12
26122830,26122831,1791163103,1791163115,12
26122831,26122832,1791163115,1791163127,12
26122832,26122833,1791163127,1791163139,12
26122833,26122834,1791163139,1791163151,12
26122834,26122835,1791163151,1791163163,12
26122835,26122836,1791163163,1791163175,12
26122836,26122837,1791163175,1791163187,12
26122837,26122838,1791163187,1791163199,12
26122838,26122839,1791163199,1791163211,12
26122839,26122840,1791163211,1791163223,12
26122840,26122841,1791163223,1791163235,12
26122841,26122842,1791163235,1791163247,12
26122842,26122843,1791163247,1791163259,12
26122843,26122844,1791163259,1791163271,12
26122844,26122845,1791163271,1791163283,12
26122845,26122846,1791163283,1791163295,12
26122846,26122847,1791163295,1791163307,12
26122847,26122848,1791163307,1791163319,12
26122848,26122849,1791163319,1791163331,12
26122849,26122850,1791163331,1791163343,12
26122850,26122851,1791163343,1791163355,12
26122851,26122852,1791163355,1791163367,12
26122852,26122853,1791163367,1791163379,12
26122853,26122854,1791163379,1791163391,12
26122854,26122855,1791163391,1791163403,12
26122855,26122856,1791163403,1791163415,12
26122856,26122857,1791163415,1791163427,12
26122857,26122858,1791163427,1791163439,12
26122858,26122859,1791163439,1791163451,12
26122859,26122860,1791163451,1791163463,12
26122860,26122861,1791163463,1791163475,12
26122861,26122862,1791163475,1791163487,12
26122862,26122863,1791163487,1791163499,12
26122863,26122864,1791163499,1791163511,12
26122864,26122865,1791163511,1791163523,12
26122865,26122866,1791163523,1791163535,12
26122866,26122867,1791163535,1791163547,12
26122867,26122868,1791163547,1791163559,12
26122868,26122869,1791163559,1791163571,12
26122869,26122870,1791163571,1791163583,12
26122870,26122871,1791163583,1791163595,12
26122871,26122872,1791163595,1791163607,12
26122872,26122873,1791163607,1791163619,12
26122873,26122874,1791163619,1791163631,12
26122874,26122875,1791163631,1791163643,12
26122875,26122876,1791163643,1791163655,12
26122876,26122877,1791163655,1791163667,12
26122877,26122878,1791163667,1791163679,12
26122878,26122879,1791163679,1791163691,12
26122879,26122880,1791163691,1791163703,12
26122880,26122881,1791163703,1791163715,12
26122881,26122882,1791163715,1791163727,12
26122882,26122883,1791163727,1791163739,12
26122883,26122884,1791163739,1791163751,12
26122884,26122885,1791163751,1791163763,12
26122885,26122886,1791163763,1791163775,12
26122886,26122887,1791163775,1791163787,12
26122887,26122888,1791163787,1791163799,12
26122888,26122889,1791163799,1791163811,12
26122889,26122890,1791163811,1791163823,12
26122890,26122891,1791163823,1791163835,12
26122891,26122892,1791163835,1791163847,12
26122892,26122893,1791163847,1791163859,12
26122893,26122894,1791163859,1791163871,12
26122894,26122895,1791163871,1791163883,12
26122895,26122896,1791163883,1791163895,12
26122896,26122897,1791163895,1791163907,12
26122897,26122898,1791163907,1791163919,12
26122898,26122899,1791163919,1791163931,12
26122899,26122900,1791163931,1791163943,12
26122900,26122901,1791163943,1791163955,12
26122901,26122902,1791163955,1791163967,12
26122902,26122903,1791163967,1791163979,12
26122903,26122904,1791163979,1791163991,12
26122904,26122905,1791163991,1791164003,12
26122905,26122906,1791164003,1791164015,12
26122906,26122907,1791164015,1791164027,12
26122907,26122908,1791164027,1791164039,12
26122908,26122909,1791164039,1791164051,12
26122909,26122910,1791164051,1791164063,12
26122910,26122911,1791164063,1791164075,12
26122911,26122912,1791164075,1791164087,12
26122912,26122913,1791164087,1791164099,12
26122913,26122914,1791164099,1791164111,12
26122914,26122915,1791164111,1791164123,12
26122915,26122916,1791164123,1791164135,12
26122916,26122917,1791164135,1791164147,12
26122917,26122918,1791164147,1791164159,12
26122918,26122919,1791164159,1791164171,12
26122919,26122920,1791164171,1791164183,12
26122920,26122921,1791164183,1791164195,12
26122921,26122922,1791164195,1791164207,12
26122922,26122923,1791164207,1791164219,12
26122923,26122924,1791164219,1791164231,12
26122924,26122925,1791164231,1791164243,12
26122925,26122926,1791164243,1791164255,12
26122926,26122927,1791164255,1791164267,12
26122927,26122928,1791164267,1791164279,12
26122928,26122929,1791164279,1791164291,12
26122929,26122930,1791164291,1791164303,12
26122930,26122931,1791164303,1791164315,12
26122931,26122932,1791164315,1791164327,12
26122932,26122933,1791164327,1791164339,12
26122933,26122934,1791164339,1791164351,12
26122934,26122935,1791164351,1791164363,12
26122935,26122936,1791164363,1791164375,12
26122936,26122937,1791164375,1791164387,12
26122937,26122938,1791164387,1791164399,12
26122938,26122939,1791164399,1791164411,12
26122939,26122940,1791164411,1791164423,12
26122940,26122941,1791164423,1791164435,12
26122941,26122942,1791164435,1791164447,12
26122942,26122943,1791164447,1791164459,12
26122943,26122944,1791164459,1791164471,12
26122944,26122945,1791164471,1791164483,12
26122945,26122946,1791164483,1791164495,12
26122946,26122947,1791164495,1791164507,12
26122947,26122948,1791164507,1791164519,12
26122948,26122949,1791164519,1791164531,12
26122949,26122950,1791164531,1791164543,12
26122950,26122951,1791164543,1791164555,12
26122951,26122952,1791164555,1791164567,12
26122952,26122953,1791164567,1791164579,12
26122953,26122954,1791164579,1791164591,12
26122954,26122955,1791164591,1791164603,12
26122955,26122956,1791164603,1791164615,12
26122956,26122957,1791164615,1791164627,12
26122957,26122958,1791164627,1791164639,12
26122958,26122959,1791164639,1791164651,12
26122959,26122960,1791164651,1791164663,12
26122960,26122961,1791164663,1791164675,12
26122961,26122962,1791164675,1791164687,12
26122962,26122963,1791164687,1791164699,12
26122963,26122964,1791164699,1791164711,12
26122964,26122965,1791164711,1791164723,12
26122965,26122966,1791164723,1791164735,12
26122966,26122967,1791164735,1791164747,12
26122967,26122968,1791164747,1791164759,12
26122968,26122969,1791164759,1791164771,12
26122969,26122970,1791164771,1791164783,12
26122970,26122971,1791164783,1791164795,12
26122971,26122972,1791164795,1791164807,12
26122972,26122973,1791164807,1791164819,12
26122973,26122974,1791164819,1791164831,12
26122974,26122975,1791164831,1791164843,12
26122975,26122976,1791164843,1791164855,12
26122976,26122977,1791164855,1791164867,12
26122977,26122978,1791164867,1791164879,12
26122978,26122979,1791164879,1791164891,12
26122979,26122980,1791164891,1791164903,12
26122980,26122981,1791164903,1791164915,12
26122981,26122982,1791164915,1791164927,12
26122982,26122983,1791164927,1791164939,12
26122983,26122984,1791164939,1791164951,12
26122984,26122985,1791164951,1791164963,12
26122985,26122986,1791164963,1791164975,12
26122986,26122987,1791164975,1791164987,12
26122987,26122988,1791164987,1791164999,12
26122988,26122989,1791164999,1791165011,12
26122989,26122990,1791165011,1791165023,12
26122990,26122991,1791165023,1791165035,12
26122991,26122992,1791165035,1791165047,12
26122992,26122993,1791165047,1791165059,12
26122993,26122994,1791165059,1791165071,12
26122994,26122995,1791165071,1791165083,12
26122995,26122996,1791165083,1791165095,12
26122996,26122997,1791165095,1791165107,12
26122997,26122998,1791165107,1791165119,12
26122998,26122999,1791165119,1791165131,12
26122999,26123000,1791165131,1791165143,12
26123000,26123001,1791165143,1791165155,12
26123001,26123002,1791165155,1791165167,12
26123002,26123003,1791165167,1791165179,12
26123003,26123004,1791165179,1791165191,12
26123004,26123005,1791165191,1791165203,12
26123005,26123006,1791165203,1791165215,12
26123006,26123007,1791165215,1791165227,12
26123007,26123008,1791165227,1791165239,12
26123008,26123009,1791165239,1791165251,12
26123009,26123010,1791165251,1791165263,12
26123010,26123011,1791165263,1791165275,12
26123011,26123012,1791165275,1791165287,12
26123012,26123013,1791165287,1791165299,12
26123013,26123014,1791165299,1791165311,12
26123014,26123015,1791165311,1791165323,12
26123015,26123016,1791165323,1791165335,12
26123016,26123017,1791165335,1791165347,12
26123017,26123018,1791165347,1791165359,12
26123018,26123019,1791165359,1791165371,12
26123019,26123020,1791165371,1791165383,12
26123020,26123021,1791165383,1791165395,12
26123021,26123022,1791165395,1791165407,12
26123022,26123023,1791165407,1791165419,12
26123023,26123024,1791165419,1791165431,12
26123024,26123025,1791165431,1791165443,12
26123025,26123026,1791165443,1791165455,12
26123026,26123027,1791165455,1791165467,12
26123027,26123028,1791165467,1791165479,12
26123028,26123029,1791165479,1791165491,12
26123029,26123030,1791165491,1791165503,12
26123030,26123031,1791165503,1791165515,12
26123031,26123032,1791165515,1791165527,12
26123032,26123033,1791165527,1791165539,12
26123033,26123034,1791165539,1791165551,12
26123034,26123035,1791165551,1791165563,12
26123035,26123036,1791165563,1791165575,12
26123036,26123037,1791165575,1791165587,12
26123037,26123038,1791165587,1791165599,12
26123038,26123039,1791165599,1791165611,12
26123039,26123040,1791165611,1791165623,12
26123040,26123041,1791165623,1791165635,12
26123041,26123042,1791165635,1791165647,12
26123042,26123043,1791165647,1791165659,12
26123043,26123044,1791165659,1791165671,12
26123044,26123045,1791165671,1791165683,12
26123045,26123046,1791165683,1791165695,12
26123046,26123047,1791165695,1791165707,12
26123047,26123048,1791165707,1791165719,12
26123048,26123049,1791165719,1791165731,12
26123049,26123050,1791165731,1791165743,12
26123050,26123051,1791165743,1791165755,12
26123051,26123052,1791165755,1791165767,12
26123052,26123053,1791165767,1791165779,12
26123053,26123054,1791165779,1791165791,12
26123054,26123055,1791165791,1791165803,12
26123055,26123056,1791165803,1791165815,12
26123056,26123057,1791165815,1791165827,12
26123057,26123058,1791165827,1791165839,12
26123058,26123059,1791165839,1791165851,12
26123059,26123060,1791165851,1791165863,12
26123060,26123061,1791165863,1791165875,12
26123061,26123062,1791165875,1791165887,12
26123062,26123063,1791165887,1791165899,12
26123063,26123064,1791165899,1791165911,12
26123064,26123065,1791165911,1791165923,12
26123065,26123066,1791165923,1791165935,12
26123066,26123067,1791165935,1791165947,12
26123067,26123068,1791165947,1791165959,12
26123068,26123069,1791165959,1791165971,12
26123069,26123070,1791165971,1791165983,12
26123070,26123071,1791165983,1791165995,12
26123071,26123072,1791165995,1791166007,12
26123072,26123073,1791166007,1791166019,12
26123073,26123074,1791166019,1791166031,12
26123074,26123075,1791166031,1791166043,12
26123075,26123076,1791166043,1791166055,12
26123076,26123077,1791166055,1791166067,12
26123077,26123078,1791166067,1791166079,12
26123078,26123079,1791166079,1791166091,12
26123079,26123080,1791166091,1791166103,12
26123080,26123081,1791166103,1791166115,12
26123081,26123082,1791166115,1791166127,12
26123082,26123083,1791166127,1791166139,12
26123083,26123084,1791166139,1791166151,12
26123084,26123085,1791166151,1791166163,12
26123085,26123086,1791166163,1791166175,12
26123086,26123087,1791166175,1791166187,12
26123087,26123088,1791166187,1791166199,12
26123088,26123089,1791166199,1791166211,12
26123089,26123090,1791166211,1791166223,12
26123090,26123091,1791166223,1791166235,12
26123091,26123092,1791166235,1791166247,12
26123092,26123093,1791166247,1791166259,12
26123093,26123094,1791166259,1791166271,12
26123094,26123095,1791166271,1791166283,12
26123095,26123096,1791166283,1791166295,12
26123096,26123097,1791166295,1791166307,12
26123097,26123098,1791166307,1791166319,12
26123098,26123099,1791166319,1791166331,12
26123099,26123100,1791166331,1791166343,12
26123100,26123101,1791166343,1791166355,12
26123101,26123102,1791166355,1791166367,12
26123102,26123103,1791166367,1791166379,12
26123103,26123104,1791166379,1791166391,12
26123104,26123105,1791166391,1791166403,12
26123105,26123106,1791166403,1791166415,12
26123106,26123107,1791166415,1791166427,12
26123107,26123108,1791166427,1791166439,12
26123108,26123109,1791166439,1791166451,12
26123109,26123110,1791166451,1791166463,12
26123110,26123111,1791166463,1791166475,12
26123111,26123112,1791166475,1791166487,12
26123112,26123113,1791166487,1791166499,12
26123113,26123114,1791166499,1791166511,12
26123114,26123115,1791166511,1791166523,12
26123115,26123116,1791166523,1791166535,12
26123116,26123117,1791166535,1791166547,12
26123117,26123118,1791166547,1791166559,12
26123118,26123119,1791166559,1791166571,12
26123119,26123120,1791166571,1791166583,12
26123120,26123121,1791166583,1791166595,12
26123121,26123122,1791166595,1791166607,12
26123122,26123123,1791166607,1791166619,12
26123123,26123124,1791166619,1791166631,12
26123124,26123125,1791166631,1791166643,12
26123125,26123126,1791166643,1791166655,12
26123126,26123127,1791166655,1791166667,12
26123127,26123128,1791166667,1791166679,12
26123128,26123129,1791166679,1791166691,12
26123129,26123130,1791166691,1791166703,12
26123130,26123131,1791166703,1791166715,12
26123131,26123132,1791166715,1791166727,12
26123132,26123133,1791166727,1791166739,12
26123133,26123134,1791166739,1791166751,12
26123134,26123135,1791166751,1791166763,12
26123135,26123136,1791166763,1791166775,12
26123136,26123137,1791166775,1791166787,12
26123137,26123138,1791166787,1791166799,12
26123138,26123139,1791166799,1791166811,12
26123139,26123140,1791166811,1791166823,12
26123140,26123141,1791166823,1791166835,12
26123141,26123142,1791166835,1791166847,12
26123142,26123143,1791166847,1791166859,12
26123143,26123144,1791166859,1791166871,12
26123144,26123145,1791166871,1791166883,12
26123145,26123146,1791166883,1791166895,12
26123146,26123147,1791166895,1791166907,12
26123147,26123148,1791166907,1791166919,12
26123148,26123149,1791166919,1791166931,12
26123149,26123150,1791166931,1791166943,12
26123150,26123151,1791166943,1791166955,12
26123151,26123152,1791166955,1791166967,12
26123152,26123153,1791166967,1791166979,12
26123153,26123154,1791166979,1791166991,12
26123154,26123155,1791166991,1791167003,12
26123155,26123156,1791167003,1791167015,12
26123156,26123157,1791167015,1791167027,12
26123157,26123158,1791167027,1791167039,12
26123158,26123159,1791167039,1791167051,12
26123159,26123160,1791167051,1791167063,12
26123160,26123161,1791167063,1791167075,12
26123161,26123162,1791167075,1791167087,12
26123162,26123163,1791167087,1791167099,12
26123163,26123164,1791167099,1791167111,12
26123164,26123165,1791167111,1791167123,12
26123165,26123166,1791167123,1791167135,12
26123166,26123167,1791167135,1791167147,12
26123167,26123168,1791167147,1791167159,12
26123168,26123169,1791167159,1791167171,12
26123169,26123170,1791167171,1791167183,12
26123170,26123171,1791167183,1791167195,12
26123171,26123172,1791167195,1791167207,12
26123172,26123173,1791167207,1791167219,12
26123173,26123174,1791167219,1791167231,12
26123174,26123175,1791167231,1791167243,12
26123175,26123176,1791167243,1791167255,12
26123176,26123177,1791167255,1791167267,12
26123177,26123178,1791167267,1791167279,12
26123178,26123179,1791167279,1791167291,12
26123179,26123180,1791167291,1791167303,12
26123180,26123181,1791167303,1791167315,12
26123181,26123182,1791167315,1791167327,12
26123182,26123183,1791167327,1791167339,12
26123183,26123184,1791167339,1791167351,12
26123184,26123185,1791167351,1791167363,12
26123185,26123186,1791167363,1791167375,12
26123186,26123187,1791167375,1791167387,12
26123187,26123188,1791167387,1791167399,12
26123188,26123189,1791167399,1791167411,12
26123189,26123190,1791167411,1791167423,12
26123190,26123191,1791167423,1791167435,12
26123191,26123192,1791167435,1791167447,12
26123192,26123193,1791167447,1791167459,12
26123193,26123194,1791167459,1791167471,12
26123194,26123195,1791167471,1791167483,12
26123195,26123196,1791167483,1791167495,12
26123196,26123197,1791167495,1791167507,12
26123197,26123198,1791167507,1791167519,12
26123198,26123199,1791167519,1791167531,12
26123199,26123200,1791167531,1791167543,12
26123200,26123201,1791167543,1791167555,12
26123201,26123202,1791167555,1791167567,12
26123202,26123203,1791167567,1791167579,12
26123203,26123204,1791167579,1791167591,12
26123204,26123205,1791167591,1791167603,12
26123205,26123206,1791167603,1791167615,12
26123206,26123207,1791167615,1791167627,12
26123207,26123208,1791167627,1791167639,12
26123208,26123209,1791167639,1791167651,12
26123209,26123210,1791167651,1791167663,12
26123210,26123211,1791167663,1791167675,12
26123211,26123212,1791167675,1791167687,12
26123212,26123213,1791167687,1791167699,12
26123213,26123214,1791167699,1791167711,12
26123214,26123215,1791167711,1791167723,12
26123215,26123216,1791167723,1791167735,12
26123216,26123217,1791167735,1791167747,12
26123217,26123218,1791167747,1791167759,12
26123218,26123219,1791167759,1791167771,12
26123219,26123220,1791167771,1791167783,12
26123220,26123221,1791167783,1791167795,12
26123221,26123222,1791167795,1791167807,12
26123222,26123223,1791167807,1791167819,12
26123223,26123224,1791167819,1791167831,12
26123224,26123225,1791167831,1791167843,12
26123225,26123226,1791167843,1791167855,12
26123226,26123227,1791167855,1791167867,12
26123227,26123228,1791167867,1791167879,12
26123228,26123229,1791167879,1791167891,12
26123229,26123230,1791167891,1791167903,12
26123230,26123231,1791167903,1791167915,12
26123231,26123232,1791167915,1791167927,12
26123232,26123233,1791167927,1791167939,12
26123233,26123234,1791167939,1791167951,12
26123234,26123235,1791167951,1791167963,12
26123235,26123236,1791167963,1791167975,12
26123236,26123237,1791167975,1791167987,12
26123237,26123238,1791167987,1791167999,12
26123238,26123239,1791167999,1791168011,12
26123239,26123240,1791168011,1791168023,12
26123240,26123241,1791168023,1791168035,12
26123241,26123242,1791168035,1791168047,12
26123242,26123243,1791168047,1791168059,12
26123243,26123244,1791168059,1791168071,12
26123244,26123245,1791168071,1791168083,12
26123245,26123246,1791168083,1791168095,12
26123246,26123247,1791168095,1791168107,12
26123247,26123248,1791168107,1791168119,12
26123248,26123249,1791168119,1791168131,12
26123249,26123250,1791168131,1791168143,12
26123250,26123251,1791168143,1791168155,12
26123251,26123252,1791168155,1791168167,12
26123252,26123253,1791168167,1791168179,12
26123253,26123254,1791168179,1791168191,12
26123254,26123255,1791168191,1791168203,12
26123255,26123256,1791168203,1791168215,12
26123256,26123257,1791168215,1791168227,12
26123257,26123258,1791168227,1791168239,12
26123258,26123259,1791168239,1791168251,12
26123259,26123260,1791168251,1791168263,12
26123260,26123261,1791168263,1791168275,12
26123261,26123262,1791168275,1791168287,12
26123262,26123263,1791168287,1791168299,12
26123263,26123264,1791168299,1791168311,12
26123264,26123265,1791168311,1791168323,12
26123265,26123266,1791168323,1791168335,12
26123266,26123267,1791168335,1791168347,12
26123267,26123268,1791168347,1791168359,12
26123268,26123269,1791168359,1791168371,12
26123269,26123270,1791168371,1791168383,12
26123270,26123271,1791168383,1791168395,12
26123271,26123272,1791168395,1791168407,12
26123272,26123273,1791168407,1791168419,12
26123273,26123274,1791168419,1791168431,12
26123274,26123275,1791168431,1791168443,12
26123275,26123276,1791168443,1791168455,12
26123276,26123277,1791168455,1791168467,12
26123277,26123278,1791168467,1791168479,12
26123278,26123279,1791168479,1791168491,12
26123279,26123280,1791168491,1791168503,12
26123280,26123281,1791168503,1791168515,12
26123281,26123282,1791168515,1791168527,12
26123282,26123283,1791168527,1791168539,12
26123283,26123284,1791168539,1791168551,12
26123284,26123285,1791168551,1791168563,12
26123285,26123286,1791168563,1791168575,12
26123286,26123287,1791168575,1791168587,12
26123287,26123288,1791168587,1791168599,12
26123288,26123289,1791168599,1791168611,12
26123289,26123290,1791168611,1791168623,12
26123290,26123291,1791168623,1791168635,12
26123291,26123292,1791168635,1791168647,12
26123292,26123293,1791168647,1791168659,12
26123293,26123294,1791168659,1791168671,12
26123294,26123295,1791168671,1791168683,12
26123295,26123296,1791168683,1791168695,12
26123296,26123297,1791168695,1791168707,12
26123297,26123298,1791168707,1791168719,12
26123298,26123299,1791168719,1791168731,12
26123299,26123300,1791168731,1791168743,12
26123300,26123301,1791168743,1791168755,12
26123301,26123302,1791168755,1791168767,12
26123302,26123303,1791168767,1791168779,12
26123303,26123304,1791168779,1791168791,12
26123304,26123305,1791168791,1791168803,12
26123305,26123306,1791168803,1791168815,12
26123306,26123307,1791168815,1791168827,12
26123307,26123308,1791168827,1791168839,12
26123308,26123309,1791168839,1791168851,12
26123309,26123310,1791168851,1791168863,12
26123310,26123311,1791168863,1791168875,12
26123311,26123312,1791168875,1791168887,12
26123312,26123313,1791168887,1791168899,12
26123313,26123314,1791168899,1791168911,12
26123314,26123315,1791168911,1791168923,12
26123315,26123316,1791168923,1791168935,12
26123316,26123317,1791168935,1791168947,12
26123317,26123318,1791168947,1791168959,12
26123318,26123319,1791168959,1791168971,12
26123319,26123320,1791168971,1791168983,12
26123320,26123321,1791168983,1791168995,12
26123321,26123322,1791168995,1791169007,12
26123322,26123323,1791169007,1791169019,12
26123323,26123324,1791169019,1791169031,12
26123324,26123325,1791169031,1791169043,12
26123325,26123326,1791169043,1791169055,12
26123326,26123327,1791169055,1791169067,12
26123327,26123328,1791169067,1791169079,12
26123328,26123329,1791169079,1791169091,12
26123329,26123330,1791169091,1791169103,12
26123330,26123331,1791169103,1791169115,12
26123331,26123332,1791169115,1791169127,12
26123332,26123333,1791169127,1791169139,12
26123333,26123334,1791169139,1791169151,12
26123334,26123335,1791169151,1791169163,12
26123335,26123336,1791169163,1791169175,12
26123336,26123337,1791169175,1791169187,12
26123337,26123338,1791169187,1791169199,12
26123338,26123339,1791169199,1791169211,12
26123339,26123340,1791169211,1791169223,12
26123340,26123341,1791169223,1791169235,12
26123341,26123342,1791169235,1791169247,12
26123342,26123343,1791169247,1791169259,12
26123343,26123344,1791169259,1791169271,12
26123344,26123345,1791169271,1791169283,12
26123345,26123346,1791169283,1791169295,12
26123346,26123347,1791169295,1791169307,12
26123347,26123348,1791169307,1791169319,12
26123348,26123349,1791169319,1791169331,12
26123349,26123350,1791169331,1791169343,12
26123350,26123351,1791169343,1791169355,12
26123351,26123352,1791169355,1791169367,12
26123352,26123353,1791169367,1791169379,12
26123353,26123354,1791169379,1791169391,12
26123354,26123355,1791169391,1791169403,12
26123355,26123356,1791169403,1791169415,12
26123356,26123357,1791169415,1791169427,12
26123357,26123358,1791169427,1791169439,12
26123358,26123359,1791169439,1791169451,12
26123359,26123360,1791169451,1791169463,12
26123360,26123361,1791169463,1791169475,12
26123361,26123362,1791169475,1791169487,12
26123362,26123363,1791169487,1791169499,12
26123363,26123364,1791169499,1791169511,12
26123364,26123365,1791169511,1791169523,12
26123365,26123366,1791169523,1791169535,12
26123366,26123367,1791169535,1791169547,12
26123367,26123368,1791169547,1791169559,12
26123368,26123369,1791169559,1791169571,12
26123369,26123370,1791169571,1791169583,12
26123370,26123371,1791169583,1791169595,12
26123371,26123372,1791169595,1791169607,12
26123372,26123373,1791169607,1791169619,12
26123373,26123374,1791169619,1791169631,12
26123374,26123375,1791169631,1791169643,12
26123375,26123376,1791169643,1791169655,12
26123376,26123377,1791169655,1791169667,12
26123377,26123378,1791169667,1791169679,12
26123378,26123379,1791169679,1791169691,12
26123379,26123380,1791169691,1791169703,12
26123380,26123381,1791169703,1791169715,12
26123381,26123382,1791169715,1791169727,12
26123382,26123383,1791169727,1791169739,12
26123383,26123384,1791169739,1791169751,12
26123384,26123385,1791169751,1791169763,12
26123385,26123386,1791169763,1791169775,12
26123386,26123387,1791169775,1791169787,12
26123387,26123388,1791169787,1791169799,12
26123388,26123389,1791169799,1791169811,12
26123389,26123390,1791169811,1791169823,12
26123390,26123391,1791169823,1791169835,12
26123391,26123392,1791169835,1791169847,12
26123392,26123393,1791169847,1791169859,12
26123393,26123394,1791169859,1791169871,12
26123394,26123395,1791169871,1791169883,12
26123395,26123396,1791169883,1791169895,12
26123396,26123397,1791169895,1791169907,12
26123397,26123398,1791169907,1791169919,12
26123398,26123399,1791169919,1791169931,12
26123399,26123400,1791169931,1791169943,12
26123400,26123401,1791169943,1791169955,12
26123401,26123402,1791169955,1791169967,12
26123402,26123403,1791169967,1791169979,12
26123403,26123404,1791169979,1791169991,12
26123404,26123405,1791169991,1791170003,12
26123405,26123406,1791170003,1791170015,12
26123406,26123407,1791170015,1791170027,12
26123407,26123408,1791170027,1791170039,12
26123408,26123409,1791170039,1791170051,12
26123409,26123410,1791170051,1791170063,12
26123410,26123411,1791170063,1791170075,12
26123411,26123412,1791170075,1791170087,12
26123412,26123413,1791170087,1791170099,12
26123413,26123414,1791170099,1791170111,12
26123414,26123415,1791170111,1791170123,12
26123415,26123416,1791170123,1791170135,12
26123416,26123417,1791170135,1791170147,12
26123417,26123418,1791170147,1791170159,12
26123418,26123419,1791170159,1791170171,12
26123419,26123420,1791170171,1791170183,12
26123420,26123421,1791170183,1791170195,12
26123421,26123422,1791170195,1791170207,12
26123422,26123423,1791170207,1791170219,12
26123423,26123424,1791170219,1791170231,12
26123424,26123425,1791170231,1791170243,12
26123425,26123426,1791170243,1791170255,12
26123426,26123427,1791170255,1791170267,12
26123427,26123428,1791170267,1791170279,12
26123428,26123429,1791170279,1791170291,12
26123429,26123430,1791170291,1791170303,12
26123430,26123431,1791170303,1791170315,12
26123431,26123432,1791170315,1791170327,12
26123432,26123433,1791170327,1791170339,12
26123433,26123434,1791170339,1791170351,12
26123434,26123435,1791170351,1791170363,12
26123435,26123436,1791170363,1791170375,12
26123436,26123437,1791170375,1791170387,12
26123437,26123438,1791170387,1791170399,12
26123438,26123439,1791170399,1791170411,12
26123439,26123440,1791170411,1791170423,12
26123440,26123441,1791170423,1791170435,12
26123441,26123442,1791170435,1791170447,12
26123442,26123443,1791170447,1791170459,12
26123443,26123444,1791170459,1791170471,12
26123444,26123445,1791170471,1791170483,12
26123445,26123446,1791170483,1791170495,12
26123446,26123447,1791170495,1791170507,12
26123447,26123448,1791170507,1791170519,12
26123448,26123449,1791170519,1791170531,12
26123449,26123450,1791170531,1791170543,12
26123450,26123451,1791170543,1791170555,12
26123451,26123452,1791170555,1791170567,12
26123452,26123453,1791170567,1791170579,12
26123453,26123454,1791170579,1791170591,12
26123454,26123455,1791170591,1791170603,12
26123455,26123456,1791170603,1791170615,12
26123456,26123457,1791170615,1791170627,12
26123457,26123458,1791170627,1791170639,12
26123458,26123459,1791170639,1791170651,12
26123459,26123460,1791170651,1791170663,12
26123460,26123461,1791170663,1791170675,12
26123461,26123462,1791170675,1791170687,12
26123462,26123463,1791170687,1791170699,12
26123463,26123464,1791170699,1791170711,12
26123464,26123465,1791170711,1791170723,12
26123465,26123466,1791170723,1791170735,12
26123466,26123467,1791170735,1791170747,12
26123467,26123468,1791170747,1791170759,12
26123468,26123469,1791170759,1791170771,12
26123469,26123470,1791170771,1791170783,12
26123470,26123471,1791170783,1791170795,12
26123471,26123472,1791170795,1791170807,12
26123472,26123473,1791170807,1791170819,12
26123473,26123474,1791170819,1791170831,12
26123474,26123475,1791170831,1791170843,12
26123475,26123476,1791170843,1791170855,12
26123476,26123477,1791170855,1791170867,12
26123477,26123478,1791170867,1791170879,12
26123478,26123479,1791170879,1791170891,12
26123479,26123480,1791170891,1791170903,12
26123480,26123481,1791170903,1791170915,12
26123481,26123482,1791170915,1791170927,12
26123482,26123483,1791170927,1791170939,12
26123483,26123484,1791170939,1791170951,12
26123484,26123485,1791170951,1791170963,12
26123485,26123486,1791170963,1791170975,12
26123486,26123487,1791170975,1791170987,12
26123487,26123488,1791170987,1791170999,12
26123488,26123489,1791170999,1791171011,12
26123489,26123490,1791171011,1791171023,12
26123490,26123491,1791171023,1791171035,12
26123491,26123492,1791171035,1791171047,12
26123492,26123493,1791171047,1791171059,12
26123493,26123494,1791171059,1791171071,12
26123494,26123495,1791171071,1791171083,12
26123495,26123496,1791171083,1791171095,12
26123496,26123497,1791171095,1791171107,12
26123497,26123498,1791171107,1791171119,12
26123498,26123499,1791171119,1791171131,12
26123499,26123500,1791171131,1791171143,12
26123500,26123501,1791171143,1791171155,12
26123501,26123502,1791171155,1791171167,12
26123502,26123503,1791171167,1791171179,12
26123503,26123504,1791171179,1791171191,12
26123504,26123505,1791171191,1791171203,12
26123505,26123506,1791171203,1791171215,12
26123506,26123507,1791171215,1791171227,12
26123507,26123508,1791171227,1791171239,12
26123508,26123509,1791171239,1791171251,12
26123509,26123510,1791171251,1791171263,12
26123510,26123511,1791171263,1791171275,12
26123511,26123512,1791171275,1791171287,12
26123512,26123513,1791171287,1791171299,12
26123513,26123514,1791171299,1791171311,12
26123514,26123515,1791171311,1791171323,12
26123515,26123516,1791171323,1791171335,12
26123516,26123517,1791171335,1791171347,12
26123517,26123518,1791171347,1791171359,12
26123518,26123519,1791171359,1791171371,12
26123519,26123520,1791171371,1791171383,12
26123520,26123521,1791171383,1791171395,12
26123521,26123522,1791171395,1791171407,12
26123522,26123523,1791171407,1791171419,12
26123523,26123524,1791171419,1791171431,12
26123524,26123525,1791171431,1791171443,12
26123525,26123526,1791171443,1791171455,12
26123526,26123527,1791171455,1791171467,12
26123527,26123528,1791171467,1791171479,12
26123528,26123529,1791171479,1791171491,12
26123529,26123530,1791171491,1791171503,12
26123530,26123531,1791171503,1791171515,12
26123531,26123532,1791171515,1791171527,12
26123532,26123533,1791171527,1791171539,12
26123533,26123534,1791171539,1791171551,12
26123534,26123535,1791171551,1791171563,12
26123535,26123536,1791171563,1791171575,12
26123536,26123537,1791171575,1791171587,12
26123537,26123538,1791171587,1791171599,12
26123538,26123539,1791171599,1791171611,12
26123539,26123540,1791171611,1791171623,12
26123540,26123541,1791171623,1791171635,12
26123541,26123542,1791171635,1791171647,12
26123542,26123543,1791171647,1791171659,12
26123543,26123544,1791171659,1791171671,12
26123544,26123545,1791171671,1791171683,12
26123545,26123546,1791171683,1791171695,12
26123546,26123547,1791171695,1791171707,12
26123547,26123548,1791171707,1791171719,12
26123548,26123549,1791171719,1791171731,12
26123549,26123550,1791171731,1791171743,12
26123550,26123551,1791171743,1791171755,12
26123551,26123552,1791171755,1791171767,12
26123552,26123553,1791171767,1791171779,12
26123553,26123554,1791171779,1791171791,12
26123554,26123555,1791171791,1791171803,12
26123555,26123556,1791171803,1791171815,12
26123556,26123557,1791171815,1791171827,12
26123557,26123558,1791171827,1791171839,12
26123558,26123559,1791171839,1791171851,12
26123559,26123560,1791171851,1791171863,12
26123560,26123561,1791171863,1791171875,12
26123561,26123562,1791171875,1791171887,12
26123562,26123563,1791171887,1791171899,12
26123563,26123564,1791171899,1791171911,12
26123564,26123565,1791171911,1791171923,12
26123565,26123566,1791171923,1791171935,12
26123566,26123567,1791171935,1791171947,12
26123567,26123568,1791171947,1791171959,12
26123568,26123569,1791171959,1791171971,12
26123569,26123570,1791171971,1791171983,12
26123570,26123571,1791171983,1791171995,12
26123571,26123572,1791171995,1791172007,12
26123572,26123573,1791172007,1791172019,12
26123573,26123574,1791172019,1791172031,12
26123574,26123575,1791172031,1791172043,12
26123575,26123576,1791172043,1791172055,12
26123576,26123577,1791172055,1791172067,12
26123577,26123578,1791172067,1791172079,12
26123578,26123579,1791172079,1791172091,12
26123579,26123580,1791172091,1791172103,12
26123580,26123581,1791172103,1791172115,12
26123581,26123582,1791172115,1791172127,12
26123582,26123583,1791172127,1791172139,12
26123583,26123584,1791172139,1791172151,12
26123584,26123585,1791172151,1791172163,12
26123585,26123586,1791172163,1791172175,12
26123586,26123587,1791172175,1791172187,12
26123587,26123588,1791172187,1791172199,12
26123588,26123589,1791172199,1791172211,12
26123589,26123590,1791172211,1791172223,12
26123590,26123591,1791172223,1791172235,12
26123591,26123592,1791172235,1791172247,12
26123592,26123593,1791172247,1791172259,12
26123593,26123594,1791172259,1791172271,12
26123594,26123595,1791172271,1791172283,12
26123595,26123596,1791172283,1791172295,12
26123596,26123597,1791172295,1791172307,12
26123597,26123598,1791172307,1791172319,12
26123598,26123599,1791172319,1791172331,12
26123599,26123600,1791172331,1791172343,12
26123600,26123601,1791172343,1791172355,12
26123601,26123602,1791172355,1791172367,12
26123602,26123603,1791172367,1791172379,12
26123603,26123604,1791172379,1791172391,12
26123604,26123605,1791172391,1791172403,12
26123605,26123606,1791172403,1791172415,12
26123606,26123607,1791172415,1791172427,12
26123607,26123608,1791172427,1791172439,12
26123608,26123609,1791172439,1791172451,12
26123609,26123610,1791172451,1791172463,12
26123610,26123611,1791172463,1791172475,12
26123611,26123612,1791172475,1791172487,12
26123612,26123613,1791172487,1791172499,12
26123613,26123614,1791172499,1791172511,12
26123614,26123615,1791172511,1791172523,12
26123615,26123616,1791172523,1791172535,12
26123616,26123617,1791172535,1791172547,12
26123617,26123618,1791172547,1791172559,12
26123618,26123619,1791172559,1791172571,12
26123619,26123620,1791172571,1791172583,12
26123620,26123621,1791172583,1791172595,12
26123621,26123622,1791172595,1791172607,12
26123622,26123623,1791172607,1791172619,12
26123623,26123624,1791172619,1791172631,12
26123624,26123625,1791172631,1791172643,12
26123625,26123626,1791172643,1791172655,12
26123626,26123627,1791172655,1791172667,12
26123627,26123628,1791172667,1791172679,12
26123628,26123629,1791172679,1791172691,12
26123629,26123630,1791172691,1791172703,12
26123630,26123631,1791172703,1791172715,12
26123631,26123632,1791172715,1791172727,12
26123632,26123633,1791172727,1791172739,12
26123633,26123634,1791172739,1791172751,12
26123634,26123635,1791172751,1791172763,12
26123635,26123636,1791172763,1791172775,12
26123636,26123637,1791172775,1791172787,12
26123637,26123638,1791172787,1791172799,12
26123638,26123639,1791172799,1791172811,12
26123639,26123640,1791172811,1791172823,12
26123640,26123641,1791172823,1791172835,12
26123641,26123642,1791172835,1791172847,12
26123642,26123643,1791172847,1791172859,12
26123643,26123644,1791172859,1791172871,12
26123644,26123645,1791172871,1791172883,12
26123645,26123646,1791172883,1791172895,12
26123646,26123647,1791172895,1791172907,12
26123647,26123648,1791172907,1791172919,12
26123648,26123649,1791172919,1791172931,12
26123649,26123650,1791172931,1791172943,12
26123650,26123651,1791172943,1791172955,12
26123651,26123652,1791172955,1791172967,12
26123652,26123653,1791172967,1791172979,12
26123653,26123654,1791172979,1791172991,12
26123654,26123655,1791172991,1791173003,12
26123655,26123656,1791173003,1791173015,12
26123656,26123657,1791173015,1791173027,12
26123657,26123658,1791173027,1791173039,12
26123658,26123659,1791173039,1791173051,12
26123659,26123660,1791173051,1791173063,12
26123660,26123661,1791173063,1791173075,12
26123661,26123662,1791173075,1791173087,12
26123662,26123663,1791173087,1791173099,12
26123663,26123664,1791173099,1791173111,12
26123664,26123665,1791173111,1791173123,12
26123665,26123666,1791173123,1791173135,12
26123666,26123667,1791173135,1791173147,12
26123667,26123668,1791173147,1791173159,12
26123668,26123669,1791173159,1791173171,12
26123669,26123670,1791173171,1791173183,12
26123670,26123671,1791173183,1791173195,12
26123671,26123672,1791173195,1791173207,12
26123672,26123673,1791173207,1791173219,12
26123673,26123674,1791173219,1791173231,12
26123674,26123675,1791173231,1791173243,12
26123675,26123676,1791173243,1791173255,12
26123676,26123677,1791173255,1791173267,12
26123677,26123678,1791173267,1791173279,12
26123678,26123679,1791173279,1791173291,12
26123679,26123680,1791173291,1791173303,12
26123680,26123681,1791173303,1791173315,12
26123681,26123682,1791173315,1791173327,12
26123682,26123683,1791173327,1791173339,12
26123683,26123684,1791173339,1791173351,12
26123684,26123685,1791173351,1791173363,12
26123685,26123686,1791173363,1791173375,12
26123686,26123687,1791173375,1791173387,12
26123687,26123688,1791173387,1791173399,12
26123688,26123689,1791173399,1791173411,12
26123689,26123690,1791173411,1791173423,12
26123690,26123691,1791173423,1791173435,12
26123691,26123692,1791173435,1791173447,12
26123692,26123693,1791173447,1791173459,12
26123693,26123694,1791173459,1791173471,12
26123694,26123695,1791173471,1791173483,12
26123695,26123696,1791173483,1791173495,12
26123696,26123697,1791173495,1791173507,12
26123697,26123698,1791173507,1791173519,12
26123698,26123699,1791173519,1791173531,12
26123699,26123700,1791173531,1791173543,12
26123700,26123701,1791173543,1791173555,12
26123701,26123702,1791173555,1791173567,12
26123702,26123703,1791173567,1791173579,12
26123703,26123704,1791173579,1791173591,12
26123704,26123705,1791173591,1791173603,12
26123705,26123706,1791173603,1791173615,12
26123706,26123707,1791173615,1791173627,12
26123707,26123708,1791173627,1791173639,12
26123708,26123709,1791173639,1791173651,12
26123709,26123710,1791173651,1791173663,12
26123710,26123711,1791173663,1791173675,12
26123711,26123712,1791173675,1791173687,12
26123712,26123713,1791173687,1791173699,12
26123713,26123714,1791173699,1791173711,12
26123714,26123715,1791173711,1791173723,12
26123715,26123716,1791173723,1791173735,12
26123716,26123717,1791173735,1791173747,12
26123717,26123718,1791173747,1791173759,12
26123718,26123719,1791173759,1791173771,12
26123719,26123720,1791173771,1791173783,12
26123720,26123721,1791173783,1791173795,12
26123721,26123722,1791173795,1791173807,12
26123722,26123723,1791173807,1791173819,12
26123723,26123724,1791173819,1791173831,12
26123724,26123725,1791173831,1791173843,12
26123725,26123726,1791173843,1791173855,12
26123726,26123727,1791173855,1791173867,12
26123727,26123728,1791173867,1791173879,12
26123728,26123729,1791173879,1791173891,12
26123729,26123730,1791173891,1791173903,12
26123730,26123731,1791173903,1791173915,12
26123731,26123732,1791173915,1791173927,12
26123732,26123733,1791173927,1791173939,12
26123733,26123734,1791173939,1791173951,12
26123734,26123735,1791173951,1791173963,12
26123735,26123736,1791173963,1791173975,12
26123736,26123737,1791173975,1791173987,12
26123737,26123738,1791173987,1791173999,12
26123738,26123739,1791173999,1791174011,12
26123739,26123740,1791174011,1791174023,12
26123740,26123741,1791174023,1791174035,12
26123741,26123742,1791174035,1791174047,12
26123742,26123743,1791174047,1791174059,12
26123743,26123744,1791174059,1791174071,12
26123744,26123745,1791174071,1791174083,12
26123745,26123746,1791174083,1791174095,12
26123746,26123747,1791174095,1791174107,12
26123747,26123748,1791174107,1791174119,12
26123748,26123749,1791174119,1791174131,12
26123749,26123750,1791174131,1791174143,12
26123750,26123751,1791174143,1791174155,12
26123751,26123752,1791174155,1791174167,12
26123752,26123753,1791174167,1791174179,12
26123753,26123754,1791174179,1791174191,12
26123754,26123755,1791174191,1791174203,12
26123755,26123756,1791174203,1791174215,12
26123756,26123757,1791174215,1791174227,12
26123757,26123758,1791174227,1791174239,12
26123758,26123759,1791174239,1791174251,12
26123759,26123760,1791174251,1791174263,12
26123760,26123761,1791174263,1791174275,12
26123761,26123762,1791174275,1791174287,12
26123762,26123763,1791174287,1791174299,12
26123763,26123764,1791174299,1791174311,12
26123764,26123765,1791174311,1791174323,12
26123765,26123766,1791174323,1791174335,12
26123766,26123767,1791174335,1791174347,12
26123767,26123768,1791174347,1791174371,24
26123768,26123769,1791174371,1791174383,12
26123769,26123770,1791174383,1791174395,12
26123770,26123771,1791174395,1791174407,12
26123771,26123772,1791174407,1791174419,12
26123772,26123773,1791174419,1791174431,12
26123773,26123774,1791174431,1791174443,12
26123774,26123775,1791174443,1791174455,12
26123775,26123776,1791174455,1791174467,12
26123776,26123777,1791174467,1791174479,12
26123777,26123778,1791174479,1791174491,12
26123778,26123779,1791174491,1791174503,12
26123779,26123780,1791174503,1791174515,12
26123780,26123781,1791174515,1791174527,12
26123781,26123782,1791174527,1791174539,12
26123782,26123783,1791174539,1791174551,12
26123783,26123784,1791174551,1791174563,12
26123784,26123785,1791174563,1791174575,12
26123785,26123786,1791174575,1791174587,12
26123786,26123787,1791174587,1791174599,12
26123787,26123788,1791174599,1791174611,12
26123788,26123789,1791174611,1791174623,12
26123789,26123790,1791174623,1791174635,12
26123790,26123791,1791174635,1791174647,12
26123791,26123792,1791174647,1791174659,12
26123792,26123793,1791174659,1791174671,12
26123793,26123794,1791174671,1791174683,12
26123794,26123795,1791174683,1791174695,12
26123795,26123796,1791174695,1791174707,12
26123796,26123797,1791174707,1791174719,12
26123797,26123798,1791174719,1791174731,12
26123798,26123799,1791174731,1791174743,12
26123799,26123800,1791174743,1791174755,12
26123800,26123801,1791174755,1791174767,12
26123801,26123802,1791174767,1791174779,12
26123802,26123803,1791174779,1791174791,12
26123803,26123804,1791174791,1791174803,12
26123804,26123805,1791174803,1791174815,12
26123805,26123806,1791174815,1791174827,12
26123806,26123807,1791174827,1791174839,12
26123807,26123808,1791174839,1791174851,12
26123808,26123809,1791174851,1791174863,12
26123809,26123810,1791174863,1791174875,12
26123810,26123811,1791174875,1791174887,12
26123811,26123812,1791174887,1791174899,12
26123812,26123813,1791174899,1791174911,12
26123813,26123814,1791174911,1791174923,12
26123814,26123815,1791174923,1791174935,12
26123815,26123816,1791174935,1791174947,12
26123816,26123817,1791174947,1791174959,12
26123817,26123818,1791174959,1791174971,12
26123818,26123819,1791174971,1791174983,12
26123819,26123820,1791174983,1791174995,12
26123820,26123821,1791174995,1791175007,12
26123821,26123822,1791175007,1791175019,12
26123822,26123823,1791175019,1791175031,12
26123823,26123824,1791175031,1791175043,12
26123824,26123825,1791175043,1791175055,12
26123825,26123826,1791175055,1791175067,12
26123826,26123827,1791175067,1791175079,12
26123827,26123828,1791175079,1791175091,12
26123828,26123829,1791175091,1791175103,12
26123829,26123830,1791175103,1791175115,12
26123830,26123831,1791175115,1791175127,12
26123831,26123832,1791175127,1791175139,12
26123832,26123833,1791175139,1791175151,12
26123833,26123834,1791175151,1791175163,12
26123834,26123835,1791175163,1791175175,12
26123835,26123836,1791175175,1791175187,12
26123836,26123837,1791175187,1791175199,12
26123837,26123838,1791175199,1791175211,12
26123838,26123839,1791175211,1791175223,12
26123839,26123840,1791175223,1791175235,12
26123840,26123841,1791175235,1791175247,12
26123841,26123842,1791175247,1791175259,12
26123842,26123843,1791175259,1791175271,12
26123843,26123844,1791175271,1791175283,12
26123844,26123845,1791175283,1791175295,12
26123845,26123846,1791175295,1791175307,12
26123846,26123847,1791175307,1791175319,12
26123847,26123848,1791175319,1791175331,12
26123848,26123849,1791175331,1791175343,12
26123849,26123850,1791175343,1791175355,12
26123850,26123851,1791175355,1791175367,12
26123851,26123852,1791175367,1791175379,12
26123852,26123853,1791175379,1791175391,12
26123853,26123854,1791175391,1791175403,12
26123854,26123855,1791175403,1791175415,12
26123855,26123856,1791175415,1791175427,12
26123856,26123857,1791175427,1791175439,12
26123857,26123858,1791175439,1791175451,12
26123858,26123859,1791175451,1791175463,12
26123859,26123860,1791175463,1791175475,12
26123860,26123861,1791175475,1791175487,12
26123861,26123862,1791175487,1791175499,12
26123862,26123863,1791175499,1791175511,12
26123863,26123864,1791175511,1791175523,12
26123864,26123865,1791175523,1791175535,12
26123865,26123866,1791175535,1791175547,12
26123866,26123867,1791175547,1791175559,12
26123867,26123868,1791175559,1791175571,12
26123868,26123869,1791175571,1791175583,12
26123869,26123870,1791175583,1791175595,12
26123870,26123871,1791175595,1791175607,12
26123871,26123872,1791175607,1791175619,12
26123872,26123873,1791175619,1791175631,12
26123873,26123874,1791175631,1791175643,12
26123874,26123875,1791175643,1791175655,12
26123875,26123876,1791175655,1791175667,12
26123876,26123877,1791175667,1791175679,12
26123877,26123878,1791175679,1791175691,12
26123878,26123879,1791175691,1791175703,12
26123879,26123880,1791175703,1791175715,12
26123880,26123881,1791175715,1791175727,12
26123881,26123882,1791175727,1791175739,12
26123882,26123883,1791175739,1791175751,12
26123883,26123884,1791175751,1791175763,12
26123884,26123885,1791175763,1791175775,12
26123885,26123886,1791175775,1791175787,12
26123886,26123887,1791175787,1791175799,12
26123887,26123888,1791175799,1791175811,12
26123888,26123889,1791175811,1791175823,12
26123889,26123890,1791175823,1791175835,12
26123890,26123891,1791175835,1791175847,12
26123891,26123892,1791175847,1791175859,12
26123892,26123893,1791175859,1791175871,12
26123893,26123894,1791175871,1791175883,12
26123894,26123895,1791175883,1791175895,12
26123895,26123896,1791175895,1791175907,12
26123896,26123897,1791175907,1791175919,12
26123897,26123898,1791175919,1791175931,12
26123898,26123899,1791175931,1791175943,12
26123899,26123900,1791175943,1791175955,12
26123900,26123901,1791175955,1791175967,12
26123901,26123902,1791175967,1791175979,12
26123902,26123903,1791175979,1791175991,12
26123903,26123904,1791175991,1791176003,12
26123904,26123905,1791176003,1791176015,12
26123905,26123906,1791176015,1791176027,12
26123906,26123907,1791176027,1791176039,12
26123907,26123908,1791176039,1791176051,12
26123908,26123909,1791176051,1791176063,12
26123909,26123910,1791176063,1791176087,24
26123910,26123911,1791176087,1791176099,12
26123911,26123912,1791176099,1791176111,12
26123912,26123913,1791176111,1791176123,12
26123913,26123914,1791176123,1791176135,12
26123914,26123915,1791176135,1791176147,12
26123915,26123916,1791176147,1791176159,12
26123916,26123917,1791176159,1791176171,12
26123917,26123918,1791176171,1791176183,12
26123918,26123919,1791176183,1791176195,12
26123919,26123920,1791176195,1791176207,12
26123920,26123921,1791176207,1791176219,12
26123921,26123922,1791176219,1791176231,12
26123922,26123923,1791176231,1791176243,12
26123923,26123924,1791176243,1791176255,12
26123924,26123925,1791176255,1791176267,12
26123925,26123926,1791176267,1791176279,12
26123926,26123927,1791176279,1791176291,12
26123927,26123928,1791176291,1791176303,12
26123928,26123929,1791176303,1791176315,12
26123929,26123930,1791176315,1791176327,12
26123930,26123931,1791176327,1791176339,12
26123931,26123932,1791176339,1791176351,12
26123932,26123933,1791176351,1791176363,12
26123933,26123934,1791176363,1791176375,12
26123934,26123935,1791176375,1791176387,12
26123935,26123936,1791176387,1791176399,12
26123936,26123937,1791176399,1791176411,12
26123937,26123938,1791176411,1791176423,12
26123938,26123939,1791176423,1791176435,12
26123939,26123940,1791176435,1791176447,12
26123940,26123941,1791176447,1791176459,12
26123941,26123942,1791176459,1791176471,12
26123942,26123943,1791176471,1791176483,12
26123943,26123944,1791176483,1791176495,12
26123944,26123945,1791176495,1791176507,12
26123945,26123946,1791176507,1791176519,12
26123946,26123947,1791176519,1791176531,12
26123947,26123948,1791176531,1791176543,12
26123948,26123949,1791176543,1791176555,12
26123949,26123950,1791176555,1791176567,12
26123950,26123951,1791176567,1791176579,12
26123951,26123952,1791176579,1791176591,12
26123952,26123953,1791176591,1791176603,12
26123953,26123954,1791176603,1791176615,12
26123954,26123955,1791176615,1791176627,12
26123955,26123956,1791176627,1791176639,12
26123956,26123957,1791176639,1791176651,12
26123957,26123958,1791176651,1791176663,12
26123958,26123959,1791176663,1791176675,12
26123959,26123960,1791176675,1791176687,12
26123960,26123961,1791176687,1791176699,12
26123961,26123962,1791176699,1791176711,12
26123962,26123963,1791176711,1791176723,12
26123963,26123964,1791176723,1791176735,12
26123964,26123965,1791176735,1791176747,12
26123965,26123966,1791176747,1791176759,12
26123966,26123967,1791176759,1791176771,12
26123967,26123968,1791176771,1791176783,12
26123968,26123969,1791176783,1791176795,12
26123969,26123970,1791176795,1791176807,12
26123970,26123971,1791176807,1791176819,12
26123971,26123972,1791176819,1791176831,12
26123972,26123973,1791176831,1791176843,12
26123973,26123974,1791176843,1791176855,12
26123974,26123975,1791176855,1791176867,12
26123975,26123976,1791176867,1791176879,12
26123976,26123977,1791176879,1791176891,12
26123977,26123978,1791176891,1791176903,12
26123978,26123979,1791176903,1791176915,12
26123979,26123980,1791176915,1791176927,12
26123980,26123981,1791176927,1791176939,12
26123981,26123982,1791176939,1791176951,12
26123982,26123983,1791176951,1791176963,12
26123983,26123984,1791176963,1791176975,12
26123984,26123985,1791176975,1791176987,12
26123985,26123986,1791176987,1791176999,12
26123986,26123987,1791176999,1791177011,12
26123987,26123988,1791177011,1791177023,12
26123988,26123989,1791177023,1791177035,12
26123989,26123990,1791177035,1791177047,12
26123990,26123991,1791177047,1791177059,12
26123991,26123992,1791177059,1791177071,12
26123992,26123993,1791177071,1791177083,12
26123993,26123994,1791177083,1791177095,12
26123994,26123995,1791177095,1791177107,12
26123995,26123996,1791177107,1791177119,12
26123996,26123997,1791177119,1791177131,12
26123997,26123998,1791177131,1791177143,12
26123998,26123999,1791177143,1791177155,12
26123999,26124000,1791177155,1791177167,12
26124000,26124001,1791177167,1791177179,12
26124001,26124002,1791177179,1791177191,12
26124002,26124003,1791177191,1791177203,12
26124003,26124004,1791177203,1791177215,12
26124004,26124005,1791177215,1791177227,12
26124005,26124006,1791177227,1791177239,12
26124006,26124007,1791177239,1791177251,12
26124007,26124008,1791177251,1791177263,12
26124008,26124009,1791177263,1791177275,12
26124009,26124010,1791177275,1791177287,12
26124010,26124011,1791177287,1791177299,12
26124011,26124012,1791177299,1791177311,12
26124012,26124013,1791177311,1791177323,12
26124013,26124014,1791177323,1791177335,12
26124014,26124015,1791177335,1791177347,12
26124015,26124016,1791177347,1791177359,12
26124016,26124017,1791177359,1791177371,12
26124017,26124018,1791177371,1791177383,12
26124018,26124019,1791177383,1791177395,12
26124019,26124020,1791177395,1791177407,12
26124020,26124021,1791177407,1791177419,12
26124021,26124022,1791177419,1791177431,12
26124022,26124023,1791177431,1791177443,12
26124023,26124024,1791177443,1791177455,12
26124024,26124025,1791177455,1791177467,12
26124025,26124026,1791177467,1791177479,12
26124026,26124027,1791177479,1791177491,12
26124027,26124028,1791177491,1791177503,12
26124028,26124029,1791177503,1791177515,12
26124029,26124030,1791177515,1791177527,12
26124030,26124031,1791177527,1791177539,12
26124031,26124032,1791177539,1791177551,12
26124032,26124033,1791177551,1791177563,12
26124033,26124034,1791177563,1791177575,12
26124034,26124035,1791177575,1791177587,12
26124035,26124036,1791177587,1791177599,12
26124036,26124037,1791177599,1791177611,12
26124037,26124038,1791177611,1791177623,12
26124038,26124039,1791177623,1791177635,12
26124039,26124040,1791177635,1791177647,12
26124040,26124041,1791177647,1791177659,12
26124041,26124042,1791177659,1791177671,12
26124042,26124043,1791177671,1791177683,12
26124043,26124044,1791177683,1791177695,12
26124044,26124045,1791177695,1791177707,12
26124045,26124046,1791177707,1791177719,12
26124046,26124047,1791177719,1791177731,12
26124047,26124048,1791177731,1791177743,12
26124048,26124049,1791177743,1791177755,12
26124049,26124050,1791177755,1791177767,12
26124050,26124051,1791177767,1791177779,12
26124051,26124052,1791177779,1791177791,12
26124052,26124053,1791177791,1791177803,12
26124053,26124054,1791177803,1791177815,12
26124054,26124055,1791177815,1791177827,12
26124055,26124056,1791177827,1791177839,12
26124056,26124057,1791177839,1791177851,12
26124057,26124058,1791177851,1791177863,12
26124058,26124059,1791177863,1791177875,12
26124059,26124060,1791177875,1791177887,12
26124060,26124061,1791177887,1791177899,12
26124061,26124062,1791177899,1791177911,12
26124062,26124063,1791177911,1791177923,12
26124063,26124064,1791177923,1791177935,12
26124064,26124065,1791177935,1791177947,12
26124065,26124066,1791177947,1791177959,12
26124066,26124067,1791177959,1791177971,12
26124067,26124068,1791177971,1791177983,12
26124068,26124069,1791177983,1791177995,12
26124069,26124070,1791177995,1791178007,12
26124070,26124071,1791178007,1791178019,12
26124071,26124072,1791178019,1791178031,12
26124072,26124073,1791178031,1791178043,12
26124073,26124074,1791178043,1791178055,12
26124074,26124075,1791178055,1791178067,12
26124075,26124076,1791178067,1791178079,12
26124076,26124077,1791178079,1791178091,12
26124077,26124078,1791178091,1791178103,12
26124078,26124079,1791178103,1791178115,12
26124079,26124080,1791178115,1791178127,12
26124080,26124081,1791178127,1791178139,12
26124081,26124082,1791178139,1791178151,12
26124082,26124083,1791178151,1791178163,12
26124083,26124084,1791178163,1791178175,12
26124084,26124085,1791178175,1791178187,12
26124085,26124086,1791178187,1791178199,12
26124086,26124087,1791178199,1791178211,12
26124087,26124088,1791178211,1791178223,12
26124088,26124089,1791178223,1791178235,12
26124089,26124090,1791178235,1791178247,12
26124090,26124091,1791178247,1791178259,12
26124091,26124092,1791178259,1791178271,12
26124092,26124093,1791178271,1791178283,12
26124093,26124094,1791178283,1791178295,12
26124094,26124095,1791178295,1791178307,12
26124095,26124096,1791178307,1791178319,12
26124096,26124097,1791178319,1791178331,12
26124097,26124098,1791178331,1791178343,12
26124098,26124099,1791178343,1791178355,12
26124099,26124100,1791178355,1791178367,12
26124100,26124101,1791178367,1791178379,12
26124101,26124102,1791178379,1791178391,12
26124102,26124103,1791178391,1791178403,12
26124103,26124104,1791178403,1791178415,12
26124104,26124105,1791178415,1791178427,12
26124105,26124106,1791178427,1791178439,12
26124106,26124107,1791178439,1791178451,12
26124107,26124108,1791178451,1791178463,12
26124108,26124109,1791178463,1791178475,12
26124109,26124110,1791178475,1791178487,12
26124110,26124111,1791178487,1791178499,12
26124111,26124112,1791178499,1791178511,12
26124112,26124113,1791178511,1791178523,12
26124113,26124114,1791178523,1791178535,12
26124114,26124115,1791178535,1791178547,12
26124115,26124116,1791178547,1791178559,12
26124116,26124117,1791178559,1791178571,12
26124117,26124118,1791178571,1791178583,12
26124118,26124119,1791178583,1791178595,12
26124119,26124120,1791178595,1791178619,24
26124120,26124121,1791178619,1791178631,12
26124121,26124122,1791178631,1791178643,12
26124122,26124123,1791178643,1791178655,12
26124123,26124124,1791178655,1791178667,12
26124124,26124125,1791178667,1791178679,12
26124125,26124126,1791178679,1791178691,12
26124126,26124127,1791178691,1791178703,12
26124127,26124128,1791178703,1791178715,12
26124128,26124129,1791178715,1791178727,12
26124129,26124130,1791178727,1791178739,12
26124130,26124131,1791178739,1791178751,12
26124131,26124132,1791178751,1791178763,12
26124132,26124133,1791178763,1791178775,12
26124133,26124134,1791178775,1791178787,12
26124134,26124135,1791178787,1791178799,12
26124135,26124136,1791178799,1791178811,12
26124136,26124137,1791178811,1791178823,12
26124137,26124138,1791178823,1791178835,12
26124138,26124139,1791178835,1791178847,12
26124139,26124140,1791178847,1791178859,12
26124140,26124141,1791178859,1791178871,12
26124141,26124142,1791178871,1791178883,12
26124142,26124143,1791178883,1791178895,12
26124143,26124144,1791178895,1791178907,12
26124144,26124145,1791178907,1791178919,12
26124145,26124146,1791178919,1791178931,12
26124146,26124147,1791178931,1791178943,12
26124147,26124148,1791178943,1791178955,12
26124148,26124149,1791178955,1791178967,12
26124149,26124150,1791178967,1791178979,12
26124150,26124151,1791178979,1791178991,12
26124151,26124152,1791178991,1791179003,12
26124152,26124153,1791179003,1791179015,12
26124153,26124154,1791179015,1791179027,12
26124154,26124155,1791179027,1791179039,12
26124155,26124156,1791179039,1791179051,12
26124156,26124157,1791179051,1791179063,12
26124157,26124158,1791179063,1791179075,12
26124158,26124159,1791179075,1791179087,12
26124159,26124160,1791179087,1791179099,12
26124160,26124161,1791179099,1791179111,12
26124161,26124162,1791179111,1791179123,12
26124162,26124163,1791179123,1791179135,12
26124163,26124164,1791179135,1791179147,12
26124164,26124165,1791179147,1791179159,12
26124165,26124166,1791179159,1791179171,12
26124166,26124167,1791179171,1791179183,12
26124167,26124168,1791179183,1791179195,12
26124168,26124169,1791179195,1791179207,12
26124169,26124170,1791179207,1791179219,12
26124170,26124171,1791179219,1791179231,12
26124171,26124172,1791179231,1791179243,12
26124172,26124173,1791179243,1791179255,12
26124173,26124174,1791179255,1791179267,12
26124174,26124175,1791179267,1791179279,12
26124175,26124176,1791179279,1791179291,12
26124176,26124177,1791179291,1791179303,12
26124177,26124178,1791179303,1791179315,12
26124178,26124179,1791179315,1791179327,12
26124179,26124180,1791179327,1791179339,12
26124180,26124181,1791179339,1791179351,12
26124181,26124182,1791179351,1791179363,12
26124182,26124183,1791179363,1791179375,12
26124183,26124184,1791179375,1791179387,12
26124184,26124185,1791179387,1791179399,12
26124185,26124186,1791179399,1791179411,12
26124186,26124187,1791179411,1791179423,12
26124187,26124188,1791179423,1791179435,12
26124188,26124189,1791179435,1791179447,12
26124189,26124190,1791179447,1791179459,12
26124190,26124191,1791179459,1791179471,12
26124191,26124192,1791179471,1791179483,12
26124192,26124193,1791179483,1791179495,12
26124193,26124194,1791179495,1791179507,12
26124194,26124195,1791179507,1791179519,12
26124195,26124196,1791179519,1791179531,12
26124196,26124197,1791179531,1791179543,12
26124197,26124198,1791179543,1791179555,12
26124198,26124199,1791179555,1791179567,12
26124199,26124200,1791179567,1791179579,12
26124200,26124201,1791179579,1791179591,12
26124201,26124202,1791179591,1791179603,12
26124202,26124203,1791179603,1791179615,12
26124203,26124204,1791179615,1791179627,12
26124204,26124205,1791179627,1791179639,12
26124205,26124206,1791179639,1791179651,12
26124206,26124207,1791179651,1791179663,12
26124207,26124208,1791179663,1791179675,12
26124208,26124209,1791179675,1791179687,12
26124209,26124210,1791179687,1791179699,12
26124210,26124211,1791179699,1791179711,12
26124211,26124212,1791179711,1791179723,12
26124212,26124213,1791179723,1791179735,12
26124213,26124214,1791179735,1791179747,12
26124214,26124215,1791179747,1791179759,12
26124215,26124216,1791179759,1791179771,12
26124216,26124217,1791179771,1791179783,12
26124217,26124218,1791179783,1791179795,12
26124218,26124219,1791179795,1791179807,12
26124219,26124220,1791179807,1791179819,12
26124220,26124221,1791179819,1791179831,12
26124221,26124222,1791179831,1791179843,12
26124222,26124223,1791179843,1791179855,12
26124223,26124224,1791179855,1791179867,12
26124224,26124225,1791179867,1791179879,12
26124225,26124226,1791179879,1791179891,12
26124226,26124227,1791179891,1791179903,12
26124227,26124228,1791179903,1791179915,12
26124228,26124229,1791179915,1791179927,12
26124229,26124230,1791179927,1791179939,12
26124230,26124231,1791179939,1791179951,12
26124231,26124232,1791179951,1791179963,12
26124232,26124233,1791179963,1791179975,12
26124233,26124234,1791179975,1791179987,12
26124234,26124235,1791179987,1791179999,12
26124235,26124236,1791179999,1791180011,12
26124236,26124237,1791180011,1791180023,12
26124237,26124238,1791180023,1791180035,12
26124238,26124239,1791180035,1791180047,12
26124239,26124240,1791180047,1791180059,12
26124240,26124241,1791180059,1791180071,12
26124241,26124242,1791180071,1791180083,12
26124242,26124243,1791180083,1791180095,12
26124243,26124244,1791180095,1791180107,12
26124244,26124245,1791180107,1791180119,12
26124245,26124246,1791180119,1791180131,12
26124246,26124247,1791180131,1791180143,12
26124247,26124248,1791180143,1791180155,12
26124248,26124249,1791180155,1791180167,12
26124249,26124250,1791180167,1791180179,12
26124250,26124251,1791180179,1791180191,12
26124251,26124252,1791180191,1791180203,12
26124252,26124253,1791180203,1791180215,12
26124253,26124254,1791180215,1791180227,12
26124254,26124255,1791180227,1791180239,12
26124255,26124256,1791180239,1791180251,12
26124256,26124257,1791180251,1791180263,12
26124257,26124258,1791180263,1791180275,12
26124258,26124259,1791180275,1791180287,12
26124259,26124260,1791180287,1791180299,12
26124260,26124261,1791180299,1791180311,12
26124261,26124262,1791180311,1791180323,12
26124262,26124263,1791180323,1791180335,12
26124263,26124264,1791180335,1791180347,12
26124264,26124265,1791180347,1791180359,12
26124265,26124266,1791180359,1791180371,12
26124266,26124267,1791180371,1791180383,12
26124267,26124268,1791180383,1791180395,12
26124268,26124269,1791180395,1791180407,12
26124269,26124270,1791180407,1791180419,12
26124270,26124271,1791180419,1791180431,12
26124271,26124272,1791180431,1791180443,12
26124272,26124273,1791180443,1791180455,12
26124273,26124274,1791180455,1791180467,12
26124274,26124275,1791180467,1791180479,12
26124275,26124276,1791180479,1791180491,12
26124276,26124277,1791180491,1791180503,12
26124277,26124278,1791180503,1791180515,12
26124278,26124279,1791180515,1791180527,12
26124279,26124280,1791180527,1791180539,12
26124280,26124281,1791180539,1791180551,12
26124281,26124282,1791180551,1791180563,12
26124282,26124283,1791180563,1791180575,12
26124283,26124284,1791180575,1791180587,12
26124284,26124285,1791180587,1791180599,12
26124285,26124286,1791180599,1791180611,12
26124286,26124287,1791180611,1791180623,12
26124287,26124288,1791180623,1791180635,12
26124288,26124289,1791180635,1791180647,12
26124289,26124290,1791180647,1791180659,12
26124290,26124291,1791180659,1791180671,12
26124291,26124292,1791180671,1791180683,12
26124292,26124293,1791180683,1791180695,12
26124293,26124294,1791180695,1791180707,12
26124294,26124295,1791180707,1791180719,12
26124295,26124296,1791180719,1791180731,12
26124296,26124297,1791180731,1791180743,12
26124297,26124298,1791180743,1791180755,12
26124298,26124299,1791180755,1791180767,12
26124299,26124300,1791180767,1791180779,12
26124300,26124301,1791180779,1791180791,12
26124301,26124302,1791180791,1791180803,12
26124302,26124303,1791180803,1791180815,12
26124303,26124304,1791180815,1791180827,12
26124304,26124305,1791180827,1791180839,12
26124305,26124306,1791180839,1791180851,12
26124306,26124307,1791180851,1791180863,12
26124307,26124308,1791180863,1791180875,12
26124308,26124309,1791180875,1791180887,12
26124309,26124310,1791180887,1791180899,12
26124310,26124311,1791180899,1791180911,12
26124311,26124312,1791180911,1791180923,12
26124312,26124313,1791180923,1791180935,12
26124313,26124314,1791180935,1791180947,12
26124314,26124315,1791180947,1791180959,12
26124315,26124316,1791180959,1791180971,12
26124316,26124317,1791180971,1791180983,12
26124317,26124318,1791180983,1791180995,12
26124318,26124319,1791180995,1791181007,12
26124319,26124320,1791181007,1791181019,12
26124320,26124321,1791181019,1791181031,12
26124321,26124322,1791181031,1791181043,12
26124322,26124323,1791181043,1791181055,12
26124323,26124324,1791181055,1791181067,12
26124324,26124325,1791181067,1791181079,12
26124325,26124326,1791181079,1791181091,12
26124326,26124327,1791181091,1791181103,12
26124327,26124328,1791181103,1791181115,12
26124328,26124329,1791181115,1791181127,12
26124329,26124330,1791181127,1791181139,12
26124330,26124331,1791181139,1791181151,12
26124331,26124332,1791181151,1791181163,12
26124332,26124333,1791181163,1791181175,12
26124333,26124334,1791181175,1791181187,12
26124334,26124335,1791181187,1791181199,12
26124335,26124336,1791181199,1791181211,12
26124336,26124337,1791181211,1791181223,12
26124337,26124338,1791181223,1791181235,12
26124338,26124339,1791181235,1791181247,12
26124339,26124340,1791181247,1791181259,12
26124340,26124341,1791181259,1791181271,12
26124341,26124342,1791181271,1791181283,12
26124342,26124343,1791181283,1791181295,12
26124343,26124344,1791181295,1791181307,12
26124344,26124345,1791181307,1791181319,12
26124345,26124346,1791181319,1791181331,12
26124346,26124347,1791181331,1791181343,12
26124347,26124348,1791181343,1791181355,12
26124348,26124349,1791181355,1791181367,12
26124349,26124350,1791181367,1791181379,12
26124350,26124351,1791181379,1791181391,12
26124351,26124352,1791181391,1791181403,12
26124352,26124353,1791181403,1791181415,12
26124353,26124354,1791181415,1791181427,12
26124354,26124355,1791181427,1791181439,12
26124355,26124356,1791181439,1791181451,12
26124356,26124357,1791181451,1791181463,12
26124357,26124358,1791181463,1791181475,12
26124358,26124359,1791181475,1791181487,12
26124359,26124360,1791181487,1791181499,12
26124360,26124361,1791181499,1791181511,12
26124361,26124362,1791181511,1791181523,12
26124362,26124363,1791181523,1791181535,12
26124363,26124364,1791181535,1791181547,12
26124364,26124365,1791181547,1791181559,12
26124365,26124366,1791181559,1791181571,12
26124366,26124367,1791181571,1791181583,12
26124367,26124368,1791181583,1791181595,12
26124368,26124369,1791181595,1791181607,12
26124369,26124370,1791181607,1791181619,12
26124370,26124371,1791181619,1791181631,12
26124371,26124372,1791181631,1791181643,12
26124372,26124373,1791181643,1791181655,12
26124373,26124374,1791181655,1791181667,12
26124374,26124375,1791181667,1791181679,12
26124375,26124376,1791181679,1791181691,12
26124376,26124377,1791181691,1791181703,12
26124377,26124378,1791181703,1791181715,12
26124378,26124379,1791181715,1791181727,12
26124379,26124380,1791181727,1791181739,12
26124380,26124381,1791181739,1791181751,12
26124381,26124382,1791181751,1791181763,12
26124382,26124383,1791181763,1791181775,12
26124383,26124384,1791181775,1791181787,12
26124384,26124385,1791181787,1791181799,12
26124385,26124386,1791181799,1791181811,12
26124386,26124387,1791181811,1791181823,12
26124387,26124388,1791181823,1791181835,12
26124388,26124389,1791181835,1791181847,12
26124389,26124390,1791181847,1791181859,12
26124390,26124391,1791181859,1791181871,12
26124391,26124392,1791181871,1791181883,12
26124392,26124393,1791181883,1791181895,12
26124393,26124394,1791181895,1791181907,12
26124394,26124395,1791181907,1791181919,12
26124395,26124396,1791181919,1791181931,12
26124396,26124397,1791181931,1791181943,12
26124397,26124398,1791181943,1791181955,12
26124398,26124399,1791181955,1791181967,12
26124399,26124400,1791181967,1791181979,12
26124400,26124401,1791181979,1791181991,12
26124401,26124402,1791181991,1791182003,12
26124402,26124403,1791182003,1791182015,12
26124403,26124404,1791182015,1791182027,12
26124404,26124405,1791182027,1791182051,24
26124405,26124406,1791182051,1791182063,12
26124406,26124407,1791182063,1791182075,12
26124407,26124408,1791182075,1791182087,12
26124408,26124409,1791182087,1791182099,12
26124409,26124410,1791182099,1791182111,12
26124410,26124411,1791182111,1791182123,12
26124411,26124412,1791182123,1791182135,12
26124412,26124413,1791182135,1791182147,12
26124413,26124414,1791182147,1791182159,12
26124414,26124415,1791182159,1791182171,12
26124415,26124416,1791182171,1791182183,12
26124416,26124417,1791182183,1791182195,12
26124417,26124418,1791182195,1791182207,12
26124418,26124419,1791182207,1791182219,12
26124419,26124420,1791182219,1791182231,12
26124420,26124421,1791182231,1791182243,12
26124421,26124422,1791182243,1791182255,12
26124422,26124423,1791182255,1791182267,12
26124423,26124424,1791182267,1791182279,12
26124424,26124425,1791182279,1791182291,12
26124425,26124426,1791182291,1791182303,12
26124426,26124427,1791182303,1791182315,12
26124427,26124428,1791182315,1791182327,12
26124428,26124429,1791182327,1791182339,12
26124429,26124430,1791182339,1791182351,12
26124430,26124431,1791182351,1791182363,12
26124431,26124432,1791182363,1791182375,12
26124432,26124433,1791182375,1791182387,12
26124433,26124434,1791182387,1791182399,12
26124434,26124435,1791182399,1791182411,12
26124435,26124436,1791182411,1791182423,12
26124436,26124437,1791182423,1791182435,12
26124437,26124438,1791182435,1791182447,12
26124438,26124439,1791182447,1791182459,12
26124439,26124440,1791182459,1791182471,12
26124440,26124441,1791182471,1791182483,12
26124441,26124442,1791182483,1791182495,12
26124442,26124443,1791182495,1791182507,12
26124443,26124444,1791182507,1791182519,12
26124444,26124445,1791182519,1791182531,12
26124445,26124446,1791182531,1791182543,12
26124446,26124447,1791182543,1791182555,12
26124447,26124448,1791182555,1791182567,12
26124448,26124449,1791182567,1791182579,12
26124449,26124450,1791182579,1791182591,12
26124450,26124451,1791182591,1791182603,12
26124451,26124452,1791182603,1791182615,12
26124452,26124453,1791182615,1791182627,12
26124453,26124454,1791182627,1791182639,12
26124454,26124455,1791182639,1791182651,12
26124455,26124456,1791182651,1791182663,12
26124456,26124457,1791182663,1791182675,12
26124457,26124458,1791182675,1791182687,12
26124458,26124459,1791182687,1791182699,12
26124459,26124460,1791182699,1791182711,12
26124460,26124461,1791182711,1791182723,12
26124461,26124462,1791182723,1791182735,12
26124462,26124463,1791182735,1791182747,12
26124463,26124464,1791182747,1791182759,12
26124464,26124465,1791182759,1791182771,12
26124465,26124466,1791182771,1791182783,12
26124466,26124467,1791182783,1791182795,12
26124467,26124468,1791182795,1791182807,12
26124468,26124469,1791182807,1791182819,12
26124469,26124470,1791182819,1791182831,12
26124470,26124471,1791182831,1791182843,12
26124471,26124472,1791182843,1791182855,12
26124472,26124473,1791182855,1791182867,12
26124473,26124474,1791182867,1791182879,12
26124474,26124475,1791182879,1791182891,12
26124475,26124476,1791182891,1791182903,12
26124476,26124477,1791182903,1791182915,12
26124477,26124478,1791182915,1791182927,12
26124478,26124479,1791182927,1791182939,12
26124479,26124480,1791182939,1791182951,12
26124480,26124481,1791182951,1791182963,12
26124481,26124482,1791182963,1791182975,12
26124482,26124483,1791182975,1791182987,12
26124483,26124484,1791182987,1791182999,12
26124484,26124485,1791182999,1791183011,12
26124485,26124486,1791183011,1791183023,12
26124486,26124487,1791183023,1791183035,12
26124487,26124488,1791183035,1791183047,12
26124488,26124489,1791183047,1791183059,12
26124489,26124490,1791183059,1791183071,12
26124490,26124491,1791183071,1791183083,12
26124491,26124492,1791183083,1791183095,12
26124492,26124493,1791183095,1791183107,12
26124493,26124494,1791183107,1791183119,12
26124494,26124495,1791183119,1791183131,12
26124495,26124496,1791183131,1791183143,12
26124496,26124497,1791183143,1791183155,12
26124497,26124498,1791183155,1791183167,12
26124498,26124499,1791183167,1791183179,12
26124499,26124500,1791183179,1791183191,12
26124500,26124501,1791183191,1791183203,12
26124501,26124502,1791183203,1791183215,12
26124502,26124503,1791183215,1791183227,12
26124503,26124504,1791183227,1791183239,12
26124504,26124505,1791183239,1791183251,12
26124505,26124506,1791183251,1791183263,12
26124506,26124507,1791183263,1791183275,12
26124507,26124508,1791183275,1791183287,12
26124508,26124509,1791183287,1791183299,12
26124509,26124510,1791183299,1791183311,12
26124510,26124511,1791183311,1791183323,12
26124511,26124512,1791183323,1791183335,12
26124512,26124513,1791183335,1791183347,12
26124513,26124514,1791183347,1791183359,12
26124514,26124515,1791183359,1791183371,12
26124515,26124516,1791183371,1791183383,12
26124516,26124517,1791183383,1791183395,12
26124517,26124518,1791183395,1791183407,12
26124518,26124519,1791183407,1791183419,12
26124519,26124520,1791183419,1791183431,12
26124520,26124521,1791183431,1791183443,12
26124521,26124522,1791183443,1791183455,12
26124522,26124523,1791183455,1791183467,12
26124523,26124524,1791183467,1791183479,12
26124524,26124525,1791183479,1791183491,12
26124525,26124526,1791183491,1791183503,12
26124526,26124527,1791183503,1791183515,12
26124527,26124528,1791183515,1791183527,12
26124528,26124529,1791183527,1791183539,12
26124529,26124530,1791183539,1791183551,12
26124530,26124531,1791183551,1791183563,12
26124531,26124532,1791183563,1791183575,12
26124532,26124533,1791183575,1791183587,12
26124533,26124534,1791183587,1791183599,12
26124534,26124535,1791183599,1791183611,12
26124535,26124536,1791183611,1791183623,12
26124536,26124537,1791183623,1791183635,12
26124537,26124538,1791183635,1791183647,12
26124538,26124539,1791183647,1791183659,12
26124539,26124540,1791183659,1791183671,12
26124540,26124541,1791183671,1791183683,12
26124541,26124542,1791183683,1791183695,12
26124542,26124543,1791183695,1791183707,12
26124543,26124544,1791183707,1791183719,12
26124544,26124545,1791183719,1791183731,12
26124545,26124546,1791183731,1791183743,12
26124546,26124547,1791183743,1791183755,12
26124547,26124548,1791183755,1791183767,12
26124548,26124549,1791183767,1791183779,12
26124549,26124550,1791183779,1791183791,12
26124550,26124551,1791183791,1791183803,12
26124551,26124552,1791183803,1791183815,12
26124552,26124553,1791183815,1791183827,12
26124553,26124554,1791183827,1791183839,12
26124554,26124555,1791183839,1791183851,12
26124555,26124556,1791183851,1791183863,12
26124556,26124557,1791183863,1791183875,12
26124557,26124558,1791183875,1791183887,12
26124558,26124559,1791183887,1791183899,12
26124559,26124560,1791183899,1791183911,12
26124560,26124561,1791183911,1791183923,12
26124561,26124562,1791183923,1791183935,12
26124562,26124563,1791183935,1791183947,12
26124563,26124564,1791183947,1791183959,12
26124564,26124565,1791183959,1791183971,12
26124565,26124566,1791183971,1791183983,12
26124566,26124567,1791183983,1791183995,12
26124567,26124568,1791183995,1791184007,12
26124568,26124569,1791184007,1791184019,12
26124569,26124570,1791184019,1791184031,12
26124570,26124571,1791184031,1791184043,12
26124571,26124572,1791184043,1791184055,12
26124572,26124573,1791184055,1791184067,12
26124573,26124574,1791184067,1791184079,12
26124574,26124575,1791184079,1791184091,12
26124575,26124576,1791184091,1791184103,12
26124576,26124577,1791184103,1791184115,12
26124577,26124578,1791184115,1791184127,12
26124578,26124579,1791184127,1791184139,12
26124579,26124580,1791184139,1791184151,12
26124580,26124581,1791184151,1791184163,12
26124581,26124582,1791184163,1791184175,12
26124582,26124583,1791184175,1791184187,12
26124583,26124584,1791184187,1791184199,12
26124584,26124585,1791184199,1791184211,12
26124585,26124586,1791184211,1791184223,12
26124586,26124587,1791184223,1791184235,12
26124587,26124588,1791184235,1791184247,12
26124588,26124589,1791184247,1791184259,12
26124589,26124590,1791184259,1791184271,12
26124590,26124591,1791184271,1791184283,12
26124591,26124592,1791184283,1791184295,12
26124592,26124593,1791184295,1791184307,12
26124593,26124594,1791184307,1791184319,12
26124594,26124595,1791184319,1791184331,12
26124595,26124596,1791184331,1791184343,12
26124596,26124597,1791184343,1791184355,12
26124597,26124598,1791184355,1791184367,12
26124598,26124599,1791184367,1791184379,12
26124599,26124600,1791184379,1791184391,12
26124600,26124601,1791184391,1791184403,12
26124601,26124602,1791184403,1791184415,12
26124602,26124603,1791184415,1791184427,12
26124603,26124604,1791184427,1791184439,12
26124604,26124605,1791184439,1791184451,12
26124605,26124606,1791184451,1791184463,12
26124606,26124607,1791184463,1791184475,12
26124607,26124608,1791184475,1791184487,12
26124608,26124609,1791184487,1791184499,12
26124609,26124610,1791184499,1791184511,12
26124610,26124611,1791184511,1791184523,12
26124611,26124612,1791184523,1791184535,12
26124612,26124613,1791184535,1791184547,12
26124613,26124614,1791184547,1791184559,12
26124614,26124615,1791184559,1791184571,12
26124615,26124616,1791184571,1791184583,12
26124616,26124617,1791184583,1791184595,12
26124617,26124618,1791184595,1791184607,12
26124618,26124619,1791184607,1791184619,12
26124619,26124620,1791184619,1791184631,12
26124620,26124621,1791184631,1791184643,12
26124621,26124622,1791184643,1791184655,12
26124622,26124623,1791184655,1791184667,12
26124623,26124624,1791184667,1791184679,12
26124624,26124625,1791184679,1791184691,12
26124625,26124626,1791184691,1791184703,12
26124626,26124627,1791184703,1791184715,12
26124627,26124628,1791184715,1791184727,12
26124628,26124629,1791184727,1791184751,24
26124629,26124630,1791184751,1791184763,12
26124630,26124631,1791184763,1791184775,12
26124631,26124632,1791184775,1791184787,12
26124632,26124633,1791184787,1791184799,12
26124633,26124634,1791184799,1791184811,12
26124634,26124635,1791184811,1791184823,12
26124635,26124636,1791184823,1791184835,12
26124636,26124637,1791184835,1791184847,12
26124637,26124638,1791184847,1791184859,12
26124638,26124639,1791184859,1791184871,12
26124639,26124640,1791184871,1791184883,12
26124640,26124641,1791184883,1791184895,12
26124641,26124642,1791184895,1791184907,12
26124642,26124643,1791184907,1791184919,12
26124643,26124644,1791184919,1791184931,12
26124644,26124645,1791184931,1791184943,12
26124645,26124646,1791184943,1791184955,12
26124646,26124647,1791184955,1791184967,12
26124647,26124648,1791184967,1791184979,12
26124648,26124649,1791184979,1791184991,12
26124649,26124650,1791184991,1791185003,12
26124650,26124651,1791185003,1791185015,12
26124651,26124652,1791185015,1791185027,12
26124652,26124653,1791185027,1791185039,12
26124653,26124654,1791185039,1791185051,12
26124654,26124655,1791185051,1791185063,12
26124655,26124656,1791185063,1791185075,12
26124656,26124657,1791185075,1791185087,12
26124657,26124658,1791185087,1791185099,12
26124658,26124659,1791185099,1791185111,12
26124659,26124660,1791185111,1791185123,12
26124660,26124661,1791185123,1791185135,12
26124661,26124662,1791185135,1791185147,12
26124662,26124663,1791185147,1791185159,12
26124663,26124664,1791185159,1791185171,12
26124664,26124665,1791185171,1791185183,12
26124665,26124666,1791185183,1791185195,12
26124666,26124667,1791185195,1791185207,12
26124667,26124668,1791185207,1791185219,12
26124668,26124669,1791185219,1791185231,12
26124669,26124670,1791185231,1791185243,12
26124670,26124671,1791185243,1791185255,12
26124671,26124672,1791185255,1791185267,12
26124672,26124673,1791185267,1791185279,12
26124673,26124674,1791185279,1791185291,12
26124674,26124675,1791185291,1791185303,12
26124675,26124676,1791185303,1791185315,12
26124676,26124677,1791185315,1791185327,12
26124677,26124678,1791185327,1791185339,12
26124678,26124679,1791185339,1791185351,12
26124679,26124680,1791185351,1791185363,12
26124680,26124681,1791185363,1791185375,12
26124681,26124682,1791185375,1791185387,12
26124682,26124683,1791185387,1791185399,12
26124683,26124684,1791185399,1791185411,12
26124684,26124685,1791185411,1791185423,12
26124685,26124686,1791185423,1791185435,12
26124686,26124687,1791185435,1791185447,12
26124687,26124688,1791185447,1791185459,12
26124688,26124689,1791185459,1791185471,12
26124689,26124690,1791185471,1791185483,12
26124690,26124691,1791185483,1791185495,12
26124691,26124692,1791185495,1791185507,12
26124692,26124693,1791185507,1791185519,12
26124693,26124694,1791185519,1791185531,12
26124694,26124695,1791185531,1791185543,12
26124695,26124696,1791185543,1791185555,12
26124696,26124697,1791185555,1791185567,12
26124697,26124698,1791185567,1791185579,12
26124698,26124699,1791185579,1791185591,12
26124699,26124700,1791185591,1791185603,12
26124700,26124701,1791185603,1791185615,12
26124701,26124702,1791185615,1791185627,12
26124702,26124703,1791185627,1791185639,12
26124703,26124704,1791185639,1791185651,12
26124704,26124705,1791185651,1791185663,12
26124705,26124706,1791185663,1791185675,12
26124706,26124707,1791185675,1791185687,12
26124707,26124708,1791185687,1791185699,12
26124708,26124709,1791185699,1791185711,12
26124709,26124710,1791185711,1791185723,12
26124710,26124711,1791185723,1791185735,12
26124711,26124712,1791185735,1791185747,12
26124712,26124713,1791185747,1791185759,12
26124713,26124714,1791185759,1791185771,12
26124714,26124715,1791185771,1791185783,12
26124715,26124716,1791185783,1791185795,12
26124716,26124717,1791185795,1791185807,12
26124717,26124718,1791185807,1791185819,12
26124718,26124719,1791185819,1791185831,12
26124719,26124720,1791185831,1791185843,12
26124720,26124721,1791185843,1791185855,12
26124721,26124722,1791185855,1791185867,12
26124722,26124723,1791185867,1791185879,12
26124723,26124724,1791185879,1791185891,12
26124724,26124725,1791185891,1791185903,12
26124725,26124726,1791185903,1791185915,12
26124726,26124727,1791185915,1791185927,12
26124727,26124728,1791185927,1791185939,12
26124728,26124729,1791185939,1791185951,12
26124729,26124730,1791185951,1791185963,12
26124730,26124731,1791185963,1791185975,12
26124731,26124732,1791185975,1791185987,12
26124732,26124733,1791185987,1791185999,12
26124733,26124734,1791185999,1791186011,12
26124734,26124735,1791186011,1791186023,12
26124735,26124736,1791186023,1791186035,12
26124736,26124737,1791186035,1791186047,12
26124737,26124738,1791186047,1791186059,12
26124738,26124739,1791186059,1791186071,12
26124739,26124740,1791186071,1791186083,12
26124740,26124741,1791186083,1791186095,12
26124741,26124742,1791186095,1791186107,12
26124742,26124743,1791186107,1791186119,12
26124743,26124744,1791186119,1791186131,12
26124744,26124745,1791186131,1791186143,12
26124745,26124746,1791186143,1791186155,12
26124746,26124747,1791186155,1791186167,12
26124747,26124748,1791186167,1791186179,12
26124748,26124749,1791186179,1791186191,12
26124749,26124750,1791186191,1791186203,12
26124750,26124751,1791186203,1791186215,12
26124751,26124752,1791186215,1791186227,12
26124752,26124753,1791186227,1791186239,12
26124753,26124754,1791186239,1791186251,12
26124754,26124755,1791186251,1791186275,24
26124755,26124756,1791186275,1791186287,12
26124756,26124757,1791186287,1791186299,12
26124757,26124758,1791186299,1791186311,12
26124758,26124759,1791186311,1791186323,12
26124759,26124760,1791186323,1791186335,12
26124760,26124761,1791186335,1791186347,12
26124761,26124762,1791186347,1791186359,12
26124762,26124763,1791186359,1791186371,12
26124763,26124764,1791186371,1791186383,12
26124764,26124765,1791186383,1791186395,12
26124765,26124766,1791186395,1791186407,12
26124766,26124767,1791186407,1791186419,12
26124767,26124768,1791186419,1791186431,12
26124768,26124769,1791186431,1791186443,12
26124769,26124770,1791186443,1791186455,12
26124770,26124771,1791186455,1791186467,12
26124771,26124772,1791186467,1791186479,12
26124772,26124773,1791186479,1791186491,12
26124773,26124774,1791186491,1791186503,12
26124774,26124775,1791186503,1791186515,12
26124775,26124776,1791186515,1791186527,12
26124776,26124777,1791186527,1791186539,12
26124777,26124778,1791186539,1791186551,12
26124778,26124779,1791186551,1791186563,12
26124779,26124780,1791186563,1791186575,12
26124780,26124781,1791186575,1791186587,12
26124781,26124782,1791186587,1791186599,12
26124782,26124783,1791186599,1791186611,12
26124783,26124784,1791186611,1791186623,12
26124784,26124785,1791186623,1791186635,12
26124785,26124786,1791186635,1791186647,12
26124786,26124787,1791186647,1791186659,12
26124787,26124788,1791186659,1791186671,12
26124788,26124789,1791186671,1791186683,12
26124789,26124790,1791186683,1791186695,12
26124790,26124791,1791186695,1791186707,12
26124791,26124792,1791186707,1791186719,12
26124792,26124793,1791186719,1791186731,12
26124793,26124794,1791186731,1791186743,12
26124794,26124795,1791186743,1791186755,12
26124795,26124796,1791186755,1791186767,12
26124796,26124797,1791186767,1791186779,12
26124797,26124798,1791186779,1791186791,12
26124798,26124799,1791186791,1791186803,12
26124799,26124800,1791186803,1791186815,12
26124800,26124801,1791186815,1791186827,12
26124801,26124802,1791186827,1791186839,12
26124802,26124803,1791186839,1791186851,12
26124803,26124804,1791186851,1791186863,12
26124804,26124805,1791186863,1791186875,12
26124805,26124806,1791186875,1791186887,12
26124806,26124807,1791186887,1791186899,12
26124807,26124808,1791186899,1791186911,12
26124808,26124809,1791186911,1791186923,12
26124809,26124810,1791186923,1791186935,12
26124810,26124811,1791186935,1791186947,12
26124811,26124812,1791186947,1791186959,12
26124812,26124813,1791186959,1791186971,12
26124813,26124814,1791186971,1791186983,12
26124814,26124815,1791186983,1791186995,12
26124815,26124816,1791186995,1791187007,12
26124816,26124817,1791187007,1791187019,12
26124817,26124818,1791187019,1791187031,12
26124818,26124819,1791187031,1791187043,12
26124819,26124820,1791187043,1791187055,12
26124820,26124821,1791187055,1791187067,12
26124821,26124822,1791187067,1791187079,12
26124822,26124823,1791187079,1791187091,12
26124823,26124824,1791187091,1791187103,12
26124824,26124825,1791187103,1791187115,12
26124825,26124826,1791187115,1791187127,12
26124826,26124827,1791187127,1791187139,12
26124827,26124828,1791187139,1791187151,12
26124828,26124829,1791187151,1791187163,12
26124829,26124830,1791187163,1791187175,12
26124830,26124831,1791187175,1791187187,12
26124831,26124832,1791187187,1791187199,12
26124832,26124833,1791187199,1791187211,12
26124833,26124834,1791187211,1791187223,12
26124834,26124835,1791187223,1791187235,12
26124835,26124836,1791187235,1791187247,12
26124836,26124837,1791187247,1791187259,12
26124837,26124838,1791187259,1791187271,12
26124838,26124839,1791187271,1791187283,12
26124839,26124840,1791187283,1791187295,12
26124840,26124841,1791187295,1791187307,12
26124841,26124842,1791187307,1791187319,12
26124842,26124843,1791187319,1791187331,12
26124843,26124844,1791187331,1791187343,12
26124844,26124845,1791187343,1791187355,12
26124845,26124846,1791187355,1791187367,12
26124846,26124847,1791187367,1791187379,12
26124847,26124848,1791187379,1791187391,12
26124848,26124849,1791187391,1791187403,12
26124849,26124850,1791187403,1791187415,12
26124850,26124851,1791187415,1791187427,12
26124851,26124852,1791187427,1791187439,12
26124852,26124853,1791187439,1791187451,12
26124853,26124854,1791187451,1791187463,12
26124854,26124855,1791187463,1791187475,12
26124855,26124856,1791187475,1791187487,12
26124856,26124857,1791187487,1791187499,12
26124857,26124858,1791187499,1791187511,12
26124858,26124859,1791187511,1791187523,12
26124859,26124860,1791187523,1791187535,12
26124860,26124861,1791187535,1791187547,12
26124861,26124862,1791187547,1791187559,12
26124862,26124863,1791187559,1791187571,12
26124863,26124864,1791187571,1791187583,12
26124864,26124865,1791187583,1791187595,12
26124865,26124866,1791187595,1791187607,12
26124866,26124867,1791187607,1791187619,12
26124867,26124868,1791187619,1791187631,12
26124868,26124869,1791187631,1791187643,12
26124869,26124870,1791187643,1791187655,12
26124870,26124871,1791187655,1791187667,12
26124871,26124872,1791187667,1791187679,12
26124872,26124873,1791187679,1791187691,12
26124873,26124874,1791187691,1791187703,12
26124874,26124875,1791187703,1791187715,12
26124875,26124876,1791187715,1791187727,12
26124876,26124877,1791187727,1791187739,12
26124877,26124878,1791187739,1791187751,12
26124878,26124879,1791187751,1791187763,12
26124879,26124880,1791187763,1791187775,12
26124880,26124881,1791187775,1791187787,12
26124881,26124882,1791187787,1791187799,12
26124882,26124883,1791187799,1791187811,12
26124883,26124884,1791187811,1791187823,12
26124884,26124885,1791187823,1791187835,12
26124885,26124886,1791187835,1791187847,12
26124886,26124887,1791187847,1791187859,12
26124887,26124888,1791187859,1791187871,12
26124888,26124889,1791187871,1791187883,12
26124889,26124890,1791187883,1791187895,12
26124890,26124891,1791187895,1791187907,12
26124891,26124892,1791187907,1791187919,12
26124892,26124893,1791187919,1791187931,12
26124893,26124894,1791187931,1791187943,12
26124894,26124895,1791187943,1791187955,12
26124895,26124896,1791187955,1791187967,12
26124896,26124897,1791187967,1791187979,12
26124897,26124898,1791187979,1791187991,12
26124898,26124899,1791187991,1791188003,12
26124899,26124900,1791188003,1791188015,12
26124900,26124901,1791188015,1791188027,12
26124901,26124902,1791188027,1791188039,12
26124902,26124903,1791188039,1791188051,12
26124903,26124904,1791188051,1791188063,12
26124904,26124905,1791188063,1791188075,12
26124905,26124906,1791188075,1791188087,12
26124906,26124907,1791188087,1791188099,12
26124907,26124908,1791188099,1791188111,12
26124908,26124909,1791188111,1791188123,12
26124909,26124910,1791188123,1791188135,12
26124910,26124911,1791188135,1791188147,12
26124911,26124912,1791188147,1791188159,12
26124912,26124913,1791188159,1791188171,12
26124913,26124914,1791188171,1791188183,12
26124914,26124915,1791188183,1791188195,12
26124915,26124916,1791188195,1791188207,12
26124916,26124917,1791188207,1791188219,12
26124917,26124918,1791188219,1791188231,12
26124918,26124919,1791188231,1791188243,12
26124919,26124920,1791188243,1791188255,12
26124920,26124921,1791188255,1791188267,12
26124921,26124922,1791188267,1791188279,12
26124922,26124923,1791188279,1791188291,12
26124923,26124924,1791188291,1791188303,12
26124924,26124925,1791188303,1791188315,12
26124925,26124926,1791188315,1791188327,12
26124926,26124927,1791188327,1791188351,24
26124927,26124928,1791188351,1791188363,12
26124928,26124929,1791188363,1791188375,12
26124929,26124930,1791188375,1791188387,12
26124930,26124931,1791188387,1791188399,12
26124931,26124932,1791188399,1791188411,12
26124932,26124933,1791188411,1791188423,12
26124933,26124934,1791188423,1791188435,12
26124934,26124935,1791188435,1791188447,12
26124935,26124936,1791188447,1791188459,12
26124936,26124937,1791188459,1791188471,12
26124937,26124938,1791188471,1791188483,12
26124938,26124939,1791188483,1791188495,12
26124939,26124940,1791188495,1791188507,12
26124940,26124941,1791188507,1791188519,12
26124941,26124942,1791188519,1791188531,12
26124942,26124943,1791188531,1791188543,12
26124943,26124944,1791188543,1791188555,12
26124944,26124945,1791188555,1791188567,12
26124945,26124946,1791188567,1791188579,12
26124946,26124947,1791188579,1791188591,12
26124947,26124948,1791188591,1791188603,12
26124948,26124949,1791188603,1791188615,12
26124949,26124950,1791188615,1791188627,12
26124950,26124951,1791188627,1791188639,12
26124951,26124952,1791188639,1791188651,12
26124952,26124953,1791188651,1791188663,12
26124953,26124954,1791188663,1791188675,12
26124954,26124955,1791188675,1791188687,12
26124955,26124956,1791188687,1791188699,12
26124956,26124957,1791188699,1791188711,12
26124957,26124958,1791188711,1791188723,12
26124958,26124959,1791188723,1791188735,12
26124959,26124960,1791188735,1791188747,12
26124960,26124961,1791188747,1791188759,12
26124961,26124962,1791188759,1791188771,12
26124962,26124963,1791188771,1791188783,12
26124963,26124964,1791188783,1791188795,12
26124964,26124965,1791188795,1791188807,12
26124965,26124966,1791188807,1791188819,12
26124966,26124967,1791188819,1791188831,12
26124967,26124968,1791188831,1791188843,12
26124968,26124969,1791188843,1791188855,12
26124969,26124970,1791188855,1791188867,12
26124970,26124971,1791188867,1791188879,12
26124971,26124972,1791188879,1791188891,12
26124972,26124973,1791188891,1791188903,12
26124973,26124974,1791188903,1791188915,12
26124974,26124975,1791188915,1791188927,12
26124975,26124976,1791188927,1791188939,12
26124976,26124977,1791188939,1791188951,12
26124977,26124978,1791188951,1791188963,12
26124978,26124979,1791188963,1791188975,12
26124979,26124980,1791188975,1791188987,12
26124980,26124981,1791188987,1791188999,12
26124981,26124982,1791188999,1791189011,12
26124982,26124983,1791189011,1791189023,12
26124983,26124984,1791189023,1791189035,12
26124984,26124985,1791189035,1791189047,12
26124985,26124986,1791189047,1791189059,12
26124986,26124987,1791189059,1791189071,12
26124987,26124988,1791189071,1791189083,12
26124988,26124989,1791189083,1791189095,12
26124989,26124990,1791189095,1791189107,12
26124990,26124991,1791189107,1791189119,12
26124991,26124992,1791189119,1791189131,12
26124992,26124993,1791189131,1791189143,12
26124993,26124994,1791189143,1791189155,12
26124994,26124995,1791189155,1791189167,12
26124995,26124996,1791189167,1791189179,12
26124996,26124997,1791189179,1791189191,12
26124997,26124998,1791189191,1791189203,12
26124998,26124999,1791189203,1791189215,12
26124999,26125000,1791189215,1791189227,12
26125000,26125001,1791189227,1791189239,12
26125001,26125002,1791189239,1791189251,12
26125002,26125003,1791189251,1791189263,12
26125003,26125004,1791189263,1791189275,12
26125004,26125005,1791189275,1791189287,12
26125005,26125006,1791189287,1791189299,12
26125006,26125007,1791189299,1791189311,12
26125007,26125008,1791189311,1791189323,12
26125008,26125009,1791189323,1791189335,12
26125009,26125010,1791189335,1791189347,12
26125010,26125011,1791189347,1791189359,12
26125011,26125012,1791189359,1791189371,12
26125012,26125013,1791189371,1791189383,12
26125013,26125014,1791189383,1791189395,12
26125014,26125015,1791189395,1791189407,12
26125015,26125016,1791189407,1791189419,12
26125016,26125017,1791189419,1791189431,12
26125017,26125018,1791189431,1791189443,12
26125018,26125019,1791189443,1791189455,12
26125019,26125020,1791189455,1791189467,12
26125020,26125021,1791189467,1791189479,12
26125021,26125022,1791189479,1791189491,12
26125022,26125023,1791189491,1791189503,12
26125023,26125024,1791189503,1791189515,12
26125024,26125025,1791189515,1791189527,12
26125025,26125026,1791189527,1791189539,12
26125026,26125027,1791189539,1791189551,12
26125027,26125028,1791189551,1791189563,12
26125028,26125029,1791189563,1791189575,12
26125029,26125030,1791189575,1791189587,12
26125030,26125031,1791189587,1791189599,12
26125031,26125032,1791189599,1791189611,12
26125032,26125033,1791189611,1791189623,12
26125033,26125034,1791189623,1791189635,12
26125034,26125035,1791189635,1791189647,12
26125035,26125036,1791189647,1791189659,12
26125036,26125037,1791189659,1791189671,12
26125037,26125038,1791189671,1791189683,12
26125038,26125039,1791189683,1791189695,12
26125039,26125040,1791189695,1791189707,12
26125040,26125041,1791189707,1791189719,12
26125041,26125042,1791189719,1791189731,12
26125042,26125043,1791189731,1791189743,12
26125043,26125044,1791189743,1791189755,12
26125044,26125045,1791189755,1791189767,12
26125045,26125046,1791189767,1791189779,12
26125046,26125047,1791189779,1791189791,12
26125047,26125048,1791189791,1791189803,12
26125048,26125049,1791189803,1791189815,12
26125049,26125050,1791189815,1791189827,12
26125050,26125051,1791189827,1791189839,12
26125051,26125052,1791189839,1791189851,12
26125052,26125053,1791189851,1791189863,12
26125053,26125054,1791189863,1791189875,12
26125054,26125055,1791189875,1791189887,12
26125055,26125056,1791189887,1791189899,12
26125056,26125057,1791189899,1791189911,12
26125057,26125058,1791189911,1791189923,12
26125058,26125059,1791189923,1791189935,12
26125059,26125060,1791189935,1791189947,12
26125060,26125061,1791189947,1791189959,12
26125061,26125062,1791189959,1791189971,12
26125062,26125063,1791189971,1791189983,12
26125063,26125064,1791189983,1791189995,12
26125064,26125065,1791189995,1791190007,12
26125065,26125066,1791190007,1791190019,12
26125066,26125067,1791190019,1791190031,12
26125067,26125068,1791190031,1791190043,12
26125068,26125069,1791190043,1791190055,12
26125069,26125070,1791190055,1791190067,12
26125070,26125071,1791190067,1791190079,12
26125071,26125072,1791190079,1791190091,12
26125072,26125073,1791190091,1791190103,12
26125073,26125074,1791190103,1791190115,12
26125074,26125075,1791190115,1791190127,12
26125075,26125076,1791190127,1791190139,12
26125076,26125077,1791190139,1791190151,12
26125077,26125078,1791190151,1791190163,12
26125078,26125079,1791190163,1791190175,12
26125079,26125080,1791190175,1791190187,12
26125080,26125081,1791190187,1791190199,12
26125081,26125082,1791190199,1791190211,12
26125082,26125083,1791190211,1791190223,12
26125083,26125084,1791190223,1791190235,12
26125084,26125085,1791190235,1791190247,12
26125085,26125086,1791190247,1791190259,12
26125086,26125087,1791190259,1791190271,12
26125087,26125088,1791190271,1791190283,12
26125088,26125089,1791190283,1791190295,12
26125089,26125090,1791190295,1791190307,12
26125090,26125091,1791190307,1791190319,12
26125091,26125092,1791190319,1791190331,12
26125092,26125093,1791190331,1791190343,12
26125093,26125094,1791190343,1791190355,12
26125094,26125095,1791190355,1791190367,12
26125095,26125096,1791190367,1791190379,12
26125096,26125097,1791190379,1791190391,12
26125097,26125098,1791190391,1791190403,12
26125098,26125099,1791190403,1791190415,12
26125099,26125100,1791190415,1791190427,12
26125100,26125101,1791190427,1791190439,12
26125101,26125102,1791190439,1791190451,12
26125102,26125103,1791190451,1791190463,12
26125103,26125104,1791190463,1791190475,12
26125104,26125105,1791190475,1791190487,12
26125105,26125106,1791190487,1791190499,12
26125106,26125107,1791190499,1791190511,12
26125107,26125108,1791190511,1791190523,12
26125108,26125109,1791190523,1791190535,12
26125109,26125110,1791190535,1791190547,12
26125110,26125111,1791190547,1791190559,12
26125111,26125112,1791190559,1791190571,12
26125112,26125113,1791190571,1791190583,12
26125113,26125114,1791190583,1791190595,12
26125114,26125115,1791190595,1791190607,12
26125115,26125116,1791190607,1791190619,12
26125116,26125117,1791190619,1791190631,12
26125117,26125118,1791190631,1791190643,12
26125118,26125119,1791190643,1791190655,12
26125119,26125120,1791190655,1791190667,12
26125120,26125121,1791190667,1791190679,12
26125121,26125122,1791190679,1791190691,12
26125122,26125123,1791190691,1791190703,12
26125123,26125124,1791190703,1791190715,12
26125124,26125125,1791190715,1791190727,12
26125125,26125126,1791190727,1791190739,12
26125126,26125127,1791190739,1791190751,12
26125127,26125128,1791190751,1791190763,12
26125128,26125129,1791190763,1791190775,12
26125129,26125130,1791190775,1791190787,12
26125130,26125131,1791190787,1791190799,12
26125131,26125132,1791190799,1791190811,12
26125132,26125133,1791190811,1791190823,12
26125133,26125134,1791190823,1791190835,12
26125134,26125135,1791190835,1791190847,12
26125135,26125136,1791190847,1791190859,12
26125136,26125137,1791190859,1791190871,12
26125137,26125138,1791190871,1791190883,12
26125138,26125139,1791190883,1791190895,12
26125139,26125140,1791190895,1791190907,12
26125140,26125141,1791190907,1791190919,12
26125141,26125142,1791190919,1791190931,12
26125142,26125143,1791190931,1791190943,12
26125143,26125144,1791190943,1791190955,12
26125144,26125145,1791190955,1791190967,12
26125145,26125146,1791190967,1791190979,12
26125146,26125147,1791190979,1791190991,12
26125147,26125148,1791190991,1791191003,12
26125148,26125149,1791191003,1791191015,12
26125149,26125150,1791191015,1791191027,12
26125150,26125151,1791191027,1791191039,12
26125151,26125152,1791191039,1791191051,12
26125152,26125153,1791191051,1791191063,12
26125153,26125154,1791191063,1791191075,12
26125154,26125155,1791191075,1791191087,12
26125155,26125156,1791191087,1791191099,12
26125156,26125157,1791191099,1791191111,12
26125157,26125158,1791191111,1791191123,12
26125158,26125159,1791191123,1791191135,12
26125159,26125160,1791191135,1791191147,12
26125160,26125161,1791191147,1791191159,12
26125161,26125162,1791191159,1791191171,12
26125162,26125163,1791191171,1791191183,12
26125163,26125164,1791191183,1791191195,12
26125164,26125165,1791191195,1791191207,12
26125165,26125166,1791191207,1791191219,12
26125166,26125167,1791191219,1791191231,12
26125167,26125168,1791191231,1791191243,12
26125168,26125169,1791191243,1791191255,12
26125169,26125170,1791191255,1791191267,12
26125170,26125171,1791191267,1791191279,12
26125171,26125172,1791191279,1791191291,12
26125172,26125173,1791191291,1791191303,12
26125173,26125174,1791191303,1791191315,12
26125174,26125175,1791191315,1791191327,12
26125175,26125176,1791191327,1791191339,12
26125176,26125177,1791191339,1791191351,12
26125177,26125178,1791191351,1791191363,12
26125178,26125179,1791191363,1791191375,12
26125179,26125180,1791191375,1791191387,12
26125180,26125181,1791191387,1791191399,12
26125181,26125182,1791191399,1791191411,12
26125182,26125183,1791191411,1791191423,12
26125183,26125184,1791191423,1791191435,12
26125184,26125185,1791191435,1791191447,12
26125185,26125186,1791191447,1791191459,12
26125186,26125187,1791191459,1791191471,12
26125187,26125188,1791191471,1791191483,12
26125188,26125189,1791191483,1791191495,12
26125189,26125190,1791191495,1791191507,12
26125190,26125191,1791191507,1791191519,12
26125191,26125192,1791191519,1791191531,12
26125192,26125193,1791191531,1791191543,12
26125193,26125194,1791191543,1791191555,12
26125194,26125195,1791191555,1791191567,12
26125195,26125196,1791191567,1791191579,12
26125196,26125197,1791191579,1791191591,12
26125197,26125198,1791191591,1791191603,12
26125198,26125199,1791191603,1791191615,12
26125199,26125200,1791191615,1791191627,12
26125200,26125201,1791191627,1791191639,12
26125201,26125202,1791191639,1791191651,12
26125202,26125203,1791191651,1791191663,12
26125203,26125204,1791191663,1791191675,12
26125204,26125205,1791191675,1791191687,12
26125205,26125206,1791191687,1791191699,12
26125206,26125207,1791191699,1791191711,12
26125207,26125208,1791191711,1791191723,12
26125208,26125209,1791191723,1791191735,12
26125209,26125210,1791191735,1791191747,12
26125210,26125211,1791191747,1791191759,12
26125211,26125212,1791191759,1791191771,12
26125212,26125213,1791191771,1791191783,12
26125213,26125214,1791191783,1791191795,12
26125214,26125215,1791191795,1791191807,12
26125215,26125216,1791191807,1791191819,12
26125216,26125217,1791191819,1791191831,12
26125217,26125218,1791191831,1791191843,12
26125218,26125219,1791191843,1791191855,12
26125219,26125220,1791191855,1791191867,12
26125220,26125221,1791191867,1791191879,12
26125221,26125222,1791191879,1791191891,12
26125222,26125223,1791191891,1791191903,12
26125223,26125224,1791191903,1791191915,12
26125224,26125225,1791191915,1791191927,12
26125225,26125226,1791191927,1791191939,12
26125226,26125227,1791191939,1791191951,12
26125227,26125228,1791191951,1791191963,12
26125228,26125229,1791191963,1791191975,12
26125229,26125230,1791191975,1791191987,12
26125230,26125231,1791191987,1791191999,12
26125231,26125232,1791191999,1791192011,12
26125232,26125233,1791192011,1791192023,12
26125233,26125234,1791192023,1791192035,12
26125234,26125235,1791192035,1791192047,12
26125235,26125236,1791192047,1791192059,12
26125236,26125237,1791192059,1791192071,12
26125237,26125238,1791192071,1791192083,12
26125238,26125239,1791192083,1791192095,12
26125239,26125240,1791192095,1791192107,12
26125240,26125241,1791192107,1791192119,12
26125241,26125242,1791192119,1791192131,12
26125242,26125243,1791192131,1791192143,12
26125243,26125244,1791192143,1791192155,12
26125244,26125245,1791192155,1791192167,12
26125245,26125246,1791192167,1791192179,12
26125246,26125247,1791192179,1791192191,12
26125247,26125248,1791192191,1791192203,12
26125248,26125249,1791192203,1791192215,12
26125249,26125250,1791192215,1791192227,12
26125250,26125251,1791192227,1791192239,12
26125251,26125252,1791192239,1791192251,12
26125252,26125253,1791192251,1791192263,12
26125253,26125254,1791192263,1791192275,12
26125254,26125255,1791192275,1791192287,12
26125255,26125256,1791192287,1791192299,12
26125256,26125257,1791192299,1791192311,12
26125257,26125258,1791192311,1791192323,12
26125258,26125259,1791192323,1791192335,12
26125259,26125260,1791192335,1791192347,12
26125260,26125261,1791192347,1791192359,12
26125261,26125262,1791192359,1791192371,12
26125262,26125263,1791192371,1791192383,12
26125263,26125264,1791192383,1791192395,12
26125264,26125265,1791192395,1791192407,12
26125265,26125266,1791192407,1791192419,12
26125266,26125267,1791192419,1791192431,12
26125267,26125268,1791192431,1791192443,12
26125268,26125269,1791192443,1791192455,12
26125269,26125270,1791192455,1791192467,12
26125270,26125271,1791192467,1791192491,24
26125271,26125272,1791192491,1791192503,12
26125272,26125273,1791192503,1791192515,12
26125273,26125274,1791192515,1791192527,12
26125274,26125275,1791192527,1791192539,12
26125275,26125276,1791192539,1791192551,12
26125276,26125277,1791192551,1791192563,12
26125277,26125278,1791192563,1791192575,12
26125278,26125279,1791192575,1791192587,12
26125279,26125280,1791192587,1791192599,12
26125280,26125281,1791192599,1791192611,12
26125281,26125282,1791192611,1791192623,12
26125282,26125283,1791192623,1791192635,12
26125283,26125284,1791192635,1791192647,12
26125284,26125285,1791192647,1791192659,12
26125285,26125286,1791192659,1791192671,12
26125286,26125287,1791192671,1791192683,12
26125287,26125288,1791192683,1791192695,12
26125288,26125289,1791192695,1791192707,12
26125289,26125290,1791192707,1791192719,12
26125290,26125291,1791192719,1791192731,12
26125291,26125292,1791192731,1791192743,12
26125292,26125293,1791192743,1791192755,12
26125293,26125294,1791192755,1791192767,12
26125294,26125295,1791192767,1791192779,12
26125295,26125296,1791192779,1791192791,12
26125296,26125297,1791192791,1791192803,12
26125297,26125298,1791192803,1791192815,12
26125298,26125299,1791192815,1791192827,12
26125299,26125300,1791192827,1791192839,12
26125300,26125301,1791192839,1791192851,12
26125301,26125302,1791192851,1791192863,12
26125302,26125303,1791192863,1791192875,12
26125303,26125304,1791192875,1791192887,12
26125304,26125305,1791192887,1791192899,12
26125305,26125306,1791192899,1791192911,12
26125306,26125307,1791192911,1791192923,12
26125307,26125308,1791192923,1791192935,12
26125308,26125309,1791192935,1791192947,12
26125309,26125310,1791192947,1791192959,12
26125310,26125311,1791192959,1791192971,12
26125311,26125312,1791192971,1791192983,12
26125312,26125313,1791192983,1791192995,12
26125313,26125314,1791192995,1791193007,12
26125314,26125315,1791193007,1791193019,12
26125315,26125316,1791193019,1791193031,12
26125316,26125317,1791193031,1791193043,12
26125317,26125318,1791193043,1791193055,12
26125318,26125319,1791193055,1791193067,12
26125319,26125320,1791193067,1791193079,12
26125320,26125321,1791193079,1791193091,12
26125321,26125322,1791193091,1791193103,12
26125322,26125323,1791193103,1791193115,12
26125323,26125324,1791193115,1791193127,12
26125324,26125325,1791193127,1791193139,12
26125325,26125326,1791193139,1791193151,12
26125326,26125327,1791193151,1791193163,12
26125327,26125328,1791193163,1791193175,12
26125328,26125329,1791193175,1791193187,12
26125329,26125330,1791193187,1791193199,12
26125330,26125331,1791193199,1791193211,12
26125331,26125332,1791193211,1791193223,12
26125332,26125333,1791193223,1791193235,12
26125333,26125334,1791193235,1791193247,12
26125334,26125335,1791193247,1791193259,12
26125335,26125336,1791193259,1791193271,12
26125336,26125337,1791193271,1791193283,12
26125337,26125338,1791193283,1791193295,12
26125338,26125339,1791193295,1791193307,12
26125339,26125340,1791193307,1791193319,12
26125340,26125341,1791193319,1791193331,12
26125341,26125342,1791193331,1791193343,12
26125342,26125343,1791193343,1791193355,12
26125343,26125344,1791193355,1791193367,12
26125344,26125345,1791193367,1791193379,12
26125345,26125346,1791193379,1791193391,12
26125346,26125347,1791193391,1791193403,12
26125347,26125348,1791193403,1791193415,12
26125348,26125349,1791193415,1791193427,12
26125349,26125350,1791193427,1791193439,12
26125350,26125351,1791193439,1791193451,12
26125351,26125352,1791193451,1791193463,12
26125352,26125353,1791193463,1791193475,12
26125353,26125354,1791193475,1791193487,12
26125354,26125355,1791193487,1791193499,12
26125355,26125356,1791193499,1791193511,12
26125356,26125357,1791193511,1791193523,12
26125357,26125358,1791193523,1791193535,12
26125358,26125359,1791193535,1791193547,12
26125359,26125360,1791193547,1791193559,12
26125360,26125361,1791193559,1791193571,12
26125361,26125362,1791193571,1791193583,12
26125362,26125363,1791193583,1791193595,12
26125363,26125364,1791193595,1791193607,12
26125364,26125365,1791193607,1791193619,12
26125365,26125366,1791193619,1791193631,12
26125366,26125367,1791193631,1791193643,12
26125367,26125368,1791193643,1791193655,12
26125368,26125369,1791193655,1791193667,12
26125369,26125370,1791193667,1791193679,12
26125370,26125371,1791193679,1791193691,12
26125371,26125372,1791193691,1791193703,12
26125372,26125373,1791193703,1791193715,12
26125373,26125374,1791193715,1791193727,12
26125374,26125375,1791193727,1791193739,12
26125375,26125376,1791193739,1791193751,12
26125376,26125377,1791193751,1791193763,12
26125377,26125378,1791193763,1791193775,12
26125378,26125379,1791193775,1791193787,12
26125379,26125380,1791193787,1791193799,12
26125380,26125381,1791193799,1791193811,12
26125381,26125382,1791193811,1791193823,12
26125382,26125383,1791193823,1791193835,12
26125383,26125384,1791193835,1791193847,12
26125384,26125385,1791193847,1791193859,12
26125385,26125386,1791193859,1791193871,12
26125386,26125387,1791193871,1791193883,12
26125387,26125388,1791193883,1791193895,12
26125388,26125389,1791193895,1791193907,12
26125389,26125390,1791193907,1791193919,12
26125390,26125391,1791193919,1791193931,12
26125391,26125392,1791193931,1791193943,12
26125392,26125393,1791193943,1791193955,12
26125393,26125394,1791193955,1791193967,12
26125394,26125395,1791193967,1791193979,12
26125395,26125396,1791193979,1791193991,12
26125396,26125397,1791193991,1791194003,12
26125397,26125398,1791194003,1791194015,12
26125398,26125399,1791194015,1791194027,12
26125399,26125400,1791194027,1791194039,12
26125400,26125401,1791194039,1791194051,12
26125401,26125402,1791194051,1791194063,12
26125402,26125403,1791194063,1791194075,12
26125403,26125404,1791194075,1791194087,12
26125404,26125405,1791194087,1791194099,12
26125405,26125406,1791194099,1791194111,12
26125406,26125407,1791194111,1791194123,12
26125407,26125408,1791194123,1791194135,12
26125408,26125409,1791194135,1791194147,12
26125409,26125410,1791194147,1791194159,12
26125410,26125411,1791194159,1791194171,12
26125411,26125412,1791194171,1791194183,12
26125412,26125413,1791194183,1791194195,12
26125413,26125414,1791194195,1791194207,12
26125414,26125415,1791194207,1791194219,12
26125415,26125416,1791194219,1791194231,12
26125416,26125417,1791194231,1791194243,12
26125417,26125418,1791194243,1791194255,12
26125418,26125419,1791194255,1791194267,12
26125419,26125420,1791194267,1791194279,12
26125420,26125421,1791194279,1791194291,12
26125421,26125422,1791194291,1791194303,12
26125422,26125423,1791194303,1791194315,12
26125423,26125424,1791194315,1791194327,12
26125424,26125425,1791194327,1791194339,12
26125425,26125426,1791194339,1791194351,12
26125426,26125427,1791194351,1791194363,12
26125427,26125428,1791194363,1791194375,12
26125428,26125429,1791194375,1791194387,12
26125429,26125430,1791194387,1791194399,12
26125430,26125431,1791194399,1791194411,12
26125431,26125432,1791194411,1791194423,12
26125432,26125433,1791194423,1791194435,12
26125433,26125434,1791194435,1791194447,12
26125434,26125435,1791194447,1791194459,12
26125435,26125436,1791194459,1791194471,12
26125436,26125437,1791194471,1791194483,12
26125437,26125438,1791194483,1791194495,12
26125438,26125439,1791194495,1791194507,12
26125439,26125440,1791194507,1791194519,12
26125440,26125441,1791194519,1791194531,12
26125441,26125442,1791194531,1791194543,12
26125442,26125443,1791194543,1791194555,12
26125443,26125444,1791194555,1791194567,12
26125444,26125445,1791194567,1791194579,12
26125445,26125446,1791194579,1791194591,12
26125446,26125447,1791194591,1791194603,12
26125447,26125448,1791194603,1791194615,12
26125448,26125449,1791194615,1791194627,12
26125449,26125450,1791194627,1791194639,12
26125450,26125451,1791194639,1791194651,12
26125451,26125452,1791194651,1791194663,12
26125452,26125453,1791194663,1791194675,12
26125453,26125454,1791194675,1791194687,12
26125454,26125455,1791194687,1791194699,12
26125455,26125456,1791194699,1791194711,12
26125456,26125457,1791194711,1791194723,12
26125457,26125458,1791194723,1791194735,12
26125458,26125459,1791194735,1791194747,12
26125459,26125460,1791194747,1791194759,12
26125460,26125461,1791194759,1791194771,12
26125461,26125462,1791194771,1791194783,12
26125462,26125463,1791194783,1791194795,12
26125463,26125464,1791194795,1791194807,12
26125464,26125465,1791194807,1791194819,12
26125465,26125466,1791194819,1791194831,12
26125466,26125467,1791194831,1791194843,12
26125467,26125468,1791194843,1791194855,12
26125468,26125469,1791194855,1791194867,12
26125469,26125470,1791194867,1791194879,12
26125470,26125471,1791194879,1791194891,12
26125471,26125472,1791194891,1791194903,12
26125472,26125473,1791194903,1791194915,12
26125473,26125474,1791194915,1791194927,12
26125474,26125475,1791194927,1791194939,12
26125475,26125476,1791194939,1791194951,12
26125476,26125477,1791194951,1791194963,12
26125477,26125478,1791194963,1791194975,12
26125478,26125479,1791194975,1791194987,12
26125479,26125480,1791194987,1791194999,12
26125480,26125481,1791194999,1791195011,12
26125481,26125482,1791195011,1791195023,12
26125482,26125483,1791195023,1791195035,12
26125483,26125484,1791195035,1791195047,12
26125484,26125485,1791195047,1791195059,12
26125485,26125486,1791195059,1791195071,12
26125486,26125487,1791195071,1791195083,12
26125487,26125488,1791195083,1791195095,12
26125488,26125489,1791195095,1791195107,12
26125489,26125490,1791195107,1791195119,12
26125490,26125491,1791195119,1791195131,12
26125491,26125492,1791195131,1791195143,12
26125492,26125493,1791195143,1791195155,12
26125493,26125494,1791195155,1791195167,12
26125494,26125495,1791195167,1791195179,12
26125495,26125496,1791195179,1791195191,12
26125496,26125497,1791195191,1791195203,12
26125497,26125498,1791195203,1791195215,12
26125498,26125499,1791195215,1791195227,12
26125499,26125500,1791195227,1791195239,12
26125500,26125501,1791195239,1791195251,12
26125501,26125502,1791195251,1791195263,12
26125502,26125503,1791195263,1791195275,12
26125503,26125504,1791195275,1791195287,12
26125504,26125505,1791195287,1791195299,12
26125505,26125506,1791195299,1791195311,12
26125506,26125507,1791195311,1791195323,12
26125507,26125508,1791195323,1791195335,12
26125508,26125509,1791195335,1791195347,12
26125509,26125510,1791195347,1791195359,12
26125510,26125511,1791195359,1791195371,12
26125511,26125512,1791195371,1791195383,12
26125512,26125513,1791195383,1791195395,12
26125513,26125514,1791195395,1791195407,12
26125514,26125515,1791195407,1791195419,12
26125515,26125516,1791195419,1791195431,12
26125516,26125517,1791195431,1791195443,12
26125517,26125518,1791195443,1791195455,12
26125518,26125519,1791195455,1791195467,12
26125519,26125520,1791195467,1791195479,12
26125520,26125521,1791195479,1791195491,12
26125521,26125522,1791195491,1791195503,12
26125522,26125523,1791195503,1791195515,12
26125523,26125524,1791195515,1791195527,12
26125524,26125525,1791195527,1791195539,12
26125525,26125526,1791195539,1791195551,12
26125526,26125527,1791195551,1791195563,12
26125527,26125528,1791195563,1791195575,12
26125528,26125529,1791195575,1791195587,12
26125529,26125530,1791195587,1791195599,12
26125530,26125531,1791195599,1791195611,12
26125531,26125532,1791195611,1791195623,12
26125532,26125533,1791195623,1791195635,12
26125533,26125534,1791195635,1791195647,12
26125534,26125535,1791195647,1791195659,12
26125535,26125536,1791195659,1791195671,12
26125536,26125537,1791195671,1791195683,12
26125537,26125538,1791195683,1791195695,12
26125538,26125539,1791195695,1791195707,12
26125539,26125540,1791195707,1791195719,12
26125540,26125541,1791195719,1791195731,12
26125541,26125542,1791195731,1791195743,12
26125542,26125543,1791195743,1791195755,12
26125543,26125544,1791195755,1791195767,12
26125544,26125545,1791195767,1791195779,12
26125545,26125546,1791195779,1791195791,12
26125546,26125547,1791195791,1791195803,12
26125547,26125548,1791195803,1791195815,12
26125548,26125549,1791195815,1791195827,12
26125549,26125550,1791195827,1791195839,12
26125550,26125551,1791195839,1791195851,12
26125551,26125552,1791195851,1791195863,12
26125552,26125553,1791195863,1791195875,12
26125553,26125554,1791195875,1791195887,12
26125554,26125555,1791195887,1791195899,12
26125555,26125556,1791195899,1791195911,12
26125556,26125557,1791195911,1791195923,12
26125557,26125558,1791195923,1791195935,12
26125558,26125559,1791195935,1791195947,12
26125559,26125560,1791195947,1791195959,12
26125560,26125561,1791195959,1791195971,12
26125561,26125562,1791195971,1791195983,12
26125562,26125563,1791195983,1791195995,12
26125563,26125564,1791195995,1791196007,12
26125564,26125565,1791196007,1791196019,12
26125565,26125566,1791196019,1791196031,12
26125566,26125567,1791196031,1791196043,12
26125567,26125568,1791196043,1791196055,12
26125568,26125569,1791196055,1791196067,12
26125569,26125570,1791196067,1791196079,12
26125570,26125571,1791196079,1791196091,12
26125571,26125572,1791196091,1791196103,12
26125572,26125573,1791196103,1791196115,12
26125573,26125574,1791196115,1791196127,12
26125574,26125575,1791196127,1791196139,12
26125575,26125576,1791196139,1791196151,12
26125576,26125577,1791196151,1791196163,12
26125577,26125578,1791196163,1791196175,12
26125578,26125579,1791196175,1791196187,12
26125579,26125580,1791196187,1791196199,12
26125580,26125581,1791196199,1791196211,12
26125581,26125582,1791196211,1791196223,12
26125582,26125583,1791196223,1791196235,12
26125583,26125584,1791196235,1791196247,12
26125584,26125585,1791196247,1791196259,12
26125585,26125586,1791196259,1791196271,12
26125586,26125587,1791196271,1791196283,12
26125587,26125588,1791196283,1791196295,12
26125588,26125589,1791196295,1791196307,12
26125589,26125590,1791196307,1791196319,12
26125590,26125591,1791196319,1791196331,12
26125591,26125592,1791196331,1791196343,12
26125592,26125593,1791196343,1791196355,12
26125593,26125594,1791196355,1791196367,12
26125594,26125595,1791196367,1791196379,12
26125595,26125596,1791196379,1791196391,12
26125596,26125597,1791196391,1791196403,12
26125597,26125598,1791196403,1791196415,12
26125598,26125599,1791196415,1791196427,12
26125599,26125600,1791196427,1791196439,12
26125600,26125601,1791196439,1791196451,12
26125601,26125602,1791196451,1791196463,12
26125602,26125603,1791196463,1791196475,12
26125603,26125604,1791196475,1791196487,12
26125604,26125605,1791196487,1791196499,12
26125605,26125606,1791196499,1791196511,12
26125606,26125607,1791196511,1791196523,12
26125607,26125608,1791196523,1791196535,12
26125608,26125609,1791196535,1791196547,12
26125609,26125610,1791196547,1791196559,12
26125610,26125611,1791196559,1791196571,12
26125611,26125612,1791196571,1791196583,12
26125612,26125613,1791196583,1791196595,12
26125613,26125614,1791196595,1791196607,12
26125614,26125615,1791196607,1791196619,12
26125615,26125616,1791196619,1791196631,12
26125616,26125617,1791196631,1791196643,12
26125617,26125618,1791196643,1791196655,12
26125618,26125619,1791196655,1791196667,12
26125619,26125620,1791196667,1791196679,12
26125620,26125621,1791196679,1791196691,12
26125621,26125622,1791196691,1791196703,12
26125622,26125623,1791196703,1791196715,12
26125623,26125624,1791196715,1791196727,12
26125624,26125625,1791196727,1791196739,12
26125625,26125626,1791196739,1791196751,12
26125626,26125627,1791196751,1791196763,12
26125627,26125628,1791196763,1791196775,12
26125628,26125629,1791196775,1791196787,12
26125629,26125630,1791196787,1791196799,12
26125630,26125631,1791196799,1791196811,12
26125631,26125632,1791196811,1791196823,12
26125632,26125633,1791196823,1791196835,12
26125633,26125634,1791196835,1791196847,12
26125634,26125635,1791196847,1791196859,12
26125635,26125636,1791196859,1791196871,12
26125636,26125637,1791196871,1791196883,12
26125637,26125638,1791196883,1791196895,12
26125638,26125639,1791196895,1791196907,12
26125639,26125640,1791196907,1791196919,12
26125640,26125641,1791196919,1791196931,12
26125641,26125642,1791196931,1791196943,12
26125642,26125643,1791196943,1791196955,12
26125643,26125644,1791196955,1791196967,12
26125644,26125645,1791196967,1791196979,12
26125645,26125646,1791196979,1791196991,12
26125646,26125647,1791196991,1791197003,12
26125647,26125648,1791197003,1791197015,12
26125648,26125649,1791197015,1791197027,12
26125649,26125650,1791197027,1791197039,12
26125650,26125651,1791197039,1791197051,12
26125651,26125652,1791197051,1791197063,12
26125652,26125653,1791197063,1791197075,12
26125653,26125654,1791197075,1791197087,12
26125654,26125655,1791197087,1791197099,12
26125655,26125656,1791197099,1791197111,12
26125656,26125657,1791197111,1791197123,12
26125657,26125658,1791197123,1791197135,12
26125658,26125659,1791197135,1791197147,12
26125659,26125660,1791197147,1791197159,12
26125660,26125661,1791197159,1791197171,12
26125661,26125662,1791197171,1791197183,12
26125662,26125663,1791197183,1791197195,12
26125663,26125664,1791197195,1791197207,12
26125664,26125665,1791197207,1791197219,12
26125665,26125666,1791197219,1791197231,12
26125666,26125667,1791197231,1791197243,12
26125667,26125668,1791197243,1791197255,12
26125668,26125669,1791197255,1791197267,12
26125669,26125670,1791197267,1791197279,12
26125670,26125671,1791197279,1791197291,12
26125671,26125672,1791197291,1791197303,12
26125672,26125673,1791197303,1791197315,12
26125673,26125674,1791197315,1791197327,12
26125674,26125675,1791197327,1791197339,12
26125675,26125676,1791197339,1791197351,12
26125676,26125677,1791197351,1791197363,12
26125677,26125678,1791197363,1791197375,12
26125678,26125679,1791197375,1791197387,12
26125679,26125680,1791197387,1791197399,12
26125680,26125681,1791197399,1791197411,12
26125681,26125682,1791197411,1791197423,12
26125682,26125683,1791197423,1791197435,12
26125683,26125684,1791197435,1791197447,12
26125684,26125685,1791197447,1791197459,12
26125685,26125686,1791197459,1791197471,12
26125686,26125687,1791197471,1791197483,12
26125687,26125688,1791197483,1791197495,12
26125688,26125689,1791197495,1791197507,12
26125689,26125690,1791197507,1791197519,12
26125690,26125691,1791197519,1791197531,12
26125691,26125692,1791197531,1791197543,12
26125692,26125693,1791197543,1791197555,12
26125693,26125694,1791197555,1791197567,12
26125694,26125695,1791197567,1791197579,12
26125695,26125696,1791197579,1791197591,12
26125696,26125697,1791197591,1791197603,12
26125697,26125698,1791197603,1791197615,12
26125698,26125699,1791197615,1791197627,12
26125699,26125700,1791197627,1791197639,12
26125700,26125701,1791197639,1791197651,12
26125701,26125702,1791197651,1791197663,12
26125702,26125703,1791197663,1791197675,12
26125703,26125704,1791197675,1791197687,12
26125704,26125705,1791197687,1791197699,12
26125705,26125706,1791197699,1791197711,12
26125706,26125707,1791197711,1791197723,12
26125707,26125708,1791197723,1791197735,12
26125708,26125709,1791197735,1791197747,12
26125709,26125710,1791197747,1791197759,12
26125710,26125711,1791197759,1791197771,12
26125711,26125712,1791197771,1791197783,12
26125712,26125713,1791197783,1791197795,12
26125713,26125714,1791197795,1791197807,12
26125714,26125715,1791197807,1791197819,12
26125715,26125716,1791197819,1791197831,12
26125716,26125717,1791197831,1791197843,12
26125717,26125718,1791197843,1791197855,12
26125718,26125719,1791197855,1791197867,12
26125719,26125720,1791197867,1791197879,12
26125720,26125721,1791197879,1791197891,12
26125721,26125722,1791197891,1791197903,12
26125722,26125723,1791197903,1791197915,12
26125723,26125724,1791197915,1791197927,12
26125724,26125725,1791197927,1791197939,12
26125725,26125726,1791197939,1791197951,12
26125726,26125727,1791197951,1791197963,12
26125727,26125728,1791197963,1791197975,12
26125728,26125729,1791197975,1791197987,12
26125729,26125730,1791197987,1791197999,12
26125730,26125731,1791197999,1791198011,12
26125731,26125732,1791198011,1791198023,12
26125732,26125733,1791198023,1791198035,12
26125733,26125734,1791198035,1791198047,12
26125734,26125735,1791198047,1791198059,12
26125735,26125736,1791198059,1791198071,12
26125736,26125737,1791198071,1791198083,12
26125737,26125738,1791198083,1791198095,12
26125738,26125739,1791198095,1791198107,12
26125739,26125740,1791198107,1791198119,12
26125740,26125741,1791198119,1791198131,12
26125741,26125742,1791198131,1791198143,12
26125742,26125743,1791198143,1791198155,12
26125743,26125744,1791198155,1791198167,12
26125744,26125745,1791198167,1791198179,12
26125745,26125746,1791198179,1791198191,12
26125746,26125747,1791198191,1791198203,12
26125747,26125748,1791198203,1791198215,12
26125748,26125749,1791198215,1791198227,12
26125749,26125750,1791198227,1791198239,12
26125750,26125751,1791198239,1791198251,12
26125751,26125752,1791198251,1791198263,12
26125752,26125753,1791198263,1791198275,12
26125753,26125754,1791198275,1791198287,12
26125754,26125755,1791198287,1791198299,12
26125755,26125756,1791198299,1791198311,12
26125756,26125757,1791198311,1791198323,12
26125757,26125758,1791198323,1791198335,12
26125758,26125759,1791198335,1791198347,12
26125759,26125760,1791198347,1791198359,12
26125760,26125761,1791198359,1791198371,12
26125761,26125762,1791198371,1791198383,12
26125762,26125763,1791198383,1791198395,12
26125763,26125764,1791198395,1791198407,12
26125764,26125765,1791198407,1791198419,12
26125765,26125766,1791198419,1791198431,12
26125766,26125767,1791198431,1791198443,12
26125767,26125768,1791198443,1791198455,12
26125768,26125769,1791198455,1791198467,12
26125769,26125770,1791198467,1791198479,12
26125770,26125771,1791198479,1791198491,12
26125771,26125772,1791198491,1791198503,12
26125772,26125773,1791198503,1791198515,12
26125773,26125774,1791198515,1791198527,12
26125774,26125775,1791198527,1791198539,12
26125775,26125776,1791198539,1791198563,24
26125776,26125777,1791198563,1791198575,12
26125777,26125778,1791198575,1791198587,12
26125778,26125779,1791198587,1791198599,12
26125779,26125780,1791198599,1791198611,12
26125780,26125781,1791198611,1791198623,12
26125781,26125782,1791198623,1791198635,12
26125782,26125783,1791198635,1791198647,12
26125783,26125784,1791198647,1791198659,12
26125784,26125785,1791198659,1791198671,12
26125785,26125786,1791198671,1791198683,12
26125786,26125787,1791198683,1791198695,12
26125787,26125788,1791198695,1791198707,12
26125788,26125789,1791198707,1791198719,12
26125789,26125790,1791198719,1791198731,12
26125790,26125791,1791198731,1791198743,12
26125791,26125792,1791198743,1791198755,12
26125792,26125793,1791198755,1791198767,12
26125793,26125794,1791198767,1791198779,12
26125794,26125795,1791198779,1791198791,12
26125795,26125796,1791198791,1791198803,12
26125796,26125797,1791198803,1791198815,12
26125797,26125798,1791198815,1791198827,12
26125798,26125799,1791198827,1791198839,12
26125799,26125800,1791198839,1791198851,12
26125800,26125801,1791198851,1791198863,12
26125801,26125802,1791198863,1791198875,12
26125802,26125803,1791198875,1791198887,12
26125803,26125804,1791198887,1791198899,12
26125804,26125805,1791198899,1791198911,12
26125805,26125806,1791198911,1791198923,12
26125806,26125807,1791198923,1791198935,12
26125807,26125808,1791198935,1791198947,12
26125808,26125809,1791198947,1791198959,12
26125809,26125810,1791198959,1791198971,12
26125810,26125811,1791198971,1791198983,12
26125811,26125812,1791198983,1791198995,12
26125812,26125813,1791198995,1791199007,12
26125813,26125814,1791199007,1791199031,24
26125814,26125815,1791199031,1791199043,12
26125815,26125816,1791199043,1791199055,12
26125816,26125817,1791199055,1791199067,12
26125817,26125818,1791199067,1791199079,12
26125818,26125819,1791199079,1791199091,12
26125819,26125820,1791199091,1791199103,12
26125820,26125821,1791199103,1791199115,12
26125821,26125822,1791199115,1791199127,12
26125822,26125823,1791199127,1791199139,12
26125823,26125824,1791199139,1791199151,12
26125824,26125825,1791199151,1791199163,12
26125825,26125826,1791199163,1791199175,12
26125826,26125827,1791199175,1791199187,12
26125827,26125828,1791199187,1791199199,12
26125828,26125829,1791199199,1791199211,12
26125829,26125830,1791199211,1791199223,12
26125830,26125831,1791199223,1791199235,12
26125831,26125832,1791199235,1791199247,12
26125832,26125833,1791199247,1791199259,12
26125833,26125834,1791199259,1791199271,12
26125834,26125835,1791199271,1791199283,12
26125835,26125836,1791199283,1791199295,12
26125836,26125837,1791199295,1791199307,12
26125837,26125838,1791199307,1791199319,12
26125838,26125839,1791199319,1791199331,12
26125839,26125840,1791199331,1791199343,12
26125840,26125841,1791199343,1791199355,12
26125841,26125842,1791199355,1791199367,12
26125842,26125843,1791199367,1791199379,12
26125843,26125844,1791199379,1791199391,12
26125844,26125845,1791199391,1791199403,12
26125845,26125846,1791199403,1791199415,12
26125846,26125847,1791199415,1791199427,12
26125847,26125848,1791199427,1791199439,12
26125848,26125849,1791199439,1791199451,12
26125849,26125850,1791199451,1791199463,12
26125850,26125851,1791199463,1791199475,12
26125851,26125852,1791199475,1791199487,12
26125852,26125853,1791199487,1791199499,12
26125853,26125854,1791199499,1791199511,12
26125854,26125855,1791199511,1791199523,12
26125855,26125856,1791199523,1791199535,12
26125856,26125857,1791199535,1791199547,12
26125857,26125858,1791199547,1791199559,12
26125858,26125859,1791199559,1791199571,12
26125859,26125860,1791199571,1791199583,12
26125860,26125861,1791199583,1791199595,12
26125861,26125862,1791199595,1791199607,12
26125862,26125863,1791199607,1791199619,12
26125863,26125864,1791199619,1791199631,12
26125864,26125865,1791199631,1791199643,12
26125865,26125866,1791199643,1791199655,12
26125866,26125867,1791199655,1791199667,12
26125867,26125868,1791199667,1791199679,12
26125868,26125869,1791199679,1791199691,12
26125869,26125870,1791199691,1791199703,12
26125870,26125871,1791199703,1791199715,12
26125871,26125872,1791199715,1791199727,12
26125872,26125873,1791199727,1791199739,12
26125873,26125874,1791199739,1791199751,12
26125874,26125875,1791199751,1791199763,12
26125875,26125876,1791199763,1791199775,12
26125876,26125877,1791199775,1791199787,12
26125877,26125878,1791199787,1791199799,12
26125878,26125879,1791199799,1791199811,12
26125879,26125880,1791199811,1791199823,12
26125880,26125881,1791199823,1791199835,12
26125881,26125882,1791199835,1791199847,12
26125882,26125883,1791199847,1791199859,12
26125883,26125884,1791199859,1791199871,12
26125884,26125885,1791199871,1791199883,12
26125885,26125886,1791199883,1791199895,12
26125886,26125887,1791199895,1791199907,12
26125887,26125888,1791199907,1791199919,12
26125888,26125889,1791199919,1791199931,12
26125889,26125890,1791199931,1791199943,12
26125890,26125891,1791199943,1791199955,12
26125891,26125892,1791199955,1791199967,12
26125892,26125893,1791199967,1791199979,12
26125893,26125894,1791199979,1791199991,12
26125894,26125895,1791199991,1791200003,12
26125895,26125896,1791200003,1791200015,12
26125896,26125897,1791200015,1791200027,12
26125897,26125898,1791200027,1791200039,12
26125898,26125899,1791200039,1791200051,12
26125899,26125900,1791200051,1791200063,12
26125900,26125901,1791200063,1791200075,12
26125901,26125902,1791200075,1791200087,12
26125902,26125903,1791200087,1791200099,12
26125903,26125904,1791200099,1791200111,12
26125904,26125905,1791200111,1791200123,12
26125905,26125906,1791200123,1791200135,12
26125906,26125907,1791200135,1791200147,12
26125907,26125908,1791200147,1791200159,12
26125908,26125909,1791200159,1791200171,12
26125909,26125910,1791200171,1791200183,12
26125910,26125911,1791200183,1791200195,12
26125911,26125912,1791200195,1791200207,12
26125912,26125913,1791200207,1791200219,12
26125913,26125914,1791200219,1791200231,12
26125914,26125915,1791200231,1791200243,12
26125915,26125916,1791200243,1791200255,12
26125916,26125917,1791200255,1791200267,12
26125917,26125918,1791200267,1791200279,12
26125918,26125919,1791200279,1791200291,12
26125919,26125920,1791200291,1791200303,12
26125920,26125921,1791200303,1791200315,12
26125921,26125922,1791200315,1791200327,12
26125922,26125923,1791200327,1791200339,12
26125923,26125924,1791200339,1791200351,12
26125924,26125925,1791200351,1791200363,12
26125925,26125926,1791200363,1791200375,12
26125926,26125927,1791200375,1791200387,12
26125927,26125928,1791200387,1791200399,12
26125928,26125929,1791200399,1791200411,12
26125929,26125930,1791200411,1791200423,12
26125930,26125931,1791200423,1791200435,12
26125931,26125932,1791200435,1791200447,12
26125932,26125933,1791200447,1791200459,12
26125933,26125934,1791200459,1791200483,24
26125934,26125935,1791200483,1791200495,12
26125935,26125936,1791200495,1791200507,12
26125936,26125937,1791200507,1791200519,12
26125937,26125938,1791200519,1791200531,12
26125938,26125939,1791200531,1791200543,12
26125939,26125940,1791200543,1791200555,12
26125940,26125941,1791200555,1791200567,12
26125941,26125942,1791200567,1791200579,12
26125942,26125943,1791200579,1791200591,12
26125943,26125944,1791200591,1791200603,12
26125944,26125945,1791200603,1791200615,12
26125945,26125946,1791200615,1791200627,12
26125946,26125947,1791200627,1791200639,12
26125947,26125948,1791200639,1791200651,12
26125948,26125949,1791200651,1791200663,12
26125949,26125950,1791200663,1791200675,12
26125950,26125951,1791200675,1791200687,12
26125951,26125952,1791200687,1791200699,12
26125952,26125953,1791200699,1791200711,12
26125953,26125954,1791200711,1791200723,12
26125954,26125955,1791200723,1791200735,12
26125955,26125956,1791200735,1791200747,12
26125956,26125957,1791200747,1791200759,12
26125957,26125958,1791200759,1791200771,12
26125958,26125959,1791200771,1791200783,12
26125959,26125960,1791200783,1791200795,12
26125960,26125961,1791200795,1791200807,12
26125961,26125962,1791200807,1791200819,12
26125962,26125963,1791200819,1791200831,12
26125963,26125964,1791200831,1791200843,12
26125964,26125965,1791200843,1791200855,12
26125965,26125966,1791200855,1791200867,12
26125966,26125967,1791200867,1791200879,12
26125967,26125968,1791200879,1791200891,12
26125968,26125969,1791200891,1791200903,12
26125969,26125970,1791200903,1791200915,12
26125970,26125971,1791200915,1791200927,12
26125971,26125972,1791200927,1791200939,12
26125972,26125973,1791200939,1791200951,12
26125973,26125974,1791200951,1791200963,12
26125974,26125975,1791200963,1791200975,12
26125975,26125976,1791200975,1791200987,12
26125976,26125977,1791200987,1791200999,12
26125977,26125978,1791200999,1791201011,12
26125978,26125979,1791201011,1791201023,12
26125979,26125980,1791201023,1791201035,12
26125980,26125981,1791201035,1791201047,12
26125981,26125982,1791201047,1791201059,12
26125982,26125983,1791201059,1791201071,12
26125983,26125984,1791201071,1791201083,12
26125984,26125985,1791201083,1791201095,12
26125985,26125986,1791201095,1791201107,12
26125986,26125987,1791201107,1791201119,12
26125987,26125988,1791201119,1791201131,12
26125988,26125989,1791201131,1791201143,12
26125989,26125990,1791201143,1791201155,12
26125990,26125991,1791201155,1791201167,12
26125991,26125992,1791201167,1791201179,12
26125992,26125993,1791201179,1791201191,12
26125993,26125994,1791201191,1791201203,12
26125994,26125995,1791201203,1791201215,12
26125995,26125996,1791201215,1791201227,12
26125996,26125997,1791201227,1791201239,12
26125997,26125998,1791201239,1791201251,12
26125998,26125999,1791201251,1791201263,12
26125999,26126000,1791201263,1791201275,12
26126000,26126001,1791201275,1791201287,12
26126001,26126002,1791201287,1791201299,12
26126002,26126003,1791201299,1791201311,12
26126003,26126004,1791201311,1791201323,12
26126004,26126005,1791201323,1791201335,12
26126005,26126006,1791201335,1791201347,12
26126006,26126007,1791201347,1791201359,12
26126007,26126008,1791201359,1791201371,12
26126008,26126009,1791201371,1791201383,12
26126009,26126010,1791201383,1791201395,12
26126010,26126011,1791201395,1791201407,12
26126011,26126012,1791201407,1791201419,12
26126012,26126013,1791201419,1791201431,12
26126013,26126014,1791201431,1791201443,12
26126014,26126015,1791201443,1791201455,12
26126015,26126016,1791201455,1791201467,12
26126016,26126017,1791201467,1791201479,12
26126017,26126018,1791201479,1791201491,12
26126018,26126019,1791201491,1791201503,12
26126019,26126020,1791201503,1791201515,12
26126020,26126021,1791201515,1791201527,12
26126021,26126022,1791201527,1791201539,12
26126022,26126023,1791201539,1791201551,12
26126023,26126024,1791201551,1791201563,12
26126024,26126025,1791201563,1791201575,12
26126025,26126026,1791201575,1791201587,12
26126026,26126027,1791201587,1791201611,24
26126027,26126028,1791201611,1791201623,12
26126028,26126029,1791201623,1791201635,12
26126029,26126030,1791201635,1791201647,12
26126030,26126031,1791201647,1791201659,12
26126031,26126032,1791201659,1791201671,12
26126032,26126033,1791201671,1791201683,12
26126033,26126034,1791201683,1791201695,12
26126034,26126035,1791201695,1791201707,12
26126035,26126036,1791201707,1791201719,12
26126036,26126037,1791201719,1791201731,12
26126037,26126038,1791201731,1791201743,12
26126038,26126039,1791201743,1791201755,12
26126039,26126040,1791201755,1791201767,12
26126040,26126041,1791201767,1791201779,12
26126041,26126042,1791201779,1791201791,12
26126042,26126043,1791201791,1791201803,12
26126043,26126044,1791201803,1791201815,12
26126044,26126045,1791201815,1791201827,12
26126045,26126046,1791201827,1791201839,12
26126046,26126047,1791201839,1791201851,12
26126047,26126048,1791201851,1791201863,12
26126048,26126049,1791201863,1791201875,12
26126049,26126050,1791201875,1791201887,12
26126050,26126051,1791201887,1791201899,12
26126051,26126052,1791201899,1791201911,12
26126052,26126053,1791201911,1791201923,12
26126053,26126054,1791201923,1791201935,12
26126054,26126055,1791201935,1791201947,12
26126055,26126056,1791201947,1791201959,12
26126056,26126057,1791201959,1791201971,12
26126057,26126058,1791201971,1791201983,12
26126058,26126059,1791201983,1791201995,12
26126059,26126060,1791201995,1791202007,12
26126060,26126061,1791202007,1791202019,12
26126061,26126062,1791202019,1791202031,12
26126062,26126063,1791202031,1791202043,12
26126063,26126064,1791202043,1791202055,12
26126064,26126065,1791202055,1791202067,12
26126065,26126066,1791202067,1791202079,12
26126066,26126067,1791202079,1791202091,12
26126067,26126068,1791202091,1791202103,12
26126068,26126069,1791202103,1791202115,12
26126069,26126070,1791202115,1791202127,12
26126070,26126071,1791202127,1791202139,12
26126071,26126072,1791202139,1791202151,12
26126072,26126073,1791202151,1791202163,12
26126073,26126074,1791202163,1791202175,12
26126074,26126075,1791202175,1791202187,12
26126075,26126076,1791202187,1791202199,12
26126076,26126077,1791202199,1791202211,12
26126077,26126078,1791202211,1791202223,12
26126078,26126079,1791202223,1791202235,12
26126079,26126080,1791202235,1791202247,12
26126080,26126081,1791202247,1791202259,12
26126081,26126082,1791202259,1791202271,12
26126082,26126083,1791202271,1791202283,12
26126083,26126084,1791202283,1791202295,12
26126084,26126085,1791202295,1791202307,12
26126085,26126086,1791202307,1791202319,12
26126086,26126087,1791202319,1791202331,12
26126087,26126088,1791202331,1791202343,12
26126088,26126089,1791202343,1791202355,12
26126089,26126090,1791202355,1791202367,12
26126090,26126091,1791202367,1791202379,12
26126091,26126092,1791202379,1791202391,12
26126092,26126093,1791202391,1791202403,12
26126093,26126094,1791202403,1791202415,12
26126094,26126095,1791202415,1791202427,12
26126095,26126096,1791202427,1791202439,12
26126096,26126097,1791202439,1791202451,12
26126097,26126098,1791202451,1791202463,12
26126098,26126099,1791202463,1791202475,12
26126099,26126100,1791202475,1791202487,12
26126100,26126101,1791202487,1791202499,12
26126101,26126102,1791202499,1791202511,12
26126102,26126103,1791202511,1791202523,12
26126103,26126104,1791202523,1791202535,12
26126104,26126105,1791202535,1791202547,12
26126105,26126106,1791202547,1791202559,12
26126106,26126107,1791202559,1791202571,12
26126107,26126108,1791202571,1791202583,12
26126108,26126109,1791202583,1791202595,12
26126109,26126110,1791202595,1791202607,12
26126110,26126111,1791202607,1791202619,12
26126111,26126112,1791202619,1791202631,12
26126112,26126113,1791202631,1791202643,12
26126113,26126114,1791202643,1791202655,12
26126114,26126115,1791202655,1791202667,12
26126115,26126116,1791202667,1791202679,12
26126116,26126117,1791202679,1791202691,12
26126117,26126118,1791202691,1791202703,12
26126118,26126119,1791202703,1791202715,12
26126119,26126120,1791202715,1791202727,12
26126120,26126121,1791202727,1791202739,12
26126121,26126122,1791202739,1791202751,12
26126122,26126123,1791202751,1791202763,12
26126123,26126124,1791202763,1791202775,12
26126124,26126125,1791202775,1791202787,12
26126125,26126126,1791202787,1791202799,12
26126126,26126127,1791202799,1791202811,12
26126127,26126128,1791202811,1791202823,12
26126128,26126129,1791202823,1791202835,12
26126129,26126130,1791202835,1791202847,12
26126130,26126131,1791202847,1791202859,12
26126131,26126132,1791202859,1791202871,12
26126132,26126133,1791202871,1791202883,12
26126133,26126134,1791202883,1791202895,12
26126134,26126135,1791202895,1791202907,12
26126135,26126136,1791202907,1791202919,12
26126136,26126137,1791202919,1791202931,12
26126137,26126138,1791202931,1791202943,12
26126138,26126139,1791202943,1791202955,12
26126139,26126140,1791202955,1791202967,12
26126140,26126141,1791202967,1791202979,12
26126141,26126142,1791202979,1791202991,12
26126142,26126143,1791202991,1791203003,12
26126143,26126144,1791203003,1791203015,12
26126144,26126145,1791203015,1791203027,12
26126145,26126146,1791203027,1791203039,12
26126146,26126147,1791203039,1791203051,12
26126147,26126148,1791203051,1791203063,12
26126148,26126149,1791203063,1791203075,12
26126149,26126150,1791203075,1791203087,12
26126150,26126151,1791203087,1791203099,12
26126151,26126152,1791203099,1791203111,12
26126152,26126153,1791203111,1791203123,12
26126153,26126154,1791203123,1791203135,12
26126154,26126155,1791203135,1791203147,12
26126155,26126156,1791203147,1791203171,24
26126156,26126157,1791203171,1791203183,12
26126157,26126158,1791203183,1791203195,12
26126158,26126159,1791203195,1791203207,12
26126159,26126160,1791203207,1791203219,12
26126160,26126161,1791203219,1791203231,12
26126161,26126162,1791203231,1791203243,12
26126162,26126163,1791203243,1791203255,12
26126163,26126164,1791203255,1791203267,12
26126164,26126165,1791203267,1791203279,12
26126165,26126166,1791203279,1791203291,12
26126166,26126167,1791203291,1791203303,12
26126167,26126168,1791203303,1791203315,12
26126168,26126169,1791203315,1791203327,12
26126169,26126170,1791203327,1791203339,12
26126170,26126171,1791203339,1791203351,12
26126171,26126172,1791203351,1791203363,12
26126172,26126173,1791203363,1791203375,12
26126173,26126174,1791203375,1791203387,12
26126174,26126175,1791203387,1791203399,12
26126175,26126176,1791203399,1791203411,12
26126176,26126177,1791203411,1791203423,12
26126177,26126178,1791203423,1791203435,12
26126178,26126179,1791203435,1791203447,12
26126179,26126180,1791203447,1791203459,12
26126180,26126181,1791203459,1791203471,12
26126181,26126182,1791203471,1791203483,12
26126182,26126183,1791203483,1791203495,12
26126183,26126184,1791203495,1791203507,12
26126184,26126185,1791203507,1791203519,12
26126185,26126186,1791203519,1791203531,12
26126186,26126187,1791203531,1791203543,12
26126187,26126188,1791203543,1791203555,12
26126188,26126189,1791203555,1791203567,12
26126189,26126190,1791203567,1791203579,12
26126190,26126191,1791203579,1791203591,12
26126191,26126192,1791203591,1791203603,12
26126192,26126193,1791203603,1791203615,12
26126193,26126194,1791203615,1791203627,12
26126194,26126195,1791203627,1791203639,12
26126195,26126196,1791203639,1791203651,12
26126196,26126197,1791203651,1791203663,12
26126197,26126198,1791203663,1791203675,12
26126198,26126199,1791203675,1791203687,12
26126199,26126200,1791203687,1791203699,12
26126200,26126201,1791203699,1791203711,12
26126201,26126202,1791203711,1791203723,12
26126202,26126203,1791203723,1791203735,12
26126203,26126204,1791203735,1791203747,12
26126204,26126205,1791203747,1791203759,12
26126205,26126206,1791203759,1791203771,12
26126206,26126207,1791203771,1791203783,12
26126207,26126208,1791203783,1791203795,12
26126208,26126209,1791203795,1791203807,12
26126209,26126210,1791203807,1791203819,12
26126210,26126211,1791203819,1791203831,12
26126211,26126212,1791203831,1791203843,12
26126212,26126213,1791203843,1791203855,12
26126213,26126214,1791203855,1791203867,12
26126214,26126215,1791203867,1791203879,12
26126215,26126216,1791203879,1791203891,12
26126216,26126217,1791203891,1791203903,12
26126217,26126218,1791203903,1791203915,12
26126218,26126219,1791203915,1791203927,12
26126219,26126220,1791203927,1791203939,12
26126220,26126221,1791203939,1791203951,12
26126221,26126222,1791203951,1791203963,12
26126222,26126223,1791203963,1791203975,12
26126223,26126224,1791203975,1791203987,12
26126224,26126225,1791203987,1791203999,12
26126225,26126226,1791203999,1791204011,12
26126226,26126227,1791204011,1791204023,12
26126227,26126228,1791204023,1791204035,12
26126228,26126229,1791204035,1791204047,12
26126229,26126230,1791204047,1791204059,12
26126230,26126231,1791204059,1791204071,12
26126231,26126232,1791204071,1791204083,12
26126232,26126233,1791204083,1791204095,12
26126233,26126234,1791204095,1791204107,12
26126234,26126235,1791204107,1791204119,12
26126235,26126236,1791204119,1791204131,12
26126236,26126237,1791204131,1791204143,12
26126237,26126238,1791204143,1791204155,12
26126238,26126239,1791204155,1791204167,12
26126239,26126240,1791204167,1791204179,12
26126240,26126241,1791204179,1791204191,12
26126241,26126242,1791204191,1791204203,12
26126242,26126243,1791204203,1791204215,12
26126243,26126244,1791204215,1791204227,12
26126244,26126245,1791204227,1791204239,12
26126245,26126246,1791204239,1791204251,12
26126246,26126247,1791204251,1791204263,12
26126247,26126248,1791204263,1791204275,12
26126248,26126249,1791204275,1791204287,12
26126249,26126250,1791204287,1791204299,12
26126250,26126251,1791204299,1791204311,12
26126251,26126252,1791204311,1791204323,12
26126252,26126253,1791204323,1791204335,12
26126253,26126254,1791204335,1791204347,12
26126254,26126255,1791204347,1791204359,12
26126255,26126256,1791204359,1791204371,12
26126256,26126257,1791204371,1791204383,12
26126257,26126258,1791204383,1791204395,12
26126258,26126259,1791204395,1791204407,12
26126259,26126260,1791204407,1791204419,12
26126260,26126261,1791204419,1791204431,12
26126261,26126262,1791204431,1791204443,12
26126262,26126263,1791204443,1791204455,12
26126263,26126264,1791204455,1791204467,12
26126264,26126265,1791204467,1791204479,12
26126265,26126266,1791204479,1791204491,12
26126266,26126267,1791204491,1791204503,12
26126267,26126268,1791204503,1791204515,12
26126268,26126269,1791204515,1791204527,12
26126269,26126270,1791204527,1791204539,12
26126270,26126271,1791204539,1791204551,12
26126271,26126272,1791204551,1791204563,12
26126272,26126273,1791204563,1791204575,12
26126273,26126274,1791204575,1791204587,12
26126274,26126275,1791204587,1791204599,12
26126275,26126276,1791204599,1791204611,12
26126276,26126277,1791204611,1791204623,12
26126277,26126278,1791204623,1791204635,12
26126278,26126279,1791204635,1791204647,12
26126279,26126280,1791204647,1791204659,12
26126280,26126281,1791204659,1791204671,12
26126281,26126282,1791204671,1791204683,12
26126282,26126283,1791204683,1791204695,12
26126283,26126284,1791204695,1791204707,12
26126284,26126285,1791204707,1791204719,12
26126285,26126286,1791204719,1791204731,12
26126286,26126287,1791204731,1791204743,12
26126287,26126288,1791204743,1791204755,12
26126288,26126289,1791204755,1791204767,12
26126289,26126290,1791204767,1791204779,12
26126290,26126291,1791204779,1791204791,12
26126291,26126292,1791204791,1791204803,12
26126292,26126293,1791204803,1791204815,12
26126293,26126294,1791204815,1791204827,12
26126294,26126295,1791204827,1791204839,12
26126295,26126296,1791204839,1791204851,12
26126296,26126297,1791204851,1791204863,12
26126297,26126298,1791204863,1791204875,12
26126298,26126299,1791204875,1791204887,12
26126299,26126300,1791204887,1791204899,12
26126300,26126301,1791204899,1791204911,12
26126301,26126302,1791204911,1791204923,12
26126302,26126303,1791204923,1791204935,12
26126303,26126304,1791204935,1791204947,12
26126304,26126305,1791204947,1791204959,12
26126305,26126306,1791204959,1791204971,12
26126306,26126307,1791204971,1791204983,12
26126307,26126308,1791204983,1791204995,12
26126308,26126309,1791204995,1791205007,12
26126309,26126310,1791205007,1791205019,12
26126310,26126311,1791205019,1791205031,12
26126311,26126312,1791205031,1791205043,12
26126312,26126313,1791205043,1791205055,12
26126313,26126314,1791205055,1791205067,12
26126314,26126315,1791205067,1791205079,12
26126315,26126316,1791205079,1791205091,12
26126316,26126317,1791205091,1791205103,12
26126317,26126318,1791205103,1791205115,12
26126318,26126319,1791205115,1791205127,12
26126319,26126320,1791205127,1791205139,12
26126320,26126321,1791205139,1791205151,12
26126321,26126322,1791205151,1791205163,12
26126322,26126323,1791205163,1791205175,12
26126323,26126324,1791205175,1791205187,12
26126324,26126325,1791205187,1791205199,12
26126325,26126326,1791205199,1791205211,12
26126326,26126327,1791205211,1791205223,12
26126327,26126328,1791205223,1791205235,12
26126328,26126329,1791205235,1791205247,12
26126329,26126330,1791205247,1791205259,12
26126330,26126331,1791205259,1791205271,12
26126331,26126332,1791205271,1791205283,12
26126332,26126333,1791205283,1791205295,12
26126333,26126334,1791205295,1791205307,12
26126334,26126335,1791205307,1791205319,12
26126335,26126336,1791205319,1791205331,12
26126336,26126337,1791205331,1791205343,12
26126337,26126338,1791205343,1791205355,12
26126338,26126339,1791205355,1791205367,12
26126339,26126340,1791205367,1791205379,12
26126340,26126341,1791205379,1791205391,12
26126341,26126342,1791205391,1791205403,12
26126342,26126343,1791205403,1791205415,12
26126343,26126344,1791205415,1791205427,12
26126344,26126345,1791205427,1791205439,12
26126345,26126346,1791205439,1791205451,12
26126346,26126347,1791205451,1791205463,12
26126347,26126348,1791205463,1791205475,12
26126348,26126349,1791205475,1791205487,12
26126349,26126350,1791205487,1791205499,12
26126350,26126351,1791205499,1791205511,12
26126351,26126352,1791205511,1791205523,12
26126352,26126353,1791205523,1791205535,12
26126353,26126354,1791205535,1791205547,12
26126354,26126355,1791205547,1791205559,12
26126355,26126356,1791205559,1791205571,12
26126356,26126357,1791205571,1791205583,12
26126357,26126358,1791205583,1791205595,12
26126358,26126359,1791205595,1791205607,12
26126359,26126360,1791205607,1791205619,12
26126360,26126361,1791205619,1791205631,12
26126361,26126362,1791205631,1791205643,12
26126362,26126363,1791205643,1791205655,12
26126363,26126364,1791205655,1791205667,12
26126364,26126365,1791205667,1791205679,12
26126365,26126366,1791205679,1791205691,12
26126366,26126367,1791205691,1791205703,12
26126367,26126368,1791205703,1791205715,12
26126368,26126369,1791205715,1791205727,12
26126369,26126370,1791205727,1791205739,12
26126370,26126371,1791205739,1791205751,12
26126371,26126372,1791205751,1791205763,12
26126372,26126373,1791205763,1791205775,12
26126373,26126374,1791205775,1791205787,12
26126374,26126375,1791205787,1791205799,12
26126375,26126376,1791205799,1791205811,12
26126376,26126377,1791205811,1791205823,12
26126377,26126378,1791205823,1791205835,12
26126378,26126379,1791205835,1791205859,24
26126379,26126380,1791205859,1791205871,12
26126380,26126381,1791205871,1791205883,12
26126381,26126382,1791205883,1791205895,12
26126382,26126383,1791205895,1791205907,12
26126383,26126384,1791205907,1791205919,12
26126384,26126385,1791205919,1791205931,12
26126385,26126386,1791205931,1791205943,12
26126386,26126387,1791205943,1791205967,24
26126387,26126388,1791205967,1791205979,12
26126388,26126389,1791205979,1791205991,12
26126389,26126390,1791205991,1791206003,12
26126390,26126391,1791206003,1791206015,12
26126391,26126392,1791206015,1791206027,12
26126392,26126393,1791206027,1791206039,12
26126393,26126394,1791206039,1791206051,12
26126394,26126395,1791206051,1791206063,12
26126395,26126396,1791206063,1791206075,12
26126396,26126397,1791206075,1791206087,12
26126397,26126398,1791206087,1791206099,12
26126398,26126399,1791206099,1791206111,12
26126399,26126400,1791206111,1791206123,12
26126400,26126401,1791206123,1791206135,12
26126401,26126402,1791206135,1791206147,12
26126402,26126403,1791206147,1791206159,12
26126403,26126404,1791206159,1791206171,12
26126404,26126405,1791206171,1791206183,12
26126405,26126406,1791206183,1791206195,12
26126406,26126407,1791206195,1791206207,12
26126407,26126408,1791206207,1791206219,12
26126408,26126409,1791206219,1791206231,12
26126409,26126410,1791206231,1791206243,12
26126410,26126411,1791206243,1791206255,12
26126411,26126412,1791206255,1791206267,12
26126412,26126413,1791206267,1791206279,12
26126413,26126414,1791206279,1791206291,12
26126414,26126415,1791206291,1791206303,12
26126415,26126416,1791206303,1791206315,12
26126416,26126417,1791206315,1791206327,12
26126417,26126418,1791206327,1791206339,12
26126418,26126419,1791206339,1791206351,12
26126419,26126420,1791206351,1791206363,12
26126420,26126421,1791206363,1791206375,12
26126421,26126422,1791206375,1791206387,12
26126422,26126423,1791206387,1791206399,12
26126423,26126424,1791206399,1791206411,12
26126424,26126425,1791206411,1791206423,12
26126425,26126426,1791206423,1791206435,12
26126426,26126427,1791206435,1791206447,12
26126427,26126428,1791206447,1791206459,12
26126428,26126429,1791206459,1791206471,12
26126429,26126430,1791206471,1791206483,12
26126430,26126431,1791206483,1791206495,12
26126431,26126432,1791206495,1791206507,12
26126432,26126433,1791206507,1791206519,12
26126433,26126434,1791206519,1791206531,12
26126434,26126435,1791206531,1791206543,12
26126435,26126436,1791206543,1791206555,12
26126436,26126437,1791206555,1791206567,12
26126437,26126438,1791206567,1791206579,12
26126438,26126439,1791206579,1791206591,12
26126439,26126440,1791206591,1791206603,12
26126440,26126441,1791206603,1791206615,12
26126441,26126442,1791206615,1791206627,12
26126442,26126443,1791206627,1791206639,12
26126443,26126444,1791206639,1791206651,12
26126444,26126445,1791206651,1791206663,12
26126445,26126446,1791206663,1791206675,12
26126446,26126447,1791206675,1791206687,12
26126447,26126448,1791206687,1791206699,12
26126448,26126449,1791206699,1791206711,12
26126449,26126450,1791206711,1791206723,12
26126450,26126451,1791206723,1791206735,12
26126451,26126452,1791206735,1791206747,12
26126452,26126453,1791206747,1791206759,12
26126453,26126454,1791206759,1791206771,12
26126454,26126455,1791206771,1791206783,12
26126455,26126456,1791206783,1791206795,12
26126456,26126457,1791206795,1791206807,12
26126457,26126458,1791206807,1791206819,12
26126458,26126459,1791206819,1791206831,12
26126459,26126460,1791206831,1791206843,12
26126460,26126461,1791206843,1791206855,12
26126461,26126462,1791206855,1791206867,12
26126462,26126463,1791206867,1791206879,12
26126463,26126464,1791206879,1791206891,12
26126464,26126465,1791206891,1791206903,12
26126465,26126466,1791206903,1791206915,12
26126466,26126467,1791206915,1791206927,12
26126467,26126468,1791206927,1791206939,12
26126468,26126469,1791206939,1791206951,12
26126469,26126470,1791206951,1791206963,12
26126470,26126471,1791206963,1791206975,12
26126471,26126472,1791206975,1791206987,12
26126472,26126473,1791206987,1791206999,12
26126473,26126474,1791206999,1791207011,12
26126474,26126475,1791207011,1791207023,12
26126475,26126476,1791207023,1791207035,12
26126476,26126477,1791207035,1791207047,12
26126477,26126478,1791207047,1791207059,12
26126478,26126479,1791207059,1791207071,12
26126479,26126480,1791207071,1791207083,12
26126480,26126481,1791207083,1791207095,12
26126481,26126482,1791207095,1791207107,12
26126482,26126483,1791207107,1791207119,12
26126483,26126484,1791207119,1791207131,12
26126484,26126485,1791207131,1791207143,12
26126485,26126486,1791207143,1791207155,12
26126486,26126487,1791207155,1791207167,12
26126487,26126488,1791207167,1791207179,12
26126488,26126489,1791207179,1791207191,12
26126489,26126490,1791207191,1791207203,12
26126490,26126491,1791207203,1791207215,12
26126491,26126492,1791207215,1791207227,12
26126492,26126493,1791207227,1791207239,12
26126493,26126494,1791207239,1791207251,12
26126494,26126495,1791207251,1791207263,12
26126495,26126496,1791207263,1791207275,12
26126496,26126497,1791207275,1791207287,12
26126497,26126498,1791207287,1791207299,12
26126498,26126499,1791207299,1791207311,12
26126499,26126500,1791207311,1791207323,12
26126500,26126501,1791207323,1791207335,12
26126501,26126502,1791207335,1791207347,12
26126502,26126503,1791207347,1791207359,12
26126503,26126504,1791207359,1791207371,12
26126504,26126505,1791207371,1791207383,12
26126505,26126506,1791207383,1791207395,12
26126506,26126507,1791207395,1791207419,24
26126507,26126508,1791207419,1791207431,12
26126508,26126509,1791207431,1791207443,12
26126509,26126510,1791207443,1791207455,12
26126510,26126511,1791207455,1791207467,12
26126511,26126512,1791207467,1791207479,12
26126512,26126513,1791207479,1791207491,12
26126513,26126514,1791207491,1791207503,12
26126514,26126515,1791207503,1791207515,12
26126515,26126516,1791207515,1791207527,12
26126516,26126517,1791207527,1791207539,12
26126517,26126518,1791207539,1791207551,12
26126518,26126519,1791207551,1791207563,12
26126519,26126520,1791207563,1791207575,12
26126520,26126521,1791207575,1791207587,12
26126521,26126522,1791207587,1791207599,12
26126522,26126523,1791207599,1791207611,12
26126523,26126524,1791207611,1791207623,12
26126524,26126525,1791207623,1791207635,12
26126525,26126526,1791207635,1791207647,12
26126526,26126527,1791207647,1791207659,12
26126527,26126528,1791207659,1791207671,12
26126528,26126529,1791207671,1791207683,12
26126529,26126530,1791207683,1791207695,12
26126530,26126531,1791207695,1791207707,12
26126531,26126532,1791207707,1791207719,12
26126532,26126533,1791207719,1791207731,12
26126533,26126534,1791207731,1791207743,12
26126534,26126535,1791207743,1791207755,12
26126535,26126536,1791207755,1791207767,12
26126536,26126537,1791207767,1791207779,12
26126537,26126538,1791207779,1791207791,12
26126538,26126539,1791207791,1791207803,12
26126539,26126540,1791207803,1791207815,12
26126540,26126541,1791207815,1791207827,12
26126541,26126542,1791207827,1791207839,12
26126542,26126543,1791207839,1791207851,12
26126543,26126544,1791207851,1791207863,12
26126544,26126545,1791207863,1791207875,12
26126545,26126546,1791207875,1791207887,12
26126546,26126547,1791207887,1791207899,12
26126547,26126548,1791207899,1791207911,12
26126548,26126549,1791207911,1791207923,12
26126549,26126550,1791207923,1791207935,12
26126550,26126551,1791207935,1791207947,12
26126551,26126552,1791207947,1791207959,12
26126552,26126553,1791207959,1791207971,12
26126553,26126554,1791207971,1791207983,12
26126554,26126555,1791207983,1791207995,12
26126555,26126556,1791207995,1791208007,12
26126556,26126557,1791208007,1791208019,12
26126557,26126558,1791208019,1791208031,12
26126558,26126559,1791208031,1791208043,12
26126559,26126560,1791208043,1791208055,12
26126560,26126561,1791208055,1791208067,12
26126561,26126562,1791208067,1791208079,12
26126562,26126563,1791208079,1791208091,12
26126563,26126564,1791208091,1791208103,12
26126564,26126565,1791208103,1791208115,12
26126565,26126566,1791208115,1791208127,12
26126566,26126567,1791208127,1791208139,12
26126567,26126568,1791208139,1791208151,12
26126568,26126569,1791208151,1791208163,12
26126569,26126570,1791208163,1791208175,12
26126570,26126571,1791208175,1791208187,12
26126571,26126572,1791208187,1791208199,12
26126572,26126573,1791208199,1791208211,12
26126573,26126574,1791208211,1791208223,12
26126574,26126575,1791208223,1791208235,12
26126575,26126576,1791208235,1791208247,12
26126576,26126577,1791208247,1791208259,12
26126577,26126578,1791208259,1791208271,12
26126578,26126579,1791208271,1791208283,12
26126579,26126580,1791208283,1791208295,12
26126580,26126581,1791208295,1791208307,12
26126581,26126582,1791208307,1791208319,12
26126582,26126583,1791208319,1791208331,12
26126583,26126584,1791208331,1791208343,12
26126584,26126585,1791208343,1791208355,12
26126585,26126586,1791208355,1791208367,12
26126586,26126587,1791208367,1791208379,12
26126587,26126588,1791208379,1791208391,12
26126588,26126589,1791208391,1791208403,12
26126589,26126590,1791208403,1791208415,12
26126590,26126591,1791208415,1791208427,12
26126591,26126592,1791208427,1791208439,12
26126592,26126593,1791208439,1791208451,12
26126593,26126594,1791208451,1791208463,12
26126594,26126595,1791208463,1791208475,12
26126595,26126596,1791208475,1791208487,12
26126596,26126597,1791208487,1791208499,12
26126597,26126598,1791208499,1791208511,12
26126598,26126599,1791208511,1791208523,12
26126599,26126600,1791208523,1791208535,12
26126600,26126601,1791208535,1791208547,12
26126601,26126602,1791208547,1791208559,12
26126602,26126603,1791208559,1791208571,12
26126603,26126604,1791208571,1791208583,12
26126604,26126605,1791208583,1791208595,12
26126605,26126606,1791208595,1791208607,12
26126606,26126607,1791208607,1791208619,12
26126607,26126608,1791208619,1791208631,12
26126608,26126609,1791208631,1791208643,12
26126609,26126610,1791208643,1791208655,12
26126610,26126611,1791208655,1791208667,12
26126611,26126612,1791208667,1791208679,12
26126612,26126613,1791208679,1791208691,12
26126613,26126614,1791208691,1791208703,12
26126614,26126615,1791208703,1791208715,12
26126615,26126616,1791208715,1791208727,12
26126616,26126617,1791208727,1791208739,12
26126617,26126618,1791208739,1791208751,12
26126618,26126619,1791208751,1791208763,12
26126619,26126620,1791208763,1791208775,12
26126620,26126621,1791208775,1791208787,12
26126621,26126622,1791208787,1791208799,12
26126622,26126623,1791208799,1791208811,12
26126623,26126624,1791208811,1791208823,12
26126624,26126625,1791208823,1791208835,12
26126625,26126626,1791208835,1791208859,24
26126626,26126627,1791208859,1791208871,12
26126627,26126628,1791208871,1791208883,12
26126628,26126629,1791208883,1791208895,12
26126629,26126630,1791208895,1791208907,12
26126630,26126631,1791208907,1791208919,12
26126631,26126632,1791208919,1791208931,12
26126632,26126633,1791208931,1791208943,12
26126633,26126634,1791208943,1791208955,12
26126634,26126635,1791208955,1791208967,12
26126635,26126636,1791208967,1791208979,12
26126636,26126637,1791208979,1791208991,12
26126637,26126638,1791208991,1791209003,12
26126638,26126639,1791209003,1791209015,12
26126639,26126640,1791209015,1791209027,12
26126640,26126641,1791209027,1791209039,12
26126641,26126642,1791209039,1791209051,12
26126642,26126643,1791209051,1791209063,12
26126643,26126644,1791209063,1791209075,12
26126644,26126645,1791209075,1791209087,12
26126645,26126646,1791209087,1791209099,12
26126646,26126647,1791209099,1791209111,12
26126647,26126648,1791209111,1791209123,12
26126648,26126649,1791209123,1791209135,12
26126649,26126650,1791209135,1791209147,12
26126650,26126651,1791209147,1791209159,12
26126651,26126652,1791209159,1791209171,12
26126652,26126653,1791209171,1791209183,12
26126653,26126654,1791209183,1791209195,12
26126654,26126655,1791209195,1791209207,12
26126655,26126656,1791209207,1791209219,12
26126656,26126657,1791209219,1791209231,12
26126657,26126658,1791209231,1791209243,12
26126658,26126659,1791209243,1791209255,12
26126659,26126660,1791209255,1791209267,12
26126660,26126661,1791209267,1791209279,12
26126661,26126662,1791209279,1791209291,12
26126662,26126663,1791209291,1791209303,12
26126663,26126664,1791209303,1791209315,12
26126664,26126665,1791209315,1791209327,12
26126665,26126666,1791209327,1791209339,12
26126666,26126667,1791209339,1791209351,12
26126667,26126668,1791209351,1791209363,12
26126668,26126669,1791209363,1791209375,12
26126669,26126670,1791209375,1791209387,12
26126670,26126671,1791209387,1791209399,12
26126671,26126672,1791209399,1791209411,12
26126672,26126673,1791209411,1791209423,12
26126673,26126674,1791209423,1791209435,12
26126674,26126675,1791209435,1791209447,12
26126675,26126676,1791209447,1791209459,12
26126676,26126677,1791209459,1791209471,12
26126677,26126678,1791209471,1791209483,12
26126678,26126679,1791209483,1791209495,12
26126679,26126680,1791209495,1791209507,12
26126680,26126681,1791209507,1791209519,12
26126681,26126682,1791209519,1791209531,12
26126682,26126683,1791209531,1791209543,12
26126683,26126684,1791209543,1791209555,12
26126684,26126685,1791209555,1791209567,12
26126685,26126686,1791209567,1791209579,12
26126686,26126687,1791209579,1791209591,12
26126687,26126688,1791209591,1791209603,12
26126688,26126689,1791209603,1791209615,12
26126689,26126690,1791209615,1791209627,12
26126690,26126691,1791209627,1791209639,12
26126691,26126692,1791209639,1791209651,12
26126692,26126693,1791209651,1791209663,12
26126693,26126694,1791209663,1791209675,12
26126694,26126695,1791209675,1791209687,12
26126695,26126696,1791209687,1791209699,12
26126696,26126697,1791209699,1791209711,12
26126697,26126698,1791209711,1791209723,12
26126698,26126699,1791209723,1791209735,12
26126699,26126700,1791209735,1791209747,12
26126700,26126701,1791209747,1791209759,12
26126701,26126702,1791209759,1791209771,12
26126702,26126703,1791209771,1791209783,12
26126703,26126704,1791209783,1791209795,12
26126704,26126705,1791209795,1791209807,12
26126705,26126706,1791209807,1791209819,12
26126706,26126707,1791209819,1791209831,12
26126707,26126708,1791209831,1791209843,12
26126708,26126709,1791209843,1791209855,12
26126709,26126710,1791209855,1791209867,12
26126710,26126711,1791209867,1791209879,12
26126711,26126712,1791209879,1791209891,12
26126712,26126713,1791209891,1791209903,12
26126713,26126714,1791209903,1791209915,12
26126714,26126715,1791209915,1791209927,12
26126715,26126716,1791209927,1791209939,12
26126716,26126717,1791209939,1791209951,12
26126717,26126718,1791209951,1791209963,12
26126718,26126719,1791209963,1791209975,12
26126719,26126720,1791209975,1791209987,12
26126720,26126721,1791209987,1791209999,12
26126721,26126722,1791209999,1791210011,12
26126722,26126723,1791210011,1791210023,12
26126723,26126724,1791210023,1791210035,12
26126724,26126725,1791210035,1791210047,12
26126725,26126726,1791210047,1791210059,12
26126726,26126727,1791210059,1791210071,12
26126727,26126728,1791210071,1791210083,12
26126728,26126729,1791210083,1791210095,12
26126729,26126730,1791210095,1791210107,12
26126730,26126731,1791210107,1791210119,12
26126731,26126732,1791210119,1791210131,12
26126732,26126733,1791210131,1791210143,12
26126733,26126734,1791210143,1791210155,12
26126734,26126735,1791210155,1791210167,12
26126735,26126736,1791210167,1791210179,12
26126736,26126737,1791210179,1791210191,12
26126737,26126738,1791210191,1791210203,12
26126738,26126739,1791210203,1791210215,12
26126739,26126740,1791210215,1791210227,12
26126740,26126741,1791210227,1791210239,12
26126741,26126742,1791210239,1791210251,12
26126742,26126743,1791210251,1791210263,12
26126743,26126744,1791210263,1791210275,12
26126744,26126745,1791210275,1791210287,12
26126745,26126746,1791210287,1791210299,12
26126746,26126747,1791210299,1791210311,12
26126747,26126748,1791210311,1791210323,12
26126748,26126749,1791210323,1791210335,12
26126749,26126750,1791210335,1791210347,12
26126750,26126751,1791210347,1791210359,12
26126751,26126752,1791210359,1791210371,12
26126752,26126753,1791210371,1791210383,12
26126753,26126754,1791210383,1791210395,12
26126754,26126755,1791210395,1791210407,12
26126755,26126756,1791210407,1791210419,12
26126756,26126757,1791210419,1791210431,12
26126757,26126758,1791210431,1791210443,12
26126758,26126759,1791210443,1791210455,12
26126759,26126760,1791210455,1791210467,12
26126760,26126761,1791210467,1791210479,12
26126761,26126762,1791210479,1791210491,12
26126762,26126763,1791210491,1791210503,12
26126763,26126764,1791210503,1791210515,12
26126764,26126765,1791210515,1791210527,12
26126765,26126766,1791210527,1791210539,12
26126766,26126767,1791210539,1791210551,12
26126767,26126768,1791210551,1791210563,12
26126768,26126769,1791210563,1791210575,12
26126769,26126770,1791210575,1791210587,12
26126770,26126771,1791210587,1791210599,12
26126771,26126772,1791210599,1791210611,12
26126772,26126773,1791210611,1791210623,12
26126773,26126774,1791210623,1791210635,12
26126774,26126775,1791210635,1791210647,12
26126775,26126776,1791210647,1791210659,12
26126776,26126777,1791210659,1791210671,12
26126777,26126778,1791210671,1791210683,12
26126778,26126779,1791210683,1791210695,12
26126779,26126780,1791210695,1791210707,12
26126780,26126781,1791210707,1791210719,12
26126781,26126782,1791210719,1791210731,12
26126782,26126783,1791210731,1791210743,12
26126783,26126784,1791210743,1791210755,12
26126784,26126785,1791210755,1791210767,12
26126785,26126786,1791210767,1791210779,12
26126786,26126787,1791210779,1791210791,12
26126787,26126788,1791210791,1791210803,12
26126788,26126789,1791210803,1791210815,12
26126789,26126790,1791210815,1791210827,12
26126790,26126791,1791210827,1791210839,12
26126791,26126792,1791210839,1791210851,12
26126792,26126793,1791210851,1791210863,12
26126793,26126794,1791210863,1791210875,12
26126794,26126795,1791210875,1791210887,12
26126795,26126796,1791210887,1791210899,12
26126796,26126797,1791210899,1791210911,12
26126797,26126798,1791210911,1791210923,12
26126798,26126799,1791210923,1791210935,12
26126799,26126800,1791210935,1791210947,12
26126800,26126801,1791210947,1791210959,12
26126801,26126802,1791210959,1791210971,12
26126802,26126803,1791210971,1791210983,12
26126803,26126804,1791210983,1791210995,12
26126804,26126805,1791210995,1791211007,12
26126805,26126806,1791211007,1791211019,12
26126806,26126807,1791211019,1791211031,12
26126807,26126808,1791211031,1791211043,12
26126808,26126809,1791211043,1791211055,12
26126809,26126810,1791211055,1791211067,12
26126810,26126811,1791211067,1791211079,12
26126811,26126812,1791211079,1791211091,12
26126812,26126813,1791211091,1791211103,12
26126813,26126814,1791211103,1791211115,12
26126814,26126815,1791211115,1791211127,12
26126815,26126816,1791211127,1791211139,12
26126816,26126817,1791211139,1791211151,12
26126817,26126818,1791211151,1791211163,12
26126818,26126819,1791211163,1791211175,12
26126819,26126820,1791211175,1791211187,12
26126820,26126821,1791211187,1791211199,12
26126821,26126822,1791211199,1791211211,12
26126822,26126823,1791211211,1791211235,24
26126823,26126824,1791211235,1791211247,12
26126824,26126825,1791211247,1791211259,12
26126825,26126826,1791211259,1791211271,12
26126826,26126827,1791211271,1791211283,12
26126827,26126828,1791211283,1791211295,12
26126828,26126829,1791211295,1791211307,12
26126829,26126830,1791211307,1791211319,12
26126830,26126831,1791211319,1791211331,12
26126831,26126832,1791211331,1791211343,12
26126832,26126833,1791211343,1791211355,12
26126833,26126834,1791211355,1791211367,12
26126834,26126835,1791211367,1791211379,12
26126835,26126836,1791211379,1791211391,12
26126836,26126837,1791211391,1791211403,12
26126837,26126838,1791211403,1791211415,12
26126838,26126839,1791211415,1791211427,12
26126839,26126840,1791211427,1791211439,12
26126840,26126841,1791211439,1791211451,12
26126841,26126842,1791211451,1791211463,12
26126842,26126843,1791211463,1791211475,12
26126843,26126844,1791211475,1791211487,12
26126844,26126845,1791211487,1791211499,12
26126845,26126846,1791211499,1791211511,12
26126846,26126847,1791211511,1791211523,12
26126847,26126848,1791211523,1791211535,12
26126848,26126849,1791211535,1791211547,12
26126849,26126850,1791211547,1791211559,12
26126850,26126851,1791211559,1791211571,12
26126851,26126852,1791211571,1791211583,12
26126852,26126853,1791211583,1791211595,12
26126853,26126854,1791211595,1791211607,12
26126854,26126855,1791211607,1791211619,12
26126855,26126856,1791211619,1791211631,12
26126856,26126857,1791211631,1791211643,12
26126857,26126858,1791211643,1791211655,12
26126858,26126859,1791211655,1791211667,12
26126859,26126860,1791211667,1791211679,12
26126860,26126861,1791211679,1791211691,12
26126861,26126862,1791211691,1791211703,12
26126862,26126863,1791211703,1791211715,12
26126863,26126864,1791211715,1791211727,12
26126864,26126865,1791211727,1791211739,12
26126865,26126866,1791211739,1791211751,12
26126866,26126867,1791211751,1791211763,12
26126867,26126868,1791211763,1791211775,12
26126868,26126869,1791211775,1791211787,12
26126869,26126870,1791211787,1791211799,12
26126870,26126871,1791211799,1791211811,12
26126871,26126872,1791211811,1791211823,12
26126872,26126873,1791211823,1791211835,12
26126873,26126874,1791211835,1791211847,12
26126874,26126875,1791211847,1791211859,12
26126875,26126876,1791211859,1791211871,12
26126876,26126877,1791211871,1791211883,12
26126877,26126878,1791211883,1791211895,12
26126878,26126879,1791211895,1791211907,12
26126879,26126880,1791211907,1791211919,12
26126880,26126881,1791211919,1791211931,12
26126881,26126882,1791211931,1791211943,12
26126882,26126883,1791211943,1791211955,12
26126883,26126884,1791211955,1791211967,12
26126884,26126885,1791211967,1791211979,12
26126885,26126886,1791211979,1791211991,12
26126886,26126887,1791211991,1791212003,12
26126887,26126888,1791212003,1791212015,12
26126888,26126889,1791212015,1791212027,12
26126889,26126890,1791212027,1791212039,12
26126890,26126891,1791212039,1791212051,12
26126891,26126892,1791212051,1791212063,12
26126892,26126893,1791212063,1791212075,12
26126893,26126894,1791212075,1791212087,12
26126894,26126895,1791212087,1791212099,12
26126895,26126896,1791212099,1791212111,12
26126896,26126897,1791212111,1791212123,12
26126897,26126898,1791212123,1791212135,12
26126898,26126899,1791212135,1791212147,12
26126899,26126900,1791212147,1791212159,12
26126900,26126901,1791212159,1791212171,12
26126901,26126902,1791212171,1791212183,12
26126902,26126903,1791212183,1791212195,12
26126903,26126904,1791212195,1791212207,12
26126904,26126905,1791212207,1791212219,12
26126905,26126906,1791212219,1791212231,12
26126906,26126907,1791212231,1791212243,12
26126907,26126908,1791212243,1791212255,12
26126908,26126909,1791212255,1791212267,12
26126909,26126910,1791212267,1791212279,12
26126910,26126911,1791212279,1791212291,12
26126911,26126912,1791212291,1791212303,12
26126912,26126913,1791212303,1791212315,12
26126913,26126914,1791212315,1791212327,12
26126914,26126915,1791212327,1791212339,12
26126915,26126916,1791212339,1791212351,12
26126916,26126917,1791212351,1791212363,12
26126917,26126918,1791212363,1791212375,12
26126918,26126919,1791212375,1791212387,12
26126919,26126920,1791212387,1791212399,12
26126920,26126921,1791212399,1791212411,12
26126921,26126922,1791212411,1791212423,12
26126922,26126923,1791212423,1791212435,12
26126923,26126924,1791212435,1791212447,12
26126924,26126925,1791212447,1791212459,12
26126925,26126926,1791212459,1791212471,12
26126926,26126927,1791212471,1791212483,12
26126927,26126928,1791212483,1791212495,12
26126928,26126929,1791212495,1791212507,12
26126929,26126930,1791212507,1791212519,12
26126930,26126931,1791212519,1791212531,12
26126931,26126932,1791212531,1791212543,12
26126932,26126933,1791212543,1791212555,12
26126933,26126934,1791212555,1791212567,12
26126934,26126935,1791212567,1791212579,12
26126935,26126936,1791212579,1791212591,12
26126936,26126937,1791212591,1791212603,12
26126937,26126938,1791212603,1791212615,12
26126938,26126939,1791212615,1791212627,12
26126939,26126940,1791212627,1791212639,12
26126940,26126941,1791212639,1791212651,12
26126941,26126942,1791212651,1791212663,12
26126942,26126943,1791212663,1791212675,12
26126943,26126944,1791212675,1791212687,12
26126944,26126945,1791212687,1791212699,12
26126945,26126946,1791212699,1791212711,12
26126946,26126947,1791212711,1791212723,12
26126947,26126948,1791212723,1791212735,12
26126948,26126949,1791212735,1791212747,12
26126949,26126950,1791212747,1791212759,12
26126950,26126951,1791212759,1791212771,12
26126951,26126952,1791212771,1791212783,12
26126952,26126953,1791212783,1791212795,12
26126953,26126954,1791212795,1791212807,12
26126954,26126955,1791212807,1791212819,12
26126955,26126956,1791212819,1791212831,12
26126956,26126957,1791212831,1791212843,12
26126957,26126958,1791212843,1791212855,12
26126958,26126959,1791212855,1791212867,12
26126959,26126960,1791212867,1791212879,12
26126960,26126961,1791212879,1791212891,12
26126961,26126962,1791212891,1791212903,12
26126962,26126963,1791212903,1791212915,12
26126963,26126964,1791212915,1791212927,12
26126964,26126965,1791212927,1791212939,12
26126965,26126966,1791212939,1791212951,12
26126966,26126967,1791212951,1791212963,12
26126967,26126968,1791212963,1791212975,12
26126968,26126969,1791212975,1791212987,12
26126969,26126970,1791212987,1791212999,12
26126970,26126971,1791212999,1791213011,12
26126971,26126972,1791213011,1791213023,12
26126972,26126973,1791213023,1791213035,12
26126973,26126974,1791213035,1791213047,12
26126974,26126975,1791213047,1791213059,12
26126975,26126976,1791213059,1791213071,12
26126976,26126977,1791213071,1791213083,12
26126977,26126978,1791213083,1791213095,12
26126978,26126979,1791213095,1791213107,12
26126979,26126980,1791213107,1791213119,12
26126980,26126981,1791213119,1791213131,12
26126981,26126982,1791213131,1791213143,12
26126982,26126983,1791213143,1791213155,12
26126983,26126984,1791213155,1791213167,12
26126984,26126985,1791213167,1791213179,12
26126985,26126986,1791213179,1791213191,12
26126986,26126987,1791213191,1791213203,12
26126987,26126988,1791213203,1791213215,12
26126988,26126989,1791213215,1791213227,12
26126989,26126990,1791213227,1791213239,12
26126990,26126991,1791213239,1791213251,12
26126991,26126992,1791213251,1791213263,12
26126992,26126993,1791213263,1791213275,12
26126993,26126994,1791213275,1791213287,12
26126994,26126995,1791213287,1791213299,12
26126995,26126996,1791213299,1791213311,12
26126996,26126997,1791213311,1791213323,12
26126997,26126998,1791213323,1791213335,12
26126998,26126999,1791213335,1791213347,12
26126999,26127000,1791213347,1791213359,12
26127000,26127001,1791213359,1791213371,12
26127001,26127002,1791213371,1791213383,12
26127002,26127003,1791213383,1791213395,12
26127003,26127004,1791213395,1791213407,12
26127004,26127005,1791213407,1791213419,12
26127005,26127006,1791213419,1791213431,12
26127006,26127007,1791213431,1791213443,12
26127007,26127008,1791213443,1791213455,12
26127008,26127009,1791213455,1791213467,12
26127009,26127010,1791213467,1791213479,12
26127010,26127011,1791213479,1791213491,12
26127011,26127012,1791213491,1791213503,12
26127012,26127013,1791213503,1791213515,12
26127013,26127014,1791213515,1791213527,12
26127014,26127015,1791213527,1791213539,12
26127015,26127016,1791213539,1791213551,12
26127016,26127017,1791213551,1791213563,12
26127017,26127018,1791213563,1791213575,12
26127018,26127019,1791213575,1791213587,12
26127019,26127020,1791213587,1791213599,12
26127020,26127021,1791213599,1791213611,12
26127021,26127022,1791213611,1791213623,12
26127022,26127023,1791213623,1791213635,12
26127023,26127024,1791213635,1791213647,12
26127024,26127025,1791213647,1791213659,12
26127025,26127026,1791213659,1791213671,12
26127026,26127027,1791213671,1791213683,12
26127027,26127028,1791213683,1791213695,12
26127028,26127029,1791213695,1791213707,12
26127029,26127030,1791213707,1791213719,12
26127030,26127031,1791213719,1791213731,12
26127031,26127032,1791213731,1791213743,12
26127032,26127033,1791213743,1791213755,12
26127033,26127034,1791213755,1791213767,12
26127034,26127035,1791213767,1791213779,12
26127035,26127036,1791213779,1791213791,12
26127036,26127037,1791213791,1791213803,12
26127037,26127038,1791213803,1791213815,12
26127038,26127039,1791213815,1791213827,12
26127039,26127040,1791213827,1791213839,12
26127040,26127041,1791213839,1791213851,12
26127041,26127042,1791213851,1791213863,12
26127042,26127043,1791213863,1791213875,12
26127043,26127044,1791213875,1791213887,12
26127044,26127045,1791213887,1791213899,12
26127045,26127046,1791213899,1791213911,12
26127046,26127047,1791213911,1791213923,12
26127047,26127048,1791213923,1791213935,12
26127048,26127049,1791213935,1791213947,12
26127049,26127050,1791213947,1791213959,12
26127050,26127051,1791213959,1791213971,12
26127051,26127052,1791213971,1791213983,12
26127052,26127053,1791213983,1791213995,12
26127053,26127054,1791213995,1791214007,12
26127054,26127055,1791214007,1791214019,12
26127055,26127056,1791214019,1791214031,12
26127056,26127057,1791214031,1791214043,12
26127057,26127058,1791214043,1791214055,12
26127058,26127059,1791214055,1791214067,12
26127059,26127060,1791214067,1791214079,12
26127060,26127061,1791214079,1791214091,12
26127061,26127062,1791214091,1791214103,12
26127062,26127063,1791214103,1791214115,12
26127063,26127064,1791214115,1791214127,12
26127064,26127065,1791214127,1791214139,12
26127065,26127066,1791214139,1791214151,12
26127066,26127067,1791214151,1791214163,12
26127067,26127068,1791214163,1791214175,12
26127068,26127069,1791214175,1791214187,12
26127069,26127070,1791214187,1791214199,12
26127070,26127071,1791214199,1791214211,12
26127071,26127072,1791214211,1791214223,12
26127072,26127073,1791214223,1791214235,12
26127073,26127074,1791214235,1791214247,12
26127074,26127075,1791214247,1791214259,12
26127075,26127076,1791214259,1791214271,12
26127076,26127077,1791214271,1791214283,12
26127077,26127078,1791214283,1791214295,12
26127078,26127079,1791214295,1791214307,12
26127079,26127080,1791214307,1791214319,12
26127080,26127081,1791214319,1791214331,12
26127081,26127082,1791214331,1791214343,12
26127082,26127083,1791214343,1791214355,12
26127083,26127084,1791214355,1791214367,12
26127084,26127085,1791214367,1791214379,12
26127085,26127086,1791214379,1791214391,12
26127086,26127087,1791214391,1791214403,12
26127087,26127088,1791214403,1791214415,12
26127088,26127089,1791214415,1791214427,12
26127089,26127090,1791214427,1791214439,12
26127090,26127091,1791214439,1791214451,12
26127091,26127092,1791214451,1791214463,12
26127092,26127093,1791214463,1791214475,12
26127093,26127094,1791214475,1791214487,12
26127094,26127095,1791214487,1791214499,12
26127095,26127096,1791214499,1791214511,12
26127096,26127097,1791214511,1791214523,12
26127097,26127098,1791214523,1791214535,12
26127098,26127099,1791214535,1791214547,12
26127099,26127100,1791214547,1791214559,12
26127100,26127101,1791214559,1791214571,12
26127101,26127102,1791214571,1791214583,12
26127102,26127103,1791214583,1791214595,12
26127103,26127104,1791214595,1791214607,12
26127104,26127105,1791214607,1791214619,12
26127105,26127106,1791214619,1791214631,12
26127106,26127107,1791214631,1791214643,12
26127107,26127108,1791214643,1791214655,12
26127108,26127109,1791214655,1791214667,12
26127109,26127110,1791214667,1791214679,12
26127110,26127111,1791214679,1791214691,12
26127111,26127112,1791214691,1791214703,12
26127112,26127113,1791214703,1791214715,12
26127113,26127114,1791214715,1791214727,12
26127114,26127115,1791214727,1791214739,12
26127115,26127116,1791214739,1791214751,12
26127116,26127117,1791214751,1791214763,12
26127117,26127118,1791214763,1791214775,12
26127118,26127119,1791214775,1791214787,12
26127119,26127120,1791214787,1791214799,12
26127120,26127121,1791214799,1791214811,12
26127121,26127122,1791214811,1791214823,12
26127122,26127123,1791214823,1791214835,12
26127123,26127124,1791214835,1791214847,12
26127124,26127125,1791214847,1791214859,12
26127125,26127126,1791214859,1791214871,12
26127126,26127127,1791214871,1791214883,12
26127127,26127128,1791214883,1791214895,12
26127128,26127129,1791214895,1791214907,12
26127129,26127130,1791214907,1791214919,12
26127130,26127131,1791214919,1791214931,12
26127131,26127132,1791214931,1791214943,12
26127132,26127133,1791214943,1791214955,12
26127133,26127134,1791214955,1791214967,12
26127134,26127135,1791214967,1791214979,12
26127135,26127136,1791214979,1791214991,12
26127136,26127137,1791214991,1791215003,12
26127137,26127138,1791215003,1791215015,12
26127138,26127139,1791215015,1791215027,12
26127139,26127140,1791215027,1791215039,12
26127140,26127141,1791215039,1791215051,12
26127141,26127142,1791215051,1791215063,12
26127142,26127143,1791215063,1791215075,12
26127143,26127144,1791215075,1791215087,12
26127144,26127145,1791215087,1791215099,12
26127145,26127146,1791215099,1791215111,12
26127146,26127147,1791215111,1791215123,12
26127147,26127148,1791215123,1791215135,12
26127148,26127149,1791215135,1791215147,12
26127149,26127150,1791215147,1791215159,12
26127150,26127151,1791215159,1791215171,12
26127151,26127152,1791215171,1791215183,12
26127152,26127153,1791215183,1791215195,12
26127153,26127154,1791215195,1791215207,12
26127154,26127155,1791215207,1791215219,12
26127155,26127156,1791215219,1791215231,12
26127156,26127157,1791215231,1791215243,12
26127157,26127158,1791215243,1791215255,12
26127158,26127159,1791215255,1791215267,12
26127159,26127160,1791215267,1791215279,12
26127160,26127161,1791215279,1791215291,12
26127161,26127162,1791215291,1791215303,12
26127162,26127163,1791215303,1791215315,12
26127163,26127164,1791215315,1791215327,12
26127164,26127165,1791215327,1791215339,12
26127165,26127166,1791215339,1791215351,12
26127166,26127167,1791215351,1791215363,12
26127167,26127168,1791215363,1791215375,12
26127168,26127169,1791215375,1791215387,12
26127169,26127170,1791215387,1791215399,12
26127170,26127171,1791215399,1791215411,12
26127171,26127172,1791215411,1791215423,12
26127172,26127173,1791215423,1791215435,12
26127173,26127174,1791215435,1791215447,12
26127174,26127175,1791215447,1791215459,12
26127175,26127176,1791215459,1791215471,12
26127176,26127177,1791215471,1791215483,12
26127177,26127178,1791215483,1791215495,12
26127178,26127179,1791215495,1791215507,12
26127179,26127180,1791215507,1791215519,12
26127180,26127181,1791215519,1791215531,12
26127181,26127182,1791215531,1791215543,12
26127182,26127183,1791215543,1791215555,12
26127183,26127184,1791215555,1791215567,12
26127184,26127185,1791215567,1791215579,12
26127185,26127186,1791215579,1791215591,12
26127186,26127187,1791215591,1791215603,12
26127187,26127188,1791215603,1791215615,12
26127188,26127189,1791215615,1791215627,12
26127189,26127190,1791215627,1791215639,12
26127190,26127191,1791215639,1791215651,12
26127191,26127192,1791215651,1791215663,12
26127192,26127193,1791215663,1791215675,12
26127193,26127194,1791215675,1791215687,12
26127194,26127195,1791215687,1791215699,12
26127195,26127196,1791215699,1791215711,12
26127196,26127197,1791215711,1791215723,12
26127197,26127198,1791215723,1791215735,12
26127198,26127199,1791215735,1791215747,12
26127199,26127200,1791215747,1791215759,12
26127200,26127201,1791215759,1791215771,12
26127201,26127202,1791215771,1791215783,12
26127202,26127203,1791215783,1791215795,12
26127203,26127204,1791215795,1791215807,12
26127204,26127205,1791215807,1791215819,12
26127205,26127206,1791215819,1791215831,12
26127206,26127207,1791215831,1791215843,12
26127207,26127208,1791215843,1791215855,12
26127208,26127209,1791215855,1791215867,12
26127209,26127210,1791215867,1791215879,12
26127210,26127211,1791215879,1791215891,12
26127211,26127212,1791215891,1791215903,12
26127212,26127213,1791215903,1791215915,12
26127213,26127214,1791215915,1791215927,12
26127214,26127215,1791215927,1791215939,12
26127215,26127216,1791215939,1791215951,12
26127216,26127217,1791215951,1791215963,12
26127217,26127218,1791215963,1791215975,12
26127218,26127219,1791215975,1791215987,12
26127219,26127220,1791215987,1791215999,12
26127220,26127221,1791215999,1791216011,12
26127221,26127222,1791216011,1791216023,12
26127222,26127223,1791216023,1791216035,12
26127223,26127224,1791216035,1791216047,12
26127224,26127225,1791216047,1791216059,12
26127225,26127226,1791216059,1791216071,12
26127226,26127227,1791216071,1791216083,12
26127227,26127228,1791216083,1791216095,12
26127228,26127229,1791216095,1791216107,12
26127229,26127230,1791216107,1791216119,12
26127230,26127231,1791216119,1791216131,12
26127231,26127232,1791216131,1791216143,12
26127232,26127233,1791216143,1791216155,12
26127233,26127234,1791216155,1791216167,12
26127234,26127235,1791216167,1791216179,12
26127235,26127236,1791216179,1791216191,12
26127236,26127237,1791216191,1791216203,12
26127237,26127238,1791216203,1791216215,12
26127238,26127239,1791216215,1791216227,12
26127239,26127240,1791216227,1791216239,12
26127240,26127241,1791216239,1791216251,12
26127241,26127242,1791216251,1791216263,12
26127242,26127243,1791216263,1791216275,12
26127243,26127244,1791216275,1791216287,12
26127244,26127245,1791216287,1791216299,12
26127245,26127246,1791216299,1791216311,12
26127246,26127247,1791216311,1791216323,12
26127247,26127248,1791216323,1791216335,12
26127248,26127249,1791216335,1791216347,12
26127249,26127250,1791216347,1791216359,12
26127250,26127251,1791216359,1791216371,12
26127251,26127252,1791216371,1791216383,12
26127252,26127253,1791216383,1791216395,12
26127253,26127254,1791216395,1791216407,12
26127254,26127255,1791216407,1791216419,12
26127255,26127256,1791216419,1791216431,12
26127256,26127257,1791216431,1791216443,12
26127257,26127258,1791216443,1791216455,12
26127258,26127259,1791216455,1791216467,12
26127259,26127260,1791216467,1791216479,12
26127260,26127261,1791216479,1791216491,12
26127261,26127262,1791216491,1791216503,12
26127262,26127263,1791216503,1791216515,12
26127263,26127264,1791216515,1791216527,12
26127264,26127265,1791216527,1791216539,12
26127265,26127266,1791216539,1791216551,12
26127266,26127267,1791216551,1791216563,12
26127267,26127268,1791216563,1791216575,12
26127268,26127269,1791216575,1791216587,12
26127269,26127270,1791216587,1791216599,12
26127270,26127271,1791216599,1791216611,12
26127271,26127272,1791216611,1791216623,12
26127272,26127273,1791216623,1791216635,12
26127273,26127274,1791216635,1791216647,12
26127274,26127275,1791216647,1791216659,12
26127275,26127276,1791216659,1791216671,12
26127276,26127277,1791216671,1791216683,12
26127277,26127278,1791216683,1791216695,12
26127278,26127279,1791216695,1791216707,12
26127279,26127280,1791216707,1791216719,12
26127280,26127281,1791216719,1791216731,12
26127281,26127282,1791216731,1791216743,12
26127282,26127283,1791216743,1791216755,12
26127283,26127284,1791216755,1791216767,12
26127284,26127285,1791216767,1791216779,12
26127285,26127286,1791216779,1791216791,12
26127286,26127287,1791216791,1791216803,12
26127287,26127288,1791216803,1791216815,12
26127288,26127289,1791216815,1791216827,12
26127289,26127290,1791216827,1791216839,12
26127290,26127291,1791216839,1791216851,12
26127291,26127292,1791216851,1791216863,12
26127292,26127293,1791216863,1791216875,12
26127293,26127294,1791216875,1791216887,12
26127294,26127295,1791216887,1791216899,12
26127295,26127296,1791216899,1791216911,12
26127296,26127297,1791216911,1791216923,12
26127297,26127298,1791216923,1791216935,12
26127298,26127299,1791216935,1791216947,12
26127299,26127300,1791216947,1791216959,12
26127300,26127301,1791216959,1791216971,12
26127301,26127302,1791216971,1791216983,12
26127302,26127303,1791216983,1791216995,12
26127303,26127304,1791216995,1791217007,12
26127304,26127305,1791217007,1791217019,12
26127305,26127306,1791217019,1791217031,12
26127306,26127307,1791217031,1791217043,12
26127307,26127308,1791217043,1791217055,12
26127308,26127309,1791217055,1791217067,12
26127309,26127310,1791217067,1791217079,12
26127310,26127311,1791217079,1791217091,12
26127311,26127312,1791217091,1791217103,12
26127312,26127313,1791217103,1791217115,12
26127313,26127314,1791217115,1791217127,12
26127314,26127315,1791217127,1791217139,12
26127315,26127316,1791217139,1791217151,12
26127316,26127317,1791217151,1791217163,12
26127317,26127318,1791217163,1791217175,12
26127318,26127319,1791217175,1791217187,12
26127319,26127320,1791217187,1791217199,12
26127320,26127321,1791217199,1791217211,12
26127321,26127322,1791217211,1791217223,12
26127322,26127323,1791217223,1791217235,12
26127323,26127324,1791217235,1791217247,12
26127324,26127325,1791217247,1791217259,12
26127325,26127326,1791217259,1791217271,12
26127326,26127327,1791217271,1791217283,12
26127327,26127328,1791217283,1791217295,12
26127328,26127329,1791217295,1791217307,12
26127329,26127330,1791217307,1791217319,12
26127330,26127331,1791217319,1791217331,12
26127331,26127332,1791217331,1791217343,12
26127332,26127333,1791217343,1791217355,12
26127333,26127334,1791217355,1791217367,12
26127334,26127335,1791217367,1791217379,12
26127335,26127336,1791217379,1791217391,12
26127336,26127337,1791217391,1791217403,12
26127337,26127338,1791217403,1791217415,12
26127338,26127339,1791217415,1791217427,12
26127339,26127340,1791217427,1791217439,12
26127340,26127341,1791217439,1791217451,12
26127341,26127342,1791217451,1791217463,12
26127342,26127343,1791217463,1791217475,12
26127343,26127344,1791217475,1791217487,12
26127344,26127345,1791217487,1791217499,12
26127345,26127346,1791217499,1791217511,12
26127346,26127347,1791217511,1791217523,12
26127347,26127348,1791217523,1791217535,12
26127348,26127349,1791217535,1791217547,12
26127349,26127350,1791217547,1791217559,12
26127350,26127351,1791217559,1791217571,12
26127351,26127352,1791217571,1791217583,12
26127352,26127353,1791217583,1791217595,12
26127353,26127354,1791217595,1791217607,12
26127354,26127355,1791217607,1791217619,12
26127355,26127356,1791217619,1791217631,12
26127356,26127357,1791217631,1791217643,12
26127357,26127358,1791217643,1791217655,12
26127358,26127359,1791217655,1791217667,12
26127359,26127360,1791217667,1791217679,12
26127360,26127361,1791217679,1791217691,12
26127361,26127362,1791217691,1791217703,12
26127362,26127363,1791217703,1791217715,12
26127363,26127364,1791217715,1791217727,12
26127364,26127365,1791217727,1791217739,12
26127365,26127366,1791217739,1791217751,12
26127366,26127367,1791217751,1791217763,12
26127367,26127368,1791217763,1791217775,12
26127368,26127369,1791217775,1791217787,12
26127369,26127370,1791217787,1791217799,12
26127370,26127371,1791217799,1791217811,12
26127371,26127372,1791217811,1791217823,12
26127372,26127373,1791217823,1791217835,12
26127373,26127374,1791217835,1791217847,12
26127374,26127375,1791217847,1791217859,12
26127375,26127376,1791217859,1791217871,12
26127376,26127377,1791217871,1791217883,12
26127377,26127378,1791217883,1791217895,12
26127378,26127379,1791217895,1791217907,12
26127379,26127380,1791217907,1791217919,12
26127380,26127381,1791217919,1791217931,12
26127381,26127382,1791217931,1791217943,12
26127382,26127383,1791217943,1791217955,12
26127383,26127384,1791217955,1791217967,12
26127384,26127385,1791217967,1791217979,12
26127385,26127386,1791217979,1791217991,12
26127386,26127387,1791217991,1791218015,24
26127387,26127388,1791218015,1791218027,12
26127388,26127389,1791218027,1791218039,12
26127389,26127390,1791218039,1791218051,12
26127390,26127391,1791218051,1791218063,12
26127391,26127392,1791218063,1791218075,12
26127392,26127393,1791218075,1791218087,12
26127393,26127394,1791218087,1791218099,12
26127394,26127395,1791218099,1791218111,12
26127395,26127396,1791218111,1791218123,12
26127396,26127397,1791218123,1791218135,12
26127397,26127398,1791218135,1791218147,12
26127398,26127399,1791218147,1791218159,12
26127399,26127400,1791218159,1791218171,12
26127400,26127401,1791218171,1791218183,12
26127401,26127402,1791218183,1791218195,12
26127402,26127403,1791218195,1791218207,12
26127403,26127404,1791218207,1791218219,12
26127404,26127405,1791218219,1791218231,12
26127405,26127406,1791218231,1791218243,12
26127406,26127407,1791218243,1791218255,12
26127407,26127408,1791218255,1791218267,12
26127408,26127409,1791218267,1791218279,12
26127409,26127410,1791218279,1791218291,12
26127410,26127411,1791218291,1791218303,12
26127411,26127412,1791218303,1791218315,12
26127412,26127413,1791218315,1791218327,12
26127413,26127414,1791218327,1791218339,12
26127414,26127415,1791218339,1791218351,12
26127415,26127416,1791218351,1791218363,12
26127416,26127417,1791218363,1791218375,12
26127417,26127418,1791218375,1791218387,12
26127418,26127419,1791218387,1791218399,12
26127419,26127420,1791218399,1791218411,12
26127420,26127421,1791218411,1791218423,12
26127421,26127422,1791218423,1791218435,12
26127422,26127423,1791218435,1791218447,12
26127423,26127424,1791218447,1791218459,12
26127424,26127425,1791218459,1791218471,12
26127425,26127426,1791218471,1791218483,12
26127426,26127427,1791218483,1791218495,12
26127427,26127428,1791218495,1791218507,12
26127428,26127429,1791218507,1791218519,12
26127429,26127430,1791218519,1791218531,12
26127430,26127431,1791218531,1791218543,12
26127431,26127432,1791218543,1791218555,12
26127432,26127433,1791218555,1791218567,12
26127433,26127434,1791218567,1791218579,12
26127434,26127435,1791218579,1791218591,12
26127435,26127436,1791218591,1791218603,12
26127436,26127437,1791218603,1791218615,12
26127437,26127438,1791218615,1791218627,12
26127438,26127439,1791218627,1791218639,12
26127439,26127440,1791218639,1791218651,12
26127440,26127441,1791218651,1791218663,12
26127441,26127442,1791218663,1791218675,12
26127442,26127443,1791218675,1791218687,12
26127443,26127444,1791218687,1791218699,12
26127444,26127445,1791218699,1791218711,12
26127445,26127446,1791218711,1791218723,12
26127446,26127447,1791218723,1791218735,12
26127447,26127448,1791218735,1791218747,12
26127448,26127449,1791218747,1791218759,12
26127449,26127450,1791218759,1791218771,12
26127450,26127451,1791218771,1791218783,12
26127451,26127452,1791218783,1791218795,12
26127452,26127453,1791218795,1791218807,12
26127453,26127454,1791218807,1791218819,12
26127454,26127455,1791218819,1791218831,12
26127455,26127456,1791218831,1791218843,12
26127456,26127457,1791218843,1791218855,12
26127457,26127458,1791218855,1791218867,12
26127458,26127459,1791218867,1791218879,12
26127459,26127460,1791218879,1791218891,12
26127460,26127461,1791218891,1791218903,12
26127461,26127462,1791218903,1791218915,12
26127462,26127463,1791218915,1791218927,12
26127463,26127464,1791218927,1791218939,12
26127464,26127465,1791218939,1791218951,12
26127465,26127466,1791218951,1791218963,12
26127466,26127467,1791218963,1791218975,12
26127467,26127468,1791218975,1791218987,12
26127468,26127469,1791218987,1791218999,12
26127469,26127470,1791218999,1791219011,12
26127470,26127471,1791219011,1791219023,12
26127471,26127472,1791219023,1791219035,12
26127472,26127473,1791219035,1791219047,12
26127473,26127474,1791219047,1791219059,12
26127474,26127475,1791219059,1791219071,12
26127475,26127476,1791219071,1791219083,12
26127476,26127477,1791219083,1791219095,12
26127477,26127478,1791219095,1791219107,12
26127478,26127479,1791219107,1791219119,12
26127479,26127480,1791219119,1791219131,12
26127480,26127481,1791219131,1791219143,12
26127481,26127482,1791219143,1791219155,12
26127482,26127483,1791219155,1791219167,12
26127483,26127484,1791219167,1791219179,12
26127484,26127485,1791219179,1791219191,12
26127485,26127486,1791219191,1791219203,12
26127486,26127487,1791219203,1791219215,12
26127487,26127488,1791219215,1791219227,12
26127488,26127489,1791219227,1791219239,12
26127489,26127490,1791219239,1791219251,12
26127490,26127491,1791219251,1791219263,12
26127491,26127492,1791219263,1791219275,12
26127492,26127493,1791219275,1791219287,12
26127493,26127494,1791219287,1791219299,12
26127494,26127495,1791219299,1791219311,12
26127495,26127496,1791219311,1791219323,12
26127496,26127497,1791219323,1791219335,12
26127497,26127498,1791219335,1791219347,12
26127498,26127499,1791219347,1791219359,12
26127499,26127500,1791219359,1791219371,12
26127500,26127501,1791219371,1791219383,12
26127501,26127502,1791219383,1791219395,12
26127502,26127503,1791219395,1791219407,12
26127503,26127504,1791219407,1791219419,12
26127504,26127505,1791219419,1791219431,12
26127505,26127506,1791219431,1791219443,12
26127506,26127507,1791219443,1791219455,12
26127507,26127508,1791219455,1791219467,12
26127508,26127509,1791219467,1791219479,12
26127509,26127510,1791219479,1791219491,12
26127510,26127511,1791219491,1791219503,12
26127511,26127512,1791219503,1791219515,12
26127512,26127513,1791219515,1791219527,12
26127513,26127514,1791219527,1791219539,12
26127514,26127515,1791219539,1791219551,12
26127515,26127516,1791219551,1791219563,12
26127516,26127517,1791219563,1791219575,12
26127517,26127518,1791219575,1791219587,12
26127518,26127519,1791219587,1791219599,12
26127519,26127520,1791219599,1791219611,12
26127520,26127521,1791219611,1791219623,12
26127521,26127522,1791219623,1791219635,12
26127522,26127523,1791219635,1791219647,12
26127523,26127524,1791219647,1791219659,12
26127524,26127525,1791219659,1791219671,12
26127525,26127526,1791219671,1791219683,12
26127526,26127527,1791219683,1791219695,12
26127527,26127528,1791219695,1791219707,12
26127528,26127529,1791219707,1791219719,12
26127529,26127530,1791219719,1791219731,12
26127530,26127531,1791219731,1791219743,12
26127531,26127532,1791219743,1791219755,12
26127532,26127533,1791219755,1791219767,12
26127533,26127534,1791219767,1791219779,12
26127534,26127535,1791219779,1791219803,24
26127535,26127536,1791219803,1791219815,12
26127536,26127537,1791219815,1791219827,12
26127537,26127538,1791219827,1791219839,12
26127538,26127539,1791219839,1791219851,12
26127539,26127540,1791219851,1791219863,12
26127540,26127541,1791219863,1791219875,12
26127541,26127542,1791219875,1791219887,12
26127542,26127543,1791219887,1791219899,12
26127543,26127544,1791219899,1791219911,12
26127544,26127545,1791219911,1791219923,12
26127545,26127546,1791219923,1791219935,12
26127546,26127547,1791219935,1791219947,12
26127547,26127548,1791219947,1791219959,12
26127548,26127549,1791219959,1791219971,12
26127549,26127550,1791219971,1791219983,12
26127550,26127551,1791219983,1791219995,12
26127551,26127552,1791219995,1791220007,12
26127552,26127553,1791220007,1791220019,12
26127553,26127554,1791220019,1791220031,12
26127554,26127555,1791220031,1791220043,12
26127555,26127556,1791220043,1791220055,12
26127556,26127557,1791220055,1791220067,12
26127557,26127558,1791220067,1791220079,12
26127558,26127559,1791220079,1791220091,12
26127559,26127560,1791220091,1791220103,12
26127560,26127561,1791220103,1791220115,12
26127561,26127562,1791220115,1791220127,12
26127562,26127563,1791220127,1791220139,12
26127563,26127564,1791220139,1791220151,12
26127564,26127565,1791220151,1791220163,12
26127565,26127566,1791220163,1791220175,12
26127566,26127567,1791220175,1791220187,12
26127567,26127568,1791220187,1791220199,12
26127568,26127569,1791220199,1791220211,12
26127569,26127570,1791220211,1791220223,12
26127570,26127571,1791220223,1791220235,12
26127571,26127572,1791220235,1791220247,12
26127572,26127573,1791220247,1791220259,12
26127573,26127574,1791220259,1791220271,12
26127574,26127575,1791220271,1791220283,12
26127575,26127576,1791220283,1791220295,12
26127576,26127577,1791220295,1791220307,12
26127577,26127578,1791220307,1791220319,12
26127578,26127579,1791220319,1791220331,12
26127579,26127580,1791220331,1791220343,12
26127580,26127581,1791220343,1791220355,12
26127581,26127582,1791220355,1791220367,12
26127582,26127583,1791220367,1791220379,12
26127583,26127584,1791220379,1791220391,12
26127584,26127585,1791220391,1791220403,12
26127585,26127586,1791220403,1791220415,12
26127586,26127587,1791220415,1791220427,12
26127587,26127588,1791220427,1791220439,12
26127588,26127589,1791220439,1791220451,12
26127589,26127590,1791220451,1791220463,12
26127590,26127591,1791220463,1791220475,12
26127591,26127592,1791220475,1791220487,12
26127592,26127593,1791220487,1791220499,12
26127593,26127594,1791220499,1791220511,12
26127594,26127595,1791220511,1791220523,12
26127595,26127596,1791220523,1791220535,12
26127596,26127597,1791220535,1791220547,12
26127597,26127598,1791220547,1791220559,12
26127598,26127599,1791220559,1791220571,12
26127599,26127600,1791220571,1791220583,12
26127600,26127601,1791220583,1791220595,12
26127601,26127602,1791220595,1791220607,12
26127602,26127603,1791220607,1791220619,12
26127603,26127604,1791220619,1791220631,12
26127604,26127605,1791220631,1791220643,12
26127605,26127606,1791220643,1791220655,12
26127606,26127607,1791220655,1791220667,12
26127607,26127608,1791220667,1791220679,12
26127608,26127609,1791220679,1791220691,12
26127609,26127610,1791220691,1791220703,12
26127610,26127611,1791220703,1791220715,12
26127611,26127612,1791220715,1791220727,12
26127612,26127613,1791220727,1791220739,12
26127613,26127614,1791220739,1791220751,12
26127614,26127615,1791220751,1791220763,12
26127615,26127616,1791220763,1791220775,12
26127616,26127617,1791220775,1791220787,12
26127617,26127618,1791220787,1791220799,12
26127618,26127619,1791220799,1791220811,12
26127619,26127620,1791220811,1791220823,12
26127620,26127621,1791220823,1791220835,12
26127621,26127622,1791220835,1791220847,12
26127622,26127623,1791220847,1791220859,12
26127623,26127624,1791220859,1791220871,12
26127624,26127625,1791220871,1791220883,12
26127625,26127626,1791220883,1791220895,12
26127626,26127627,1791220895,1791220907,12
26127627,26127628,1791220907,1791220919,12
26127628,26127629,1791220919,1791220931,12
26127629,26127630,1791220931,1791220943,12
26127630,26127631,1791220943,1791220955,12
26127631,26127632,1791220955,1791220967,12
26127632,26127633,1791220967,1791220979,12
26127633,26127634,1791220979,1791220991,12
26127634,26127635,1791220991,1791221003,12
26127635,26127636,1791221003,1791221015,12
26127636,26127637,1791221015,1791221027,12
26127637,26127638,1791221027,1791221039,12
26127638,26127639,1791221039,1791221051,12
26127639,26127640,1791221051,1791221063,12
26127640,26127641,1791221063,1791221075,12
26127641,26127642,1791221075,1791221087,12
26127642,26127643,1791221087,1791221099,12
26127643,26127644,1791221099,1791221111,12
26127644,26127645,1791221111,1791221123,12
26127645,26127646,1791221123,1791221135,12
26127646,26127647,1791221135,1791221147,12
26127647,26127648,1791221147,1791221159,12
26127648,26127649,1791221159,1791221171,12
26127649,26127650,1791221171,1791221183,12
26127650,26127651,1791221183,1791221195,12
26127651,26127652,1791221195,1791221207,12
26127652,26127653,1791221207,1791221219,12
26127653,26127654,1791221219,1791221231,12
26127654,26127655,1791221231,1791221243,12
26127655,26127656,1791221243,1791221255,12
26127656,26127657,1791221255,1791221267,12
26127657,26127658,1791221267,1791221279,12
26127658,26127659,1791221279,1791221291,12
26127659,26127660,1791221291,1791221303,12
26127660,26127661,1791221303,1791221315,12
26127661,26127662,1791221315,1791221327,12
26127662,26127663,1791221327,1791221339,12
26127663,26127664,1791221339,1791221351,12
26127664,26127665,1791221351,1791221363,12
26127665,26127666,1791221363,1791221375,12
26127666,26127667,1791221375,1791221387,12
26127667,26127668,1791221387,1791221399,12
26127668,26127669,1791221399,1791221411,12
26127669,26127670,1791221411,1791221423,12
26127670,26127671,1791221423,1791221435,12
26127671,26127672,1791221435,1791221447,12
26127672,26127673,1791221447,1791221459,12
26127673,26127674,1791221459,1791221471,12
26127674,26127675,1791221471,1791221483,12
26127675,26127676,1791221483,1791221495,12
26127676,26127677,1791221495,1791221507,12
26127677,26127678,1791221507,1791221519,12
26127678,26127679,1791221519,1791221531,12
26127679,26127680,1791221531,1791221543,12
26127680,26127681,1791221543,1791221555,12
26127681,26127682,1791221555,1791221567,12
26127682,26127683,1791221567,1791221579,12
26127683,26127684,1791221579,1791221591,12
26127684,26127685,1791221591,1791221603,12
26127685,26127686,1791221603,1791221615,12
26127686,26127687,1791221615,1791221627,12
26127687,26127688,1791221627,1791221639,12
26127688,26127689,1791221639,1791221651,12
26127689,26127690,1791221651,1791221663,12
26127690,26127691,1791221663,1791221675,12
26127691,26127692,1791221675,1791221687,12
26127692,26127693,1791221687,1791221699,12
26127693,26127694,1791221699,1791221711,12
26127694,26127695,1791221711,1791221723,12
26127695,26127696,1791221723,1791221735,12
26127696,26127697,1791221735,1791221747,12
26127697,26127698,1791221747,1791221759,12
26127698,26127699,1791221759,1791221771,12
26127699,26127700,1791221771,1791221783,12
26127700,26127701,1791221783,1791221795,12
26127701,26127702,1791221795,1791221807,12
26127702,26127703,1791221807,1791221819,12
26127703,26127704,1791221819,1791221831,12
26127704,26127705,1791221831,1791221843,12
26127705,26127706,1791221843,1791221855,12
26127706,26127707,1791221855,1791221867,12
26127707,26127708,1791221867,1791221879,12
26127708,26127709,1791221879,1791221891,12
26127709,26127710,1791221891,1791221903,12
26127710,26127711,1791221903,1791221915,12
26127711,26127712,1791221915,1791221927,12
26127712,26127713,1791221927,1791221939,12
26127713,26127714,1791221939,1791221951,12
26127714,26127715,1791221951,1791221963,12
26127715,26127716,1791221963,1791221975,12
26127716,26127717,1791221975,1791221987,12
26127717,26127718,1791221987,1791221999,12
26127718,26127719,1791221999,1791222011,12
26127719,26127720,1791222011,1791222023,12
26127720,26127721,1791222023,1791222035,12
26127721,26127722,1791222035,1791222047,12
26127722,26127723,1791222047,1791222059,12
26127723,26127724,1791222059,1791222071,12
26127724,26127725,1791222071,1791222083,12
26127725,26127726,1791222083,1791222095,12
26127726,26127727,1791222095,1791222107,12
26127727,26127728,1791222107,1791222119,12
26127728,26127729,1791222119,1791222131,12
26127729,26127730,1791222131,1791222143,12
26127730,26127731,1791222143,1791222155,12
26127731,26127732,1791222155,1791222167,12
26127732,26127733,1791222167,1791222179,12
26127733,26127734,1791222179,1791222191,12
26127734,26127735,1791222191,1791222203,12
26127735,26127736,1791222203,1791222215,12
26127736,26127737,1791222215,1791222227,12
26127737,26127738,1791222227,1791222239,12
26127738,26127739,1791222239,1791222251,12
26127739,26127740,1791222251,1791222263,12
26127740,26127741,1791222263,1791222275,12
26127741,26127742,1791222275,1791222287,12
26127742,26127743,1791222287,1791222299,12
26127743,26127744,1791222299,1791222311,12
26127744,26127745,1791222311,1791222323,12
26127745,26127746,1791222323,1791222335,12
26127746,26127747,1791222335,1791222347,12
26127747,26127748,1791222347,1791222359,12
26127748,26127749,1791222359,1791222371,12
26127749,26127750,1791222371,1791222383,12
26127750,26127751,1791222383,1791222395,12
26127751,26127752,1791222395,1791222407,12
26127752,26127753,1791222407,1791222419,12
26127753,26127754,1791222419,1791222431,12
26127754,26127755,1791222431,1791222443,12
26127755,26127756,1791222443,1791222455,12
26127756,26127757,1791222455,1791222467,12
26127757,26127758,1791222467,1791222479,12
26127758,26127759,1791222479,1791222491,12
26127759,26127760,1791222491,1791222503,12
26127760,26127761,1791222503,1791222515,12
26127761,26127762,1791222515,1791222527,12
26127762,26127763,1791222527,1791222539,12
26127763,26127764,1791222539,1791222551,12
26127764,26127765,1791222551,1791222563,12
26127765,26127766,1791222563,1791222575,12
26127766,26127767,1791222575,1791222587,12
26127767,26127768,1791222587,1791222599,12
26127768,26127769,1791222599,1791222611,12
26127769,26127770,1791222611,1791222623,12
26127770,26127771,1791222623,1791222635,12
26127771,26127772,1791222635,1791222647,12
26127772,26127773,1791222647,1791222659,12
26127773,26127774,1791222659,1791222671,12
26127774,26127775,1791222671,1791222683,12
26127775,26127776,1791222683,1791222695,12
26127776,26127777,1791222695,1791222707,12
26127777,26127778,1791222707,1791222719,12
26127778,26127779,1791222719,1791222731,12
26127779,26127780,1791222731,1791222743,12
26127780,26127781,1791222743,1791222755,12
26127781,26127782,1791222755,1791222767,12
26127782,26127783,1791222767,1791222779,12
26127783,26127784,1791222779,1791222791,12
26127784,26127785,1791222791,1791222803,12
26127785,26127786,1791222803,1791222815,12
26127786,26127787,1791222815,1791222827,12
26127787,26127788,1791222827,1791222839,12
26127788,26127789,1791222839,1791222851,12
26127789,26127790,1791222851,1791222863,12
26127790,26127791,1791222863,1791222875,12
26127791,26127792,1791222875,1791222887,12
26127792,26127793,1791222887,1791222899,12
26127793,26127794,1791222899,1791222911,12
26127794,26127795,1791222911,1791222923,12
26127795,26127796,1791222923,1791222935,12
26127796,26127797,1791222935,1791222947,12
26127797,26127798,1791222947,1791222959,12
26127798,26127799,1791222959,1791222971,12
26127799,26127800,1791222971,1791222983,12
26127800,26127801,1791222983,1791222995,12
26127801,26127802,1791222995,1791223007,12
26127802,26127803,1791223007,1791223019,12
26127803,26127804,1791223019,1791223031,12
26127804,26127805,1791223031,1791223043,12
26127805,26127806,1791223043,1791223055,12
26127806,26127807,1791223055,1791223067,12
26127807,26127808,1791223067,1791223079,12
26127808,26127809,1791223079,1791223091,12
26127809,26127810,1791223091,1791223103,12
26127810,26127811,1791223103,1791223115,12
26127811,26127812,1791223115,1791223127,12
26127812,26127813,1791223127,1791223139,12
26127813,26127814,1791223139,1791223151,12
26127814,26127815,1791223151,1791223163,12
26127815,26127816,1791223163,1791223175,12
26127816,26127817,1791223175,1791223187,12
26127817,26127818,1791223187,1791223199,12
26127818,26127819,1791223199,1791223211,12
26127819,26127820,1791223211,1791223223,12
26127820,26127821,1791223223,1791223235,12
26127821,26127822,1791223235,1791223247,12
26127822,26127823,1791223247,1791223259,12
26127823,26127824,1791223259,1791223271,12
26127824,26127825,1791223271,1791223283,12
26127825,26127826,1791223283,1791223295,12
26127826,26127827,1791223295,1791223307,12
26127827,26127828,1791223307,1791223319,12
26127828,26127829,1791223319,1791223331,12
26127829,26127830,1791223331,1791223343,12
26127830,26127831,1791223343,1791223355,12
26127831,26127832,1791223355,1791223367,12
26127832,26127833,1791223367,1791223379,12
26127833,26127834,1791223379,1791223391,12
26127834,26127835,1791223391,1791223403,12
26127835,26127836,1791223403,1791223415,12
26127836,26127837,1791223415,1791223427,12
26127837,26127838,1791223427,1791223439,12
26127838,26127839,1791223439,1791223451,12
26127839,26127840,1791223451,1791223463,12
26127840,26127841,1791223463,1791223475,12
26127841,26127842,1791223475,1791223487,12
26127842,26127843,1791223487,1791223499,12
26127843,26127844,1791223499,1791223511,12
26127844,26127845,1791223511,1791223523,12
26127845,26127846,1791223523,1791223535,12
26127846,26127847,1791223535,1791223547,12
26127847,26127848,1791223547,1791223559,12
26127848,26127849,1791223559,1791223571,12
26127849,26127850,1791223571,1791223583,12
26127850,26127851,1791223583,1791223595,12
26127851,26127852,1791223595,1791223607,12
26127852,26127853,1791223607,1791223619,12
26127853,26127854,1791223619,1791223631,12
26127854,26127855,1791223631,1791223643,12
26127855,26127856,1791223643,1791223655,12
26127856,26127857,1791223655,1791223667,12
26127857,26127858,1791223667,1791223679,12
26127858,26127859,1791223679,1791223691,12
26127859,26127860,1791223691,1791223703,12
26127860,26127861,1791223703,1791223715,12
26127861,26127862,1791223715,1791223727,12
26127862,26127863,1791223727,1791223739,12
26127863,26127864,1791223739,1791223751,12
26127864,26127865,1791223751,1791223763,12
26127865,26127866,1791223763,1791223775,12
26127866,26127867,1791223775,1791223787,12
26127867,26127868,1791223787,1791223799,12
26127868,26127869,1791223799,1791223811,12
26127869,26127870,1791223811,1791223823,12
26127870,26127871,1791223823,1791223835,12
26127871,26127872,1791223835,1791223847,12
26127872,26127873,1791223847,1791223859,12
26127873,26127874,1791223859,1791223871,12
26127874,26127875,1791223871,1791223883,12
26127875,26127876,1791223883,1791223895,12
26127876,26127877,1791223895,1791223907,12
26127877,26127878,1791223907,1791223919,12
26127878,26127879,1791223919,1791223931,12
26127879,26127880,1791223931,1791223943,12
26127880,26127881,1791223943,1791223955,12
26127881,26127882,1791223955,1791223967,12
26127882,26127883,1791223967,1791223979,12
26127883,26127884,1791223979,1791223991,12
26127884,26127885,1791223991,1791224003,12
26127885,26127886,1791224003,1791224015,12
26127886,26127887,1791224015,1791224027,12
26127887,26127888,1791224027,1791224039,12
26127888,26127889,1791224039,1791224051,12
26127889,26127890,1791224051,1791224063,12
26127890,26127891,1791224063,1791224075,12
26127891,26127892,1791224075,1791224087,12
26127892,26127893,1791224087,1791224099,12
26127893,26127894,1791224099,1791224111,12
26127894,26127895,1791224111,1791224123,12
26127895,26127896,1791224123,1791224135,12
26127896,26127897,1791224135,1791224147,12
26127897,26127898,1791224147,1791224159,12
26127898,26127899,1791224159,1791224171,12
26127899,26127900,1791224171,1791224183,12
26127900,26127901,1791224183,1791224195,12
26127901,26127902,1791224195,1791224207,12
26127902,26127903,1791224207,1791224219,12
26127903,26127904,1791224219,1791224231,12
26127904,26127905,1791224231,1791224243,12
26127905,26127906,1791224243,1791224255,12
26127906,26127907,1791224255,1791224267,12
26127907,26127908,1791224267,1791224279,12
26127908,26127909,1791224279,1791224291,12
26127909,26127910,1791224291,1791224303,12
26127910,26127911,1791224303,1791224315,12
26127911,26127912,1791224315,1791224327,12
26127912,26127913,1791224327,1791224339,12
26127913,26127914,1791224339,1791224351,12
26127914,26127915,1791224351,1791224363,12
26127915,26127916,1791224363,1791224375,12
26127916,26127917,1791224375,1791224387,12
26127917,26127918,1791224387,1791224399,12
26127918,26127919,1791224399,1791224411,12
26127919,26127920,1791224411,1791224423,12
26127920,26127921,1791224423,1791224435,12
26127921,26127922,1791224435,1791224447,12
26127922,26127923,1791224447,1791224459,12
26127923,26127924,1791224459,1791224471,12
26127924,26127925,1791224471,1791224483,12
26127925,26127926,1791224483,1791224495,12
26127926,26127927,1791224495,1791224507,12
26127927,26127928,1791224507,1791224519,12
26127928,26127929,1791224519,1791224531,12
26127929,26127930,1791224531,1791224543,12
26127930,26127931,1791224543,1791224555,12
26127931,26127932,1791224555,1791224567,12
26127932,26127933,1791224567,1791224579,12
26127933,26127934,1791224579,1791224591,12
26127934,26127935,1791224591,1791224603,12
26127935,26127936,1791224603,1791224615,12
26127936,26127937,1791224615,1791224627,12
26127937,26127938,1791224627,1791224639,12
26127938,26127939,1791224639,1791224651,12
26127939,26127940,1791224651,1791224663,12
26127940,26127941,1791224663,1791224675,12
26127941,26127942,1791224675,1791224687,12
26127942,26127943,1791224687,1791224699,12
26127943,26127944,1791224699,1791224711,12
26127944,26127945,1791224711,1791224723,12
26127945,26127946,1791224723,1791224735,12
26127946,26127947,1791224735,1791224747,12
26127947,26127948,1791224747,1791224759,12
26127948,26127949,1791224759,1791224771,12
26127949,26127950,1791224771,1791224783,12
26127950,26127951,1791224783,1791224795,12
26127951,26127952,1791224795,1791224807,12
26127952,26127953,1791224807,1791224819,12
26127953,26127954,1791224819,1791224831,12
26127954,26127955,1791224831,1791224843,12
26127955,26127956,1791224843,1791224855,12
26127956,26127957,1791224855,1791224867,12
26127957,26127958,1791224867,1791224879,12
26127958,26127959,1791224879,1791224891,12
26127959,26127960,1791224891,1791224903,12
26127960,26127961,1791224903,1791224915,12
26127961,26127962,1791224915,1791224927,12
26127962,26127963,1791224927,1791224939,12
26127963,26127964,1791224939,1791224951,12
26127964,26127965,1791224951,1791224963,12
26127965,26127966,1791224963,1791224975,12
26127966,26127967,1791224975,1791224987,12
26127967,26127968,1791224987,1791224999,12
26127968,26127969,1791224999,1791225011,12
26127969,26127970,1791225011,1791225023,12
26127970,26127971,1791225023,1791225035,12
26127971,26127972,1791225035,1791225047,12
26127972,26127973,1791225047,1791225059,12
26127973,26127974,1791225059,1791225071,12
26127974,26127975,1791225071,1791225083,12
26127975,26127976,1791225083,1791225095,12
26127976,26127977,1791225095,1791225107,12
26127977,26127978,1791225107,1791225119,12
26127978,26127979,1791225119,1791225131,12
26127979,26127980,1791225131,1791225143,12
26127980,26127981,1791225143,1791225155,12
26127981,26127982,1791225155,1791225167,12
26127982,26127983,1791225167,1791225179,12
26127983,26127984,1791225179,1791225191,12
26127984,26127985,1791225191,1791225203,12
26127985,26127986,1791225203,1791225215,12
26127986,26127987,1791225215,1791225227,12
26127987,26127988,1791225227,1791225239,12
26127988,26127989,1791225239,1791225251,12
26127989,26127990,1791225251,1791225263,12
26127990,26127991,1791225263,1791225275,12
26127991,26127992,1791225275,1791225287,12
26127992,26127993,1791225287,1791225299,12
26127993,26127994,1791225299,1791225311,12
26127994,26127995,1791225311,1791225323,12
26127995,26127996,1791225323,1791225335,12
26127996,26127997,1791225335,1791225347,12
26127997,26127998,1791225347,1791225359,12
26127998,26127999,1791225359,1791225371,12
26127999,26128000,1791225371,1791225383,12
26128000,26128001,1791225383,1791225395,12
26128001,26128002,1791225395,1791225407,12
26128002,26128003,1791225407,1791225419,12
26128003,26128004,1791225419,1791225431,12
26128004,26128005,1791225431,1791225443,12
26128005,26128006,1791225443,1791225455,12
26128006,26128007,1791225455,1791225467,12
26128007,26128008,1791225467,1791225479,12
26128008,26128009,1791225479,1791225491,12
26128009,26128010,1791225491,1791225503,12
26128010,26128011,1791225503,1791225515,12
26128011,26128012,1791225515,1791225527,12
26128012,26128013,1791225527,1791225539,12
26128013,26128014,1791225539,1791225551,12
26128014,26128015,1791225551,1791225563,12
26128015,26128016,1791225563,1791225575,12
26128016,26128017,1791225575,1791225587,12
26128017,26128018,1791225587,1791225599,12
26128018,26128019,1791225599,1791225611,12
26128019,26128020,1791225611,1791225623,12
26128020,26128021,1791225623,1791225635,12
26128021,26128022,1791225635,1791225647,12
26128022,26128023,1791225647,1791225659,12
26128023,26128024,1791225659,1791225671,12
26128024,26128025,1791225671,1791225683,12
26128025,26128026,1791225683,1791225695,12
26128026,26128027,1791225695,1791225707,12
26128027,26128028,1791225707,1791225719,12
26128028,26128029,1791225719,1791225731,12
26128029,26128030,1791225731,1791225743,12
26128030,26128031,1791225743,1791225755,12
26128031,26128032,1791225755,1791225767,12
26128032,26128033,1791225767,1791225779,12
26128033,26128034,1791225779,1791225791,12
26128034,26128035,1791225791,1791225803,12
26128035,26128036,1791225803,1791225815,12
26128036,26128037,1791225815,1791225827,12
26128037,26128038,1791225827,1791225839,12
26128038,26128039,1791225839,1791225851,12
26128039,26128040,1791225851,1791225863,12
26128040,26128041,1791225863,1791225875,12
26128041,26128042,1791225875,1791225887,12
26128042,26128043,1791225887,1791225899,12
26128043,26128044,1791225899,1791225911,12
26128044,26128045,1791225911,1791225923,12
26128045,26128046,1791225923,1791225935,12
26128046,26128047,1791225935,1791225947,12
26128047,26128048,1791225947,1791225959,12
26128048,26128049,1791225959,1791225971,12
26128049,26128050,1791225971,1791225983,12
26128050,26128051,1791225983,1791225995,12
26128051,26128052,1791225995,1791226007,12
26128052,26128053,1791226007,1791226019,12
26128053,26128054,1791226019,1791226031,12
26128054,26128055,1791226031,1791226043,12
26128055,26128056,1791226043,1791226055,12
26128056,26128057,1791226055,1791226067,12
26128057,26128058,1791226067,1791226079,12
26128058,26128059,1791226079,1791226091,12
26128059,26128060,1791226091,1791226103,12
26128060,26128061,1791226103,1791226115,12
26128061,26128062,1791226115,1791226127,12
26128062,26128063,1791226127,1791226139,12
26128063,26128064,1791226139,1791226151,12
26128064,26128065,1791226151,1791226163,12
26128065,26128066,1791226163,1791226175,12
26128066,26128067,1791226175,1791226187,12
26128067,26128068,1791226187,1791226199,12
26128068,26128069,1791226199,1791226211,12
26128069,26128070,1791226211,1791226223,12
26128070,26128071,1791226223,1791226235,12
26128071,26128072,1791226235,1791226247,12
26128072,26128073,1791226247,1791226259,12
26128073,26128074,1791226259,1791226271,12
26128074,26128075,1791226271,1791226283,12
26128075,26128076,1791226283,1791226295,12
26128076,26128077,1791226295,1791226307,12
26128077,26128078,1791226307,1791226319,12
26128078,26128079,1791226319,1791226331,12
26128079,26128080,1791226331,1791226343,12
26128080,26128081,1791226343,1791226355,12
26128081,26128082,1791226355,1791226367,12
26128082,26128083,1791226367,1791226379,12
26128083,26128084,1791226379,1791226391,12
26128084,26128085,1791226391,1791226403,12
26128085,26128086,1791226403,1791226415,12
26128086,26128087,1791226415,1791226427,12
26128087,26128088,1791226427,1791226439,12
26128088,26128089,1791226439,1791226451,12
26128089,26128090,1791226451,1791226463,12
26128090,26128091,1791226463,1791226475,12
26128091,26128092,1791226475,1791226487,12
26128092,26128093,1791226487,1791226499,12
26128093,26128094,1791226499,1791226511,12
26128094,26128095,1791226511,1791226523,12
26128095,26128096,1791226523,1791226535,12
26128096,26128097,1791226535,1791226547,12
26128097,26128098,1791226547,1791226559,12
26128098,26128099,1791226559,1791226571,12
26128099,26128100,1791226571,1791226583,12
26128100,26128101,1791226583,1791226595,12
26128101,26128102,1791226595,1791226607,12
26128102,26128103,1791226607,1791226619,12
26128103,26128104,1791226619,1791226631,12
26128104,26128105,1791226631,1791226643,12
26128105,26128106,1791226643,1791226655,12
26128106,26128107,1791226655,1791226667,12
26128107,26128108,1791226667,1791226679,12
26128108,26128109,1791226679,1791226691,12
26128109,26128110,1791226691,1791226703,12
26128110,26128111,1791226703,1791226715,12
26128111,26128112,1791226715,1791226727,12
26128112,26128113,1791226727,1791226739,12
26128113,26128114,1791226739,1791226751,12
26128114,26128115,1791226751,1791226763,12
26128115,26128116,1791226763,1791226775,12
26128116,26128117,1791226775,1791226787,12
26128117,26128118,1791226787,1791226799,12
26128118,26128119,1791226799,1791226811,12
26128119,26128120,1791226811,1791226823,12
26128120,26128121,1791226823,1791226835,12
26128121,26128122,1791226835,1791226847,12
26128122,26128123,1791226847,1791226859,12
26128123,26128124,1791226859,1791226871,12
26128124,26128125,1791226871,1791226883,12
26128125,26128126,1791226883,1791226895,12
26128126,26128127,1791226895,1791226907,12
26128127,26128128,1791226907,1791226919,12
26128128,26128129,1791226919,1791226931,12
26128129,26128130,1791226931,1791226943,12
26128130,26128131,1791226943,1791226955,12
26128131,26128132,1791226955,1791226967,12
26128132,26128133,1791226967,1791226979,12
26128133,26128134,1791226979,1791226991,12
26128134,26128135,1791226991,1791227003,12
26128135,26128136,1791227003,1791227015,12
26128136,26128137,1791227015,1791227027,12
26128137,26128138,1791227027,1791227039,12
26128138,26128139,1791227039,1791227051,12
26128139,26128140,1791227051,1791227063,12
26128140,26128141,1791227063,1791227075,12
26128141,26128142,1791227075,1791227087,12
26128142,26128143,1791227087,1791227099,12
26128143,26128144,1791227099,1791227111,12
26128144,26128145,1791227111,1791227123,12
26128145,26128146,1791227123,1791227135,12
26128146,26128147,1791227135,1791227147,12
26128147,26128148,1791227147,1791227159,12
26128148,26128149,1791227159,1791227171,12
26128149,26128150,1791227171,1791227183,12
26128150,26128151,1791227183,1791227195,12
26128151,26128152,1791227195,1791227207,12
26128152,26128153,1791227207,1791227219,12
26128153,26128154,1791227219,1791227231,12
26128154,26128155,1791227231,1791227243,12
26128155,26128156,1791227243,1791227255,12
26128156,26128157,1791227255,1791227267,12
26128157,26128158,1791227267,1791227279,12
26128158,26128159,1791227279,1791227291,12
26128159,26128160,1791227291,1791227303,12
26128160,26128161,1791227303,1791227315,12
26128161,26128162,1791227315,1791227327,12
26128162,26128163,1791227327,1791227339,12
26128163,26128164,1791227339,1791227351,12
26128164,26128165,1791227351,1791227363,12
26128165,26128166,1791227363,1791227375,12
26128166,26128167,1791227375,1791227387,12
26128167,26128168,1791227387,1791227399,12
26128168,26128169,1791227399,1791227411,12
26128169,26128170,1791227411,1791227423,12
26128170,26128171,1791227423,1791227435,12
26128171,26128172,1791227435,1791227447,12
26128172,26128173,1791227447,1791227459,12
26128173,26128174,1791227459,1791227471,12
26128174,26128175,1791227471,1791227483,12
26128175,26128176,1791227483,1791227495,12
26128176,26128177,1791227495,1791227507,12
26128177,26128178,1791227507,1791227519,12
26128178,26128179,1791227519,1791227531,12
26128179,26128180,1791227531,1791227543,12
26128180,26128181,1791227543,1791227555,12
26128181,26128182,1791227555,1791227567,12
26128182,26128183,1791227567,1791227579,12
26128183,26128184,1791227579,1791227591,12
26128184,26128185,1791227591,1791227603,12
26128185,26128186,1791227603,1791227615,12
26128186,26128187,1791227615,1791227627,12
26128187,26128188,1791227627,1791227639,12
26128188,26128189,1791227639,1791227651,12
26128189,26128190,1791227651,1791227663,12
26128190,26128191,1791227663,1791227675,12
26128191,26128192,1791227675,1791227687,12
26128192,26128193,1791227687,1791227699,12
26128193,26128194,1791227699,1791227711,12
26128194,26128195,1791227711,1791227723,12
26128195,26128196,1791227723,1791227735,12
26128196,26128197,1791227735,1791227747,12
26128197,26128198,1791227747,1791227759,12
26128198,26128199,1791227759,1791227771,12
26128199,26128200,1791227771,1791227783,12
26128200,26128201,1791227783,1791227795,12
26128201,26128202,1791227795,1791227807,12
26128202,26128203,1791227807,1791227819,12
26128203,26128204,1791227819,1791227831,12
26128204,26128205,1791227831,1791227843,12
26128205,26128206,1791227843,1791227855,12
26128206,26128207,1791227855,1791227867,12
26128207,26128208,1791227867,1791227879,12
26128208,26128209,1791227879,1791227891,12
26128209,26128210,1791227891,1791227903,12
26128210,26128211,1791227903,1791227915,12
26128211,26128212,1791227915,1791227927,12
26128212,26128213,1791227927,1791227939,12
26128213,26128214,1791227939,1791227951,12
26128214,26128215,1791227951,1791227963,12
26128215,26128216,1791227963,1791227975,12
26128216,26128217,1791227975,1791227987,12
26128217,26128218,1791227987,1791227999,12
26128218,26128219,1791227999,1791228011,12
26128219,26128220,1791228011,1791228023,12
26128220,26128221,1791228023,1791228035,12
26128221,26128222,1791228035,1791228047,12
26128222,26128223,1791228047,1791228059,12
26128223,26128224,1791228059,1791228071,12
26128224,26128225,1791228071,1791228083,12
26128225,26128226,1791228083,1791228095,12
26128226,26128227,1791228095,1791228107,12
26128227,26128228,1791228107,1791228119,12
26128228,26128229,1791228119,1791228131,12
26128229,26128230,1791228131,1791228143,12
26128230,26128231,1791228143,1791228155,12
26128231,26128232,1791228155,1791228167,12
26128232,26128233,1791228167,1791228179,12
26128233,26128234,1791228179,1791228191,12
26128234,26128235,1791228191,1791228203,12
26128235,26128236,1791228203,1791228215,12
26128236,26128237,1791228215,1791228227,12
26128237,26128238,1791228227,1791228239,12
26128238,26128239,1791228239,1791228251,12
26128239,26128240,1791228251,1791228263,12
26128240,26128241,1791228263,1791228275,12
26128241,26128242,1791228275,1791228287,12
26128242,26128243,1791228287,1791228299,12
26128243,26128244,1791228299,1791228311,12
26128244,26128245,1791228311,1791228323,12
26128245,26128246,1791228323,1791228335,12
26128246,26128247,1791228335,1791228347,12
26128247,26128248,1791228347,1791228359,12
26128248,26128249,1791228359,1791228371,12
26128249,26128250,1791228371,1791228383,12
26128250,26128251,1791228383,1791228395,12
26128251,26128252,1791228395,1791228407,12
26128252,26128253,1791228407,1791228419,12
26128253,26128254,1791228419,1791228431,12
26128254,26128255,1791228431,1791228443,12
26128255,26128256,1791228443,1791228455,12
26128256,26128257,1791228455,1791228467,12
26128257,26128258,1791228467,1791228479,12
26128258,26128259,1791228479,1791228491,12
26128259,26128260,1791228491,1791228503,12
26128260,26128261,1791228503,1791228515,12
26128261,26128262,1791228515,1791228527,12
26128262,26128263,1791228527,1791228539,12
26128263,26128264,1791228539,1791228551,12
26128264,26128265,1791228551,1791228563,12
26128265,26128266,1791228563,1791228575,12
26128266,26128267,1791228575,1791228587,12
26128267,26128268,1791228587,1791228599,12
26128268,26128269,1791228599,1791228611,12
26128269,26128270,1791228611,1791228623,12
26128270,26128271,1791228623,1791228635,12
26128271,26128272,1791228635,1791228647,12
26128272,26128273,1791228647,1791228659,12
26128273,26128274,1791228659,1791228671,12
26128274,26128275,1791228671,1791228683,12
26128275,26128276,1791228683,1791228695,12
26128276,26128277,1791228695,1791228707,12
26128277,26128278,1791228707,1791228719,12
26128278,26128279,1791228719,1791228731,12
26128279,26128280,1791228731,1791228743,12
26128280,26128281,1791228743,1791228755,12
26128281,26128282,1791228755,1791228767,12
26128282,26128283,1791228767,1791228779,12
26128283,26128284,1791228779,1791228791,12
26128284,26128285,1791228791,1791228803,12
26128285,26128286,1791228803,1791228815,12
26128286,26128287,1791228815,1791228827,12
26128287,26128288,1791228827,1791228839,12
26128288,26128289,1791228839,1791228851,12
26128289,26128290,1791228851,1791228863,12
26128290,26128291,1791228863,1791228875,12
26128291,26128292,1791228875,1791228887,12
26128292,26128293,1791228887,1791228899,12
26128293,26128294,1791228899,1791228911,12
26128294,26128295,1791228911,1791228923,12
26128295,26128296,1791228923,1791228935,12
26128296,26128297,1791228935,1791228947,12
26128297,26128298,1791228947,1791228959,12
26128298,26128299,1791228959,1791228971,12
26128299,26128300,1791228971,1791228983,12
26128300,26128301,1791228983,1791228995,12
26128301,26128302,1791228995,1791229007,12
26128302,26128303,1791229007,1791229019,12
26128303,26128304,1791229019,1791229031,12
26128304,26128305,1791229031,1791229043,12
26128305,26128306,1791229043,1791229055,12
26128306,26128307,1791229055,1791229067,12
26128307,26128308,1791229067,1791229079,12
26128308,26128309,1791229079,1791229091,12
26128309,26128310,1791229091,1791229103,12
26128310,26128311,1791229103,1791229115,12
26128311,26128312,1791229115,1791229139,24
26128312,26128313,1791229139,1791229151,12
26128313,26128314,1791229151,1791229163,12
26128314,26128315,1791229163,1791229175,12
26128315,26128316,1791229175,1791229187,12
26128316,26128317,1791229187,1791229199,12
26128317,26128318,1791229199,1791229211,12
26128318,26128319,1791229211,1791229223,12
26128319,26128320,1791229223,1791229235,12
26128320,26128321,1791229235,1791229247,12
26128321,26128322,1791229247,1791229259,12
26128322,26128323,1791229259,1791229271,12
26128323,26128324,1791229271,1791229283,12
26128324,26128325,1791229283,1791229295,12
26128325,26128326,1791229295,1791229307,12
26128326,26128327,1791229307,1791229319,12
26128327,26128328,1791229319,1791229331,12
26128328,26128329,1791229331,1791229343,12
26128329,26128330,1791229343,1791229355,12
26128330,26128331,1791229355,1791229367,12
26128331,26128332,1791229367,1791229379,12
26128332,26128333,1791229379,1791229391,12
26128333,26128334,1791229391,1791229403,12
26128334,26128335,1791229403,1791229415,12
26128335,26128336,1791229415,1791229427,12
26128336,26128337,1791229427,1791229439,12
26128337,26128338,1791229439,1791229451,12
26128338,26128339,1791229451,1791229463,12
26128339,26128340,1791229463,1791229475,12
26128340,26128341,1791229475,1791229487,12
26128341,26128342,1791229487,1791229499,12
26128342,26128343,1791229499,1791229511,12
26128343,26128344,1791229511,1791229523,12
26128344,26128345,1791229523,1791229535,12
26128345,26128346,1791229535,1791229547,12
26128346,26128347,1791229547,1791229559,12
26128347,26128348,1791229559,1791229571,12
26128348,26128349,1791229571,1791229583,12
26128349,26128350,1791229583,1791229595,12
26128350,26128351,1791229595,1791229607,12
26128351,26128352,1791229607,1791229619,12
26128352,26128353,1791229619,1791229631,12
26128353,26128354,1791229631,1791229643,12
26128354,26128355,1791229643,1791229655,12
26128355,26128356,1791229655,1791229667,12
26128356,26128357,1791229667,1791229679,12
26128357,26128358,1791229679,1791229691,12
26128358,26128359,1791229691,1791229703,12
26128359,26128360,1791229703,1791229715,12
26128360,26128361,1791229715,1791229727,12
26128361,26128362,1791229727,1791229739,12
26128362,26128363,1791229739,1791229751,12
26128363,26128364,1791229751,1791229763,12
26128364,26128365,1791229763,1791229775,12
26128365,26128366,1791229775,1791229787,12
26128366,26128367,1791229787,1791229799,12
26128367,26128368,1791229799,1791229811,12
26128368,26128369,1791229811,1791229823,12
26128369,26128370,1791229823,1791229835,12
26128370,26128371,1791229835,1791229847,12
26128371,26128372,1791229847,1791229859,12
26128372,26128373,1791229859,1791229871,12
26128373,26128374,1791229871,1791229883,12
26128374,26128375,1791229883,1791229895,12
26128375,26128376,1791229895,1791229907,12
26128376,26128377,1791229907,1791229919,12
26128377,26128378,1791229919,1791229931,12
26128378,26128379,1791229931,1791229943,12
26128379,26128380,1791229943,1791229955,12
26128380,26128381,1791229955,1791229967,12
26128381,26128382,1791229967,1791229979,12
26128382,26128383,1791229979,1791229991,12
26128383,26128384,1791229991,1791230003,12
26128384,26128385,1791230003,1791230015,12
26128385,26128386,1791230015,1791230027,12
26128386,26128387,1791230027,1791230039,12
26128387,26128388,1791230039,1791230051,12
26128388,26128389,1791230051,1791230063,12
26128389,26128390,1791230063,1791230075,12
26128390,26128391,1791230075,1791230087,12
26128391,26128392,1791230087,1791230099,12
26128392,26128393,1791230099,1791230111,12
26128393,26128394,1791230111,1791230123,12
26128394,26128395,1791230123,1791230135,12
26128395,26128396,1791230135,1791230147,12
26128396,26128397,1791230147,1791230159,12
26128397,26128398,1791230159,1791230171,12
26128398,26128399,1791230171,1791230183,12
26128399,26128400,1791230183,1791230195,12
26128400,26128401,1791230195,1791230207,12
26128401,26128402,1791230207,1791230219,12
26128402,26128403,1791230219,1791230231,12
26128403,26128404,1791230231,1791230243,12
26128404,26128405,1791230243,1791230255,12
26128405,26128406,1791230255,1791230267,12
26128406,26128407,1791230267,1791230279,12
26128407,26128408,1791230279,1791230291,12
26128408,26128409,1791230291,1791230303,12
26128409,26128410,1791230303,1791230315,12
26128410,26128411,1791230315,1791230327,12
26128411,26128412,1791230327,1791230339,12
26128412,26128413,1791230339,1791230351,12
26128413,26128414,1791230351,1791230363,12
26128414,26128415,1791230363,1791230375,12
26128415,26128416,1791230375,1791230387,12
26128416,26128417,1791230387,1791230399,12
26128417,26128418,1791230399,1791230411,12
26128418,26128419,1791230411,1791230423,12
26128419,26128420,1791230423,1791230435,12
26128420,26128421,1791230435,1791230447,12
26128421,26128422,1791230447,1791230459,12
26128422,26128423,1791230459,1791230471,12
26128423,26128424,1791230471,1791230483,12
26128424,26128425,1791230483,1791230495,12
26128425,26128426,1791230495,1791230507,12
26128426,26128427,1791230507,1791230519,12
26128427,26128428,1791230519,1791230531,12
26128428,26128429,1791230531,1791230543,12
26128429,26128430,1791230543,1791230555,12
26128430,26128431,1791230555,1791230567,12
26128431,26128432,1791230567,1791230579,12
26128432,26128433,1791230579,1791230591,12
26128433,26128434,1791230591,1791230603,12
26128434,26128435,1791230603,1791230615,12
26128435,26128436,1791230615,1791230627,12
26128436,26128437,1791230627,1791230639,12
26128437,26128438,1791230639,1791230651,12
26128438,26128439,1791230651,1791230663,12
26128439,26128440,1791230663,1791230675,12
26128440,26128441,1791230675,1791230687,12
26128441,26128442,1791230687,1791230699,12
26128442,26128443,1791230699,1791230711,12
26128443,26128444,1791230711,1791230723,12
26128444,26128445,1791230723,1791230735,12
26128445,26128446,1791230735,1791230747,12
26128446,26128447,1791230747,1791230759,12
26128447,26128448,1791230759,1791230771,12
26128448,26128449,1791230771,1791230783,12
26128449,26128450,1791230783,1791230795,12
26128450,26128451,1791230795,1791230807,12
26128451,26128452,1791230807,1791230819,12
26128452,26128453,1791230819,1791230831,12
26128453,26128454,1791230831,1791230843,12
26128454,26128455,1791230843,1791230855,12
26128455,26128456,1791230855,1791230867,12
26128456,26128457,1791230867,1791230879,12
26128457,26128458,1791230879,1791230891,12
26128458,26128459,1791230891,1791230903,12
26128459,26128460,1791230903,1791230915,12
26128460,26128461,1791230915,1791230927,12
26128461,26128462,1791230927,1791230939,12
26128462,26128463,1791230939,1791230951,12
26128463,26128464,1791230951,1791230963,12
26128464,26128465,1791230963,1791230975,12
26128465,26128466,1791230975,1791230987,12
26128466,26128467,1791230987,1791230999,12
26128467,26128468,1791230999,1791231011,12
26128468,26128469,1791231011,1791231023,12
26128469,26128470,1791231023,1791231035,12
26128470,26128471,1791231035,1791231047,12
26128471,26128472,1791231047,1791231059,12
26128472,26128473,1791231059,1791231071,12
26128473,26128474,1791231071,1791231083,12
26128474,26128475,1791231083,1791231095,12
26128475,26128476,1791231095,1791231107,12
26128476,26128477,1791231107,1791231119,12
26128477,26128478,1791231119,1791231131,12
26128478,26128479,1791231131,1791231143,12
26128479,26128480,1791231143,1791231155,12
26128480,26128481,1791231155,1791231167,12
26128481,26128482,1791231167,1791231179,12
26128482,26128483,1791231179,1791231191,12
26128483,26128484,1791231191,1791231203,12
26128484,26128485,1791231203,1791231215,12
26128485,26128486,1791231215,1791231227,12
26128486,26128487,1791231227,1791231239,12
26128487,26128488,1791231239,1791231251,12
26128488,26128489,1791231251,1791231263,12
26128489,26128490,1791231263,1791231275,12
26128490,26128491,1791231275,1791231287,12
26128491,26128492,1791231287,1791231299,12
26128492,26128493,1791231299,1791231311,12
26128493,26128494,1791231311,1791231323,12
26128494,26128495,1791231323,1791231335,12
26128495,26128496,1791231335,1791231347,12
26128496,26128497,1791231347,1791231359,12
26128497,26128498,1791231359,1791231371,12
26128498,26128499,1791231371,1791231383,12
26128499,26128500,1791231383,1791231395,12
26128500,26128501,1791231395,1791231407,12
26128501,26128502,1791231407,1791231419,12
26128502,26128503,1791231419,1791231431,12
26128503,26128504,1791231431,1791231443,12
26128504,26128505,1791231443,1791231455,12
26128505,26128506,1791231455,1791231467,12
26128506,26128507,1791231467,1791231479,12
26128507,26128508,1791231479,1791231491,12
26128508,26128509,1791231491,1791231503,12
26128509,26128510,1791231503,1791231515,12
26128510,26128511,1791231515,1791231527,12
26128511,26128512,1791231527,1791231539,12
26128512,26128513,1791231539,1791231551,12
26128513,26128514,1791231551,1791231563,12
26128514,26128515,1791231563,1791231575,12
26128515,26128516,1791231575,1791231587,12
26128516,26128517,1791231587,1791231599,12
26128517,26128518,1791231599,1791231611,12
26128518,26128519,1791231611,1791231623,12
26128519,26128520,1791231623,1791231635,12
26128520,26128521,1791231635,1791231647,12
26128521,26128522,1791231647,1791231659,12
26128522,26128523,1791231659,1791231671,12
26128523,26128524,1791231671,1791231683,12
26128524,26128525,1791231683,1791231695,12
26128525,26128526,1791231695,1791231707,12
26128526,26128527,1791231707,1791231719,12
26128527,26128528,1791231719,1791231731,12
26128528,26128529,1791231731,1791231743,12
26128529,26128530,1791231743,1791231755,12
26128530,26128531,1791231755,1791231767,12
26128531,26128532,1791231767,1791231779,12
26128532,26128533,1791231779,1791231791,12
26128533,26128534,1791231791,1791231803,12
26128534,26128535,1791231803,1791231815,12
26128535,26128536,1791231815,1791231827,12
26128536,26128537,1791231827,1791231839,12
26128537,26128538,1791231839,1791231851,12
26128538,26128539,1791231851,1791231863,12
26128539,26128540,1791231863,1791231875,12
26128540,26128541,1791231875,1791231887,12
26128541,26128542,1791231887,1791231899,12
26128542,26128543,1791231899,1791231911,12
26128543,26128544,1791231911,1791231923,12
26128544,26128545,1791231923,1791231935,12
26128545,26128546,1791231935,1791231947,12
26128546,26128547,1791231947,1791231959,12
26128547,26128548,1791231959,1791231971,12
26128548,26128549,1791231971,1791231983,12
26128549,26128550,1791231983,1791231995,12
26128550,26128551,1791231995,1791232007,12
26128551,26128552,1791232007,1791232019,12
26128552,26128553,1791232019,1791232031,12
26128553,26128554,1791232031,1791232043,12
26128554,26128555,1791232043,1791232055,12
26128555,26128556,1791232055,1791232067,12
26128556,26128557,1791232067,1791232079,12
26128557,26128558,1791232079,1791232091,12
26128558,26128559,1791232091,1791232103,12
26128559,26128560,1791232103,1791232115,12
26128560,26128561,1791232115,1791232127,12
26128561,26128562,1791232127,1791232139,12
26128562,26128563,1791232139,1791232151,12
26128563,26128564,1791232151,1791232163,12
26128564,26128565,1791232163,1791232175,12
26128565,26128566,1791232175,1791232187,12
26128566,26128567,1791232187,1791232199,12
26128567,26128568,1791232199,1791232211,12
26128568,26128569,1791232211,1791232223,12
26128569,26128570,1791232223,1791232235,12
26128570,26128571,1791232235,1791232247,12
26128571,26128572,1791232247,1791232259,12
26128572,26128573,1791232259,1791232271,12
26128573,26128574,1791232271,1791232283,12
26128574,26128575,1791232283,1791232295,12
26128575,26128576,1791232295,1791232307,12
26128576,26128577,1791232307,1791232319,12
26128577,26128578,1791232319,1791232331,12
26128578,26128579,1791232331,1791232343,12
26128579,26128580,1791232343,1791232355,12
26128580,26128581,1791232355,1791232367,12
26128581,26128582,1791232367,1791232379,12
26128582,26128583,1791232379,1791232391,12
26128583,26128584,1791232391,1791232403,12
26128584,26128585,1791232403,1791232415,12
26128585,26128586,1791232415,1791232427,12
26128586,26128587,1791232427,1791232439,12
26128587,26128588,1791232439,1791232451,12
26128588,26128589,1791232451,1791232463,12
26128589,26128590,1791232463,1791232475,12
26128590,26128591,1791232475,1791232487,12
26128591,26128592,1791232487,1791232499,12
26128592,26128593,1791232499,1791232511,12
26128593,26128594,1791232511,1791232523,12
26128594,26128595,1791232523,1791232535,12
26128595,26128596,1791232535,1791232547,12
26128596,26128597,1791232547,1791232559,12
26128597,26128598,1791232559,1791232571,12
26128598,26128599,1791232571,1791232583,12
26128599,26128600,1791232583,1791232595,12
26128600,26128601,1791232595,1791232607,12
26128601,26128602,1791232607,1791232619,12
26128602,26128603,1791232619,1791232631,12
26128603,26128604,1791232631,1791232643,12
26128604,26128605,1791232643,1791232655,12
26128605,26128606,1791232655,1791232667,12
26128606,26128607,1791232667,1791232679,12
26128607,26128608,1791232679,1791232691,12
26128608,26128609,1791232691,1791232703,12
26128609,26128610,1791232703,1791232715,12
26128610,26128611,1791232715,1791232727,12
26128611,26128612,1791232727,1791232739,12
26128612,26128613,1791232739,1791232751,12
26128613,26128614,1791232751,1791232763,12
26128614,26128615,1791232763,1791232775,12
26128615,26128616,1791232775,1791232787,12
26128616,26128617,1791232787,1791232799,12
26128617,26128618,1791232799,1791232811,12
26128618,26128619,1791232811,1791232823,12
26128619,26128620,1791232823,1791232835,12
26128620,26128621,1791232835,1791232847,12
26128621,26128622,1791232847,1791232859,12
26128622,26128623,1791232859,1791232871,12
26128623,26128624,1791232871,1791232883,12
26128624,26128625,1791232883,1791232895,12
26128625,26128626,1791232895,1791232907,12
26128626,26128627,1791232907,1791232919,12
26128627,26128628,1791232919,1791232931,12
26128628,26128629,1791232931,1791232943,12
26128629,26128630,1791232943,1791232955,12
26128630,26128631,1791232955,1791232967,12
26128631,26128632,1791232967,1791232979,12
26128632,26128633,1791232979,1791232991,12
26128633,26128634,1791232991,1791233003,12
26128634,26128635,1791233003,1791233015,12
26128635,26128636,1791233015,1791233027,12
26128636,26128637,1791233027,1791233039,12
26128637,26128638,1791233039,1791233051,12
26128638,26128639,1791233051,1791233063,12
26128639,26128640,1791233063,1791233075,12
26128640,26128641,1791233075,1791233087,12
26128641,26128642,1791233087,1791233099,12
26128642,26128643,1791233099,1791233111,12
26128643,26128644,1791233111,1791233123,12
26128644,26128645,1791233123,1791233135,12
26128645,26128646,1791233135,1791233147,12
26128646,26128647,1791233147,1791233159,12
26128647,26128648,1791233159,1791233171,12
26128648,26128649,1791233171,1791233183,12
26128649,26128650,1791233183,1791233195,12
26128650,26128651,1791233195,1791233207,12
26128651,26128652,1791233207,1791233219,12
26128652,26128653,1791233219,1791233231,12
26128653,26128654,1791233231,1791233243,12
26128654,26128655,1791233243,1791233255,12
26128655,26128656,1791233255,1791233267,12
26128656,26128657,1791233267,1791233279,12
26128657,26128658,1791233279,1791233291,12
26128658,26128659,1791233291,1791233303,12
26128659,26128660,1791233303,1791233315,12
26128660,26128661,1791233315,1791233327,12
26128661,26128662,1791233327,1791233339,12
26128662,26128663,1791233339,1791233351,12
26128663,26128664,1791233351,1791233363,12
26128664,26128665,1791233363,1791233375,12
26128665,26128666,1791233375,1791233387,12
26128666,26128667,1791233387,1791233399,12
26128667,26128668,1791233399,1791233411,12
26128668,26128669,1791233411,1791233423,12
26128669,26128670,1791233423,1791233435,12
26128670,26128671,1791233435,1791233447,12
26128671,26128672,1791233447,1791233459,12
26128672,26128673,1791233459,1791233471,12
26128673,26128674,1791233471,1791233483,12
26128674,26128675,1791233483,1791233495,12
26128675,26128676,1791233495,1791233507,12
26128676,26128677,1791233507,1791233519,12
26128677,26128678,1791233519,1791233531,12
26128678,26128679,1791233531,1791233543,12
26128679,26128680,1791233543,1791233555,12
26128680,26128681,1791233555,1791233567,12
26128681,26128682,1791233567,1791233579,12
26128682,26128683,1791233579,1791233591,12
26128683,26128684,1791233591,1791233603,12
26128684,26128685,1791233603,1791233615,12
26128685,26128686,1791233615,1791233627,12
26128686,26128687,1791233627,1791233639,12
26128687,26128688,1791233639,1791233651,12
26128688,26128689,1791233651,1791233663,12
26128689,26128690,1791233663,1791233675,12
26128690,26128691,1791233675,1791233687,12
26128691,26128692,1791233687,1791233699,12
26128692,26128693,1791233699,1791233711,12
26128693,26128694,1791233711,1791233723,12
26128694,26128695,1791233723,1791233735,12
26128695,26128696,1791233735,1791233747,12
26128696,26128697,1791233747,1791233759,12
26128697,26128698,1791233759,1791233771,12
26128698,26128699,1791233771,1791233783,12
26128699,26128700,1791233783,1791233795,12
26128700,26128701,1791233795,1791233807,12
26128701,26128702,1791233807,1791233819,12
26128702,26128703,1791233819,1791233831,12
26128703,26128704,1791233831,1791233843,12
26128704,26128705,1791233843,1791233855,12
26128705,26128706,1791233855,1791233867,12
26128706,26128707,1791233867,1791233879,12
26128707,26128708,1791233879,1791233891,12
26128708,26128709,1791233891,1791233903,12
26128709,26128710,1791233903,1791233915,12
26128710,26128711,1791233915,1791233927,12
26128711,26128712,1791233927,1791233939,12
26128712,26128713,1791233939,1791233951,12
26128713,26128714,1791233951,1791233963,12
26128714,26128715,1791233963,1791233975,12
26128715,26128716,1791233975,1791233987,12
26128716,26128717,1791233987,1791233999,12
26128717,26128718,1791233999,1791234011,12
26128718,26128719,1791234011,1791234023,12
26128719,26128720,1791234023,1791234035,12
26128720,26128721,1791234035,1791234047,12
26128721,26128722,1791234047,1791234059,12
26128722,26128723,1791234059,1791234071,12
26128723,26128724,1791234071,1791234083,12
26128724,26128725,1791234083,1791234095,12
26128725,26128726,1791234095,1791234107,12
26128726,26128727,1791234107,1791234119,12
26128727,26128728,1791234119,1791234131,12
26128728,26128729,1791234131,1791234143,12
26128729,26128730,1791234143,1791234155,12
26128730,26128731,1791234155,1791234167,12
26128731,26128732,1791234167,1791234179,12
26128732,26128733,1791234179,1791234191,12
26128733,26128734,1791234191,1791234203,12
26128734,26128735,1791234203,1791234215,12
26128735,26128736,1791234215,1791234227,12
26128736,26128737,1791234227,1791234239,12
26128737,26128738,1791234239,1791234251,12
26128738,26128739,1791234251,1791234263,12
26128739,26128740,1791234263,1791234275,12
26128740,26128741,1791234275,1791234287,12
26128741,26128742,1791234287,1791234299,12
26128742,26128743,1791234299,1791234311,12
26128743,26128744,1791234311,1791234323,12
26128744,26128745,1791234323,1791234335,12
26128745,26128746,1791234335,1791234347,12
26128746,26128747,1791234347,1791234359,12
26128747,26128748,1791234359,1791234371,12
26128748,26128749,1791234371,1791234383,12
26128749,26128750,1791234383,1791234395,12
26128750,26128751,1791234395,1791234407,12
26128751,26128752,1791234407,1791234419,12
26128752,26128753,1791234419,1791234431,12
26128753,26128754,1791234431,1791234443,12
26128754,26128755,1791234443,1791234455,12
26128755,26128756,1791234455,1791234467,12
26128756,26128757,1791234467,1791234479,12
26128757,26128758,1791234479,1791234491,12
26128758,26128759,1791234491,1791234503,12
26128759,26128760,1791234503,1791234515,12
26128760,26128761,1791234515,1791234527,12
26128761,26128762,1791234527,1791234539,12
26128762,26128763,1791234539,1791234551,12
26128763,26128764,1791234551,1791234563,12
26128764,26128765,1791234563,1791234575,12
26128765,26128766,1791234575,1791234587,12
26128766,26128767,1791234587,1791234599,12
26128767,26128768,1791234599,1791234611,12
26128768,26128769,1791234611,1791234623,12
26128769,26128770,1791234623,1791234635,12
26128770,26128771,1791234635,1791234647,12
26128771,26128772,1791234647,1791234659,12
26128772,26128773,1791234659,1791234671,12
26128773,26128774,1791234671,1791234683,12
26128774,26128775,1791234683,1791234695,12
26128775,26128776,1791234695,1791234707,12
26128776,26128777,1791234707,1791234719,12
26128777,26128778,1791234719,1791234731,12
26128778,26128779,1791234731,1791234743,12
26128779,26128780,1791234743,1791234755,12
26128780,26128781,1791234755,1791234767,12
26128781,26128782,1791234767,1791234779,12
26128782,26128783,1791234779,1791234791,12
26128783,26128784,1791234791,1791234803,12
26128784,26128785,1791234803,1791234815,12
26128785,26128786,1791234815,1791234827,12
26128786,26128787,1791234827,1791234839,12
26128787,26128788,1791234839,1791234851,12
26128788,26128789,1791234851,1791234863,12
26128789,26128790,1791234863,1791234875,12
26128790,26128791,1791234875,1791234887,12
26128791,26128792,1791234887,1791234899,12
26128792,26128793,1791234899,1791234911,12
26128793,26128794,1791234911,1791234923,12
26128794,26128795,1791234923,1791234935,12
26128795,26128796,1791234935,1791234947,12
26128796,26128797,1791234947,1791234959,12
26128797,26128798,1791234959,1791234971,12
26128798,26128799,1791234971,1791234983,12
26128799,26128800,1791234983,1791234995,12
26128800,26128801,1791234995,1791235007,12
26128801,26128802,1791235007,1791235019,12
26128802,26128803,1791235019,1791235031,12
26128803,26128804,1791235031,1791235043,12
26128804,26128805,1791235043,1791235055,12
26128805,26128806,1791235055,1791235067,12
26128806,26128807,1791235067,1791235079,12
26128807,26128808,1791235079,1791235091,12
26128808,26128809,1791235091,1791235103,12
26128809,26128810,1791235103,1791235115,12
26128810,26128811,1791235115,1791235127,12
26128811,26128812,1791235127,1791235139,12
26128812,26128813,1791235139,1791235151,12
26128813,26128814,1791235151,1791235163,12
26128814,26128815,1791235163,1791235175,12
26128815,26128816,1791235175,1791235187,12
26128816,26128817,1791235187,1791235199,12
26128817,26128818,1791235199,1791235211,12
26128818,26128819,1791235211,1791235223,12
26128819,26128820,1791235223,1791235235,12
26128820,26128821,1791235235,1791235247,12
26128821,26128822,1791235247,1791235259,12
26128822,26128823,1791235259,1791235271,12
26128823,26128824,1791235271,1791235283,12
26128824,26128825,1791235283,1791235295,12
26128825,26128826,1791235295,1791235307,12
26128826,26128827,1791235307,1791235319,12
26128827,26128828,1791235319,1791235331,12
26128828,26128829,1791235331,1791235343,12
26128829,26128830,1791235343,1791235355,12
26128830,26128831,1791235355,1791235367,12
26128831,26128832,1791235367,1791235379,12
26128832,26128833,1791235379,1791235391,12
26128833,26128834,1791235391,1791235403,12
26128834,26128835,1791235403,1791235415,12
26128835,26128836,1791235415,1791235427,12
26128836,26128837,1791235427,1791235439,12
26128837,26128838,1791235439,1791235451,12
26128838,26128839,1791235451,1791235463,12
26128839,26128840,1791235463,1791235475,12
26128840,26128841,1791235475,1791235487,12
26128841,26128842,1791235487,1791235499,12
26128842,26128843,1791235499,1791235511,12
26128843,26128844,1791235511,1791235523,12
26128844,26128845,1791235523,1791235535,12
26128845,26128846,1791235535,1791235547,12
26128846,26128847,1791235547,1791235559,12
26128847,26128848,1791235559,1791235571,12
26128848,26128849,1791235571,1791235583,12
26128849,26128850,1791235583,1791235595,12
26128850,26128851,1791235595,1791235607,12
26128851,26128852,1791235607,1791235619,12
26128852,26128853,1791235619,1791235631,12
26128853,26128854,1791235631,1791235643,12
26128854,26128855,1791235643,1791235655,12
26128855,26128856,1791235655,1791235667,12
26128856,26128857,1791235667,1791235679,12
26128857,26128858,1791235679,1791235691,12
26128858,26128859,1791235691,1791235703,12
26128859,26128860,1791235703,1791235715,12
26128860,26128861,1791235715,1791235727,12
26128861,26128862,1791235727,1791235739,12
26128862,26128863,1791235739,1791235751,12
26128863,26128864,1791235751,1791235763,12
26128864,26128865,1791235763,1791235775,12
26128865,26128866,1791235775,1791235787,12
26128866,26128867,1791235787,1791235799,12
26128867,26128868,1791235799,1791235811,12
26128868,26128869,1791235811,1791235823,12
26128869,26128870,1791235823,1791235835,12
26128870,26128871,1791235835,1791235847,12
26128871,26128872,1791235847,1791235859,12
26128872,26128873,1791235859,1791235871,12
26128873,26128874,1791235871,1791235883,12
26128874,26128875,1791235883,1791235895,12
26128875,26128876,1791235895,1791235907,12
26128876,26128877,1791235907,1791235919,12
26128877,26128878,1791235919,1791235931,12
26128878,26128879,1791235931,1791235943,12
26128879,26128880,1791235943,1791235955,12
26128880,26128881,1791235955,1791235967,12
26128881,26128882,1791235967,1791235979,12
26128882,26128883,1791235979,1791235991,12
26128883,26128884,1791235991,1791236003,12
26128884,26128885,1791236003,1791236015,12
26128885,26128886,1791236015,1791236027,12
26128886,26128887,1791236027,1791236039,12
26128887,26128888,1791236039,1791236051,12
26128888,26128889,1791236051,1791236063,12
26128889,26128890,1791236063,1791236075,12
26128890,26128891,1791236075,1791236087,12
26128891,26128892,1791236087,1791236099,12
26128892,26128893,1791236099,1791236111,12
26128893,26128894,1791236111,1791236123,12
26128894,26128895,1791236123,1791236135,12
26128895,26128896,1791236135,1791236147,12
26128896,26128897,1791236147,1791236159,12
26128897,26128898,1791236159,1791236171,12
26128898,26128899,1791236171,1791236183,12
26128899,26128900,1791236183,1791236195,12
26128900,26128901,1791236195,1791236207,12
26128901,26128902,1791236207,1791236219,12
26128902,26128903,1791236219,1791236231,12
26128903,26128904,1791236231,1791236243,12
26128904,26128905,1791236243,1791236255,12
26128905,26128906,1791236255,1791236267,12
26128906,26128907,1791236267,1791236279,12
26128907,26128908,1791236279,1791236291,12
26128908,26128909,1791236291,1791236303,12
26128909,26128910,1791236303,1791236315,12
26128910,26128911,1791236315,1791236327,12
26128911,26128912,1791236327,1791236339,12
26128912,26128913,1791236339,1791236351,12
26128913,26128914,1791236351,1791236363,12
26128914,26128915,1791236363,1791236375,12
26128915,26128916,1791236375,1791236387,12
26128916,26128917,1791236387,1791236399,12
26128917,26128918,1791236399,1791236411,12
26128918,26128919,1791236411,1791236423,12
26128919,26128920,1791236423,1791236435,12
26128920,26128921,1791236435,1791236447,12
26128921,26128922,1791236447,1791236459,12
26128922,26128923,1791236459,1791236471,12
26128923,26128924,1791236471,1791236483,12
26128924,26128925,1791236483,1791236495,12
26128925,26128926,1791236495,1791236507,12
26128926,26128927,1791236507,1791236519,12
26128927,26128928,1791236519,1791236531,12
26128928,26128929,1791236531,1791236543,12
26128929,26128930,1791236543,1791236555,12
26128930,26128931,1791236555,1791236567,12
26128931,26128932,1791236567,1791236579,12
26128932,26128933,1791236579,1791236591,12
26128933,26128934,1791236591,1791236603,12
26128934,26128935,1791236603,1791236615,12
26128935,26128936,1791236615,1791236627,12
26128936,26128937,1791236627,1791236639,12
26128937,26128938,1791236639,1791236651,12
26128938,26128939,1791236651,1791236663,12
26128939,26128940,1791236663,1791236675,12
26128940,26128941,1791236675,1791236687,12
26128941,26128942,1791236687,1791236699,12
26128942,26128943,1791236699,1791236711,12
26128943,26128944,1791236711,1791236723,12
26128944,26128945,1791236723,1791236735,12
26128945,26128946,1791236735,1791236747,12
26128946,26128947,1791236747,1791236759,12
26128947,26128948,1791236759,1791236771,12
26128948,26128949,1791236771,1791236783,12
26128949,26128950,1791236783,1791236795,12
26128950,26128951,1791236795,1791236807,12
26128951,26128952,1791236807,1791236819,12
26128952,26128953,1791236819,1791236831,12
26128953,26128954,1791236831,1791236843,12
26128954,26128955,1791236843,1791236855,12
26128955,26128956,1791236855,1791236867,12
26128956,26128957,1791236867,1791236879,12
26128957,26128958,1791236879,1791236891,12
26128958,26128959,1791236891,1791236903,12
26128959,26128960,1791236903,1791236915,12
26128960,26128961,1791236915,1791236927,12
26128961,26128962,1791236927,1791236939,12
26128962,26128963,1791236939,1791236951,12
26128963,26128964,1791236951,1791236963,12
26128964,26128965,1791236963,1791236975,12
26128965,26128966,1791236975,1791236987,12
26128966,26128967,1791236987,1791236999,12
26128967,26128968,1791236999,1791237011,12
26128968,26128969,1791237011,1791237023,12
26128969,26128970,1791237023,1791237035,12
26128970,26128971,1791237035,1791237047,12
26128971,26128972,1791237047,1791237059,12
26128972,26128973,1791237059,1791237071,12
26128973,26128974,1791237071,1791237083,12
26128974,26128975,1791237083,1791237095,12
26128975,26128976,1791237095,1791237107,12
26128976,26128977,1791237107,1791237119,12
26128977,26128978,1791237119,1791237131,12
26128978,26128979,1791237131,1791237143,12
26128979,26128980,1791237143,1791237155,12
26128980,26128981,1791237155,1791237167,12
26128981,26128982,1791237167,1791237179,12
26128982,26128983,1791237179,1791237191,12
26128983,26128984,1791237191,1791237203,12
26128984,26128985,1791237203,1791237215,12
26128985,26128986,1791237215,1791237227,12
26128986,26128987,1791237227,1791237239,12
26128987,26128988,1791237239,1791237251,12
26128988,26128989,1791237251,1791237263,12
26128989,26128990,1791237263,1791237275,12
26128990,26128991,1791237275,1791237287,12
26128991,26128992,1791237287,1791237299,12
26128992,26128993,1791237299,1791237311,12
26128993,26128994,1791237311,1791237323,12
26128994,26128995,1791237323,1791237335,12
26128995,26128996,1791237335,1791237347,12
26128996,26128997,1791237347,1791237359,12
26128997,26128998,1791237359,1791237371,12
26128998,26128999,1791237371,1791237383,12
26128999,26129000,1791237383,1791237395,12
26129000,26129001,1791237395,1791237407,12
26129001,26129002,1791237407,1791237419,12
26129002,26129003,1791237419,1791237431,12
26129003,26129004,1791237431,1791237443,12
26129004,26129005,1791237443,1791237455,12
26129005,26129006,1791237455,1791237467,12
26129006,26129007,1791237467,1791237479,12
26129007,26129008,1791237479,1791237491,12
26129008,26129009,1791237491,1791237503,12
26129009,26129010,1791237503,1791237515,12
26129010,26129011,1791237515,1791237527,12
26129011,26129012,1791237527,1791237539,12
26129012,26129013,1791237539,1791237551,12
26129013,26129014,1791237551,1791237563,12
26129014,26129015,1791237563,1791237575,12
26129015,26129016,1791237575,1791237587,12
26129016,26129017,1791237587,1791237599,12
26129017,26129018,1791237599,1791237611,12
26129018,26129019,1791237611,1791237623,12
26129019,26129020,1791237623,1791237635,12
26129020,26129021,1791237635,1791237647,12
26129021,26129022,1791237647,1791237659,12
26129022,26129023,1791237659,1791237671,12
26129023,26129024,1791237671,1791237683,12
26129024,26129025,1791237683,1791237695,12
26129025,26129026,1791237695,1791237707,12
26129026,26129027,1791237707,1791237719,12
26129027,26129028,1791237719,1791237731,12
26129028,26129029,1791237731,1791237743,12
26129029,26129030,1791237743,1791237755,12
26129030,26129031,1791237755,1791237767,12
26129031,26129032,1791237767,1791237779,12
26129032,26129033,1791237779,1791237791,12
26129033,26129034,1791237791,1791237803,12
26129034,26129035,1791237803,1791237815,12
26129035,26129036,1791237815,1791237827,12
26129036,26129037,1791237827,1791237839,12
26129037,26129038,1791237839,1791237851,12
26129038,26129039,1791237851,1791237863,12
26129039,26129040,1791237863,1791237875,12
26129040,26129041,1791237875,1791237887,12
26129041,26129042,1791237887,1791237899,12
26129042,26129043,1791237899,1791237911,12
26129043,26129044,1791237911,1791237923,12
26129044,26129045,1791237923,1791237935,12
26129045,26129046,1791237935,1791237947,12
26129046,26129047,1791237947,1791237959,12
26129047,26129048,1791237959,1791237971,12
26129048,26129049,1791237971,1791237983,12
26129049,26129050,1791237983,1791237995,12
26129050,26129051,1791237995,1791238007,12
26129051,26129052,1791238007,1791238019,12
26129052,26129053,1791238019,1791238031,12
26129053,26129054,1791238031,1791238043,12
26129054,26129055,1791238043,1791238055,12
26129055,26129056,1791238055,1791238067,12
26129056,26129057,1791238067,1791238079,12
26129057,26129058,1791238079,1791238091,12
26129058,26129059,1791238091,1791238103,12
26129059,26129060,1791238103,1791238115,12
26129060,26129061,1791238115,1791238127,12
26129061,26129062,1791238127,1791238139,12
26129062,26129063,1791238139,1791238163,24
26129063,26129064,1791238163,1791238175,12
26129064,26129065,1791238175,1791238187,12
26129065,26129066,1791238187,1791238199,12
26129066,26129067,1791238199,1791238211,12
26129067,26129068,1791238211,1791238223,12
26129068,26129069,1791238223,1791238235,12
26129069,26129070,1791238235,1791238247,12
26129070,26129071,1791238247,1791238259,12
26129071,26129072,1791238259,1791238271,12
26129072,26129073,1791238271,1791238283,12
26129073,26129074,1791238283,1791238295,12
26129074,26129075,1791238295,1791238307,12
26129075,26129076,1791238307,1791238319,12
26129076,26129077,1791238319,1791238331,12
26129077,26129078,1791238331,1791238343,12
26129078,26129079,1791238343,1791238355,12
26129079,26129080,1791238355,1791238367,12
26129080,26129081,1791238367,1791238379,12
26129081,26129082,1791238379,1791238391,12
26129082,26129083,1791238391,1791238403,12
26129083,26129084,1791238403,1791238415,12
26129084,26129085,1791238415,1791238427,12
26129085,26129086,1791238427,1791238439,12
26129086,26129087,1791238439,1791238451,12
26129087,26129088,1791238451,1791238463,12
26129088,26129089,1791238463,1791238475,12
26129089,26129090,1791238475,1791238487,12
26129090,26129091,1791238487,1791238499,12
26129091,26129092,1791238499,1791238511,12
26129092,26129093,1791238511,1791238523,12
26129093,26129094,1791238523,1791238535,12
26129094,26129095,1791238535,1791238547,12
26129095,26129096,1791238547,1791238559,12
26129096,26129097,1791238559,1791238571,12
26129097,26129098,1791238571,1791238583,12
26129098,26129099,1791238583,1791238595,12
26129099,26129100,1791238595,1791238607,12
26129100,26129101,1791238607,1791238619,12
26129101,26129102,1791238619,1791238631,12
26129102,26129103,1791238631,1791238643,12
26129103,26129104,1791238643,1791238655,12
26129104,26129105,1791238655,1791238667,12
26129105,26129106,1791238667,1791238679,12
26129106,26129107,1791238679,1791238691,12
26129107,26129108,1791238691,1791238703,12
26129108,26129109,1791238703,1791238715,12
26129109,26129110,1791238715,1791238727,12
26129110,26129111,1791238727,1791238739,12
26129111,26129112,1791238739,1791238751,12
26129112,26129113,1791238751,1791238763,12
26129113,26129114,1791238763,1791238775,12
26129114,26129115,1791238775,1791238787,12
26129115,26129116,1791238787,1791238799,12
26129116,26129117,1791238799,1791238811,12
26129117,26129118,1791238811,1791238823,12
26129118,26129119,1791238823,1791238835,12
26129119,26129120,1791238835,1791238847,12
26129120,26129121,1791238847,1791238859,12
26129121,26129122,1791238859,1791238871,12
26129122,26129123,1791238871,1791238883,12
26129123,26129124,1791238883,1791238895,12
26129124,26129125,1791238895,1791238907,12
26129125,26129126,1791238907,1791238919,12
26129126,26129127,1791238919,1791238931,12
26129127,26129128,1791238931,1791238943,12
26129128,26129129,1791238943,1791238955,12
26129129,26129130,1791238955,1791238967,12
26129130,26129131,1791238967,1791238979,12
26129131,26129132,1791238979,1791238991,12
26129132,26129133,1791238991,1791239003,12
26129133,26129134,1791239003,1791239015,12
26129134,26129135,1791239015,1791239027,12
26129135,26129136,1791239027,1791239039,12
26129136,26129137,1791239039,1791239051,12
26129137,26129138,1791239051,1791239063,12
26129138,26129139,1791239063,1791239075,12
26129139,26129140,1791239075,1791239087,12
26129140,26129141,1791239087,1791239099,12
26129141,26129142,1791239099,1791239111,12
26129142,26129143,1791239111,1791239123,12
26129143,26129144,1791239123,1791239135,12
26129144,26129145,1791239135,1791239147,12
26129145,26129146,1791239147,1791239159,12
26129146,26129147,1791239159,1791239171,12
26129147,26129148,1791239171,1791239183,12
26129148,26129149,1791239183,1791239195,12
26129149,26129150,1791239195,1791239207,12
26129150,26129151,1791239207,1791239219,12
26129151,26129152,1791239219,1791239231,12
26129152,26129153,1791239231,1791239243,12
26129153,26129154,1791239243,1791239255,12
26129154,26129155,1791239255,1791239267,12
26129155,26129156,1791239267,1791239279,12
26129156,26129157,1791239279,1791239291,12
26129157,26129158,1791239291,1791239303,12
26129158,26129159,1791239303,1791239315,12
26129159,26129160,1791239315,1791239327,12
26129160,26129161,1791239327,1791239339,12
26129161,26129162,1791239339,1791239351,12
26129162,26129163,1791239351,1791239363,12
26129163,26129164,1791239363,1791239375,12
26129164,26129165,1791239375,1791239387,12
26129165,26129166,1791239387,1791239399,12
26129166,26129167,1791239399,1791239411,12
26129167,26129168,1791239411,1791239423,12
26129168,26129169,1791239423,1791239435,12
26129169,26129170,1791239435,1791239447,12
26129170,26129171,1791239447,1791239459,12
26129171,26129172,1791239459,1791239471,12
26129172,26129173,1791239471,1791239483,12
26129173,26129174,1791239483,1791239495,12
26129174,26129175,1791239495,1791239507,12
26129175,26129176,1791239507,1791239519,12
26129176,26129177,1791239519,1791239531,12
26129177,26129178,1791239531,1791239543,12
26129178,26129179,1791239543,1791239555,12
26129179,26129180,1791239555,1791239567,12
26129180,26129181,1791239567,1791239579,12
26129181,26129182,1791239579,1791239591,12
26129182,26129183,1791239591,1791239603,12
26129183,26129184,1791239603,1791239615,12
26129184,26129185,1791239615,1791239627,12
26129185,26129186,1791239627,1791239639,12
26129186,26129187,1791239639,1791239651,12
26129187,26129188,1791239651,1791239663,12
26129188,26129189,1791239663,1791239675,12
26129189,26129190,1791239675,1791239687,12
26129190,26129191,1791239687,1791239699,12
26129191,26129192,1791239699,1791239711,12
26129192,26129193,1791239711,1791239723,12
26129193,26129194,1791239723,1791239735,12
26129194,26129195,1791239735,1791239747,12
26129195,26129196,1791239747,1791239759,12
26129196,26129197,1791239759,1791239771,12
26129197,26129198,1791239771,1791239783,12
26129198,26129199,1791239783,1791239795,12
26129199,26129200,1791239795,1791239807,12
26129200,26129201,1791239807,1791239819,12
26129201,26129202,1791239819,1791239831,12
26129202,26129203,1791239831,1791239843,12
26129203,26129204,1791239843,1791239855,12
26129204,26129205,1791239855,1791239867,12
26129205,26129206,1791239867,1791239879,12
26129206,26129207,1791239879,1791239891,12
26129207,26129208,1791239891,1791239903,12
26129208,26129209,1791239903,1791239915,12
26129209,26129210,1791239915,1791239927,12
26129210,26129211,1791239927,1791239939,12
26129211,26129212,1791239939,1791239951,12
26129212,26129213,1791239951,1791239963,12
26129213,26129214,1791239963,1791239975,12
26129214,26129215,1791239975,1791239987,12
26129215,26129216,1791239987,1791239999,12
26129216,26129217,1791239999,1791240011,12
26129217,26129218,1791240011,1791240023,12
26129218,26129219,1791240023,1791240035,12
26129219,26129220,1791240035,1791240047,12
26129220,26129221,1791240047,1791240059,12
26129221,26129222,1791240059,1791240071,12
26129222,26129223,1791240071,1791240083,12
26129223,26129224,1791240083,1791240095,12
26129224,26129225,1791240095,1791240107,12
26129225,26129226,1791240107,1791240119,12
26129226,26129227,1791240119,1791240131,12
26129227,26129228,1791240131,1791240143,12
26129228,26129229,1791240143,1791240155,12
26129229,26129230,1791240155,1791240167,12
26129230,26129231,1791240167,1791240179,12
26129231,26129232,1791240179,1791240191,12
26129232,26129233,1791240191,1791240203,12
26129233,26129234,1791240203,1791240215,12
26129234,26129235,1791240215,1791240227,12
26129235,26129236,1791240227,1791240239,12
26129236,26129237,1791240239,1791240251,12
26129237,26129238,1791240251,1791240263,12
26129238,26129239,1791240263,1791240275,12
26129239,26129240,1791240275,1791240287,12
26129240,26129241,1791240287,1791240299,12
26129241,26129242,1791240299,1791240311,12
26129242,26129243,1791240311,1791240323,12
26129243,26129244,1791240323,1791240335,12
26129244,26129245,1791240335,1791240347,12
26129245,26129246,1791240347,1791240359,12
26129246,26129247,1791240359,1791240371,12
26129247,26129248,1791240371,1791240383,12
26129248,26129249,1791240383,1791240395,12
26129249,26129250,1791240395,1791240407,12
26129250,26129251,1791240407,1791240419,12
26129251,26129252,1791240419,1791240431,12
26129252,26129253,1791240431,1791240443,12
26129253,26129254,1791240443,1791240455,12
26129254,26129255,1791240455,1791240467,12
26129255,26129256,1791240467,1791240479,12
26129256,26129257,1791240479,1791240491,12
26129257,26129258,1791240491,1791240503,12
26129258,26129259,1791240503,1791240515,12
26129259,26129260,1791240515,1791240527,12
26129260,26129261,1791240527,1791240539,12
26129261,26129262,1791240539,1791240551,12
26129262,26129263,1791240551,1791240563,12
26129263,26129264,1791240563,1791240575,12
26129264,26129265,1791240575,1791240587,12
26129265,26129266,1791240587,1791240599,12
26129266,26129267,1791240599,1791240611,12
26129267,26129268,1791240611,1791240623,12
26129268,26129269,1791240623,1791240635,12
26129269,26129270,1791240635,1791240647,12
26129270,26129271,1791240647,1791240659,12
26129271,26129272,1791240659,1791240671,12
26129272,26129273,1791240671,1791240683,12
26129273,26129274,1791240683,1791240695,12
26129274,26129275,1791240695,1791240707,12
26129275,26129276,1791240707,1791240719,12
26129276,26129277,1791240719,1791240731,12
26129277,26129278,1791240731,1791240743,12
26129278,26129279,1791240743,1791240755,12
26129279,26129280,1791240755,1791240767,12
26129280,26129281,1791240767,1791240779,12
26129281,26129282,1791240779,1791240791,12
26129282,26129283,1791240791,1791240803,12
26129283,26129284,1791240803,1791240815,12
26129284,26129285,1791240815,1791240827,12
26129285,26129286,1791240827,1791240839,12
26129286,26129287,1791240839,1791240851,12
26129287,26129288,1791240851,1791240863,12
26129288,26129289,1791240863,1791240875,12
26129289,26129290,1791240875,1791240887,12
26129290,26129291,1791240887,1791240899,12
26129291,26129292,1791240899,1791240911,12
26129292,26129293,1791240911,1791240923,12
26129293,26129294,1791240923,1791240935,12
26129294,26129295,1791240935,1791240947,12
26129295,26129296,1791240947,1791240959,12
26129296,26129297,1791240959,1791240971,12
26129297,26129298,1791240971,1791240983,12
26129298,26129299,1791240983,1791240995,12
26129299,26129300,1791240995,1791241007,12
26129300,26129301,1791241007,1791241019,12
26129301,26129302,1791241019,1791241031,12
26129302,26129303,1791241031,1791241043,12
26129303,26129304,1791241043,1791241055,12
26129304,26129305,1791241055,1791241067,12
26129305,26129306,1791241067,1791241079,12
26129306,26129307,1791241079,1791241091,12
26129307,26129308,1791241091,1791241103,12
26129308,26129309,1791241103,1791241115,12
26129309,26129310,1791241115,1791241127,12
26129310,26129311,1791241127,1791241139,12
26129311,26129312,1791241139,1791241151,12
26129312,26129313,1791241151,1791241163,12
26129313,26129314,1791241163,1791241187,24
26129314,26129315,1791241187,1791241199,12
26129315,26129316,1791241199,1791241211,12
26129316,26129317,1791241211,1791241223,12
26129317,26129318,1791241223,1791241235,12
26129318,26129319,1791241235,1791241247,12
26129319,26129320,1791241247,1791241259,12
26129320,26129321,1791241259,1791241271,12
26129321,26129322,1791241271,1791241283,12
26129322,26129323,1791241283,1791241295,12
26129323,26129324,1791241295,1791241307,12
26129324,26129325,1791241307,1791241319,12
26129325,26129326,1791241319,1791241331,12
26129326,26129327,1791241331,1791241343,12
26129327,26129328,1791241343,1791241355,12
26129328,26129329,1791241355,1791241367,12
26129329,26129330,1791241367,1791241379,12
26129330,26129331,1791241379,1791241391,12
26129331,26129332,1791241391,1791241403,12
26129332,26129333,1791241403,1791241415,12
26129333,26129334,1791241415,1791241427,12
26129334,26129335,1791241427,1791241439,12
26129335,26129336,1791241439,1791241451,12
26129336,26129337,1791241451,1791241463,12
26129337,26129338,1791241463,1791241475,12
26129338,26129339,1791241475,1791241487,12
26129339,26129340,1791241487,1791241499,12
26129340,26129341,1791241499,1791241511,12
26129341,26129342,1791241511,1791241523,12
26129342,26129343,1791241523,1791241535,12
26129343,26129344,1791241535,1791241547,12
26129344,26129345,1791241547,1791241559,12
26129345,26129346,1791241559,1791241571,12
26129346,26129347,1791241571,1791241583,12
26129347,26129348,1791241583,1791241595,12
26129348,26129349,1791241595,1791241607,12
26129349,26129350,1791241607,1791241619,12
26129350,26129351,1791241619,1791241631,12
26129351,26129352,1791241631,1791241643,12
26129352,26129353,1791241643,1791241655,12
26129353,26129354,1791241655,1791241667,12
26129354,26129355,1791241667,1791241679,12
26129355,26129356,1791241679,1791241691,12
26129356,26129357,1791241691,1791241703,12
26129357,26129358,1791241703,1791241715,12
26129358,26129359,1791241715,1791241727,12
26129359,26129360,1791241727,1791241739,12
26129360,26129361,1791241739,1791241751,12
26129361,26129362,1791241751,1791241763,12
26129362,26129363,1791241763,1791241775,12
26129363,26129364,1791241775,1791241787,12
26129364,26129365,1791241787,1791241799,12
26129365,26129366,1791241799,1791241811,12
26129366,26129367,1791241811,1791241823,12
26129367,26129368,1791241823,1791241835,12
26129368,26129369,1791241835,1791241847,12
26129369,26129370,1791241847,1791241859,12
26129370,26129371,1791241859,1791241871,12
26129371,26129372,1791241871,1791241883,12
26129372,26129373,1791241883,1791241895,12
26129373,26129374,1791241895,1791241907,12
26129374,26129375,1791241907,1791241919,12
26129375,26129376,1791241919,1791241931,12
26129376,26129377,1791241931,1791241943,12
26129377,26129378,1791241943,1791241955,12
26129378,26129379,1791241955,1791241967,12
26129379,26129380,1791241967,1791241979,12
26129380,26129381,1791241979,1791241991,12
26129381,26129382,1791241991,1791242003,12
26129382,26129383,1791242003,1791242015,12
26129383,26129384,1791242015,1791242027,12
26129384,26129385,1791242027,1791242039,12
26129385,26129386,1791242039,1791242051,12
26129386,26129387,1791242051,1791242063,12
26129387,26129388,1791242063,1791242075,12
26129388,26129389,1791242075,1791242087,12
26129389,26129390,1791242087,1791242099,12
26129390,26129391,1791242099,1791242111,12
26129391,26129392,1791242111,1791242123,12
26129392,26129393,1791242123,1791242135,12
26129393,26129394,1791242135,1791242147,12
26129394,26129395,1791242147,1791242159,12
26129395,26129396,1791242159,1791242171,12
26129396,26129397,1791242171,1791242183,12
26129397,26129398,1791242183,1791242195,12
26129398,26129399,1791242195,1791242207,12
26129399,26129400,1791242207,1791242219,12
26129400,26129401,1791242219,1791242231,12
26129401,26129402,1791242231,1791242243,12
26129402,26129403,1791242243,1791242255,12
26129403,26129404,1791242255,1791242267,12
26129404,26129405,1791242267,1791242279,12
26129405,26129406,1791242279,1791242291,12
26129406,26129407,1791242291,1791242303,12
26129407,26129408,1791242303,1791242315,12
26129408,26129409,1791242315,1791242327,12
26129409,26129410,1791242327,1791242339,12
26129410,26129411,1791242339,1791242351,12
26129411,26129412,1791242351,1791242363,12
26129412,26129413,1791242363,1791242387,24
26129413,26129414,1791242387,1791242399,12
26129414,26129415,1791242399,1791242411,12
26129415,26129416,1791242411,1791242423,12
26129416,26129417,1791242423,1791242435,12
26129417,26129418,1791242435,1791242447,12
26129418,26129419,1791242447,1791242459,12
26129419,26129420,1791242459,1791242471,12
26129420,26129421,1791242471,1791242483,12
26129421,26129422,1791242483,1791242495,12
26129422,26129423,1791242495,1791242507,12
26129423,26129424,1791242507,1791242519,12
26129424,26129425,1791242519,1791242531,12
26129425,26129426,1791242531,1791242543,12
26129426,26129427,1791242543,1791242555,12
26129427,26129428,1791242555,1791242567,12
26129428,26129429,1791242567,1791242579,12
26129429,26129430,1791242579,1791242591,12
26129430,26129431,1791242591,1791242603,12
26129431,26129432,1791242603,1791242615,12
26129432,26129433,1791242615,1791242627,12
26129433,26129434,1791242627,1791242639,12
26129434,26129435,1791242639,1791242651,12
26129435,26129436,1791242651,1791242663,12
26129436,26129437,1791242663,1791242675,12
26129437,26129438,1791242675,1791242687,12
26129438,26129439,1791242687,1791242699,12
26129439,26129440,1791242699,1791242711,12
26129440,26129441,1791242711,1791242723,12
26129441,26129442,1791242723,1791242735,12
26129442,26129443,1791242735,1791242747,12
26129443,26129444,1791242747,1791242759,12
26129444,26129445,1791242759,1791242771,12
26129445,26129446,1791242771,1791242783,12
26129446,26129447,1791242783,1791242795,12
26129447,26129448,1791242795,1791242807,12
26129448,26129449,1791242807,1791242819,12
26129449,26129450,1791242819,1791242831,12
26129450,26129451,1791242831,1791242843,12
26129451,26129452,1791242843,1791242855,12
26129452,26129453,1791242855,1791242867,12
26129453,26129454,1791242867,1791242879,12
26129454,26129455,1791242879,1791242891,12
26129455,26129456,1791242891,1791242903,12
26129456,26129457,1791242903,1791242915,12
26129457,26129458,1791242915,1791242927,12
26129458,26129459,1791242927,1791242939,12
26129459,26129460,1791242939,1791242951,12
26129460,26129461,1791242951,1791242963,12
26129461,26129462,1791242963,1791242975,12
26129462,26129463,1791242975,1791242987,12
26129463,26129464,1791242987,1791242999,12
26129464,26129465,1791242999,1791243011,12
26129465,26129466,1791243011,1791243023,12
26129466,26129467,1791243023,1791243035,12
26129467,26129468,1791243035,1791243047,12
26129468,26129469,1791243047,1791243059,12
26129469,26129470,1791243059,1791243071,12
26129470,26129471,1791243071,1791243083,12
26129471,26129472,1791243083,1791243095,12
26129472,26129473,1791243095,1791243107,12
26129473,26129474,1791243107,1791243119,12
26129474,26129475,1791243119,1791243131,12
26129475,26129476,1791243131,1791243143,12
26129476,26129477,1791243143,1791243155,12
26129477,26129478,1791243155,1791243167,12
26129478,26129479,1791243167,1791243179,12
26129479,26129480,1791243179,1791243191,12
26129480,26129481,1791243191,1791243203,12
26129481,26129482,1791243203,1791243215,12
26129482,26129483,1791243215,1791243227,12
26129483,26129484,1791243227,1791243239,12
26129484,26129485,1791243239,1791243251,12
26129485,26129486,1791243251,1791243263,12
26129486,26129487,1791243263,1791243275,12
26129487,26129488,1791243275,1791243287,12
26129488,26129489,1791243287,1791243299,12
26129489,26129490,1791243299,1791243311,12
26129490,26129491,1791243311,1791243323,12
26129491,26129492,1791243323,1791243335,12
26129492,26129493,1791243335,1791243347,12
26129493,26129494,1791243347,1791243359,12
26129494,26129495,1791243359,1791243371,12
26129495,26129496,1791243371,1791243383,12
26129496,26129497,1791243383,1791243395,12
26129497,26129498,1791243395,1791243407,12
26129498,26129499,1791243407,1791243419,12
26129499,26129500,1791243419,1791243431,12
26129500,26129501,1791243431,1791243443,12
26129501,26129502,1791243443,1791243455,12
26129502,26129503,1791243455,1791243467,12
26129503,26129504,1791243467,1791243479,12
26129504,26129505,1791243479,1791243491,12
26129505,26129506,1791243491,1791243503,12
26129506,26129507,1791243503,1791243515,12
26129507,26129508,1791243515,1791243527,12
26129508,26129509,1791243527,1791243539,12
26129509,26129510,1791243539,1791243551,12
26129510,26129511,1791243551,1791243563,12
26129511,26129512,1791243563,1791243575,12
26129512,26129513,1791243575,1791243587,12
26129513,26129514,1791243587,1791243599,12
26129514,26129515,1791243599,1791243611,12
26129515,26129516,1791243611,1791243623,12
26129516,26129517,1791243623,1791243635,12
26129517,26129518,1791243635,1791243647,12
26129518,26129519,1791243647,1791243659,12
26129519,26129520,1791243659,1791243671,12
26129520,26129521,1791243671,1791243683,12
26129521,26129522,1791243683,1791243695,12
26129522,26129523,1791243695,1791243707,12
26129523,26129524,1791243707,1791243719,12
26129524,26129525,1791243719,1791243731,12
26129525,26129526,1791243731,1791243743,12
26129526,26129527,1791243743,1791243755,12
26129527,26129528,1791243755,1791243767,12
26129528,26129529,1791243767,1791243779,12
26129529,26129530,1791243779,1791243791,12
26129530,26129531,1791243791,1791243803,12
26129531,26129532,1791243803,1791243815,12
26129532,26129533,1791243815,1791243827,12
26129533,26129534,1791243827,1791243839,12
26129534,26129535,1791243839,1791243851,12
26129535,26129536,1791243851,1791243863,12
26129536,26129537,1791243863,1791243875,12
26129537,26129538,1791243875,1791243887,12
26129538,26129539,1791243887,1791243899,12
26129539,26129540,1791243899,1791243911,12
26129540,26129541,1791243911,1791243923,12
26129541,26129542,1791243923,1791243935,12
26129542,26129543,1791243935,1791243947,12
26129543,26129544,1791243947,1791243959,12
26129544,26129545,1791243959,1791243971,12
26129545,26129546,1791243971,1791243983,12
26129546,26129547,1791243983,1791243995,12
26129547,26129548,1791243995,1791244007,12
26129548,26129549,1791244007,1791244019,12
26129549,26129550,1791244019,1791244031,12
26129550,26129551,1791244031,1791244043,12
26129551,26129552,1791244043,1791244055,12
26129552,26129553,1791244055,1791244067,12
26129553,26129554,1791244067,1791244079,12
26129554,26129555,1791244079,1791244091,12
26129555,26129556,1791244091,1791244103,12
26129556,26129557,1791244103,1791244115,12
26129557,26129558,1791244115,1791244127,12
26129558,26129559,1791244127,1791244139,12
26129559,26129560,1791244139,1791244151,12
26129560,26129561,1791244151,1791244163,12
26129561,26129562,1791244163,1791244175,12
26129562,26129563,1791244175,1791244187,12
26129563,26129564,1791244187,1791244199,12
26129564,26129565,1791244199,1791244211,12
26129565,26129566,1791244211,1791244223,12
26129566,26129567,1791244223,1791244235,12
26129567,26129568,1791244235,1791244247,12
26129568,26129569,1791244247,1791244259,12
26129569,26129570,1791244259,1791244271,12
26129570,26129571,1791244271,1791244283,12
26129571,26129572,1791244283,1791244295,12
26129572,26129573,1791244295,1791244307,12
26129573,26129574,1791244307,1791244319,12
26129574,26129575,1791244319,1791244331,12
26129575,26129576,1791244331,1791244343,12
26129576,26129577,1791244343,1791244355,12
26129577,26129578,1791244355,1791244367,12
26129578,26129579,1791244367,1791244379,12
26129579,26129580,1791244379,1791244391,12
26129580,26129581,1791244391,1791244403,12
26129581,26129582,1791244403,1791244415,12
26129582,26129583,1791244415,1791244427,12
26129583,26129584,1791244427,1791244439,12
26129584,26129585,1791244439,1791244451,12
26129585,26129586,1791244451,1791244463,12
26129586,26129587,1791244463,1791244475,12
26129587,26129588,1791244475,1791244487,12
26129588,26129589,1791244487,1791244499,12
26129589,26129590,1791244499,1791244511,12
26129590,26129591,1791244511,1791244523,12
26129591,26129592,1791244523,1791244535,12
26129592,26129593,1791244535,1791244547,12
26129593,26129594,1791244547,1791244559,12
26129594,26129595,1791244559,1791244571,12
26129595,26129596,1791244571,1791244583,12
26129596,26129597,1791244583,1791244595,12
26129597,26129598,1791244595,1791244607,12
26129598,26129599,1791244607,1791244619,12
26129599,26129600,1791244619,1791244631,12
26129600,26129601,1791244631,1791244643,12
26129601,26129602,1791244643,1791244655,12
26129602,26129603,1791244655,1791244667,12
26129603,26129604,1791244667,1791244679,12
26129604,26129605,1791244679,1791244691,12
26129605,26129606,1791244691,1791244703,12
26129606,26129607,1791244703,1791244715,12
26129607,26129608,1791244715,1791244727,12
26129608,26129609,1791244727,1791244739,12
26129609,26129610,1791244739,1791244751,12
26129610,26129611,1791244751,1791244763,12
26129611,26129612,1791244763,1791244775,12
26129612,26129613,1791244775,1791244787,12
26129613,26129614,1791244787,1791244799,12
26129614,26129615,1791244799,1791244823,24
26129615,26129616,1791244823,1791244835,12
26129616,26129617,1791244835,1791244847,12
26129617,26129618,1791244847,1791244859,12
26129618,26129619,1791244859,1791244871,12
26129619,26129620,1791244871,1791244883,12
26129620,26129621,1791244883,1791244895,12
26129621,26129622,1791244895,1791244907,12
26129622,26129623,1791244907,1791244919,12
26129623,26129624,1791244919,1791244931,12
26129624,26129625,1791244931,1791244955,24
26129625,26129626,1791244955,1791244967,12
26129626,26129627,1791244967,1791244979,12
26129627,26129628,1791244979,1791244991,12
26129628,26129629,1791244991,1791245003,12
26129629,26129630,1791245003,1791245015,12
26129630,26129631,1791245015,1791245027,12
26129631,26129632,1791245027,1791245039,12
26129632,26129633,1791245039,1791245051,12
26129633,26129634,1791245051,1791245063,12
26129634,26129635,1791245063,1791245075,12
26129635,26129636,1791245075,1791245087,12
26129636,26129637,1791245087,1791245099,12
26129637,26129638,1791245099,1791245111,12
26129638,26129639,1791245111,1791245123,12
26129639,26129640,1791245123,1791245135,12
26129640,26129641,1791245135,1791245147,12
26129641,26129642,1791245147,1791245159,12
26129642,26129643,1791245159,1791245171,12
26129643,26129644,1791245171,1791245183,12
26129644,26129645,1791245183,1791245195,12
26129645,26129646,1791245195,1791245207,12
26129646,26129647,1791245207,1791245219,12
26129647,26129648,1791245219,1791245231,12
26129648,26129649,1791245231,1791245243,12
26129649,26129650,1791245243,1791245255,12
26129650,26129651,1791245255,1791245267,12
26129651,26129652,1791245267,1791245279,12
26129652,26129653,1791245279,1791245291,12
26129653,26129654,1791245291,1791245303,12
26129654,26129655,1791245303,1791245315,12
26129655,26129656,1791245315,1791245327,12
26129656,26129657,1791245327,1791245339,12
26129657,26129658,1791245339,1791245351,12
26129658,26129659,1791245351,1791245363,12
26129659,26129660,1791245363,1791245375,12
26129660,26129661,1791245375,1791245387,12
26129661,26129662,1791245387,1791245399,12
26129662,26129663,1791245399,1791245411,12
26129663,26129664,1791245411,1791245423,12
26129664,26129665,1791245423,1791245435,12
26129665,26129666,1791245435,1791245447,12
26129666,26129667,1791245447,1791245459,12
26129667,26129668,1791245459,1791245471,12
26129668,26129669,1791245471,1791245483,12
26129669,26129670,1791245483,1791245495,12
26129670,26129671,1791245495,1791245507,12
26129671,26129672,1791245507,1791245519,12
26129672,26129673,1791245519,1791245531,12
26129673,26129674,1791245531,1791245543,12
26129674,26129675,1791245543,1791245555,12
26129675,26129676,1791245555,1791245567,12
26129676,26129677,1791245567,1791245579,12
26129677,26129678,1791245579,1791245591,12
26129678,26129679,1791245591,1791245603,12
26129679,26129680,1791245603,1791245615,12
26129680,26129681,1791245615,1791245627,12
26129681,26129682,1791245627,1791245639,12
26129682,26129683,1791245639,1791245651,12
26129683,26129684,1791245651,1791245663,12
26129684,26129685,1791245663,1791245675,12
26129685,26129686,1791245675,1791245687,12
26129686,26129687,1791245687,1791245699,12
26129687,26129688,1791245699,1791245711,12
26129688,26129689,1791245711,1791245723,12
26129689,26129690,1791245723,1791245735,12
26129690,26129691,1791245735,1791245747,12
26129691,26129692,1791245747,1791245759,12
26129692,26129693,1791245759,1791245771,12
26129693,26129694,1791245771,1791245783,12
26129694,26129695,1791245783,1791245795,12
26129695,26129696,1791245795,1791245807,12
26129696,26129697,1791245807,1791245819,12
26129697,26129698,1791245819,1791245831,12
26129698,26129699,1791245831,1791245843,12
26129699,26129700,1791245843,1791245855,12
26129700,26129701,1791245855,1791245867,12
26129701,26129702,1791245867,1791245879,12
26129702,26129703,1791245879,1791245891,12
26129703,26129704,1791245891,1791245903,12
26129704,26129705,1791245903,1791245915,12
26129705,26129706,1791245915,1791245927,12
26129706,26129707,1791245927,1791245939,12
26129707,26129708,1791245939,1791245951,12
26129708,26129709,1791245951,1791245963,12
26129709,26129710,1791245963,1791245975,12
26129710,26129711,1791245975,1791245987,12
26129711,26129712,1791245987,1791245999,12
26129712,26129713,1791245999,1791246011,12
26129713,26129714,1791246011,1791246023,12
26129714,26129715,1791246023,1791246035,12
26129715,26129716,1791246035,1791246047,12
26129716,26129717,1791246047,1791246059,12
26129717,26129718,1791246059,1791246071,12
26129718,26129719,1791246071,1791246083,12
26129719,26129720,1791246083,1791246095,12
26129720,26129721,1791246095,1791246107,12
26129721,26129722,1791246107,1791246119,12
26129722,26129723,1791246119,1791246131,12
26129723,26129724,1791246131,1791246143,12
26129724,26129725,1791246143,1791246155,12
26129725,26129726,1791246155,1791246167,12
26129726,26129727,1791246167,1791246179,12
26129727,26129728,1791246179,1791246191,12
26129728,26129729,1791246191,1791246203,12
26129729,26129730,1791246203,1791246215,12
26129730,26129731,1791246215,1791246227,12
26129731,26129732,1791246227,1791246239,12
26129732,26129733,1791246239,1791246251,12
26129733,26129734,1791246251,1791246263,12
26129734,26129735,1791246263,1791246275,12
26129735,26129736,1791246275,1791246287,12
26129736,26129737,1791246287,1791246299,12
26129737,26129738,1791246299,1791246311,12
26129738,26129739,1791246311,1791246323,12
26129739,26129740,1791246323,1791246335,12
26129740,26129741,1791246335,1791246347,12
26129741,26129742,1791246347,1791246359,12
26129742,26129743,1791246359,1791246371,12
26129743,26129744,1791246371,1791246383,12
26129744,26129745,1791246383,1791246395,12
26129745,26129746,1791246395,1791246407,12
26129746,26129747,1791246407,1791246419,12
26129747,26129748,1791246419,1791246431,12
26129748,26129749,1791246431,1791246443,12
26129749,26129750,1791246443,1791246455,12
26129750,26129751,1791246455,1791246467,12
26129751,26129752,1791246467,1791246479,12
26129752,26129753,1791246479,1791246491,12
26129753,26129754,1791246491,1791246503,12
26129754,26129755,1791246503,1791246515,12
26129755,26129756,1791246515,1791246527,12
26129756,26129757,1791246527,1791246539,12
26129757,26129758,1791246539,1791246551,12
26129758,26129759,1791246551,1791246563,12
26129759,26129760,1791246563,1791246575,12
26129760,26129761,1791246575,1791246587,12
26129761,26129762,1791246587,1791246599,12
26129762,26129763,1791246599,1791246611,12
26129763,26129764,1791246611,1791246623,12
26129764,26129765,1791246623,1791246635,12
26129765,26129766,1791246635,1791246647,12
26129766,26129767,1791246647,1791246659,12
26129767,26129768,1791246659,1791246671,12
26129768,26129769,1791246671,1791246683,12
26129769,26129770,1791246683,1791246695,12
26129770,26129771,1791246695,1791246707,12
26129771,26129772,1791246707,1791246719,12
26129772,26129773,1791246719,1791246731,12
26129773,26129774,1791246731,1791246743,12
26129774,26129775,1791246743,1791246755,12
26129775,26129776,1791246755,1791246767,12
26129776,26129777,1791246767,1791246779,12
26129777,26129778,1791246779,1791246791,12
26129778,26129779,1791246791,1791246803,12
26129779,26129780,1791246803,1791246815,12
26129780,26129781,1791246815,1791246827,12
26129781,26129782,1791246827,1791246839,12
26129782,26129783,1791246839,1791246851,12
26129783,26129784,1791246851,1791246863,12
26129784,26129785,1791246863,1791246875,12
26129785,26129786,1791246875,1791246887,12
26129786,26129787,1791246887,1791246899,12
26129787,26129788,1791246899,1791246911,12
26129788,26129789,1791246911,1791246923,12
26129789,26129790,1791246923,1791246935,12
26129790,26129791,1791246935,1791246947,12
26129791,26129792,1791246947,1791246959,12
26129792,26129793,1791246959,1791246971,12
26129793,26129794,1791246971,1791246983,12
26129794,26129795,1791246983,1791246995,12
26129795,26129796,1791246995,1791247007,12
26129796,26129797,1791247007,1791247019,12
26129797,26129798,1791247019,1791247031,12
26129798,26129799,1791247031,1791247043,12
26129799,26129800,1791247043,1791247055,12
26129800,26129801,1791247055,1791247067,12
26129801,26129802,1791247067,1791247079,12
26129802,26129803,1791247079,1791247091,12
26129803,26129804,1791247091,1791247103,12
26129804,26129805,1791247103,1791247115,12
26129805,26129806,1791247115,1791247127,12
26129806,26129807,1791247127,1791247139,12
26129807,26129808,1791247139,1791247151,12
26129808,26129809,1791247151,1791247163,12
26129809,26129810,1791247163,1791247175,12
26129810,26129811,1791247175,1791247187,12
26129811,26129812,1791247187,1791247199,12
26129812,26129813,1791247199,1791247211,12
26129813,26129814,1791247211,1791247223,12
26129814,26129815,1791247223,1791247235,12
26129815,26129816,1791247235,1791247247,12
26129816,26129817,1791247247,1791247259,12
26129817,26129818,1791247259,1791247271,12
26129818,26129819,1791247271,1791247283,12
26129819,26129820,1791247283,1791247295,12
26129820,26129821,1791247295,1791247307,12
26129821,26129822,1791247307,1791247319,12
26129822,26129823,1791247319,1791247331,12
26129823,26129824,1791247331,1791247343,12
26129824,26129825,1791247343,1791247355,12
26129825,26129826,1791247355,1791247367,12
26129826,26129827,1791247367,1791247379,12
26129827,26129828,1791247379,1791247391,12
26129828,26129829,1791247391,1791247403,12
26129829,26129830,1791247403,1791247415,12
26129830,26129831,1791247415,1791247427,12
26129831,26129832,1791247427,1791247439,12
26129832,26129833,1791247439,1791247451,12
26129833,26129834,1791247451,1791247463,12
26129834,26129835,1791247463,1791247475,12
26129835,26129836,1791247475,1791247487,12
26129836,26129837,1791247487,1791247499,12
26129837,26129838,1791247499,1791247511,12
26129838,26129839,1791247511,1791247523,12
26129839,26129840,1791247523,1791247535,12
26129840,26129841,1791247535,1791247547,12
26129841,26129842,1791247547,1791247559,12
26129842,26129843,1791247559,1791247571,12
26129843,26129844,1791247571,1791247583,12
26129844,26129845,1791247583,1791247595,12
26129845,26129846,1791247595,1791247607,12
26129846,26129847,1791247607,1791247619,12
26129847,26129848,1791247619,1791247631,12
26129848,26129849,1791247631,1791247643,12
26129849,26129850,1791247643,1791247655,12
26129850,26129851,1791247655,1791247667,12
26129851,26129852,1791247667,1791247679,12
26129852,26129853,1791247679,1791247691,12
26129853,26129854,1791247691,1791247703,12
26129854,26129855,1791247703,1791247715,12
26129855,26129856,1791247715,1791247727,12
26129856,26129857,1791247727,1791247739,12
26129857,26129858,1791247739,1791247751,12
26129858,26129859,1791247751,1791247763,12
26129859,26129860,1791247763,1791247775,12
26129860,26129861,1791247775,1791247787,12
26129861,26129862,1791247787,1791247799,12
26129862,26129863,1791247799,1791247811,12
26129863,26129864,1791247811,1791247823,12
26129864,26129865,1791247823,1791247835,12
26129865,26129866,1791247835,1791247847,12
26129866,26129867,1791247847,1791247859,12
26129867,26129868,1791247859,1791247871,12
26129868,26129869,1791247871,1791247883,12
26129869,26129870,1791247883,1791247895,12
26129870,26129871,1791247895,1791247907,12
26129871,26129872,1791247907,1791247919,12
26129872,26129873,1791247919,1791247931,12
26129873,26129874,1791247931,1791247943,12
26129874,26129875,1791247943,1791247955,12
26129875,26129876,1791247955,1791247967,12
26129876,26129877,1791247967,1791247979,12
26129877,26129878,1791247979,1791247991,12
26129878,26129879,1791247991,1791248003,12
26129879,26129880,1791248003,1791248015,12
26129880,26129881,1791248015,1791248027,12
26129881,26129882,1791248027,1791248039,12
26129882,26129883,1791248039,1791248051,12
26129883,26129884,1791248051,1791248063,12
26129884,26129885,1791248063,1791248075,12
26129885,26129886,1791248075,1791248087,12
26129886,26129887,1791248087,1791248099,12
26129887,26129888,1791248099,1791248111,12
26129888,26129889,1791248111,1791248123,12
26129889,26129890,1791248123,1791248135,12
26129890,26129891,1791248135,1791248147,12
26129891,26129892,1791248147,1791248159,12
26129892,26129893,1791248159,1791248171,12
26129893,26129894,1791248171,1791248183,12
26129894,26129895,1791248183,1791248195,12
26129895,26129896,1791248195,1791248207,12
26129896,26129897,1791248207,1791248219,12
26129897,26129898,1791248219,1791248231,12
26129898,26129899,1791248231,1791248243,12
26129899,26129900,1791248243,1791248255,12
26129900,26129901,1791248255,1791248267,12
26129901,26129902,1791248267,1791248279,12
26129902,26129903,1791248279,1791248291,12
26129903,26129904,1791248291,1791248303,12
26129904,26129905,1791248303,1791248315,12
26129905,26129906,1791248315,1791248327,12
26129906,26129907,1791248327,1791248339,12
26129907,26129908,1791248339,1791248351,12
26129908,26129909,1791248351,1791248363,12
26129909,26129910,1791248363,1791248375,12
26129910,26129911,1791248375,1791248387,12
26129911,26129912,1791248387,1791248399,12
26129912,26129913,1791248399,1791248411,12
26129913,26129914,1791248411,1791248423,12
26129914,26129915,1791248423,1791248435,12
26129915,26129916,1791248435,1791248447,12
26129916,26129917,1791248447,1791248459,12
26129917,26129918,1791248459,1791248471,12
26129918,26129919,1791248471,1791248483,12
26129919,26129920,1791248483,1791248507,24
26129920,26129921,1791248507,1791248519,12
26129921,26129922,1791248519,1791248531,12
26129922,26129923,1791248531,1791248543,12
26129923,26129924,1791248543,1791248555,12
26129924,26129925,1791248555,1791248567,12
26129925,26129926,1791248567,1791248579,12
26129926,26129927,1791248579,1791248591,12
26129927,26129928,1791248591,1791248603,12
26129928,26129929,1791248603,1791248615,12
26129929,26129930,1791248615,1791248627,12
26129930,26129931,1791248627,1791248639,12
26129931,26129932,1791248639,1791248651,12
26129932,26129933,1791248651,1791248663,12
26129933,26129934,1791248663,1791248675,12
26129934,26129935,1791248675,1791248687,12
26129935,26129936,1791248687,1791248699,12
26129936,26129937,1791248699,1791248711,12
26129937,26129938,1791248711,1791248723,12
26129938,26129939,1791248723,1791248735,12
26129939,26129940,1791248735,1791248747,12
26129940,26129941,1791248747,1791248759,12
26129941,26129942,1791248759,1791248771,12
26129942,26129943,1791248771,1791248783,12
26129943,26129944,1791248783,1791248795,12
26129944,26129945,1791248795,1791248807,12
26129945,26129946,1791248807,1791248819,12
26129946,26129947,1791248819,1791248831,12
26129947,26129948,1791248831,1791248843,12
26129948,26129949,1791248843,1791248855,12
26129949,26129950,1791248855,1791248867,12
26129950,26129951,1791248867,1791248879,12
26129951,26129952,1791248879,1791248891,12
26129952,26129953,1791248891,1791248903,12
26129953,26129954,1791248903,1791248915,12
26129954,26129955,1791248915,1791248927,12
26129955,26129956,1791248927,1791248939,12
26129956,26129957,1791248939,1791248951,12
26129957,26129958,1791248951,1791248963,12
26129958,26129959,1791248963,1791248975,12
26129959,26129960,1791248975,1791248987,12
26129960,26129961,1791248987,1791248999,12
26129961,26129962,1791248999,1791249011,12
26129962,26129963,1791249011,1791249023,12
26129963,26129964,1791249023,1791249035,12
26129964,26129965,1791249035,1791249047,12
26129965,26129966,1791249047,1791249083,36
26129966,26129967,1791249083,1791249095,12
26129967,26129968,1791249095,1791249107,12
26129968,26129969,1791249107,1791249119,12
26129969,26129970,1791249119,1791249131,12
26129970,26129971,1791249131,1791249143,12
26129971,26129972,1791249143,1791249155,12
26129972,26129973,1791249155,1791249167,12
26129973,26129974,1791249167,1791249179,12
26129974,26129975,1791249179,1791249191,12
26129975,26129976,1791249191,1791249203,12
26129976,26129977,1791249203,1791249215,12
26129977,26129978,1791249215,1791249227,12
26129978,26129979,1791249227,1791249239,12
26129979,26129980,1791249239,1791249251,12
26129980,26129981,1791249251,1791249263,12
26129981,26129982,1791249263,1791249275,12
26129982,26129983,1791249275,1791249287,12
26129983,26129984,1791249287,1791249299,12
26129984,26129985,1791249299,1791249311,12
26129985,26129986,1791249311,1791249323,12
26129986,26129987,1791249323,1791249335,12
26129987,26129988,1791249335,1791249347,12
26129988,26129989,1791249347,1791249359,12
26129989,26129990,1791249359,1791249371,12
26129990,26129991,1791249371,1791249383,12
26129991,26129992,1791249383,1791249395,12
26129992,26129993,1791249395,1791249407,12
26129993,26129994,1791249407,1791249419,12
26129994,26129995,1791249419,1791249431,12
26129995,26129996,1791249431,1791249443,12
26129996,26129997,1791249443,1791249455,12
26129997,26129998,1791249455,1791249467,12
26129998,26129999,1791249467,1791249479,12
26129999,26130000,1791249479,1791249491,12
26130000,26130001,1791249491,1791249503,12
26130001,26130002,1791249503,1791249515,12
26130002,26130003,1791249515,1791249527,12
26130003,26130004,1791249527,1791249539,12
26130004,26130005,1791249539,1791249551,12
26130005,26130006,1791249551,1791249563,12
26130006,26130007,1791249563,1791249575,12
26130007,26130008,1791249575,1791249587,12
26130008,26130009,1791249587,1791249599,12
26130009,26130010,1791249599,1791249611,12
26130010,26130011,1791249611,1791249623,12
26130011,26130012,1791249623,1791249635,12
26130012,26130013,1791249635,1791249647,12
26130013,26130014,1791249647,1791249659,12
26130014,26130015,1791249659,1791249671,12
26130015,26130016,1791249671,1791249683,12
26130016,26130017,1791249683,1791249695,12
26130017,26130018,1791249695,1791249707,12
26130018,26130019,1791249707,1791249719,12
26130019,26130020,1791249719,1791249731,12
26130020,26130021,1791249731,1791249743,12
26130021,26130022,1791249743,1791249755,12
26130022,26130023,1791249755,1791249767,12
26130023,26130024,1791249767,1791249779,12
26130024,26130025,1791249779,1791249791,12
26130025,26130026,1791249791,1791249803,12
26130026,26130027,1791249803,1791249815,12
26130027,26130028,1791249815,1791249827,12
26130028,26130029,1791249827,1791249839,12
26130029,26130030,1791249839,1791249851,12
26130030,26130031,1791249851,1791249863,12
26130031,26130032,1791249863,1791249875,12
26130032,26130033,1791249875,1791249887,12
26130033,26130034,1791249887,1791249899,12
26130034,26130035,1791249899,1791249911,12
26130035,26130036,1791249911,1791249923,12
26130036,26130037,1791249923,1791249935,12
26130037,26130038,1791249935,1791249947,12
26130038,26130039,1791249947,1791249959,12
26130039,26130040,1791249959,1791249971,12
26130040,26130041,1791249971,1791249983,12
26130041,26130042,1791249983,1791249995,12
26130042,26130043,1791249995,1791250007,12
26130043,26130044,1791250007,1791250019,12
26130044,26130045,1791250019,1791250031,12
26130045,26130046,1791250031,1791250043,12
26130046,26130047,1791250043,1791250055,12
26130047,26130048,1791250055,1791250067,12
26130048,26130049,1791250067,1791250079,12
26130049,26130050,1791250079,1791250091,12
26130050,26130051,1791250091,1791250103,12
26130051,26130052,1791250103,1791250115,12
26130052,26130053,1791250115,1791250127,12
26130053,26130054,1791250127,1791250139,12
26130054,26130055,1791250139,1791250151,12
26130055,26130056,1791250151,1791250163,12
26130056,26130057,1791250163,1791250175,12
26130057,26130058,1791250175,1791250187,12
26130058,26130059,1791250187,1791250199,12
26130059,26130060,1791250199,1791250211,12
26130060,26130061,1791250211,1791250223,12
26130061,26130062,1791250223,1791250235,12
26130062,26130063,1791250235,1791250247,12
26130063,26130064,1791250247,1791250259,12
26130064,26130065,1791250259,1791250271,12
26130065,26130066,1791250271,1791250283,12
26130066,26130067,1791250283,1791250295,12
26130067,26130068,1791250295,1791250307,12
26130068,26130069,1791250307,1791250319,12
26130069,26130070,1791250319,1791250331,12
26130070,26130071,1791250331,1791250343,12
26130071,26130072,1791250343,1791250355,12
26130072,26130073,1791250355,1791250367,12
26130073,26130074,1791250367,1791250379,12
26130074,26130075,1791250379,1791250391,12
26130075,26130076,1791250391,1791250403,12
26130076,26130077,1791250403,1791250415,12
26130077,26130078,1791250415,1791250427,12
26130078,26130079,1791250427,1791250439,12
26130079,26130080,1791250439,1791250451,12
26130080,26130081,1791250451,1791250475,24
26130081,26130082,1791250475,1791250487,12
26130082,26130083,1791250487,1791250499,12
26130083,26130084,1791250499,1791250511,12
26130084,26130085,1791250511,1791250523,12
26130085,26130086,1791250523,1791250535,12
26130086,26130087,1791250535,1791250547,12
26130087,26130088,1791250547,1791250559,12
26130088,26130089,1791250559,1791250571,12
26130089,26130090,1791250571,1791250583,12
26130090,26130091,1791250583,1791250595,12
26130091,26130092,1791250595,1791250607,12
26130092,26130093,1791250607,1791250619,12
26130093,26130094,1791250619,1791250631,12
26130094,26130095,1791250631,1791250643,12
26130095,26130096,1791250643,1791250655,12
26130096,26130097,1791250655,1791250667,12
26130097,26130098,1791250667,1791250679,12
26130098,26130099,1791250679,1791250691,12
26130099,26130100,1791250691,1791250703,12
26130100,26130101,1791250703,1791250715,12
26130101,26130102,1791250715,1791250727,12
26130102,26130103,1791250727,1791250739,12
26130103,26130104,1791250739,1791250751,12
26130104,26130105,1791250751,1791250763,12
26130105,26130106,1791250763,1791250775,12
26130106,26130107,1791250775,1791250787,12
26130107,26130108,1791250787,1791250799,12
26130108,26130109,1791250799,1791250811,12
26130109,26130110,1791250811,1791250823,12
26130110,26130111,1791250823,1791250835,12
26130111,26130112,1791250835,1791250847,12
26130112,26130113,1791250847,1791250859,12
26130113,26130114,1791250859,1791250871,12
26130114,26130115,1791250871,1791250883,12
26130115,26130116,1791250883,1791250895,12
26130116,26130117,1791250895,1791250907,12
26130117,26130118,1791250907,1791250919,12
26130118,26130119,1791250919,1791250931,12
26130119,26130120,1791250931,1791250943,12
26130120,26130121,1791250943,1791250955,12
26130121,26130122,1791250955,1791250967,12
26130122,26130123,1791250967,1791250979,12
26130123,26130124,1791250979,1791250991,12
26130124,26130125,1791250991,1791251003,12
26130125,26130126,1791251003,1791251015,12
26130126,26130127,1791251015,1791251027,12
26130127,26130128,1791251027,1791251039,12
26130128,26130129,1791251039,1791251051,12
26130129,26130130,1791251051,1791251063,12
26130130,26130131,1791251063,1791251075,12
26130131,26130132,1791251075,1791251087,12
26130132,26130133,1791251087,1791251099,12
26130133,26130134,1791251099,1791251111,12
26130134,26130135,1791251111,1791251123,12
26130135,26130136,1791251123,1791251135,12
26130136,26130137,1791251135,1791251147,12
26130137,26130138,1791251147,1791251159,12
26130138,26130139,1791251159,1791251171,12
26130139,26130140,1791251171,1791251183,12
26130140,26130141,1791251183,1791251195,12
26130141,26130142,1791251195,1791251207,12
26130142,26130143,1791251207,1791251219,12
26130143,26130144,1791251219,1791251231,12
26130144,26130145,1791251231,1791251243,12
26130145,26130146,1791251243,1791251255,12
26130146,26130147,1791251255,1791251267,12
26130147,26130148,1791251267,1791251279,12
26130148,26130149,1791251279,1791251291,12
26130149,26130150,1791251291,1791251303,12
26130150,26130151,1791251303,1791251315,12
26130151,26130152,1791251315,1791251327,12
26130152,26130153,1791251327,1791251339,12
26130153,26130154,1791251339,1791251351,12
26130154,26130155,1791251351,1791251363,12
26130155,26130156,1791251363,1791251375,12
26130156,26130157,1791251375,1791251387,12
26130157,26130158,1791251387,1791251399,12
26130158,26130159,1791251399,1791251411,12
26130159,26130160,1791251411,1791251423,12
26130160,26130161,1791251423,1791251435,12
26130161,26130162,1791251435,1791251447,12
26130162,26130163,1791251447,1791251459,12
26130163,26130164,1791251459,1791251471,12
26130164,26130165,1791251471,1791251483,12
26130165,26130166,1791251483,1791251495,12
26130166,26130167,1791251495,1791251507,12
26130167,26130168,1791251507,1791251519,12
26130168,26130169,1791251519,1791251531,12
26130169,26130170,1791251531,1791251543,12
26130170,26130171,1791251543,1791251555,12
26130171,26130172,1791251555,1791251567,12
26130172,26130173,1791251567,1791251579,12
26130173,26130174,1791251579,1791251591,12
26130174,26130175,1791251591,1791251603,12
26130175,26130176,1791251603,1791251615,12
26130176,26130177,1791251615,1791251627,12
26130177,26130178,1791251627,1791251639,12
26130178,26130179,1791251639,1791251651,12
26130179,26130180,1791251651,1791251663,12
26130180,26130181,1791251663,1791251675,12
26130181,26130182,1791251675,1791251687,12
26130182,26130183,1791251687,1791251699,12
26130183,26130184,1791251699,1791251711,12
26130184,26130185,1791251711,1791251723,12
26130185,26130186,1791251723,1791251735,12
26130186,26130187,1791251735,1791251747,12
26130187,26130188,1791251747,1791251759,12
26130188,26130189,1791251759,1791251771,12
26130189,26130190,1791251771,1791251783,12
26130190,26130191,1791251783,1791251795,12
26130191,26130192,1791251795,1791251807,12
26130192,26130193,1791251807,1791251819,12
26130193,26130194,1791251819,1791251831,12
26130194,26130195,1791251831,1791251843,12
26130195,26130196,1791251843,1791251855,12
26130196,26130197,1791251855,1791251867,12
26130197,26130198,1791251867,1791251879,12
26130198,26130199,1791251879,1791251891,12
26130199,26130200,1791251891,1791251903,12
26130200,26130201,1791251903,1791251915,12
26130201,26130202,1791251915,1791251927,12
26130202,26130203,1791251927,1791251939,12
26130203,26130204,1791251939,1791251951,12
26130204,26130205,1791251951,1791251963,12
26130205,26130206,1791251963,1791251975,12
26130206,26130207,1791251975,1791251987,12
26130207,26130208,1791251987,1791252011,24
26130208,26130209,1791252011,1791252023,12
26130209,26130210,1791252023,1791252035,12
26130210,26130211,1791252035,1791252047,12
26130211,26130212,1791252047,1791252059,12
26130212,26130213,1791252059,1791252071,12
26130213,26130214,1791252071,1791252083,12
26130214,26130215,1791252083,1791252095,12
26130215,26130216,1791252095,1791252107,12
26130216,26130217,1791252107,1791252119,12
26130217,26130218,1791252119,1791252131,12
26130218,26130219,1791252131,1791252143,12
26130219,26130220,1791252143,1791252155,12
26130220,26130221,1791252155,1791252167,12
26130221,26130222,1791252167,1791252179,12
26130222,26130223,1791252179,1791252191,12
26130223,26130224,1791252191,1791252203,12
26130224,26130225,1791252203,1791252215,12
26130225,26130226,1791252215,1791252227,12
26130226,26130227,1791252227,1791252239,12
26130227,26130228,1791252239,1791252251,12
26130228,26130229,1791252251,1791252263,12
26130229,26130230,1791252263,1791252275,12
26130230,26130231,1791252275,1791252287,12
26130231,26130232,1791252287,1791252299,12
26130232,26130233,1791252299,1791252311,12
26130233,26130234,1791252311,1791252323,12
26130234,26130235,1791252323,1791252335,12
26130235,26130236,1791252335,1791252347,12
26130236,26130237,1791252347,1791252359,12
26130237,26130238,1791252359,1791252371,12
26130238,26130239,1791252371,1791252383,12
26130239,26130240,1791252383,1791252395,12
26130240,26130241,1791252395,1791252407,12
26130241,26130242,1791252407,1791252419,12
26130242,26130243,1791252419,1791252431,12
26130243,26130244,1791252431,1791252443,12
26130244,26130245,1791252443,1791252455,12
26130245,26130246,1791252455,1791252467,12
26130246,26130247,1791252467,1791252479,12
26130247,26130248,1791252479,1791252491,12
26130248,26130249,1791252491,1791252503,12
26130249,26130250,1791252503,1791252515,12
26130250,26130251,1791252515,1791252527,12
26130251,26130252,1791252527,1791252539,12
26130252,26130253,1791252539,1791252551,12
26130253,26130254,1791252551,1791252563,12
26130254,26130255,1791252563,1791252575,12
26130255,26130256,1791252575,1791252587,12
26130256,26130257,1791252587,1791252599,12
26130257,26130258,1791252599,1791252611,12
26130258,26130259,1791252611,1791252623,12
26130259,26130260,1791252623,1791252635,12
26130260,26130261,1791252635,1791252647,12
26130261,26130262,1791252647,1791252659,12
26130262,26130263,1791252659,1791252671,12
26130263,26130264,1791252671,1791252683,12
26130264,26130265,1791252683,1791252695,12
26130265,26130266,1791252695,1791252707,12
26130266,26130267,1791252707,1791252719,12
26130267,26130268,1791252719,1791252731,12
26130268,26130269,1791252731,1791252743,12
26130269,26130270,1791252743,1791252755,12
26130270,26130271,1791252755,1791252767,12
26130271,26130272,1791252767,1791252779,12
26130272,26130273,1791252779,1791252791,12
26130273,26130274,1791252791,1791252803,12
26130274,26130275,1791252803,1791252815,12
26130275,26130276,1791252815,1791252827,12
26130276,26130277,1791252827,1791252839,12
26130277,26130278,1791252839,1791252851,12
26130278,26130279,1791252851,1791252863,12
26130279,26130280,1791252863,1791252875,12
26130280,26130281,1791252875,1791252887,12
26130281,26130282,1791252887,1791252899,12
26130282,26130283,1791252899,1791252911,12
26130283,26130284,1791252911,1791252923,12
26130284,26130285,1791252923,1791252935,12
26130285,26130286,1791252935,1791252947,12
26130286,26130287,1791252947,1791252959,12
26130287,26130288,1791252959,1791252971,12
26130288,26130289,1791252971,1791252983,12
26130289,26130290,1791252983,1791252995,12
26130290,26130291,1791252995,1791253007,12
26130291,26130292,1791253007,1791253019,12
26130292,26130293,1791253019,1791253031,12
26130293,26130294,1791253031,1791253043,12
26130294,26130295,1791253043,1791253055,12
26130295,26130296,1791253055,1791253067,12
26130296,26130297,1791253067,1791253091,24
26130297,26130298,1791253091,1791253103,12
26130298,26130299,1791253103,1791253115,12
26130299,26130300,1791253115,1791253127,12
26130300,26130301,1791253127,1791253139,12
26130301,26130302,1791253139,1791253151,12
26130302,26130303,1791253151,1791253163,12
26130303,26130304,1791253163,1791253175,12
26130304,26130305,1791253175,1791253187,12
26130305,26130306,1791253187,1791253199,12
26130306,26130307,1791253199,1791253211,12
26130307,26130308,1791253211,1791253223,12
26130308,26130309,1791253223,1791253235,12
26130309,26130310,1791253235,1791253247,12
26130310,26130311,1791253247,1791253259,12
26130311,26130312,1791253259,1791253271,12
26130312,26130313,1791253271,1791253283,12
26130313,26130314,1791253283,1791253295,12
26130314,26130315,1791253295,1791253307,12
26130315,26130316,1791253307,1791253319,12
26130316,26130317,1791253319,1791253331,12
26130317,26130318,1791253331,1791253343,12
26130318,26130319,1791253343,1791253355,12
26130319,26130320,1791253355,1791253367,12
26130320,26130321,1791253367,1791253379,12
26130321,26130322,1791253379,1791253391,12
26130322,26130323,1791253391,1791253403,12
26130323,26130324,1791253403,1791253415,12
26130324,26130325,1791253415,1791253427,12
26130325,26130326,1791253427,1791253439,12
26130326,26130327,1791253439,1791253451,12
26130327,26130328,1791253451,1791253463,12
26130328,26130329,1791253463,1791253475,12
26130329,26130330,1791253475,1791253487,12
26130330,26130331,1791253487,1791253499,12
26130331,26130332,1791253499,1791253511,12
26130332,26130333,1791253511,1791253523,12
26130333,26130334,1791253523,1791253535,12
26130334,26130335,1791253535,1791253547,12
26130335,26130336,1791253547,1791253559,12
26130336,26130337,1791253559,1791253571,12
26130337,26130338,1791253571,1791253583,12
26130338,26130339,1791253583,1791253595,12
26130339,26130340,1791253595,1791253607,12
26130340,26130341,1791253607,1791253619,12
26130341,26130342,1791253619,1791253631,12
26130342,26130343,1791253631,1791253643,12
26130343,26130344,1791253643,1791253655,12
26130344,26130345,1791253655,1791253667,12
26130345,26130346,1791253667,1791253679,12
26130346,26130347,1791253679,1791253691,12
26130347,26130348,1791253691,1791253703,12
26130348,26130349,1791253703,1791253715,12
26130349,26130350,1791253715,1791253727,12
26130350,26130351,1791253727,1791253739,12
26130351,26130352,1791253739,1791253751,12
26130352,26130353,1791253751,1791253763,12
26130353,26130354,1791253763,1791253775,12
26130354,26130355,1791253775,1791253787,12
26130355,26130356,1791253787,1791253799,12
26130356,26130357,1791253799,1791253811,12
26130357,26130358,1791253811,1791253823,12
26130358,26130359,1791253823,1791253835,12
26130359,26130360,1791253835,1791253847,12
26130360,26130361,1791253847,1791253859,12
26130361,26130362,1791253859,1791253871,12
26130362,26130363,1791253871,1791253883,12
26130363,26130364,1791253883,1791253895,12
26130364,26130365,1791253895,1791253907,12
26130365,26130366,1791253907,1791253919,12
26130366,26130367,1791253919,1791253931,12
26130367,26130368,1791253931,1791253943,12
26130368,26130369,1791253943,1791253955,12
26130369,26130370,1791253955,1791253967,12
26130370,26130371,1791253967,1791253979,12
26130371,26130372,1791253979,1791253991,12
26130372,26130373,1791253991,1791254003,12
26130373,26130374,1791254003,1791254015,12
26130374,26130375,1791254015,1791254027,12
26130375,26130376,1791254027,1791254039,12
26130376,26130377,1791254039,1791254051,12
26130377,26130378,1791254051,1791254063,12
26130378,26130379,1791254063,1791254075,12
26130379,26130380,1791254075,1791254087,12
26130380,26130381,1791254087,1791254099,12
26130381,26130382,1791254099,1791254111,12
26130382,26130383,1791254111,1791254123,12
26130383,26130384,1791254123,1791254135,12
26130384,26130385,1791254135,1791254147,12
26130385,26130386,1791254147,1791254159,12
26130386,26130387,1791254159,1791254171,12
26130387,26130388,1791254171,1791254183,12
26130388,26130389,1791254183,1791254195,12
26130389,26130390,1791254195,1791254207,12
26130390,26130391,1791254207,1791254219,12
26130391,26130392,1791254219,1791254231,12
26130392,26130393,1791254231,1791254243,12
26130393,26130394,1791254243,1791254255,12
26130394,26130395,1791254255,1791254267,12
26130395,26130396,1791254267,1791254279,12
26130396,26130397,1791254279,1791254291,12
26130397,26130398,1791254291,1791254303,12
26130398,26130399,1791254303,1791254315,12
26130399,26130400,1791254315,1791254327,12
26130400,26130401,1791254327,1791254339,12
26130401,26130402,1791254339,1791254351,12
26130402,26130403,1791254351,1791254363,12
26130403,26130404,1791254363,1791254375,12
26130404,26130405,1791254375,1791254387,12
26130405,26130406,1791254387,1791254399,12
26130406,26130407,1791254399,1791254411,12
26130407,26130408,1791254411,1791254423,12
26130408,26130409,1791254423,1791254435,12
26130409,26130410,1791254435,1791254447,12
26130410,26130411,1791254447,1791254459,12
26130411,26130412,1791254459,1791254471,12
26130412,26130413,1791254471,1791254483,12
26130413,26130414,1791254483,1791254495,12
26130414,26130415,1791254495,1791254507,12
26130415,26130416,1791254507,1791254519,12
26130416,26130417,1791254519,1791254531,12
26130417,26130418,1791254531,1791254543,12
26130418,26130419,1791254543,1791254555,12
26130419,26130420,1791254555,1791254567,12
26130420,26130421,1791254567,1791254579,12
26130421,26130422,1791254579,1791254591,12
26130422,26130423,1791254591,1791254603,12
26130423,26130424,1791254603,1791254615,12
26130424,26130425,1791254615,1791254627,12
26130425,26130426,1791254627,1791254639,12
26130426,26130427,1791254639,1791254651,12
26130427,26130428,1791254651,1791254663,12
26130428,26130429,1791254663,1791254675,12
26130429,26130430,1791254675,1791254687,12
26130430,26130431,1791254687,1791254699,12
26130431,26130432,1791254699,1791254711,12
26130432,26130433,1791254711,1791254723,12
26130433,26130434,1791254723,1791254735,12
26130434,26130435,1791254735,1791254747,12
26130435,26130436,1791254747,1791254759,12
26130436,26130437,1791254759,1791254771,12
26130437,26130438,1791254771,1791254783,12
26130438,26130439,1791254783,1791254795,12
26130439,26130440,1791254795,1791254807,12
26130440,26130441,1791254807,1791254819,12
26130441,26130442,1791254819,1791254831,12
26130442,26130443,1791254831,1791254843,12
26130443,26130444,1791254843,1791254855,12
26130444,26130445,1791254855,1791254867,12
26130445,26130446,1791254867,1791254879,12
26130446,26130447,1791254879,1791254891,12
26130447,26130448,1791254891,1791254903,12
26130448,26130449,1791254903,1791254915,12
26130449,26130450,1791254915,1791254927,12
26130450,26130451,1791254927,1791254939,12
26130451,26130452,1791254939,1791254951,12
26130452,26130453,1791254951,1791254963,12
26130453,26130454,1791254963,1791254975,12
26130454,26130455,1791254975,1791254987,12
26130455,26130456,1791254987,1791254999,12
26130456,26130457,1791254999,1791255011,12
26130457,26130458,1791255011,1791255023,12
26130458,26130459,1791255023,1791255035,12
26130459,26130460,1791255035,1791255047,12
26130460,26130461,1791255047,1791255059,12
26130461,26130462,1791255059,1791255071,12
26130462,26130463,1791255071,1791255083,12
26130463,26130464,1791255083,1791255095,12
26130464,26130465,1791255095,1791255107,12
26130465,26130466,1791255107,1791255119,12
26130466,26130467,1791255119,1791255131,12
26130467,26130468,1791255131,1791255143,12
26130468,26130469,1791255143,1791255155,12
26130469,26130470,1791255155,1791255167,12
26130470,26130471,1791255167,1791255179,12
26130471,26130472,1791255179,1791255191,12
26130472,26130473,1791255191,1791255203,12
26130473,26130474,1791255203,1791255215,12
26130474,26130475,1791255215,1791255227,12
26130475,26130476,1791255227,1791255239,12
26130476,26130477,1791255239,1791255251,12
26130477,26130478,1791255251,1791255263,12
26130478,26130479,1791255263,1791255275,12
26130479,26130480,1791255275,1791255287,12
26130480,26130481,1791255287,1791255299,12
26130481,26130482,1791255299,1791255311,12
26130482,26130483,1791255311,1791255323,12
26130483,26130484,1791255323,1791255335,12
26130484,26130485,1791255335,1791255347,12
26130485,26130486,1791255347,1791255359,12
26130486,26130487,1791255359,1791255371,12
26130487,26130488,1791255371,1791255383,12
26130488,26130489,1791255383,1791255395,12
26130489,26130490,1791255395,1791255407,12
26130490,26130491,1791255407,1791255419,12
26130491,26130492,1791255419,1791255431,12
26130492,26130493,1791255431,1791255443,12
26130493,26130494,1791255443,1791255455,12
26130494,26130495,1791255455,1791255467,12
26130495,26130496,1791255467,1791255479,12
26130496,26130497,1791255479,1791255491,12
26130497,26130498,1791255491,1791255503,12
26130498,26130499,1791255503,1791255515,12
26130499,26130500,1791255515,1791255527,12
26130500,26130501,1791255527,1791255539,12
26130501,26130502,1791255539,1791255551,12
26130502,26130503,1791255551,1791255563,12
26130503,26130504,1791255563,1791255575,12
26130504,26130505,1791255575,1791255587,12
26130505,26130506,1791255587,1791255599,12
26130506,26130507,1791255599,1791255611,12
26130507,26130508,1791255611,1791255623,12
26130508,26130509,1791255623,1791255635,12
26130509,26130510,1791255635,1791255647,12
26130510,26130511,1791255647,1791255659,12
26130511,26130512,1791255659,1791255671,12
26130512,26130513,1791255671,1791255683,12
26130513,26130514,1791255683,1791255695,12
26130514,26130515,1791255695,1791255707,12
26130515,26130516,1791255707,1791255719,12
26130516,26130517,1791255719,1791255731,12
26130517,26130518,1791255731,1791255743,12
26130518,26130519,1791255743,1791255755,12
26130519,26130520,1791255755,1791255767,12
26130520,26130521,1791255767,1791255779,12
26130521,26130522,1791255779,1791255791,12
26130522,26130523,1791255791,1791255803,12
26130523,26130524,1791255803,1791255815,12
26130524,26130525,1791255815,1791255827,12
26130525,26130526,1791255827,1791255839,12
26130526,26130527,1791255839,1791255851,12
26130527,26130528,1791255851,1791255863,12
26130528,26130529,1791255863,1791255875,12
26130529,26130530,1791255875,1791255887,12
26130530,26130531,1791255887,1791255899,12
26130531,26130532,1791255899,1791255911,12
26130532,26130533,1791255911,1791255923,12
26130533,26130534,1791255923,1791255935,12
26130534,26130535,1791255935,1791255947,12
26130535,26130536,1791255947,1791255959,12
26130536,26130537,1791255959,1791255971,12
26130537,26130538,1791255971,1791255983,12
26130538,26130539,1791255983,1791255995,12
26130539,26130540,1791255995,1791256007,12
26130540,26130541,1791256007,1791256019,12
26130541,26130542,1791256019,1791256031,12
26130542,26130543,1791256031,1791256043,12
26130543,26130544,1791256043,1791256055,12
26130544,26130545,1791256055,1791256067,12
26130545,26130546,1791256067,1791256079,12
26130546,26130547,1791256079,1791256091,12
26130547,26130548,1791256091,1791256103,12
26130548,26130549,1791256103,1791256115,12
26130549,26130550,1791256115,1791256127,12
26130550,26130551,1791256127,1791256139,12
26130551,26130552,1791256139,1791256151,12
26130552,26130553,1791256151,1791256163,12
26130553,26130554,1791256163,1791256175,12
26130554,26130555,1791256175,1791256187,12
26130555,26130556,1791256187,1791256199,12
26130556,26130557,1791256199,1791256211,12
26130557,26130558,1791256211,1791256223,12
26130558,26130559,1791256223,1791256235,12
26130559,26130560,1791256235,1791256247,12
26130560,26130561,1791256247,1791256259,12
26130561,26130562,1791256259,1791256271,12
26130562,26130563,1791256271,1791256283,12
26130563,26130564,1791256283,1791256295,12
26130564,26130565,1791256295,1791256307,12
26130565,26130566,1791256307,1791256319,12
26130566,26130567,1791256319,1791256331,12
26130567,26130568,1791256331,1791256343,12
26130568,26130569,1791256343,1791256355,12
26130569,26130570,1791256355,1791256367,12
26130570,26130571,1791256367,1791256379,12
26130571,26130572,1791256379,1791256391,12
26130572,26130573,1791256391,1791256403,12
26130573,26130574,1791256403,1791256415,12
26130574,26130575,1791256415,1791256427,12
26130575,26130576,1791256427,1791256439,12
26130576,26130577,1791256439,1791256451,12
26130577,26130578,1791256451,1791256463,12
26130578,26130579,1791256463,1791256475,12
26130579,26130580,1791256475,1791256487,12
26130580,26130581,1791256487,1791256499,12
26130581,26130582,1791256499,1791256511,12
26130582,26130583,1791256511,1791256523,12
26130583,26130584,1791256523,1791256535,12
26130584,26130585,1791256535,1791256547,12
26130585,26130586,1791256547,1791256559,12
26130586,26130587,1791256559,1791256571,12
26130587,26130588,1791256571,1791256583,12
26130588,26130589,1791256583,1791256595,12
26130589,26130590,1791256595,1791256607,12
26130590,26130591,1791256607,1791256619,12
26130591,26130592,1791256619,1791256631,12
26130592,26130593,1791256631,1791256643,12
26130593,26130594,1791256643,1791256655,12
26130594,26130595,1791256655,1791256667,12
26130595,26130596,1791256667,1791256679,12
26130596,26130597,1791256679,1791256691,12
26130597,26130598,1791256691,1791256703,12
26130598,26130599,1791256703,1791256715,12
26130599,26130600,1791256715,1791256727,12
26130600,26130601,1791256727,1791256739,12
26130601,26130602,1791256739,1791256751,12
26130602,26130603,1791256751,1791256763,12
26130603,26130604,1791256763,1791256775,12
26130604,26130605,1791256775,1791256787,12
26130605,26130606,1791256787,1791256799,12
26130606,26130607,1791256799,1791256811,12
26130607,26130608,1791256811,1791256823,12
26130608,26130609,1791256823,1791256835,12
26130609,26130610,1791256835,1791256847,12
26130610,26130611,1791256847,1791256859,12
26130611,26130612,1791256859,1791256871,12
26130612,26130613,1791256871,1791256883,12
26130613,26130614,1791256883,1791256895,12
26130614,26130615,1791256895,1791256907,12
26130615,26130616,1791256907,1791256919,12
26130616,26130617,1791256919,1791256931,12
26130617,26130618,1791256931,1791256943,12
26130618,26130619,1791256943,1791256955,12
26130619,26130620,1791256955,1791256967,12
26130620,26130621,1791256967,1791256979,12
26130621,26130622,1791256979,1791256991,12
26130622,26130623,1791256991,1791257003,12
26130623,26130624,1791257003,1791257015,12
26130624,26130625,1791257015,1791257027,12
26130625,26130626,1791257027,1791257039,12
26130626,26130627,1791257039,1791257051,12
26130627,26130628,1791257051,1791257063,12
26130628,26130629,1791257063,1791257075,12
26130629,26130630,1791257075,1791257087,12
26130630,26130631,1791257087,1791257099,12
26130631,26130632,1791257099,1791257111,12
26130632,26130633,1791257111,1791257123,12
26130633,26130634,1791257123,1791257135,12
26130634,26130635,1791257135,1791257147,12
26130635,26130636,1791257147,1791257159,12
26130636,26130637,1791257159,1791257171,12
26130637,26130638,1791257171,1791257183,12
26130638,26130639,1791257183,1791257195,12
26130639,26130640,1791257195,1791257207,12
26130640,26130641,1791257207,1791257219,12
26130641,26130642,1791257219,1791257231,12
26130642,26130643,1791257231,1791257243,12
26130643,26130644,1791257243,1791257255,12
26130644,26130645,1791257255,1791257267,12
26130645,26130646,1791257267,1791257279,12
26130646,26130647,1791257279,1791257291,12
26130647,26130648,1791257291,1791257303,12
26130648,26130649,1791257303,1791257315,12
26130649,26130650,1791257315,1791257327,12
26130650,26130651,1791257327,1791257339,12
26130651,26130652,1791257339,1791257351,12
26130652,26130653,1791257351,1791257363,12
26130653,26130654,1791257363,1791257375,12
26130654,26130655,1791257375,1791257387,12
26130655,26130656,1791257387,1791257399,12
26130656,26130657,1791257399,1791257411,12
26130657,26130658,1791257411,1791257423,12
26130658,26130659,1791257423,1791257435,12
26130659,26130660,1791257435,1791257447,12
26130660,26130661,1791257447,1791257459,12
26130661,26130662,1791257459,1791257471,12
26130662,26130663,1791257471,1791257483,12
26130663,26130664,1791257483,1791257495,12
26130664,26130665,1791257495,1791257507,12
26130665,26130666,1791257507,1791257519,12
26130666,26130667,1791257519,1791257531,12
26130667,26130668,1791257531,1791257543,12
26130668,26130669,1791257543,1791257555,12
26130669,26130670,1791257555,1791257567,12
26130670,26130671,1791257567,1791257579,12
26130671,26130672,1791257579,1791257591,12
26130672,26130673,1791257591,1791257603,12
26130673,26130674,1791257603,1791257615,12
26130674,26130675,1791257615,1791257627,12
26130675,26130676,1791257627,1791257639,12
26130676,26130677,1791257639,1791257651,12
26130677,26130678,1791257651,1791257663,12
26130678,26130679,1791257663,1791257675,12
26130679,26130680,1791257675,1791257687,12
26130680,26130681,1791257687,1791257699,12
26130681,26130682,1791257699,1791257711,12
26130682,26130683,1791257711,1791257723,12
26130683,26130684,1791257723,1791257735,12
26130684,26130685,1791257735,1791257747,12
26130685,26130686,1791257747,1791257759,12
26130686,26130687,1791257759,1791257771,12
26130687,26130688,1791257771,1791257783,12
26130688,26130689,1791257783,1791257795,12
26130689,26130690,1791257795,1791257807,12
26130690,26130691,1791257807,1791257819,12
26130691,26130692,1791257819,1791257831,12
26130692,26130693,1791257831,1791257843,12
26130693,26130694,1791257843,1791257855,12
26130694,26130695,1791257855,1791257867,12
26130695,26130696,1791257867,1791257879,12
26130696,26130697,1791257879,1791257891,12
26130697,26130698,1791257891,1791257903,12
26130698,26130699,1791257903,1791257915,12
26130699,26130700,1791257915,1791257927,12
26130700,26130701,1791257927,1791257939,12
26130701,26130702,1791257939,1791257951,12
26130702,26130703,1791257951,1791257963,12
26130703,26130704,1791257963,1791257975,12
26130704,26130705,1791257975,1791257987,12
26130705,26130706,1791257987,1791257999,12
26130706,26130707,1791257999,1791258011,12
26130707,26130708,1791258011,1791258023,12
26130708,26130709,1791258023,1791258035,12
26130709,26130710,1791258035,1791258047,12
26130710,26130711,1791258047,1791258059,12
26130711,26130712,1791258059,1791258083,24
26130712,26130713,1791258083,1791258095,12
26130713,26130714,1791258095,1791258107,12
26130714,26130715,1791258107,1791258119,12
26130715,26130716,1791258119,1791258131,12
26130716,26130717,1791258131,1791258143,12
26130717,26130718,1791258143,1791258155,12
26130718,26130719,1791258155,1791258167,12
26130719,26130720,1791258167,1791258179,12
26130720,26130721,1791258179,1791258191,12
26130721,26130722,1791258191,1791258203,12
26130722,26130723,1791258203,1791258215,12
26130723,26130724,1791258215,1791258227,12
26130724,26130725,1791258227,1791258239,12
26130725,26130726,1791258239,1791258251,12
26130726,26130727,1791258251,1791258263,12
26130727,26130728,1791258263,1791258275,12
26130728,26130729,1791258275,1791258287,12
26130729,26130730,1791258287,1791258299,12
26130730,26130731,1791258299,1791258311,12
26130731,26130732,1791258311,1791258323,12
26130732,26130733,1791258323,1791258335,12
26130733,26130734,1791258335,1791258347,12
26130734,26130735,1791258347,1791258359,12
26130735,26130736,1791258359,1791258371,12
26130736,26130737,1791258371,1791258383,12
26130737,26130738,1791258383,1791258395,12
26130738,26130739,1791258395,1791258407,12
26130739,26130740,1791258407,1791258419,12
26130740,26130741,1791258419,1791258431,12
26130741,26130742,1791258431,1791258443,12
26130742,26130743,1791258443,1791258455,12
26130743,26130744,1791258455,1791258467,12
26130744,26130745,1791258467,1791258479,12
26130745,26130746,1791258479,1791258491,12
26130746,26130747,1791258491,1791258503,12
26130747,26130748,1791258503,1791258515,12
26130748,26130749,1791258515,1791258527,12
26130749,26130750,1791258527,1791258539,12
26130750,26130751,1791258539,1791258551,12
26130751,26130752,1791258551,1791258563,12
26130752,26130753,1791258563,1791258575,12
26130753,26130754,1791258575,1791258587,12
26130754,26130755,1791258587,1791258599,12
26130755,26130756,1791258599,1791258611,12
26130756,26130757,1791258611,1791258623,12
26130757,26130758,1791258623,1791258635,12
26130758,26130759,1791258635,1791258647,12
26130759,26130760,1791258647,1791258659,12
26130760,26130761,1791258659,1791258671,12
26130761,26130762,1791258671,1791258683,12
26130762,26130763,1791258683,1791258695,12
26130763,26130764,1791258695,1791258707,12
26130764,26130765,1791258707,1791258719,12
26130765,26130766,1791258719,1791258731,12
26130766,26130767,1791258731,1791258743,12
26130767,26130768,1791258743,1791258755,12
26130768,26130769,1791258755,1791258767,12
26130769,26130770,1791258767,1791258779,12
26130770,26130771,1791258779,1791258791,12
26130771,26130772,1791258791,1791258803,12
26130772,26130773,1791258803,1791258815,12
26130773,26130774,1791258815,1791258827,12
26130774,26130775,1791258827,1791258839,12
26130775,26130776,1791258839,1791258851,12
26130776,26130777,1791258851,1791258863,12
26130777,26130778,1791258863,1791258875,12
26130778,26130779,1791258875,1791258887,12
26130779,26130780,1791258887,1791258899,12
26130780,26130781,1791258899,1791258911,12
26130781,26130782,1791258911,1791258923,12
26130782,26130783,1791258923,1791258935,12
26130783,26130784,1791258935,1791258947,12
26130784,26130785,1791258947,1791258959,12
26130785,26130786,1791258959,1791258971,12
26130786,26130787,1791258971,1791258983,12
26130787,26130788,1791258983,1791258995,12
26130788,26130789,1791258995,1791259007,12
26130789,26130790,1791259007,1791259019,12
26130790,26130791,1791259019,1791259031,12
26130791,26130792,1791259031,1791259043,12
26130792,26130793,1791259043,1791259055,12
26130793,26130794,1791259055,1791259067,12
26130794,26130795,1791259067,1791259079,12
26130795,26130796,1791259079,1791259091,12
26130796,26130797,1791259091,1791259103,12
26130797,26130798,1791259103,1791259115,12
26130798,26130799,1791259115,1791259127,12
26130799,26130800,1791259127,1791259139,12
26130800,26130801,1791259139,1791259151,12
26130801,26130802,1791259151,1791259163,12
26130802,26130803,1791259163,1791259175,12
26130803,26130804,1791259175,1791259187,12
26130804,26130805,1791259187,1791259199,12
26130805,26130806,1791259199,1791259211,12
26130806,26130807,1791259211,1791259223,12
26130807,26130808,1791259223,1791259235,12
26130808,26130809,1791259235,1791259247,12
26130809,26130810,1791259247,1791259259,12
26130810,26130811,1791259259,1791259271,12
26130811,26130812,1791259271,1791259283,12
26130812,26130813,1791259283,1791259295,12
26130813,26130814,1791259295,1791259307,12
26130814,26130815,1791259307,1791259319,12
26130815,26130816,1791259319,1791259331,12
26130816,26130817,1791259331,1791259343,12
26130817,26130818,1791259343,1791259355,12
26130818,26130819,1791259355,1791259367,12
26130819,26130820,1791259367,1791259379,12
26130820,26130821,1791259379,1791259391,12
26130821,26130822,1791259391,1791259403,12
26130822,26130823,1791259403,1791259415,12
26130823,26130824,1791259415,1791259427,12
26130824,26130825,1791259427,1791259439,12
26130825,26130826,1791259439,1791259451,12
26130826,26130827,1791259451,1791259463,12
26130827,26130828,1791259463,1791259475,12
26130828,26130829,1791259475,1791259487,12
26130829,26130830,1791259487,1791259499,12
26130830,26130831,1791259499,1791259511,12
26130831,26130832,1791259511,1791259523,12
26130832,26130833,1791259523,1791259535,12
26130833,26130834,1791259535,1791259547,12
26130834,26130835,1791259547,1791259559,12
26130835,26130836,1791259559,1791259571,12
26130836,26130837,1791259571,1791259583,12
26130837,26130838,1791259583,1791259595,12
26130838,26130839,1791259595,1791259607,12
26130839,26130840,1791259607,1791259619,12
26130840,26130841,1791259619,1791259631,12
26130841,26130842,1791259631,1791259643,12
26130842,26130843,1791259643,1791259655,12
26130843,26130844,1791259655,1791259667,12
26130844,26130845,1791259667,1791259679,12
26130845,26130846,1791259679,1791259691,12
26130846,26130847,1791259691,1791259703,12
26130847,26130848,1791259703,1791259715,12
26130848,26130849,1791259715,1791259727,12
26130849,26130850,1791259727,1791259739,12
26130850,26130851,1791259739,1791259751,12
26130851,26130852,1791259751,1791259763,12
26130852,26130853,1791259763,1791259775,12
26130853,26130854,1791259775,1791259787,12
26130854,26130855,1791259787,1791259799,12
26130855,26130856,1791259799,1791259811,12
26130856,26130857,1791259811,1791259823,12
26130857,26130858,1791259823,1791259835,12
26130858,26130859,1791259835,1791259847,12
26130859,26130860,1791259847,1791259859,12
26130860,26130861,1791259859,1791259871,12
26130861,26130862,1791259871,1791259883,12
26130862,26130863,1791259883,1791259895,12
26130863,26130864,1791259895,1791259907,12
26130864,26130865,1791259907,1791259919,12
26130865,26130866,1791259919,1791259931,12
26130866,26130867,1791259931,1791259943,12
26130867,26130868,1791259943,1791259955,12
26130868,26130869,1791259955,1791259967,12
26130869,26130870,1791259967,1791259979,12
26130870,26130871,1791259979,1791259991,12
26130871,26130872,1791259991,1791260003,12
26130872,26130873,1791260003,1791260015,12
26130873,26130874,1791260015,1791260027,12
26130874,26130875,1791260027,1791260039,12
26130875,26130876,1791260039,1791260051,12
26130876,26130877,1791260051,1791260063,12
26130877,26130878,1791260063,1791260075,12
26130878,26130879,1791260075,1791260087,12
26130879,26130880,1791260087,1791260099,12
26130880,26130881,1791260099,1791260111,12
26130881,26130882,1791260111,1791260123,12
26130882,26130883,1791260123,1791260135,12
26130883,26130884,1791260135,1791260147,12
26130884,26130885,1791260147,1791260159,12
26130885,26130886,1791260159,1791260171,12
26130886,26130887,1791260171,1791260183,12
26130887,26130888,1791260183,1791260195,12
26130888,26130889,1791260195,1791260207,12
26130889,26130890,1791260207,1791260219,12
26130890,26130891,1791260219,1791260231,12
26130891,26130892,1791260231,1791260243,12
26130892,26130893,1791260243,1791260255,12
26130893,26130894,1791260255,1791260267,12
26130894,26130895,1791260267,1791260279,12
26130895,26130896,1791260279,1791260291,12
26130896,26130897,1791260291,1791260303,12
26130897,26130898,1791260303,1791260315,12
26130898,26130899,1791260315,1791260327,12
26130899,26130900,1791260327,1791260339,12
26130900,26130901,1791260339,1791260351,12
26130901,26130902,1791260351,1791260363,12
26130902,26130903,1791260363,1791260375,12
26130903,26130904,1791260375,1791260387,12
26130904,26130905,1791260387,1791260399,12
26130905,26130906,1791260399,1791260411,12
26130906,26130907,1791260411,1791260423,12
26130907,26130908,1791260423,1791260435,12
26130908,26130909,1791260435,1791260447,12
26130909,26130910,1791260447,1791260459,12
26130910,26130911,1791260459,1791260471,12
26130911,26130912,1791260471,1791260483,12
26130912,26130913,1791260483,1791260495,12
26130913,26130914,1791260495,1791260507,12
26130914,26130915,1791260507,1791260519,12
26130915,26130916,1791260519,1791260531,12
26130916,26130917,1791260531,1791260543,12
26130917,26130918,1791260543,1791260555,12
26130918,26130919,1791260555,1791260567,12
26130919,26130920,1791260567,1791260579,12
26130920,26130921,1791260579,1791260591,12
26130921,26130922,1791260591,1791260603,12
26130922,26130923,1791260603,1791260615,12
26130923,26130924,1791260615,1791260627,12
26130924,26130925,1791260627,1791260639,12
26130925,26130926,1791260639,1791260651,12
26130926,26130927,1791260651,1791260663,12
26130927,26130928,1791260663,1791260675,12
26130928,26130929,1791260675,1791260687,12
26130929,26130930,1791260687,1791260699,12
26130930,26130931,1791260699,1791260711,12
26130931,26130932,1791260711,1791260723,12
26130932,26130933,1791260723,1791260735,12
26130933,26130934,1791260735,1791260747,12
26130934,26130935,1791260747,1791260759,12
26130935,26130936,1791260759,1791260771,12
26130936,26130937,1791260771,1791260783,12
26130937,26130938,1791260783,1791260795,12
26130938,26130939,1791260795,1791260807,12
26130939,26130940,1791260807,1791260819,12
26130940,26130941,1791260819,1791260831,12
26130941,26130942,1791260831,1791260843,12
26130942,26130943,1791260843,1791260855,12
26130943,26130944,1791260855,1791260867,12
26130944,26130945,1791260867,1791260879,12
26130945,26130946,1791260879,1791260891,12
26130946,26130947,1791260891,1791260903,12
26130947,26130948,1791260903,1791260915,12
26130948,26130949,1791260915,1791260927,12
26130949,26130950,1791260927,1791260939,12
26130950,26130951,1791260939,1791260951,12
26130951,26130952,1791260951,1791260963,12
26130952,26130953,1791260963,1791260975,12
26130953,26130954,1791260975,1791260987,12
26130954,26130955,1791260987,1791260999,12
26130955,26130956,1791260999,1791261011,12
26130956,26130957,1791261011,1791261023,12
26130957,26130958,1791261023,1791261035,12
26130958,26130959,1791261035,1791261047,12
26130959,26130960,1791261047,1791261059,12
26130960,26130961,1791261059,1791261071,12
26130961,26130962,1791261071,1791261083,12
26130962,26130963,1791261083,1791261095,12
26130963,26130964,1791261095,1791261107,12
26130964,26130965,1791261107,1791261119,12
26130965,26130966,1791261119,1791261131,12
26130966,26130967,1791261131,1791261143,12
26130967,26130968,1791261143,1791261155,12
26130968,26130969,1791261155,1791261167,12
26130969,26130970,1791261167,1791261179,12
26130970,26130971,1791261179,1791261191,12
26130971,26130972,1791261191,1791261203,12
26130972,26130973,1791261203,1791261215,12
26130973,26130974,1791261215,1791261227,12
26130974,26130975,1791261227,1791261239,12
26130975,26130976,1791261239,1791261251,12
26130976,26130977,1791261251,1791261263,12
26130977,26130978,1791261263,1791261275,12
26130978,26130979,1791261275,1791261287,12
26130979,26130980,1791261287,1791261299,12
26130980,26130981,1791261299,1791261311,12
26130981,26130982,1791261311,1791261323,12
26130982,26130983,1791261323,1791261335,12
26130983,26130984,1791261335,1791261347,12
26130984,26130985,1791261347,1791261359,12
26130985,26130986,1791261359,1791261371,12
26130986,26130987,1791261371,1791261383,12
26130987,26130988,1791261383,1791261395,12
26130988,26130989,1791261395,1791261407,12
26130989,26130990,1791261407,1791261419,12
26130990,26130991,1791261419,1791261431,12
26130991,26130992,1791261431,1791261443,12
26130992,26130993,1791261443,1791261455,12
26130993,26130994,1791261455,1791261467,12
26130994,26130995,1791261467,1791261479,12
26130995,26130996,1791261479,1791261491,12
26130996,26130997,1791261491,1791261503,12
26130997,26130998,1791261503,1791261515,12
26130998,26130999,1791261515,1791261527,12
26130999,26131000,1791261527,1791261539,12
26131000,26131001,1791261539,1791261551,12
26131001,26131002,1791261551,1791261563,12
26131002,26131003,1791261563,1791261575,12
26131003,26131004,1791261575,1791261587,12
26131004,26131005,1791261587,1791261599,12
26131005,26131006,1791261599,1791261611,12
26131006,26131007,1791261611,1791261623,12
26131007,26131008,1791261623,1791261635,12
26131008,26131009,1791261635,1791261647,12
26131009,26131010,1791261647,1791261659,12
26131010,26131011,1791261659,1791261671,12
26131011,26131012,1791261671,1791261683,12
26131012,26131013,1791261683,1791261695,12
26131013,26131014,1791261695,1791261707,12
26131014,26131015,1791261707,1791261719,12
26131015,26131016,1791261719,1791261731,12
26131016,26131017,1791261731,1791261743,12
26131017,26131018,1791261743,1791261755,12
26131018,26131019,1791261755,1791261767,12
26131019,26131020,1791261767,1791261779,12
26131020,26131021,1791261779,1791261791,12
26131021,26131022,1791261791,1791261803,12
26131022,26131023,1791261803,1791261815,12
26131023,26131024,1791261815,1791261827,12
26131024,26131025,1791261827,1791261839,12
26131025,26131026,1791261839,1791261851,12
26131026,26131027,1791261851,1791261863,12
26131027,26131028,1791261863,1791261875,12
26131028,26131029,1791261875,1791261887,12
26131029,26131030,1791261887,1791261899,12
26131030,26131031,1791261899,1791261911,12
26131031,26131032,1791261911,1791261923,12
26131032,26131033,1791261923,1791261935,12
26131033,26131034,1791261935,1791261947,12
26131034,26131035,1791261947,1791261959,12
26131035,26131036,1791261959,1791261971,12
26131036,26131037,1791261971,1791261983,12
26131037,26131038,1791261983,1791261995,12
26131038,26131039,1791261995,1791262007,12
26131039,26131040,1791262007,1791262019,12
26131040,26131041,1791262019,1791262031,12
26131041,26131042,1791262031,1791262043,12
26131042,26131043,1791262043,1791262055,12
26131043,26131044,1791262055,1791262067,12
26131044,26131045,1791262067,1791262079,12
26131045,26131046,1791262079,1791262091,12
26131046,26131047,1791262091,1791262103,12
26131047,26131048,1791262103,1791262115,12
26131048,26131049,1791262115,1791262127,12
26131049,26131050,1791262127,1791262139,12
26131050,26131051,1791262139,1791262151,12
26131051,26131052,1791262151,1791262163,12
26131052,26131053,1791262163,1791262175,12
26131053,26131054,1791262175,1791262187,12
26131054,26131055,1791262187,1791262199,12
26131055,26131056,1791262199,1791262211,12
26131056,26131057,1791262211,1791262223,12
26131057,26131058,1791262223,1791262235,12
26131058,26131059,1791262235,1791262247,12
26131059,26131060,1791262247,1791262259,12
26131060,26131061,1791262259,1791262271,12
26131061,26131062,1791262271,1791262283,12
26131062,26131063,1791262283,1791262295,12
26131063,26131064,1791262295,1791262307,12
26131064,26131065,1791262307,1791262319,12
26131065,26131066,1791262319,1791262331,12
26131066,26131067,1791262331,1791262343,12
26131067,26131068,1791262343,1791262355,12
26131068,26131069,1791262355,1791262367,12
26131069,26131070,1791262367,1791262379,12
26131070,26131071,1791262379,1791262391,12
26131071,26131072,1791262391,1791262403,12
26131072,26131073,1791262403,1791262415,12
26131073,26131074,1791262415,1791262427,12
26131074,26131075,1791262427,1791262439,12
26131075,26131076,1791262439,1791262451,12
26131076,26131077,1791262451,1791262463,12
26131077,26131078,1791262463,1791262475,12
26131078,26131079,1791262475,1791262487,12
26131079,26131080,1791262487,1791262499,12
26131080,26131081,1791262499,1791262511,12
26131081,26131082,1791262511,1791262523,12
26131082,26131083,1791262523,1791262535,12
26131083,26131084,1791262535,1791262547,12
26131084,26131085,1791262547,1791262559,12
26131085,26131086,1791262559,1791262571,12
26131086,26131087,1791262571,1791262583,12
26131087,26131088,1791262583,1791262595,12
26131088,26131089,1791262595,1791262607,12
26131089,26131090,1791262607,1791262619,12
26131090,26131091,1791262619,1791262631,12
26131091,26131092,1791262631,1791262643,12
26131092,26131093,1791262643,1791262655,12
26131093,26131094,1791262655,1791262667,12
26131094,26131095,1791262667,1791262679,12
26131095,26131096,1791262679,1791262691,12
26131096,26131097,1791262691,1791262703,12
26131097,26131098,1791262703,1791262715,12
26131098,26131099,1791262715,1791262727,12
26131099,26131100,1791262727,1791262739,12
26131100,26131101,1791262739,1791262751,12
26131101,26131102,1791262751,1791262763,12
26131102,26131103,1791262763,1791262775,12
26131103,26131104,1791262775,1791262787,12
26131104,26131105,1791262787,1791262799,12
26131105,26131106,1791262799,1791262811,12
26131106,26131107,1791262811,1791262823,12
26131107,26131108,1791262823,1791262835,12
26131108,26131109,1791262835,1791262847,12
26131109,26131110,1791262847,1791262859,12
26131110,26131111,1791262859,1791262871,12
26131111,26131112,1791262871,1791262883,12
26131112,26131113,1791262883,1791262895,12
26131113,26131114,1791262895,1791262907,12
26131114,26131115,1791262907,1791262919,12
26131115,26131116,1791262919,1791262931,12
26131116,26131117,1791262931,1791262943,12
26131117,26131118,1791262943,1791262955,12
26131118,26131119,1791262955,1791262967,12
26131119,26131120,1791262967,1791262979,12
26131120,26131121,1791262979,1791262991,12
26131121,26131122,1791262991,1791263003,12
26131122,26131123,1791263003,1791263015,12
26131123,26131124,1791263015,1791263027,12
26131124,26131125,1791263027,1791263039,12
26131125,26131126,1791263039,1791263051,12
26131126,26131127,1791263051,1791263063,12
26131127,26131128,1791263063,1791263075,12
26131128,26131129,1791263075,1791263087,12
26131129,26131130,1791263087,1791263099,12
26131130,26131131,1791263099,1791263111,12
26131131,26131132,1791263111,1791263123,12
26131132,26131133,1791263123,1791263135,12
26131133,26131134,1791263135,1791263147,12
26131134,26131135,1791263147,1791263159,12
26131135,26131136,1791263159,1791263171,12
26131136,26131137,1791263171,1791263183,12
26131137,26131138,1791263183,1791263195,12
26131138,26131139,1791263195,1791263207,12
26131139,26131140,1791263207,1791263219,12
26131140,26131141,1791263219,1791263231,12
26131141,26131142,1791263231,1791263243,12
26131142,26131143,1791263243,1791263255,12
26131143,26131144,1791263255,1791263267,12
26131144,26131145,1791263267,1791263279,12
26131145,26131146,1791263279,1791263291,12
26131146,26131147,1791263291,1791263303,12
26131147,26131148,1791263303,1791263315,12
26131148,26131149,1791263315,1791263327,12
26131149,26131150,1791263327,1791263339,12
26131150,26131151,1791263339,1791263351,12
26131151,26131152,1791263351,1791263363,12
26131152,26131153,1791263363,1791263375,12
26131153,26131154,1791263375,1791263387,12
26131154,26131155,1791263387,1791263399,12
26131155,26131156,1791263399,1791263411,12
26131156,26131157,1791263411,1791263423,12
26131157,26131158,1791263423,1791263435,12
26131158,26131159,1791263435,1791263447,12
26131159,26131160,1791263447,1791263459,12
26131160,26131161,1791263459,1791263471,12
26131161,26131162,1791263471,1791263483,12
26131162,26131163,1791263483,1791263495,12
26131163,26131164,1791263495,1791263507,12
26131164,26131165,1791263507,1791263519,12
26131165,26131166,1791263519,1791263531,12
26131166,26131167,1791263531,1791263543,12
26131167,26131168,1791263543,1791263555,12
26131168,26131169,1791263555,1791263567,12
26131169,26131170,1791263567,1791263579,12
26131170,26131171,1791263579,1791263591,12
26131171,26131172,1791263591,1791263603,12
26131172,26131173,1791263603,1791263615,12
26131173,26131174,1791263615,1791263627,12
26131174,26131175,1791263627,1791263639,12
26131175,26131176,1791263639,1791263651,12
26131176,26131177,1791263651,1791263663,12
26131177,26131178,1791263663,1791263675,12
26131178,26131179,1791263675,1791263687,12
26131179,26131180,1791263687,1791263699,12
26131180,26131181,1791263699,1791263711,12
26131181,26131182,1791263711,1791263723,12
26131182,26131183,1791263723,1791263735,12
26131183,26131184,1791263735,1791263747,12
26131184,26131185,1791263747,1791263759,12
26131185,26131186,1791263759,1791263771,12
26131186,26131187,1791263771,1791263783,12
26131187,26131188,1791263783,1791263795,12
26131188,26131189,1791263795,1791263807,12
26131189,26131190,1791263807,1791263819,12
26131190,26131191,1791263819,1791263831,12
26131191,26131192,1791263831,1791263843,12
26131192,26131193,1791263843,1791263855,12
26131193,26131194,1791263855,1791263867,12
26131194,26131195,1791263867,1791263879,12
26131195,26131196,1791263879,1791263891,12
26131196,26131197,1791263891,1791263903,12
26131197,26131198,1791263903,1791263915,12
26131198,26131199,1791263915,1791263927,12
26131199,26131200,1791263927,1791263939,12
26131200,26131201,1791263939,1791263951,12
26131201,26131202,1791263951,1791263963,12
26131202,26131203,1791263963,1791263975,12
26131203,26131204,1791263975,1791263987,12
26131204,26131205,1791263987,1791263999,12
26131205,26131206,1791263999,1791264011,12
26131206,26131207,1791264011,1791264023,12
26131207,26131208,1791264023,1791264035,12
26131208,26131209,1791264035,1791264047,12
26131209,26131210,1791264047,1791264059,12
26131210,26131211,1791264059,1791264071,12
26131211,26131212,1791264071,1791264083,12
26131212,26131213,1791264083,1791264095,12
26131213,26131214,1791264095,1791264107,12
26131214,26131215,1791264107,1791264119,12
26131215,26131216,1791264119,1791264131,12
26131216,26131217,1791264131,1791264143,12
26131217,26131218,1791264143,1791264155,12
26131218,26131219,1791264155,1791264167,12
26131219,26131220,1791264167,1791264179,12
26131220,26131221,1791264179,1791264191,12
26131221,26131222,1791264191,1791264203,12
26131222,26131223,1791264203,1791264215,12
26131223,26131224,1791264215,1791264227,12
26131224,26131225,1791264227,1791264239,12
26131225,26131226,1791264239,1791264251,12
26131226,26131227,1791264251,1791264263,12
26131227,26131228,1791264263,1791264275,12
26131228,26131229,1791264275,1791264287,12
26131229,26131230,1791264287,1791264299,12
26131230,26131231,1791264299,1791264311,12
26131231,26131232,1791264311,1791264323,12
26131232,26131233,1791264323,1791264335,12
26131233,26131234,1791264335,1791264347,12
26131234,26131235,1791264347,1791264359,12
26131235,26131236,1791264359,1791264371,12
26131236,26131237,1791264371,1791264383,12
26131237,26131238,1791264383,1791264395,12
26131238,26131239,1791264395,1791264407,12
26131239,26131240,1791264407,1791264419,12
26131240,26131241,1791264419,1791264431,12
26131241,26131242,1791264431,1791264443,12
26131242,26131243,1791264443,1791264455,12
26131243,26131244,1791264455,1791264467,12
26131244,26131245,1791264467,1791264479,12
26131245,26131246,1791264479,1791264491,12
26131246,26131247,1791264491,1791264503,12
26131247,26131248,1791264503,1791264515,12
26131248,26131249,1791264515,1791264527,12
26131249,26131250,1791264527,1791264539,12
26131250,26131251,1791264539,1791264551,12
26131251,26131252,1791264551,1791264563,12
26131252,26131253,1791264563,1791264575,12
26131253,26131254,1791264575,1791264587,12
26131254,26131255,1791264587,1791264599,12
26131255,26131256,1791264599,1791264611,12
26131256,26131257,1791264611,1791264623,12
26131257,26131258,1791264623,1791264635,12
26131258,26131259,1791264635,1791264647,12
26131259,26131260,1791264647,1791264659,12
26131260,26131261,1791264659,1791264671,12
26131261,26131262,1791264671,1791264683,12
26131262,26131263,1791264683,1791264695,12
26131263,26131264,1791264695,1791264707,12
26131264,26131265,1791264707,1791264719,12
26131265,26131266,1791264719,1791264731,12
26131266,26131267,1791264731,1791264743,12
26131267,26131268,1791264743,1791264755,12
26131268,26131269,1791264755,1791264767,12
26131269,26131270,1791264767,1791264779,12
26131270,26131271,1791264779,1791264791,12
26131271,26131272,1791264791,1791264803,12
26131272,26131273,1791264803,1791264815,12
26131273,26131274,1791264815,1791264827,12
26131274,26131275,1791264827,1791264839,12
26131275,26131276,1791264839,1791264851,12
26131276,26131277,1791264851,1791264863,12
26131277,26131278,1791264863,1791264875,12
26131278,26131279,1791264875,1791264887,12
26131279,26131280,1791264887,1791264899,12
26131280,26131281,1791264899,1791264911,12
26131281,26131282,1791264911,1791264923,12
26131282,26131283,1791264923,1791264935,12
26131283,26131284,1791264935,1791264947,12
26131284,26131285,1791264947,1791264959,12
26131285,26131286,1791264959,1791264971,12
26131286,26131287,1791264971,1791264983,12
26131287,26131288,1791264983,1791264995,12
