id,proposer,block,ts
38893,0x35376dd47c061bc3b8c8e8d61987019e7ed58f06,26090341,1790771843
38894,0x5f62d006c10c009ff50c878cd6157ac861c99990,26090373,1790772227
38895,0x5f62d006c10c009ff50c878cd6157ac861c99990,26090405,1790772611
38896,0x35376dd47c061bc3b8c8e8d61987019e7ed58f06,26090437,1790772995
38897,0x35376dd47c061bc3b8c8e8d61987019e7ed58f06,26090469,1790773379
38898,0x35376dd47c061bc3b8c8e8d61987019e7ed58f06,26090500,1790773751
38899,0x5f62d006c10c009ff50c878cd6157ac861c99990,26090533,1790774147
38900,0x5f62d006c10c009ff50c878cd6157ac861c99990,26090565,1790774531
38901,0x35376dd47c061bc3b8c8e8d61987019e7ed58f06,26090596,1790774915
38902,0x35376dd47c061bc3b8c8e8d61987019e7ed58f06,26090628,1790775299
38903,0x5f62d006c10c009ff50c878cd6157ac861c99990,26090660,1790775683
38904,0x5f62d006c10c009ff50c878cd6157ac861c99990,26090692,1790776067
38905,0x5f62d006c10c009ff50c878cd6157ac861c99990,26090724,1790776451
38906,0x35376dd47c061bc3b8c8e8d61987019e7ed58f06,26090755,1790776823
38907,0x5f62d006c10c009ff50c878cd6157ac861c99990,26090788,1790777219
38908,0x5f62d006c10c009ff50c878cd6157ac861c99990,26090819,1790777603
38909,0x5f62d006c10c009ff50c878cd6157ac861c99990,26090851,1790777987
38910,0x35376dd47c061bc3b8c8e8d61987019e7ed58f06,26090883,1790778371
38911,0x5f62d006c10c009ff50c878cd6157ac861c99990,26090915,1790778755
38912,0x35376dd47c061bc3b8c8e8d61987019e7ed58f06,26090947,1790779139
38913,0x35376dd47c061bc3b8c8e8d61987019e7ed58f06,26090977,1790779511
38914,0x5f62d006c10c009ff50c878cd6157ac861c99990,26091010,1790779907
38915,0x5f62d006c10c009ff50c878cd6157ac861c99990,26091042,1790780291
38916,0x5f62d006c10c009ff50c878cd6157ac861c99990,26091073,1790780663
38917,0x35376dd47c061bc3b8c8e8d61987019e7ed58f06,26091106,1790781059
38918,0x35376dd47c061bc3b8c8e8d61987019e7ed58f06,26091137,1790781443
38919,0x35376dd47c061bc3b8c8e8d61987019e7ed58f06,26091169,1790781827
38920,0x35376dd47c061bc3b8c8e8d61987019e7ed58f06,26091202,1790782223
38921,0x35376dd47c061bc3b8c8e8d61987019e7ed58f06,26091233,1790782595
38922,0x5f62d006c10c009ff50c878cd6157ac861c99990,26091264,1790782979
38923,0x5f62d006c10c009ff50c878cd6157ac861c99990,26091295,1790783351
38924,0x35376dd47c061bc3b8c8e8d61987019e7ed58f06,26091328,1790783747
38925,0x35376dd47c061bc3b8c8e8d61987019e7ed58f06,26091359,1790784131
38926,0x35376dd47c061bc3b8c8e8d61987019e7ed58f06,26091391,1790784515
38927,0x35376dd47c061bc3b8c8e8d61987019e7ed58f06,26091422,1790784887
38928,0x5f62d006c10c009ff50c878cd6157ac861c99990,26091455,1790785283
38929,0x5f62d006c10c009ff50c878cd6157ac861c99990,26091487,1790785667
38930,0x5f62d006c10c009ff50c878cd6157ac861c99990,26091519,1790786051
38931,0x35376dd47c061bc3b8c8e8d61987019e7ed58f06,26091551,1790786435
38932,0x5f62d006c10c009ff50c878cd6157ac861c99990,26091583,1790786819
38933,0x5f62d006c10c009ff50c878cd6157ac861c99990,26091615,1790787203
38934,0x5f62d006c10c009ff50c878cd6157ac861c99990,26091647,1790787587
38935,0x5f62d006c10c009ff50c878cd6157ac861c99990,26091679,1790787971
38936,0x35376dd47c061bc3b8c8e8d61987019e7ed58f06,26091710,1790788343
38937,0x5f62d006c10c009ff50c878cd6157ac861c99990,26091743,1790788739
38938,0x35376dd47c061bc3b8c8e8d61987019e7ed58f06,26091775,1790789123
38939,0x5f62d006c10c009ff50c878cd6157ac861c99990,26091807,1790789507
38940,0x5f62d006c10c009ff50c878cd6157ac861c99990,26091838,1790789879
38941,0x35376dd47c061bc3b8c8e8d61987019e7ed58f06,26091870,1790790275
38942,0x5f62d006c10c009ff50c878cd6157ac861c99990,26091902,1790790659
38943,0x5f62d006c10c009ff50c878cd6157ac861c99990,26091934,1790791043
38944,0x35376dd47c061bc3b8c8e8d61987019e7ed58f06,26091966,1790791427
38945,0x5f62d006c10c009ff50c878cd6157ac861c99990,26091998,1790791811
38946,0x5f62d006c10c009ff50c878cd6157ac861c99990,26092029,1790792183
38947,0x35376dd47c061bc3b8c8e8d61987019e7ed58f06,26092062,1790792579
38948,0x35376dd47c061bc3b8c8e8d61987019e7ed58f06,26092094,1790792963
38949,0x35376dd47c061bc3b8c8e8d61987019e7ed58f06,26092126,1790793347
38950,0x35376dd47c061bc3b8c8e8d61987019e7ed58f06,26092158,1790793743
38951,0x35376dd47c061bc3b8c8e8d61987019e7ed58f06,26092189,1790794115
38952,0x5f62d006c10c009ff50c878cd6157ac861c99990,26092221,1790794499
38953,0x5f62d006c10c009ff50c878cd6157ac861c99990,26092253,1790794883
38954,0x5f62d006c10c009ff50c878cd6157ac861c99990,26092285,1790795267
38955,0x35376dd47c061bc3b8c8e8d61987019e7ed58f06,26092317,1790795651
38956,0x35376dd47c061bc3b8c8e8d61987019e7ed58f06,26092348,1790796035
38957,0x5f62d006c10c009ff50c878cd6157ac861c99990,26092379,1790796407
38958,0x35376dd47c061bc3b8c8e8d61987019e7ed58f06,26092412,1790796803
38959,0x5f62d006c10c009ff50c878cd6157ac861c99990,26092444,1790797187
38960,0x35376dd47c061bc3b8c8e8d61987019e7ed58f06,26092476,1790797571
38961,0x5f62d006c10c009ff50c878cd6157ac861c99990,26092507,1790797955
38962,0x5f62d006c10c009ff50c878cd6157ac861c99990,26092539,1790798339
38963,0x5f62d006c10c009ff50c878cd6157ac861c99990,26092570,1790798723
38964,0x5f62d006c10c009ff50c878cd6157ac861c99990,26092603,1790799119
38965,0x5f62d006c10c009ff50c878cd6157ac861c99990,26092635,1790799503
38966,0x5f62d006c10c009ff50c878cd6157ac861c99990,26092667,1790799887
38967,0x5f62d006c10c009ff50c878cd6157ac861c99990,26092698,1790800259
38968,0x35376dd47c061bc3b8c8e8d61987019e7ed58f06,26092730,1790800643
38969,0x5f62d006c10c009ff50c878cd6157ac861c99990,26092761,1790801015
38970,0x35376dd47c061bc3b8c8e8d61987019e7ed58f06,26092794,1790801411
38971,0x35376dd47c061bc3b8c8e8d61987019e7ed58f06,26092825,1790801783
38972,0x5f62d006c10c009ff50c878cd6157ac861c99990,26092858,1790802179
38973,0x5f62d006c10c009ff50c878cd6157ac861c99990,26092890,1790802563
38974,0x35376dd47c061bc3b8c8e8d61987019e7ed58f06,26092922,1790802947
38975,0x35376dd47c061bc3b8c8e8d61987019e7ed58f06,26092953,1790803319
38976,0x5f62d006c10c009ff50c878cd6157ac861c99990,26092986,1790803715
38977,0x35376dd47c061bc3b8c8e8d61987019e7ed58f06,26093018,1790804099
38978,0x35376dd47c061bc3b8c8e8d61987019e7ed58f06,26093050,1790804483
38979,0x35376dd47c061bc3b8c8e8d61987019e7ed58f06,26093081,1790804867
38980,0x35376dd47c061bc3b8c8e8d61987019e7ed58f06,26093113,1790805251
38981,0x5f62d006c10c009ff50c878cd6157ac861c99990,26093145,1790805635
38982,0x35376dd47c061bc3b8c8e8d61987019e7ed58f06,26093177,1790806019
38983,0x35376dd47c061bc3b8c8e8d61987019e7ed58f06,26093208,1790806403
38984,0x35376dd47c061bc3b8c8e8d61987019e7ed58f06,26093239,1790806787
38985,0x35376dd47c061bc3b8c8e8d61987019e7ed58f06,26093272,1790807183
38986,0x35376dd47c061bc3b8c8e8d61987019e7ed58f06,26093304,1790807567
38987,0x35376dd47c061bc3b8c8e8d61987019e7ed58f06,26093336,1790807951
38988,0x35376dd47c061bc3b8c8e8d61987019e7ed58f06,26093368,1790808359
38989,0x35376dd47c061bc3b8c8e8d61987019e7ed58f06,26093399,1790808731
38990,0x35376dd47c061bc3b8c8e8d61987019e7ed58f06,26093429,1790809091
38991,0x5f62d006c10c009ff50c878cd6157ac861c99990,26093460,1790809475
38992,0x5f62d006c10c009ff50c878cd6157ac861c99990,26093492,1790809859
38993,0x5f62d006c10c009ff50c878cd6157ac861c99990,26093524,1790810243
38994,0x35376dd47c061bc3b8c8e8d61987019e7ed58f06,26093556,1790810627
38995,0x5f62d006c10c009ff50c878cd6157ac861c99990,26093588,1790811011
38996,0x5f62d006c10c009ff50c878cd6157ac861c99990,26093620,1790811395
38997,0x5f62d006c10c009ff50c878cd6157ac861c99990,26093651,1790811767
38998,0x35376dd47c061bc3b8c8e8d61987019e7ed58f06,26093684,1790812163
38999,0x5f62d006c10c009ff50c878cd6157ac861c99990,26093716,1790812547
39000,0x35376dd47c061bc3b8c8e8d61987019e7ed58f06,26093748,1790812931
39001,0x35376dd47c061bc3b8c8e8d61987019e7ed58f06,26093780,1790813315
39002,0x35376dd47c061bc3b8c8e8d61987019e7ed58f06,26093812,1790813699
39003,0x5f62d006c10c009ff50c878cd6157ac861c99990,26093844,1790814083
39004,0x35376dd47c061bc3b8c8e8d61987019e7ed58f06,26093876,1790814467
39005,0x35376dd47c061bc3b8c8e8d61987019e7ed58f06,26093906,1790814839
39006,0x5f62d006c10c009ff50c878cd6157ac861c99990,26093939,1790815235
39007,0x35376dd47c061bc3b8c8e8d61987019e7ed58f06,26093971,1790815619
39008,0x35376dd47c061bc3b8c8e8d61987019e7ed58f06,26094003,1790816003
39009,0x35376dd47c061bc3b8c8e8d61987019e7ed58f06,26094035,1790816387
39010,0x35376dd47c061bc3b8c8e8d61987019e7ed58f06,26094068,1790816783
39011,0x35376dd47c061bc3b8c8e8d61987019e7ed58f06,26094100,1790817167
39012,0x35376dd47c061bc3b8c8e8d61987019e7ed58f06,26094133,1790817563
39013,0x35376dd47c061bc3b8c8e8d61987019e7ed58f06,26094163,1790817923
39014,0x5f62d006c10c009ff50c878cd6157ac861c99990,26094195,1790818307
39015,0x5f62d006c10c009ff50c878cd6157ac861c99990,26094227,1790818691
39016,0x5f62d006c10c009ff50c878cd6157ac861c99990,26094259,1790819075
39017,0x5f62d006c10c009ff50c878cd6157ac861c99990,26094291,1790819459
39018,0x35376dd47c061bc3b8c8e8d61987019e7ed58f06,26094322,1790819831
39019,0x5f62d006c10c009ff50c878cd6157ac861c99990,26094355,1790820227
39020,0x35376dd47c061bc3b8c8e8d61987019e7ed58f06,26094387,1790820611
39021,0x5f62d006c10c009ff50c878cd6157ac861c99990,26094419,1790820995
39022,0x5f62d006c10c009ff50c878cd6157ac861c99990,26094451,1790821379
39023,0x35376dd47c061bc3b8c8e8d61987019e7ed58f06,26094483,1790821763
39024,0x35376dd47c061bc3b8c8e8d61987019e7ed58f06,26094515,1790822147
39025,0x5f62d006c10c009ff50c878cd6157ac861c99990,26094547,1790822531
39026,0x5f62d006c10c009ff50c878cd6157ac861c99990,26094579,1790822915
39027,0x35376dd47c061bc3b8c8e8d61987019e7ed58f06,26094611,1790823299
39028,0x35376dd47c061bc3b8c8e8d61987019e7ed58f06,26094643,1790823683
39029,0x35376dd47c061bc3b8c8e8d61987019e7ed58f06,26094675,1790824067
39030,0x35376dd47c061bc3b8c8e8d61987019e7ed58f06,26094708,1790824463
39031,0x35376dd47c061bc3b8c8e8d61987019e7ed58f06,26094740,1790824847
39032,0x35376dd47c061bc3b8c8e8d61987019e7ed58f06,26094772,1790825231
39033,0x35376dd47c061bc3b8c8e8d61987019e7ed58f06,26094803,1790825603
39034,0x5f62d006c10c009ff50c878cd6157ac861c99990,26094835,1790825987
39035,0x5f62d006c10c009ff50c878cd6157ac861c99990,26094867,1790826371
39036,0x5f62d006c10c009ff50c878cd6157ac861c99990,26094898,1790826755
39037,0x5f62d006c10c009ff50c878cd6157ac861c99990,26094931,1790827151
39038,0x5f62d006c10c009ff50c878cd6157ac861c99990,26094961,1790827511
39039,0x35376dd47c061bc3b8c8e8d61987019e7ed58f06,26094994,1790827907
39040,0x5f62d006c10c009ff50c878cd6157ac861c99990,26095026,1790828291
39041,0x35376dd47c061bc3b8c8e8d61987019e7ed58f06,26095058,1790828675
39042,0x35376dd47c061bc3b8c8e8d61987019e7ed58f06,26095090,1790829059
39043,0x5f62d006c10c009ff50c878cd6157ac861c99990,26095122,1790829443
39044,0x5f62d006c10c009ff50c878cd6157ac861c99990,26095154,1790829827
39045,0x35376dd47c061bc3b8c8e8d61987019e7ed58f06,26095186,1790830211
39046,0x35376dd47c061bc3b8c8e8d61987019e7ed58f06,26095218,1790830595
39047,0x5f62d006c10c009ff50c878cd6157ac861c99990,26095249,1790830979
39048,0x5f62d006c10c009ff50c878cd6157ac861c99990,26095281,1790831363
39049,0x35376dd47c061bc3b8c8e8d61987019e7ed58f06,26095313,1790831747
39050,0x35376dd47c061bc3b8c8e8d61987019e7ed58f06,26095344,1790832131
39051,0x35376dd47c061bc3b8c8e8d61987019e7ed58f06,26095376,1790832515
39052,0x5f62d006c10c009ff50c878cd6157ac861c99990,26095408,1790832899
39053,0x35376dd47c061bc3b8c8e8d61987019e7ed58f06,26095440,1790833283
39054,0x35376dd47c061bc3b8c8e8d61987019e7ed58f06,26095472,1790833667
39055,0x35376dd47c061bc3b8c8e8d61987019e7ed58f06,26095504,1790834051
39056,0x35376dd47c061bc3b8c8e8d61987019e7ed58f06,26095536,1790834435
39057,0x5f62d006c10c009ff50c878cd6157ac861c99990,26095568,1790834819
39058,0x35376dd47c061bc3b8c8e8d61987019e7ed58f06,26095600,1790835203
39059,0x5f62d006c10c009ff50c878cd6157ac861c99990,26095632,1790835587
39060,0x5f62d006c10c009ff50c878cd6157ac861c99990,26095663,1790835959
39061,0x35376dd47c061bc3b8c8e8d61987019e7ed58f06,26095696,1790836355
39062,0x35376dd47c061bc3b8c8e8d61987019e7ed58f06,26095728,1790836739
39063,0x35376dd47c061bc3b8c8e8d61987019e7ed58f06,26095760,1790837123
39064,0x5f62d006c10c009ff50c878cd6157ac861c99990,26095792,1790837507
39065,0x5f62d006c10c009ff50c878cd6157ac861c99990,26095824,1790837891
39066,0x5f62d006c10c009ff50c878cd6157ac861c99990,26095856,1790838275
39067,0x5f62d006c10c009ff50c878cd6157ac861c99990,26095889,1790838671
39068,0x5f62d006c10c009ff50c878cd6157ac861c99990,26095921,1790839055
39069,0x5f62d006c10c009ff50c878cd6157ac861c99990,26095953,1790839439
39070,0x5f62d006c10c009ff50c878cd6157ac861c99990,26095986,1790839835
39071,0x5f62d006c10c009ff50c878cd6157ac861c99990,26096018,1790840219
39072,0x5f62d006c10c009ff50c878cd6157ac861c99990,26096048,1790840579
39073,0x35376dd47c061bc3b8c8e8d61987019e7ed58f06,26096079,1790840963
39074,0x5f62d006c10c009ff50c878cd6157ac861c99990,26096111,1790841347
39075,0x5f62d006c10c009ff50c878cd6157ac861c99990,26096143,1790841731
39076,0x35376dd47c061bc3b8c8e8d61987019e7ed58f06,26096174,1790842103
39077,0x5f62d006c10c009ff50c878cd6157ac861c99990,26096208,1790842511
39078,0x5f62d006c10c009ff50c878cd6157ac861c99990,26096239,1790842883
39079,0x5f62d006c10c009ff50c878cd6157ac861c99990,26096271,1790843267
39080,0x5f62d006c10c009ff50c878cd6157ac861c99990,26096303,1790843651
39081,0x35376dd47c061bc3b8c8e8d61987019e7ed58f06,26096335,1790844035
39082,0x35376dd47c061bc3b8c8e8d61987019e7ed58f06,26096366,1790844419
39083,0x35376dd47c061bc3b8c8e8d61987019e7ed58f06,26096398,1790844803
39084,0x5f62d006c10c009ff50c878cd6157ac861c99990,26096430,1790845187
39085,0x5f62d006c10c009ff50c878cd6157ac861c99990,26096462,1790845571
39086,0x5f62d006c10c009ff50c878cd6157ac861c99990,26096492,1790845955
39087,0x5f62d006c10c009ff50c878cd6157ac861c99990,26096525,1790846351
39088,0x5f62d006c10c009ff50c878cd6157ac861c99990,26096555,1790846711
39089,0x35376dd47c061bc3b8c8e8d61987019e7ed58f06,26096587,1790847095
39090,0x5f62d006c10c009ff50c878cd6157ac861c99990,26096620,1790847491
39091,0x35376dd47c061bc3b8c8e8d61987019e7ed58f06,26096652,1790847875
39092,0x35376dd47c061bc3b8c8e8d61987019e7ed58f06,26096684,1790848259
39093,0x35376dd47c061bc3b8c8e8d61987019e7ed58f06,26096715,1790848631
39094,0x5f62d006c10c009ff50c878cd6157ac861c99990,26096748,1790849027
39095,0x5f62d006c10c009ff50c878cd6157ac861c99990,26096780,1790849411
39096,0x5f62d006c10c009ff50c878cd6157ac861c99990,26096812,1790849795
39097,0x5f62d006c10c009ff50c878cd6157ac861c99990,26096843,1790850167
39098,0x35376dd47c061bc3b8c8e8d61987019e7ed58f06,26096876,1790850563
39099,0x35376dd47c061bc3b8c8e8d61987019e7ed58f06,26096907,1790850935
39100,0x5f62d006c10c009ff50c878cd6157ac861c99990,26096940,1790851331
39101,0x35376dd47c061bc3b8c8e8d61987019e7ed58f06,26096972,1790851715
39102,0x5f62d006c10c009ff50c878cd6157ac861c99990,26097004,1790852099
39103,0x35376dd47c061bc3b8c8e8d61987019e7ed58f06,26097036,1790852483
39104,0x35376dd47c061bc3b8c8e8d61987019e7ed58f06,26097068,1790852867
39105,0x35376dd47c061bc3b8c8e8d61987019e7ed58f06,26097098,1790853251
39106,0x5f62d006c10c009ff50c878cd6157ac861c99990,26097130,1790853635
39107,0x35376dd47c061bc3b8c8e8d61987019e7ed58f06,26097162,1790854019
39108,0x35376dd47c061bc3b8c8e8d61987019e7ed58f06,26097194,1790854403
39109,0x35376dd47c061bc3b8c8e8d61987019e7ed58f06,26097227,1790854799
39110,0x35376dd47c061bc3b8c8e8d61987019e7ed58f06,26097259,1790855183
39111,0x35376dd47c061bc3b8c8e8d61987019e7ed58f06,26097290,1790855555
39112,0x5f62d006c10c009ff50c878cd6157ac861c99990,26097322,1790855939
39113,0x5f62d006c10c009ff50c878cd6157ac861c99990,26097354,1790856323
39114,0x35376dd47c061bc3b8c8e8d61987019e7ed58f06,26097386,1790856707
39115,0x35376dd47c061bc3b8c8e8d61987019e7ed58f06,26097416,1790857079
39116,0x5f62d006c10c009ff50c878cd6157ac861c99990,26097449,1790857475
39117,0x5f62d006c10c009ff50c878cd6157ac861c99990,26097480,1790857859
39118,0x35376dd47c061bc3b8c8e8d61987019e7ed58f06,26097512,1790858243
39119,0x5f62d006c10c009ff50c878cd6157ac861c99990,26097543,1790858615
39120,0x35376dd47c061bc3b8c8e8d61987019e7ed58f06,26097576,1790859011
39121,0x5f62d006c10c009ff50c878cd6157ac861c99990,26097608,1790859395
39122,0x5f62d006c10c009ff50c878cd6157ac861c99990,26097640,1790859779
39123,0x35376dd47c061bc3b8c8e8d61987019e7ed58f06,26097672,1790860163
39124,0x5f62d006c10c009ff50c878cd6157ac861c99990,26097704,1790860547
39125,0x35376dd47c061bc3b8c8e8d61987019e7ed58f06,26097735,1790860931
39126,0x35376dd47c061bc3b8c8e8d61987019e7ed58f06,26097765,1790861303
39127,0x5f62d006c10c009ff50c878cd6157ac861c99990,26097798,1790861699
39128,0x35376dd47c061bc3b8c8e8d61987019e7ed58f06,26097830,1790862083
39129,0x35376dd47c061bc3b8c8e8d61987019e7ed58f06,26097862,1790862467
39130,0x35376dd47c061bc3b8c8e8d61987019e7ed58f06,26097894,1790862851
39131,0x35376dd47c061bc3b8c8e8d61987019e7ed58f06,26097927,1790863247
39132,0x35376dd47c061bc3b8c8e8d61987019e7ed58f06,26097959,1790863631
39133,0x35376dd47c061bc3b8c8e8d61987019e7ed58f06,26097991,1790864015
39134,0x35376dd47c061bc3b8c8e8d61987019e7ed58f06,26098021,1790864375
39135,0x5f62d006c10c009ff50c878cd6157ac861c99990,26098054,1790864771
39136,0x5f62d006c10c009ff50c878cd6157ac861c99990,26098086,1790865155
39137,0x5f62d006c10c009ff50c878cd6157ac861c99990,26098118,1790865539
39138,0x35376dd47c061bc3b8c8e8d61987019e7ed58f06,26098149,1790865923
39139,0x35376dd47c061bc3b8c8e8d61987019e7ed58f06,26098181,1790866307
39140,0x5f62d006c10c009ff50c878cd6157ac861c99990,26098212,1790866691
39141,0x35376dd47c061bc3b8c8e8d61987019e7ed58f06,26098244,1790867075
39142,0x5f62d006c10c009ff50c878cd6157ac861c99990,26098275,1790867459
39143,0x35376dd47c061bc3b8c8e8d61987019e7ed58f06,26098307,1790867843
39144,0x5f62d006c10c009ff50c878cd6157ac861c99990,26098339,1790868227
39145,0x35376dd47c061bc3b8c8e8d61987019e7ed58f06,26098371,1790868611
39146,0x35376dd47c061bc3b8c8e8d61987019e7ed58f06,26098403,1790868995
39147,0x5f62d006c10c009ff50c878cd6157ac861c99990,26098435,1790869379
39148,0x5f62d006c10c009ff50c878cd6157ac861c99990,26098467,1790869763
39149,0x5f62d006c10c009ff50c878cd6157ac861c99990,26098499,1790870147
39150,0x5f62d006c10c009ff50c878cd6157ac861c99990,26098532,1790870543
39151,0x5f62d006c10c009ff50c878cd6157ac861c99990,26098563,1790870927
39152,0x5f62d006c10c009ff50c878cd6157ac861c99990,26098595,1790871311
39153,0x5f62d006c10c009ff50c878cd6157ac861c99990,26098628,1790871707
39154,0x5f62d006c10c009ff50c878cd6157ac861c99990,26098660,1790872091
39155,0x5f62d006c10c009ff50c878cd6157ac861c99990,26098692,1790872475
39156,0x5f62d006c10c009ff50c878cd6157ac861c99990,26098725,1790872871
39157,0x5f62d006c10c009ff50c878cd6157ac861c99990,26098753,1790873219
39158,0x35376dd47c061bc3b8c8e8d61987019e7ed58f06,26098785,1790873603
39159,0x35376dd47c061bc3b8c8e8d61987019e7ed58f06,26098817,1790873987
39160,0x35376dd47c061bc3b8c8e8d61987019e7ed58f06,26098849,1790874371
39161,0x35376dd47c061bc3b8c8e8d61987019e7ed58f06,26098882,1790874767
39162,0x35376dd47c061bc3b8c8e8d61987019e7ed58f06,26098912,1790875127
39163,0x5f62d006c10c009ff50c878cd6157ac861c99990,26098945,1790875523
39164,0x35376dd47c061bc3b8c8e8d61987019e7ed58f06,26098978,1790875919
39165,0x35376dd47c061bc3b8c8e8d61987019e7ed58f06,26099009,1790876291
39166,0x35376dd47c061bc3b8c8e8d61987019e7ed58f06,26099041,1790876675
39167,0x5f62d006c10c009ff50c878cd6157ac861c99990,26099073,1790877059
39168,0x5f62d006c10c009ff50c878cd6157ac861c99990,26099105,1790877443
39169,0x35376dd47c061bc3b8c8e8d61987019e7ed58f06,26099137,1790877827
39170,0x5f62d006c10c009ff50c878cd6157ac861c99990,26099169,1790878211
39171,0x35376dd47c061bc3b8c8e8d61987019e7ed58f06,26099200,1790878583
39172,0x5f62d006c10c009ff50c878cd6157ac861c99990,26099232,1790878979
39173,0x35376dd47c061bc3b8c8e8d61987019e7ed58f06,26099264,1790879363
39174,0x5f62d006c10c009ff50c878cd6157ac861c99990,26099296,1790879747
39175,0x35376dd47c061bc3b8c8e8d61987019e7ed58f06,26099328,1790880131
39176,0x35376dd47c061bc3b8c8e8d61987019e7ed58f06,26099360,1790880515
39177,0x5f62d006c10c009ff50c878cd6157ac861c99990,26099392,1790880899
39178,0x5f62d006c10c009ff50c878cd6157ac861c99990,26099424,1790881283
39179,0x35376dd47c061bc3b8c8e8d61987019e7ed58f06,26099456,1790881667
39180,0x35376dd47c061bc3b8c8e8d61987019e7ed58f06,26099488,1790882051
39181,0x5f62d006c10c009ff50c878cd6157ac861c99990,26099520,1790882435
39182,0x5f62d006c10c009ff50c878cd6157ac861c99990,26099552,1790882819
39183,0x5f62d006c10c009ff50c878cd6157ac861c99990,26099583,1790883203
39184,0x35376dd47c061bc3b8c8e8d61987019e7ed58f06,26099615,1790883587
39185,0x35376dd47c061bc3b8c8e8d61987019e7ed58f06,26099646,1790883959
39186,0x5f62d006c10c009ff50c878cd6157ac861c99990,26099679,1790884355
39187,0x35376dd47c061bc3b8c8e8d61987019e7ed58f06,26099711,1790884739
39188,0x35376dd47c061bc3b8c8e8d61987019e7ed58f06,26099743,1790885123
39189,0x35376dd47c061bc3b8c8e8d61987019e7ed58f06,26099774,1790885507
39190,0x35376dd47c061bc3b8c8e8d61987019e7ed58f06,26099807,1790885903
39191,0x35376dd47c061bc3b8c8e8d61987019e7ed58f06,26099838,1790886275
39192,0x5f62d006c10c009ff50c878cd6157ac861c99990,26099870,1790886659
39193,0x35376dd47c061bc3b8c8e8d61987019e7ed58f06,26099902,1790887043
39194,0x35376dd47c061bc3b8c8e8d61987019e7ed58f06,26099934,1790887427
39195,0x5f62d006c10c009ff50c878cd6157ac861c99990,26099966,1790887811
39196,0x35376dd47c061bc3b8c8e8d61987019e7ed58f06,26099998,1790888195
39197,0x35376dd47c061bc3b8c8e8d61987019e7ed58f06,26100030,1790888579
39198,0x5f62d006c10c009ff50c878cd6157ac861c99990,26100062,1790888963
39199,0x35376dd47c061bc3b8c8e8d61987019e7ed58f06,26100093,1790889335
39200,0x5f62d006c10c009ff50c878cd6157ac861c99990,26100126,1790889731
39201,0x5f62d006c10c009ff50c878cd6157ac861c99990,26100158,1790890115
39202,0x35376dd47c061bc3b8c8e8d61987019e7ed58f06,26100189,1790890499
39203,0x5f62d006c10c009ff50c878cd6157ac861c99990,26100221,1790890883
39204,0x5f62d006c10c009ff50c878cd6157ac861c99990,26100253,1790891267
39205,0x5f62d006c10c009ff50c878cd6157ac861c99990,26100285,1790891651
39206,0x5f62d006c10c009ff50c878cd6157ac861c99990,26100316,1790892023
39207,0x35376dd47c061bc3b8c8e8d61987019e7ed58f06,26100348,1790892419
39208,0x35376dd47c061bc3b8c8e8d61987019e7ed58f06,26100380,1790892803
39209,0x5f62d006c10c009ff50c878cd6157ac861c99990,26100412,1790893187
39210,0x35376dd47c061bc3b8c8e8d61987019e7ed58f06,26100444,1790893571
39211,0x5f62d006c10c009ff50c878cd6157ac861c99990,26100476,1790893955
39212,0x5f62d006c10c009ff50c878cd6157ac861c99990,26100508,1790894339
39213,0x35376dd47c061bc3b8c8e8d61987019e7ed58f06,26100540,1790894723
39214,0x5f62d006c10c009ff50c878cd6157ac861c99990,26100572,1790895107
39215,0x5f62d006c10c009ff50c878cd6157ac861c99990,26100604,1790895491
39216,0x5f62d006c10c009ff50c878cd6157ac861c99990,26100636,1790895875
39217,0x35376dd47c061bc3b8c8e8d61987019e7ed58f06,26100668,1790896259
39218,0x35376dd47c061bc3b8c8e8d61987019e7ed58f06,26100700,1790896643
39219,0x5f62d006c10c009ff50c878cd6157ac861c99990,26100732,1790897027
39220,0x5f62d006c10c009ff50c878cd6157ac861c99990,26100764,1790897411
39221,0x35376dd47c061bc3b8c8e8d61987019e7ed58f06,26100796,1790897795
39222,0x35376dd47c061bc3b8c8e8d61987019e7ed58f06,26100828,1790898179
39223,0x35376dd47c061bc3b8c8e8d61987019e7ed58f06,26100859,1790898551
39224,0x5f62d006c10c009ff50c878cd6157ac861c99990,26100892,1790898947
39225,0x5f62d006c10c009ff50c878cd6157ac861c99990,26100924,1790899331
39226,0x5f62d006c10c009ff50c878cd6157ac861c99990,26100956,1790899715
39227,0x5f62d006c10c009ff50c878cd6157ac861c99990,26100988,1790900099
39228,0x35376dd47c061bc3b8c8e8d61987019e7ed58f06,26101019,1790900483
39229,0x35376dd47c061bc3b8c8e8d61987019e7ed58f06,26101051,1790900867
39230,0x35376dd47c061bc3b8c8e8d61987019e7ed58f06,26101083,1790901251
39231,0x5f62d006c10c009ff50c878cd6157ac861c99990,26101115,1790901635
39232,0x5f62d006c10c009ff50c878cd6157ac861c99990,26101147,1790902019
39233,0x5f62d006c10c009ff50c878cd6157ac861c99990,26101179,1790902403
39234,0x35376dd47c061bc3b8c8e8d61987019e7ed58f06,26101209,1790902775
39235,0x5f62d006c10c009ff50c878cd6157ac861c99990,26101240,1790903159
39236,0x35376dd47c061bc3b8c8e8d61987019e7ed58f06,26101273,1790903555
39237,0x35376dd47c061bc3b8c8e8d61987019e7ed58f06,26101305,1790903939
39238,0x5f62d006c10c009ff50c878cd6157ac861c99990,26101337,1790904323
39239,0x35376dd47c061bc3b8c8e8d61987019e7ed58f06,26101369,1790904707
39240,0x5f62d006c10c009ff50c878cd6157ac861c99990,26101401,1790905091
39241,0x5f62d006c10c009ff50c878cd6157ac861c99990,26101433,1790905475
39242,0x5f62d006c10c009ff50c878cd6157ac861c99990,26101465,1790905859
39243,0x5f62d006c10c009ff50c878cd6157ac861c99990,26101496,1790906231
39244,0x35376dd47c061bc3b8c8e8d61987019e7ed58f06,26101529,1790906627
39245,0x5f62d006c10c009ff50c878cd6157ac861c99990,26101561,1790907011
39246,0x5f62d006c10c009ff50c878cd6157ac861c99990,26101593,1790907395
39247,0x5f62d006c10c009ff50c878cd6157ac861c99990,26101625,1790907779
39248,0x5f62d006c10c009ff50c878cd6157ac861c99990,26101658,1790908175
39249,0x5f62d006c10c009ff50c878cd6157ac861c99990,26101689,1790908547
39250,0x35376dd47c061bc3b8c8e8d61987019e7ed58f06,26101720,1790908919
39251,0x5f62d006c10c009ff50c878cd6157ac861c99990,26101757,1790909375
39252,0x5f62d006c10c009ff50c878cd6157ac861c99990,26101789,1790909759
39253,0x5f62d006c10c009ff50c878cd6157ac861c99990,26101821,1790910143
39254,0x5f62d006c10c009ff50c878cd6157ac861c99990,26101853,1790910527
39255,0x5f62d006c10c009ff50c878cd6157ac861c99990,26101880,1790910851
39256,0x35376dd47c061bc3b8c8e8d61987019e7ed58f06,26101912,1790911235
39257,0x5f62d006c10c009ff50c878cd6157ac861c99990,26101943,1790911607
39258,0x5f62d006c10c009ff50c878cd6157ac861c99990,26101975,1790911991
39259,0x5f62d006c10c009ff50c878cd6157ac861c99990,26102007,1790912375
39260,0x5f62d006c10c009ff50c878cd6157ac861c99990,26102039,1790912759
39261,0x35376dd47c061bc3b8c8e8d61987019e7ed58f06,26102071,1790913143
39262,0x35376dd47c061bc3b8c8e8d61987019e7ed58f06,26102103,1790913527
39263,0x35376dd47c061bc3b8c8e8d61987019e7ed58f06,26102135,1790913911
39264,0x35376dd47c061bc3b8c8e8d61987019e7ed58f06,26102167,1790914295
39265,0x5f62d006c10c009ff50c878cd6157ac861c99990,26102199,1790914679
39266,0x5f62d006c10c009ff50c878cd6157ac861c99990,26102231,1790915063
39267,0x5f62d006c10c009ff50c878cd6157ac861c99990,26102262,1790915447
39268,0x5f62d006c10c009ff50c878cd6157ac861c99990,26102294,1790915831
39269,0x35376dd47c061bc3b8c8e8d61987019e7ed58f06,26102326,1790916215
39270,0x5f62d006c10c009ff50c878cd6157ac861c99990,26102358,1790916599
39271,0x5f62d006c10c009ff50c878cd6157ac861c99990,26102390,1790916983
39272,0x35376dd47c061bc3b8c8e8d61987019e7ed58f06,26102422,1790917367
39273,0x35376dd47c061bc3b8c8e8d61987019e7ed58f06,26102455,1790917763
39274,0x35376dd47c061bc3b8c8e8d61987019e7ed58f06,26102486,1790918135
39275,0x5f62d006c10c009ff50c878cd6157ac861c99990,26102519,1790918531
39276,0x5f62d006c10c009ff50c878cd6157ac861c99990,26102550,1790918903
39277,0x5f62d006c10c009ff50c878cd6157ac861c99990,26102583,1790919299
39278,0x5f62d006c10c009ff50c878cd6157ac861c99990,26102613,1790919671
39279,0x5f62d006c10c009ff50c878cd6157ac861c99990,26102646,1790920067
39280,0x5f62d006c10c009ff50c878cd6157ac861c99990,26102677,1790920439
39281,0x5f62d006c10c009ff50c878cd6157ac861c99990,26102710,1790920835
39282,0x35376dd47c061bc3b8c8e8d61987019e7ed58f06,26102741,1790921207
39283,0x35376dd47c061bc3b8c8e8d61987019e7ed58f06,26102773,1790921591
39284,0x5f62d006c10c009ff50c878cd6157ac861c99990,26102804,1790921975
39285,0x35376dd47c061bc3b8c8e8d61987019e7ed58f06,26102836,1790922359
39286,0x35376dd47c061bc3b8c8e8d61987019e7ed58f06,26102868,1790922743
39287,0x35376dd47c061bc3b8c8e8d61987019e7ed58f06,26102901,1790923139
39288,0x35376dd47c061bc3b8c8e8d61987019e7ed58f06,26102932,1790923511
39289,0x35376dd47c061bc3b8c8e8d61987019e7ed58f06,26102964,1790923895
39290,0x35376dd47c061bc3b8c8e8d61987019e7ed58f06,26102996,1790924279
39291,0x35376dd47c061bc3b8c8e8d61987019e7ed58f06,26103028,1790924663
39292,0x35376dd47c061bc3b8c8e8d61987019e7ed58f06,26103060,1790925047
39293,0x35376dd47c061bc3b8c8e8d61987019e7ed58f06,26103092,1790925431
39294,0x35376dd47c061bc3b8c8e8d61987019e7ed58f06,26103124,1790925815
39295,0x5f62d006c10c009ff50c878cd6157ac861c99990,26103156,1790926199
39296,0x5f62d006c10c009ff50c878cd6157ac861c99990,26103188,1790926583
39297,0x5f62d006c10c009ff50c878cd6157ac861c99990,26103220,1790926967
39298,0x5f62d006c10c009ff50c878cd6157ac861c99990,26103251,1790927351
39299,0x35376dd47c061bc3b8c8e8d61987019e7ed58f06,26103283,1790927735
39300,0x5f62d006c10c009ff50c878cd6157ac861c99990,26103315,1790928119
39301,0x5f62d006c10c009ff50c878cd6157ac861c99990,26103347,1790928503
39302,0x5f62d006c10c009ff50c878cd6157ac861c99990,26103379,1790928887
39303,0x35376dd47c061bc3b8c8e8d61987019e7ed58f06,26103411,1790929283
39304,0x5f62d006c10c009ff50c878cd6157ac861c99990,26103442,1790929655
39305,0x5f62d006c10c009ff50c878cd6157ac861c99990,26103474,1790930039
39306,0x5f62d006c10c009ff50c878cd6157ac861c99990,26103506,1790930423
39307,0x35376dd47c061bc3b8c8e8d61987019e7ed58f06,26103538,1790930807
39308,0x5f62d006c10c009ff50c878cd6157ac861c99990,26103570,1790931191
39309,0x35376dd47c061bc3b8c8e8d61987019e7ed58f06,26103602,1790931575
39310,0x5f62d006c10c009ff50c878cd6157ac861c99990,26103634,1790931959
39311,0x5f62d006c10c009ff50c878cd6157ac861c99990,26103666,1790932343
39312,0x5f62d006c10c009ff50c878cd6157ac861c99990,26103698,1790932727
39313,0x5f62d006c10c009ff50c878cd6157ac861c99990,26103730,1790933123
39314,0x35376dd47c061bc3b8c8e8d61987019e7ed58f06,26103762,1790933507
39315,0x35376dd47c061bc3b8c8e8d61987019e7ed58f06,26103794,1790933891
39316,0x5f62d006c10c009ff50c878cd6157ac861c99990,26103825,1790934263
39317,0x5f62d006c10c009ff50c878cd6157ac861c99990,26103857,1790934647
39318,0x5f62d006c10c009ff50c878cd6157ac861c99990,26103888,1790935031
39319,0x5f62d006c10c009ff50c878cd6157ac861c99990,26103920,1790935415
39320,0x35376dd47c061bc3b8c8e8d61987019e7ed58f06,26103952,1790935799
39321,0x5f62d006c10c009ff50c878cd6157ac861c99990,26103984,1790936183
39322,0x35376dd47c061bc3b8c8e8d61987019e7ed58f06,26104016,1790936567
39323,0x35376dd47c061bc3b8c8e8d61987019e7ed58f06,26104048,1790936963
39324,0x5f62d006c10c009ff50c878cd6157ac861c99990,26104078,1790937335
39325,0x35376dd47c061bc3b8c8e8d61987019e7ed58f06,26104110,1790937719
39326,0x35376dd47c061bc3b8c8e8d61987019e7ed58f06,26104142,1790938103
39327,0x5f62d006c10c009ff50c878cd6157ac861c99990,26104174,1790938487
39328,0x5f62d006c10c009ff50c878cd6157ac861c99990,26104206,1790938871
39329,0x5f62d006c10c009ff50c878cd6157ac861c99990,26104238,1790939255
39330,0x5f62d006c10c009ff50c878cd6157ac861c99990,26104270,1790939639
39331,0x35376dd47c061bc3b8c8e8d61987019e7ed58f06,26104302,1790940023
39332,0x5f62d006c10c009ff50c878cd6157ac861c99990,26104335,1790940419
39333,0x35376dd47c061bc3b8c8e8d61987019e7ed58f06,26104365,1790940791
39334,0x5f62d006c10c009ff50c878cd6157ac861c99990,26104397,1790941175
39335,0x5f62d006c10c009ff50c878cd6157ac861c99990,26104430,1790941571
39336,0x35376dd47c061bc3b8c8e8d61987019e7ed58f06,26104461,1790941943
39337,0x35376dd47c061bc3b8c8e8d61987019e7ed58f06,26104493,1790942327
39338,0x35376dd47c061bc3b8c8e8d61987019e7ed58f06,26104525,1790942711
39339,0x35376dd47c061bc3b8c8e8d61987019e7ed58f06,26104557,1790943095
39340,0x5f62d006c10c009ff50c878cd6157ac861c99990,26104589,1790943479
39341,0x35376dd47c061bc3b8c8e8d61987019e7ed58f06,26104621,1790943863
39342,0x5f62d006c10c009ff50c878cd6157ac861c99990,26104654,1790944259
39343,0x35376dd47c061bc3b8c8e8d61987019e7ed58f06,26104685,1790944631
39344,0x35376dd47c061bc3b8c8e8d61987019e7ed58f06,26104717,1790945015
39345,0x35376dd47c061bc3b8c8e8d61987019e7ed58f06,26104749,1790945399
39346,0x5f62d006c10c009ff50c878cd6157ac861c99990,26104778,1790945783
39347,0x5f62d006c10c009ff50c878cd6157ac861c99990,26104810,1790946167
39348,0x35376dd47c061bc3b8c8e8d61987019e7ed58f06,26104843,1790946563
39349,0x35376dd47c061bc3b8c8e8d61987019e7ed58f06,26104874,1790946935
39350,0x5f62d006c10c009ff50c878cd6157ac861c99990,26104906,1790947319
39351,0x35376dd47c061bc3b8c8e8d61987019e7ed58f06,26104938,1790947715
39352,0x5f62d006c10c009ff50c878cd6157ac861c99990,26104969,1790948087
39353,0x5f62d006c10c009ff50c878cd6157ac861c99990,26105002,1790948483
39354,0x5f62d006c10c009ff50c878cd6157ac861c99990,26105034,1790948867
39355,0x35376dd47c061bc3b8c8e8d61987019e7ed58f06,26105065,1790949239
39356,0x35376dd47c061bc3b8c8e8d61987019e7ed58f06,26105097,1790949623
39357,0x5f62d006c10c009ff50c878cd6157ac861c99990,26105129,1790950007
39358,0x35376dd47c061bc3b8c8e8d61987019e7ed58f06,26105161,1790950391
39359,0x35376dd47c061bc3b8c8e8d61987019e7ed58f06,26105193,1790950775
39360,0x5f62d006c10c009ff50c878cd6157ac861c99990,26105225,1790951159
39361,0x35376dd47c061bc3b8c8e8d61987019e7ed58f06,26105257,1790951543
39362,0x5f62d006c10c009ff50c878cd6157ac861c99990,26105289,1790951927
39363,0x5f62d006c10c009ff50c878cd6157ac861c99990,26105320,1790952311
39364,0x35376dd47c061bc3b8c8e8d61987019e7ed58f06,26105352,1790952695
39365,0x5f62d006c10c009ff50c878cd6157ac861c99990,26105383,1790953079
39366,0x35376dd47c061bc3b8c8e8d61987019e7ed58f06,26105415,1790953463
39367,0x5f62d006c10c009ff50c878cd6157ac861c99990,26105447,1790953847
39368,0x5f62d006c10c009ff50c878cd6157ac861c99990,26105479,1790954231
39369,0x5f62d006c10c009ff50c878cd6157ac861c99990,26105511,1790954615
39370,0x35376dd47c061bc3b8c8e8d61987019e7ed58f06,26105543,1790954999
39371,0x35376dd47c061bc3b8c8e8d61987019e7ed58f06,26105575,1790955383
39372,0x35376dd47c061bc3b8c8e8d61987019e7ed58f06,26105607,1790955767
39373,0x5f62d006c10c009ff50c878cd6157ac861c99990,26105639,1790956151
39374,0x5f62d006c10c009ff50c878cd6157ac861c99990,26105671,1790956535
39375,0x5f62d006c10c009ff50c878cd6157ac861c99990,26105702,1790956919
39376,0x35376dd47c061bc3b8c8e8d61987019e7ed58f06,26105733,1790957303
39377,0x5f62d006c10c009ff50c878cd6157ac861c99990,26105765,1790957687
39378,0x35376dd47c061bc3b8c8e8d61987019e7ed58f06,26105797,1790958071
39379,0x5f62d006c10c009ff50c878cd6157ac861c99990,26105829,1790958455
39380,0x35376dd47c061bc3b8c8e8d61987019e7ed58f06,26105861,1790958839
39381,0x35376dd47c061bc3b8c8e8d61987019e7ed58f06,26105893,1790959223
39382,0x35376dd47c061bc3b8c8e8d61987019e7ed58f06,26105925,1790959607
39383,0x35376dd47c061bc3b8c8e8d61987019e7ed58f06,26105956,1790959991
39384,0x5f62d006c10c009ff50c878cd6157ac861c99990,26105988,1790960375
39385,0x35376dd47c061bc3b8c8e8d61987019e7ed58f06,26106019,1790960759
39386,0x35376dd47c061bc3b8c8e8d61987019e7ed58f06,26106051,1790961143
39387,0x35376dd47c061bc3b8c8e8d61987019e7ed58f06,26106083,1790961527
39388,0x35376dd47c061bc3b8c8e8d61987019e7ed58f06,26106115,1790961911
39389,0x5f62d006c10c009ff50c878cd6157ac861c99990,26106147,1790962295
39390,0x5f62d006c10c009ff50c878cd6157ac861c99990,26106179,1790962679
39391,0x5f62d006c10c009ff50c878cd6157ac861c99990,26106211,1790963063
39392,0x35376dd47c061bc3b8c8e8d61987019e7ed58f06,26106243,1790963447
39393,0x5f62d006c10c009ff50c878cd6157ac861c99990,26106275,1790963831
39394,0x35376dd47c061bc3b8c8e8d61987019e7ed58f06,26106307,1790964215
39395,0x35376dd47c061bc3b8c8e8d61987019e7ed58f06,26106339,1790964599
39396,0x35376dd47c061bc3b8c8e8d61987019e7ed58f06,26106371,1790964983
39397,0x5f62d006c10c009ff50c878cd6157ac861c99990,26106403,1790965367
39398,0x35376dd47c061bc3b8c8e8d61987019e7ed58f06,26106435,1790965751
39399,0x35376dd47c061bc3b8c8e8d61987019e7ed58f06,26106467,1790966135
39400,0x35376dd47c061bc3b8c8e8d61987019e7ed58f06,26106499,1790966519
39401,0x35376dd47c061bc3b8c8e8d61987019e7ed58f06,26106530,1790966903
39402,0x35376dd47c061bc3b8c8e8d61987019e7ed58f06,26106562,1790967287
39403,0x35376dd47c061bc3b8c8e8d61987019e7ed58f06,26106594,1790967671
39404,0x5f62d006c10c009ff50c878cd6157ac861c99990,26106625,1790968055
39405,0x35376dd47c061bc3b8c8e8d61987019e7ed58f06,26106656,1790968439
39406,0x35376dd47c061bc3b8c8e8d61987019e7ed58f06,26106688,1790968823
39407,0x5f62d006c10c009ff50c878cd6157ac861c99990,26106720,1790969207
39408,0x35376dd47c061bc3b8c8e8d61987019e7ed58f06,26106752,1790969591
39409,0x35376dd47c061bc3b8c8e8d61987019e7ed58f06,26106783,1790969975
39410,0x5f62d006c10c009ff50c878cd6157ac861c99990,26106815,1790970359
39411,0x5f62d006c10c009ff50c878cd6157ac861c99990,26106847,1790970743
39412,0x35376dd47c061bc3b8c8e8d61987019e7ed58f06,26106879,1790971127
39413,0x35376dd47c061bc3b8c8e8d61987019e7ed58f06,26106911,1790971511
39414,0x35376dd47c061bc3b8c8e8d61987019e7ed58f06,26106943,1790971895
39415,0x35376dd47c061bc3b8c8e8d61987019e7ed58f06,26106975,1790972279
39416,0x35376dd47c061bc3b8c8e8d61987019e7ed58f06,26107007,1790972663
39417,0x35376dd47c061bc3b8c8e8d61987019e7ed58f06,26107039,1790973047
39418,0x35376dd47c061bc3b8c8e8d61987019e7ed58f06,26107071,1790973431
39419,0x5f62d006c10c009ff50c878cd6157ac861c99990,26107102,1790973815
39420,0x35376dd47c061bc3b8c8e8d61987019e7ed58f06,26107134,1790974199
39421,0x35376dd47c061bc3b8c8e8d61987019e7ed58f06,26107166,1790974583
39422,0x5f62d006c10c009ff50c878cd6157ac861c99990,26107198,1790974967
39423,0x5f62d006c10c009ff50c878cd6157ac861c99990,26107230,1790975351
39424,0x35376dd47c061bc3b8c8e8d61987019e7ed58f06,26107262,1790975735
39425,0x5f62d006c10c009ff50c878cd6157ac861c99990,26107294,1790976119
39426,0x35376dd47c061bc3b8c8e8d61987019e7ed58f06,26107326,1790976503
39427,0x35376dd47c061bc3b8c8e8d61987019e7ed58f06,26107358,1790976887
39428,0x5f62d006c10c009ff50c878cd6157ac861c99990,26107390,1790977271
39429,0x35376dd47c061bc3b8c8e8d61987019e7ed58f06,26107422,1790977655
39430,0x35376dd47c061bc3b8c8e8d61987019e7ed58f06,26107454,1790978039
39431,0x5f62d006c10c009ff50c878cd6157ac861c99990,26107485,1790978423
39432,0x5f62d006c10c009ff50c878cd6157ac861c99990,26107517,1790978807
39433,0x5f62d006c10c009ff50c878cd6157ac861c99990,26107549,1790979191
39434,0x35376dd47c061bc3b8c8e8d61987019e7ed58f06,26107581,1790979575
39435,0x5f62d006c10c009ff50c878cd6157ac861c99990,26107613,1790979959
39436,0x5f62d006c10c009ff50c878cd6157ac861c99990,26107645,1790980343
39437,0x5f62d006c10c009ff50c878cd6157ac861c99990,26107677,1790980727
39438,0x5f62d006c10c009ff50c878cd6157ac861c99990,26107710,1790981123
39439,0x35376dd47c061bc3b8c8e8d61987019e7ed58f06,26107739,1790981495
39440,0x5f62d006c10c009ff50c878cd6157ac861c99990,26107771,1790981879
39441,0x5f62d006c10c009ff50c878cd6157ac861c99990,26107803,1790982263
39442,0x35376dd47c061bc3b8c8e8d61987019e7ed58f06,26107835,1790982647
39443,0x5f62d006c10c009ff50c878cd6157ac861c99990,26107868,1790983043
39444,0x5f62d006c10c009ff50c878cd6157ac861c99990,26107899,1790983415
39445,0x35376dd47c061bc3b8c8e8d61987019e7ed58f06,26107931,1790983799
39446,0x35376dd47c061bc3b8c8e8d61987019e7ed58f06,26107963,1790984183
39447,0x5f62d006c10c009ff50c878cd6157ac861c99990,26107995,1790984567
39448,0x5f62d006c10c009ff50c878cd6157ac861c99990,26108027,1790984951
39449,0x35376dd47c061bc3b8c8e8d61987019e7ed58f06,26108059,1790985335
39450,0x35376dd47c061bc3b8c8e8d61987019e7ed58f06,26108091,1790985719
39451,0x5f62d006c10c009ff50c878cd6157ac861c99990,26108123,1790986103
39452,0x35376dd47c061bc3b8c8e8d61987019e7ed58f06,26108156,1790986499
39453,0x5f62d006c10c009ff50c878cd6157ac861c99990,26108187,1790986871
39454,0x5f62d006c10c009ff50c878cd6157ac861c99990,26108219,1790987255
39455,0x5f62d006c10c009ff50c878cd6157ac861c99990,26108251,1790987639
39456,0x5f62d006c10c009ff50c878cd6157ac861c99990,26108283,1790988023
39457,0x5f62d006c10c009ff50c878cd6157ac861c99990,26108315,1790988407
39458,0x5f62d006c10c009ff50c878cd6157ac861c99990,26108347,1790988791
39459,0x35376dd47c061bc3b8c8e8d61987019e7ed58f06,26108379,1790989175
39460,0x5f62d006c10c009ff50c878cd6157ac861c99990,26108410,1790989559
39461,0x35376dd47c061bc3b8c8e8d61987019e7ed58f06,26108442,1790989943
39462,0x5f62d006c10c009ff50c878cd6157ac861c99990,26108474,1790990339
39463,0x5f62d006c10c009ff50c878cd6157ac861c99990,26108504,1790990711
39464,0x35376dd47c061bc3b8c8e8d61987019e7ed58f06,26108536,1790991095
39465,0x35376dd47c061bc3b8c8e8d61987019e7ed58f06,26108568,1790991479
39466,0x5f62d006c10c009ff50c878cd6157ac861c99990,26108600,1790991863
39467,0x5f62d006c10c009ff50c878cd6157ac861c99990,26108632,1790992247
39468,0x35376dd47c061bc3b8c8e8d61987019e7ed58f06,26108664,1790992631
39469,0x35376dd47c061bc3b8c8e8d61987019e7ed58f06,26108696,1790993015
39470,0x5f62d006c10c009ff50c878cd6157ac861c99990,26108728,1790993399
39471,0x35376dd47c061bc3b8c8e8d61987019e7ed58f06,26108760,1790993795
39472,0x5f62d006c10c009ff50c878cd6157ac861c99990,26108791,1790994167
39473,0x35376dd47c061bc3b8c8e8d61987019e7ed58f06,26108823,1790994551
39474,0x5f62d006c10c009ff50c878cd6157ac861c99990,26108855,1790994935
39475,0x35376dd47c061bc3b8c8e8d61987019e7ed58f06,26108887,1790995319
39476,0x5f62d006c10c009ff50c878cd6157ac861c99990,26108919,1790995703
39477,0x5f62d006c10c009ff50c878cd6157ac861c99990,26108951,1790996087
39478,0x5f62d006c10c009ff50c878cd6157ac861c99990,26108983,1790996471
39479,0x5f62d006c10c009ff50c878cd6157ac861c99990,26109015,1790996855
39480,0x35376dd47c061bc3b8c8e8d61987019e7ed58f06,26109047,1790997239
39481,0x35376dd47c061bc3b8c8e8d61987019e7ed58f06,26109079,1790997623
39482,0x35376dd47c061bc3b8c8e8d61987019e7ed58f06,26109111,1790998007
39483,0x5f62d006c10c009ff50c878cd6157ac861c99990,26109143,1790998391
39484,0x5f62d006c10c009ff50c878cd6157ac861c99990,26109175,1790998775
39485,0x5f62d006c10c009ff50c878cd6157ac861c99990,26109208,1790999171
39486,0x35376dd47c061bc3b8c8e8d61987019e7ed58f06,26109239,1790999543
39487,0x5f62d006c10c009ff50c878cd6157ac861c99990,26109271,1790999927
39488,0x5f62d006c10c009ff50c878cd6157ac861c99990,26109303,1791000311
39489,0x5f62d006c10c009ff50c878cd6157ac861c99990,26109336,1791000707
39490,0x5f62d006c10c009ff50c878cd6157ac861c99990,26109367,1791001079
39491,0x5f62d006c10c009ff50c878cd6157ac861c99990,26109400,1791001475
39492,0x5f62d006c10c009ff50c878cd6157ac861c99990,26109431,1791001847
39493,0x35376dd47c061bc3b8c8e8d61987019e7ed58f06,26109464,1791002243
39494,0x5f62d006c10c009ff50c878cd6157ac861c99990,26109496,1791002627
39495,0x5f62d006c10c009ff50c878cd6157ac861c99990,26109527,1791002999
39496,0x5f62d006c10c009ff50c878cd6157ac861c99990,26109560,1791003395
39497,0x35376dd47c061bc3b8c8e8d61987019e7ed58f06,26109591,1791003767
39498,0x35376dd47c061bc3b8c8e8d61987019e7ed58f06,26109623,1791004151
39499,0x5f62d006c10c009ff50c878cd6157ac861c99990,26109654,1791004535
39500,0x35376dd47c061bc3b8c8e8d61987019e7ed58f06,26109686,1791004919
39501,0x5f62d006c10c009ff50c878cd6157ac861c99990,26109719,1791005315
39502,0x35376dd47c061bc3b8c8e8d61987019e7ed58f06,26109750,1791005687
39503,0x5f62d006c10c009ff50c878cd6157ac861c99990,26109782,1791006071
39504,0x35376dd47c061bc3b8c8e8d61987019e7ed58f06,26109814,1791006455
39505,0x5f62d006c10c009ff50c878cd6157ac861c99990,26109846,1791006839
39506,0x5f62d006c10c009ff50c878cd6157ac861c99990,26109878,1791007223
39507,0x5f62d006c10c009ff50c878cd6157ac861c99990,26109909,1791007607
39508,0x35376dd47c061bc3b8c8e8d61987019e7ed58f06,26109941,1791007991
39509,0x35376dd47c061bc3b8c8e8d61987019e7ed58f06,26109973,1791008375
39510,0x5f62d006c10c009ff50c878cd6157ac861c99990,26110005,1791008759
39511,0x35376dd47c061bc3b8c8e8d61987019e7ed58f06,26110038,1791009155
39512,0x5f62d006c10c009ff50c878cd6157ac861c99990,26110069,1791009527
39513,0x5f62d006c10c009ff50c878cd6157ac861c99990,26110101,1791009911
39514,0x35376dd47c061bc3b8c8e8d61987019e7ed58f06,26110133,1791010295
39515,0x5f62d006c10c009ff50c878cd6157ac861c99990,26110164,1791010679
39516,0x5f62d006c10c009ff50c878cd6157ac861c99990,26110196,1791011063
39517,0x5f62d006c10c009ff50c878cd6157ac861c99990,26110228,1791011447
39518,0x5f62d006c10c009ff50c878cd6157ac861c99990,26110260,1791011831
39519,0x5f62d006c10c009ff50c878cd6157ac861c99990,26110292,1791012215
39520,0x35376dd47c061bc3b8c8e8d61987019e7ed58f06,26110324,1791012599
39521,0x35376dd47c061bc3b8c8e8d61987019e7ed58f06,26110356,1791012983
39522,0x35376dd47c061bc3b8c8e8d61987019e7ed58f06,26110387,1791013367
39523,0x35376dd47c061bc3b8c8e8d61987019e7ed58f06,26110419,1791013751
39524,0x5f62d006c10c009ff50c878cd6157ac861c99990,26110452,1791014147
39525,0x35376dd47c061bc3b8c8e8d61987019e7ed58f06,26110483,1791014519
39526,0x5f62d006c10c009ff50c878cd6157ac861c99990,26110515,1791014903
39527,0x5f62d006c10c009ff50c878cd6157ac861c99990,26110547,1791015287
39528,0x35376dd47c061bc3b8c8e8d61987019e7ed58f06,26110580,1791015683
39529,0x35376dd47c061bc3b8c8e8d61987019e7ed58f06,26110611,1791016055
39530,0x5f62d006c10c009ff50c878cd6157ac861c99990,26110643,1791016439
39531,0x5f62d006c10c009ff50c878cd6157ac861c99990,26110675,1791016823
39532,0x5f62d006c10c009ff50c878cd6157ac861c99990,26110707,1791017207
39533,0x5f62d006c10c009ff50c878cd6157ac861c99990,26110739,1791017591
39534,0x35376dd47c061bc3b8c8e8d61987019e7ed58f06,26110771,1791017975
39535,0x35376dd47c061bc3b8c8e8d61987019e7ed58f06,26110803,1791018359
39536,0x35376dd47c061bc3b8c8e8d61987019e7ed58f06,26110835,1791018743
39537,0x35376dd47c061bc3b8c8e8d61987019e7ed58f06,26110867,1791019127
39538,0x5f62d006c10c009ff50c878cd6157ac861c99990,26110898,1791019511
39539,0x35376dd47c061bc3b8c8e8d61987019e7ed58f06,26110931,1791019907
39540,0x5f62d006c10c009ff50c878cd6157ac861c99990,26110962,1791020279
39541,0x5f62d006c10c009ff50c878cd6157ac861c99990,26110994,1791020663
39542,0x35376dd47c061bc3b8c8e8d61987019e7ed58f06,26111026,1791021047
39543,0x5f62d006c10c009ff50c878cd6157ac861c99990,26111059,1791021443
39544,0x5f62d006c10c009ff50c878cd6157ac861c99990,26111090,1791021815
39545,0x35376dd47c061bc3b8c8e8d61987019e7ed58f06,26111122,1791022199
39546,0x35376dd47c061bc3b8c8e8d61987019e7ed58f06,26111154,1791022583
39547,0x5f62d006c10c009ff50c878cd6157ac861c99990,26111186,1791022967
39548,0x5f62d006c10c009ff50c878cd6157ac861c99990,26111218,1791023351
39549,0x35376dd47c061bc3b8c8e8d61987019e7ed58f06,26111249,1791023735
39550,0x5f62d006c10c009ff50c878cd6157ac861c99990,26111281,1791024119
39551,0x35376dd47c061bc3b8c8e8d61987019e7ed58f06,26111313,1791024503
39552,0x35376dd47c061bc3b8c8e8d61987019e7ed58f06,26111345,1791024887
39553,0x35376dd47c061bc3b8c8e8d61987019e7ed58f06,26111378,1791025283
39554,0x35376dd47c061bc3b8c8e8d61987019e7ed58f06,26111409,1791025655
39555,0x5f62d006c10c009ff50c878cd6157ac861c99990,26111441,1791026039
39556,0x5f62d006c10c009ff50c878cd6157ac861c99990,26111474,1791026435
39557,0x35376dd47c061bc3b8c8e8d61987019e7ed58f06,26111505,1791026807
39558,0x5f62d006c10c009ff50c878cd6157ac861c99990,26111537,1791027191
39559,0x35376dd47c061bc3b8c8e8d61987019e7ed58f06,26111569,1791027575
39560,0x5f62d006c10c009ff50c878cd6157ac861c99990,26111601,1791027959
39561,0x35376dd47c061bc3b8c8e8d61987019e7ed58f06,26111633,1791028343
39562,0x35376dd47c061bc3b8c8e8d61987019e7ed58f06,26111665,1791028727
39563,0x35376dd47c061bc3b8c8e8d61987019e7ed58f06,26111698,1791029123
39564,0x5f62d006c10c009ff50c878cd6157ac861c99990,26111730,1791029507
39565,0x5f62d006c10c009ff50c878cd6157ac861c99990,26111761,1791029879
39566,0x35376dd47c061bc3b8c8e8d61987019e7ed58f06,26111793,1791030263
39567,0x35376dd47c061bc3b8c8e8d61987019e7ed58f06,26111825,1791030647
39568,0x35376dd47c061bc3b8c8e8d61987019e7ed58f06,26111857,1791031031
39569,0x5f62d006c10c009ff50c878cd6157ac861c99990,26111889,1791031415
39570,0x5f62d006c10c009ff50c878cd6157ac861c99990,26111921,1791031799
39571,0x35376dd47c061bc3b8c8e8d61987019e7ed58f06,26111952,1791032183
39572,0x35376dd47c061bc3b8c8e8d61987019e7ed58f06,26111985,1791032579
39573,0x35376dd47c061bc3b8c8e8d61987019e7ed58f06,26112017,1791032963
39574,0x5f62d006c10c009ff50c878cd6157ac861c99990,26112048,1791033335
39575,0x35376dd47c061bc3b8c8e8d61987019e7ed58f06,26112080,1791033719
39576,0x35376dd47c061bc3b8c8e8d61987019e7ed58f06,26112112,1791034103
39577,0x35376dd47c061bc3b8c8e8d61987019e7ed58f06,26112144,1791034487
39578,0x5f62d006c10c009ff50c878cd6157ac861c99990,26112176,1791034871
39579,0x35376dd47c061bc3b8c8e8d61987019e7ed58f06,26112208,1791035255
39580,0x35376dd47c061bc3b8c8e8d61987019e7ed58f06,26112240,1791035639
39581,0x5f62d006c10c009ff50c878cd6157ac861c99990,26112272,1791036023
39582,0x35376dd47c061bc3b8c8e8d61987019e7ed58f06,26112303,1791036407
39583,0x5f62d006c10c009ff50c878cd6157ac861c99990,26112335,1791036791
39584,0x35376dd47c061bc3b8c8e8d61987019e7ed58f06,26112367,1791037175
39585,0x5f62d006c10c009ff50c878cd6157ac861c99990,26112399,1791037559
39586,0x5f62d006c10c009ff50c878cd6157ac861c99990,26112430,1791037943
39587,0x35376dd47c061bc3b8c8e8d61987019e7ed58f06,26112462,1791038327
39588,0x5f62d006c10c009ff50c878cd6157ac861c99990,26112494,1791038711
39589,0x35376dd47c061bc3b8c8e8d61987019e7ed58f06,26112525,1791039095
39590,0x5f62d006c10c009ff50c878cd6157ac861c99990,26112557,1791039479
39591,0x5f62d006c10c009ff50c878cd6157ac861c99990,26112589,1791039863
39592,0x35376dd47c061bc3b8c8e8d61987019e7ed58f06,26112621,1791040247
39593,0x35376dd47c061bc3b8c8e8d61987019e7ed58f06,26112653,1791040631
39594,0x35376dd47c061bc3b8c8e8d61987019e7ed58f06,26112685,1791041015
39595,0x5f62d006c10c009ff50c878cd6157ac861c99990,26112717,1791041399
39596,0x35376dd47c061bc3b8c8e8d61987019e7ed58f06,26112749,1791041783
39597,0x5f62d006c10c009ff50c878cd6157ac861c99990,26112781,1791042167
39598,0x35376dd47c061bc3b8c8e8d61987019e7ed58f06,26112813,1791042551
39599,0x5f62d006c10c009ff50c878cd6157ac861c99990,26112845,1791042935
39600,0x35376dd47c061bc3b8c8e8d61987019e7ed58f06,26112877,1791043319
39601,0x5f62d006c10c009ff50c878cd6157ac861c99990,26112909,1791043703
39602,0x35376dd47c061bc3b8c8e8d61987019e7ed58f06,26112940,1791044087
39603,0x5f62d006c10c009ff50c878cd6157ac861c99990,26112972,1791044471
39604,0x5f62d006c10c009ff50c878cd6157ac861c99990,26113004,1791044855
39605,0x35376dd47c061bc3b8c8e8d61987019e7ed58f06,26113036,1791045239
39606,0x5f62d006c10c009ff50c878cd6157ac861c99990,26113068,1791045623
39607,0x35376dd47c061bc3b8c8e8d61987019e7ed58f06,26113100,1791046007
39608,0x5f62d006c10c009ff50c878cd6157ac861c99990,26113132,1791046391
39609,0x5f62d006c10c009ff50c878cd6157ac861c99990,26113163,1791046775
39610,0x5f62d006c10c009ff50c878cd6157ac861c99990,26113196,1791047171
39611,0x35376dd47c061bc3b8c8e8d61987019e7ed58f06,26113227,1791047543
39612,0x5f62d006c10c009ff50c878cd6157ac861c99990,26113259,1791047927
39613,0x35376dd47c061bc3b8c8e8d61987019e7ed58f06,26113291,1791048311
39614,0x35376dd47c061bc3b8c8e8d61987019e7ed58f06,26113323,1791048695
39615,0x35376dd47c061bc3b8c8e8d61987019e7ed58f06,26113355,1791049079
39616,0x5f62d006c10c009ff50c878cd6157ac861c99990,26113387,1791049463
39617,0x35376dd47c061bc3b8c8e8d61987019e7ed58f06,26113419,1791049847
39618,0x5f62d006c10c009ff50c878cd6157ac861c99990,26113451,1791050231
39619,0x5f62d006c10c009ff50c878cd6157ac861c99990,26113483,1791050615
39620,0x5f62d006c10c009ff50c878cd6157ac861c99990,26113515,1791050999
39621,0x5f62d006c10c009ff50c878cd6157ac861c99990,26113547,1791051383
39622,0x35376dd47c061bc3b8c8e8d61987019e7ed58f06,26113579,1791051767
39623,0x35376dd47c061bc3b8c8e8d61987019e7ed58f06,26113609,1791052151
39624,0x5f62d006c10c009ff50c878cd6157ac861c99990,26113641,1791052535
39625,0x5f62d006c10c009ff50c878cd6157ac861c99990,26113673,1791052919
39626,0x5f62d006c10c009ff50c878cd6157ac861c99990,26113704,1791053303
39627,0x35376dd47c061bc3b8c8e8d61987019e7ed58f06,26113736,1791053687
39628,0x35376dd47c061bc3b8c8e8d61987019e7ed58f06,26113768,1791054071
39629,0x5f62d006c10c009ff50c878cd6157ac861c99990,26113800,1791054455
39630,0x35376dd47c061bc3b8c8e8d61987019e7ed58f06,26113832,1791054839
39631,0x5f62d006c10c009ff50c878cd6157ac861c99990,26113864,1791055223
39632,0x35376dd47c061bc3b8c8e8d61987019e7ed58f06,26113896,1791055607
39633,0x5f62d006c10c009ff50c878cd6157ac861c99990,26113928,1791055991
39634,0x35376dd47c061bc3b8c8e8d61987019e7ed58f06,26113960,1791056375
39635,0x35376dd47c061bc3b8c8e8d61987019e7ed58f06,26113992,1791056759
39636,0x5f62d006c10c009ff50c878cd6157ac861c99990,26114024,1791057143
39637,0x5f62d006c10c009ff50c878cd6157ac861c99990,26114056,1791057527
39638,0x35376dd47c061bc3b8c8e8d61987019e7ed58f06,26114088,1791057911
39639,0x35376dd47c061bc3b8c8e8d61987019e7ed58f06,26114120,1791058295
39640,0x35376dd47c061bc3b8c8e8d61987019e7ed58f06,26114152,1791058679
39641,0x5f62d006c10c009ff50c878cd6157ac861c99990,26114184,1791059063
39642,0x35376dd47c061bc3b8c8e8d61987019e7ed58f06,26114216,1791059447
39643,0x5f62d006c10c009ff50c878cd6157ac861c99990,26114248,1791059831
39644,0x5f62d006c10c009ff50c878cd6157ac861c99990,26114280,1791060215
39645,0x5f62d006c10c009ff50c878cd6157ac861c99990,26114312,1791060599
39646,0x35376dd47c061bc3b8c8e8d61987019e7ed58f06,26114344,1791060983
39647,0x35376dd47c061bc3b8c8e8d61987019e7ed58f06,26114376,1791061367
39648,0x5f62d006c10c009ff50c878cd6157ac861c99990,26114408,1791061751
39649,0x35376dd47c061bc3b8c8e8d61987019e7ed58f06,26114440,1791062135
39650,0x5f62d006c10c009ff50c878cd6157ac861c99990,26114472,1791062519
39651,0x5f62d006c10c009ff50c878cd6157ac861c99990,26114504,1791062903
39652,0x35376dd47c061bc3b8c8e8d61987019e7ed58f06,26114536,1791063287
39653,0x5f62d006c10c009ff50c878cd6157ac861c99990,26114568,1791063671
39654,0x35376dd47c061bc3b8c8e8d61987019e7ed58f06,26114600,1791064055
39655,0x35376dd47c061bc3b8c8e8d61987019e7ed58f06,26114632,1791064439
39656,0x5f62d006c10c009ff50c878cd6157ac861c99990,26114664,1791064823
39657,0x5f62d006c10c009ff50c878cd6157ac861c99990,26114696,1791065207
39658,0x5f62d006c10c009ff50c878cd6157ac861c99990,26114727,1791065591
39659,0x35376dd47c061bc3b8c8e8d61987019e7ed58f06,26114759,1791065975
39660,0x5f62d006c10c009ff50c878cd6157ac861c99990,26114791,1791066359
39661,0x5f62d006c10c009ff50c878cd6157ac861c99990,26114823,1791066743
39662,0x5f62d006c10c009ff50c878cd6157ac861c99990,26114855,1791067127
39663,0x5f62d006c10c009ff50c878cd6157ac861c99990,26114887,1791067511
39664,0x35376dd47c061bc3b8c8e8d61987019e7ed58f06,26114919,1791067895
39665,0x5f62d006c10c009ff50c878cd6157ac861c99990,26114951,1791068279
39666,0x35376dd47c061bc3b8c8e8d61987019e7ed58f06,26114983,1791068663
39667,0x35376dd47c061bc3b8c8e8d61987019e7ed58f06,26115016,1791069059
39668,0x5f62d006c10c009ff50c878cd6157ac861c99990,26115047,1791069431
39669,0x35376dd47c061bc3b8c8e8d61987019e7ed58f06,26115079,1791069815
39670,0x35376dd47c061bc3b8c8e8d61987019e7ed58f06,26115111,1791070199
39671,0x5f62d006c10c009ff50c878cd6157ac861c99990,26115142,1791070583
39672,0x5f62d006c10c009ff50c878cd6157ac861c99990,26115174,1791070967
39673,0x5f62d006c10c009ff50c878cd6157ac861c99990,26115206,1791071351
39674,0x5f62d006c10c009ff50c878cd6157ac861c99990,26115238,1791071735
39675,0x5f62d006c10c009ff50c878cd6157ac861c99990,26115270,1791072119
39676,0x35376dd47c061bc3b8c8e8d61987019e7ed58f06,26115302,1791072503
39677,0x35376dd47c061bc3b8c8e8d61987019e7ed58f06,26115334,1791072887
39678,0x5f62d006c10c009ff50c878cd6157ac861c99990,26115366,1791073271
39679,0x35376dd47c061bc3b8c8e8d61987019e7ed58f06,26115398,1791073655
39680,0x35376dd47c061bc3b8c8e8d61987019e7ed58f06,26115430,1791074039
39681,0x5f62d006c10c009ff50c878cd6157ac861c99990,26115462,1791074423
39682,0x5f62d006c10c009ff50c878cd6157ac861c99990,26115494,1791074807
39683,0x35376dd47c061bc3b8c8e8d61987019e7ed58f06,26115526,1791075191
39684,0x35376dd47c061bc3b8c8e8d61987019e7ed58f06,26115557,1791075575
39685,0x5f62d006c10c009ff50c878cd6157ac861c99990,26115589,1791075959
39686,0x35376dd47c061bc3b8c8e8d61987019e7ed58f06,26115621,1791076343
39687,0x35376dd47c061bc3b8c8e8d61987019e7ed58f06,26115653,1791076727
39688,0x35376dd47c061bc3b8c8e8d61987019e7ed58f06,26115685,1791077111
39689,0x5f62d006c10c009ff50c878cd6157ac861c99990,26115717,1791077495
39690,0x5f62d006c10c009ff50c878cd6157ac861c99990,26115750,1791077891
39691,0x35376dd47c061bc3b8c8e8d61987019e7ed58f06,26115781,1791078263
39692,0x5f62d006c10c009ff50c878cd6157ac861c99990,26115813,1791078647
39693,0x35376dd47c061bc3b8c8e8d61987019e7ed58f06,26115844,1791079031
39694,0x5f62d006c10c009ff50c878cd6157ac861c99990,26115876,1791079415
39695,0x5f62d006c10c009ff50c878cd6157ac861c99990,26115908,1791079799
39696,0x35376dd47c061bc3b8c8e8d61987019e7ed58f06,26115940,1791080183
39697,0x35376dd47c061bc3b8c8e8d61987019e7ed58f06,26115972,1791080567
39698,0x35376dd47c061bc3b8c8e8d61987019e7ed58f06,26116004,1791080951
39699,0x35376dd47c061bc3b8c8e8d61987019e7ed58f06,26116036,1791081335
39700,0x5f62d006c10c009ff50c878cd6157ac861c99990,26116068,1791081719
39701,0x5f62d006c10c009ff50c878cd6157ac861c99990,26116100,1791082103
39702,0x35376dd47c061bc3b8c8e8d61987019e7ed58f06,26116132,1791082487
39703,0x5f62d006c10c009ff50c878cd6157ac861c99990,26116164,1791082871
39704,0x5f62d006c10c009ff50c878cd6157ac861c99990,26116196,1791083255
39705,0x5f62d006c10c009ff50c878cd6157ac861c99990,26116228,1791083639
39706,0x5f62d006c10c009ff50c878cd6157ac861c99990,26116260,1791084023
39707,0x35376dd47c061bc3b8c8e8d61987019e7ed58f06,26116292,1791084407
39708,0x5f62d006c10c009ff50c878cd6157ac861c99990,26116324,1791084791
39709,0x5f62d006c10c009ff50c878cd6157ac861c99990,26116356,1791085175
39710,0x5f62d006c10c009ff50c878cd6157ac861c99990,26116388,1791085571
39711,0x35376dd47c061bc3b8c8e8d61987019e7ed58f06,26116419,1791085943
39712,0x35376dd47c061bc3b8c8e8d61987019e7ed58f06,26116451,1791086327
39713,0x35376dd47c061bc3b8c8e8d61987019e7ed58f06,26116483,1791086711
39714,0x35376dd47c061bc3b8c8e8d61987019e7ed58f06,26116515,1791087095
39715,0x35376dd47c061bc3b8c8e8d61987019e7ed58f06,26116546,1791087479
39716,0x35376dd47c061bc3b8c8e8d61987019e7ed58f06,26116578,1791087863
39717,0x35376dd47c061bc3b8c8e8d61987019e7ed58f06,26116610,1791088247
39718,0x5f62d006c10c009ff50c878cd6157ac861c99990,26116642,1791088631
39719,0x5f62d006c10c009ff50c878cd6157ac861c99990,26116674,1791089015
39720,0x5f62d006c10c009ff50c878cd6157ac861c99990,26116707,1791089411
39721,0x35376dd47c061bc3b8c8e8d61987019e7ed58f06,26116738,1791089783
39722,0x5f62d006c10c009ff50c878cd6157ac861c99990,26116770,1791090167
39723,0x35376dd47c061bc3b8c8e8d61987019e7ed58f06,26116802,1791090551
39724,0x35376dd47c061bc3b8c8e8d61987019e7ed58f06,26116834,1791090935
39725,0x5f62d006c10c009ff50c878cd6157ac861c99990,26116867,1791091331
39726,0x35376dd47c061bc3b8c8e8d61987019e7ed58f06,26116898,1791091703
39727,0x5f62d006c10c009ff50c878cd6157ac861c99990,26116930,1791092087
39728,0x5f62d006c10c009ff50c878cd6157ac861c99990,26116962,1791092471
39729,0x5f62d006c10c009ff50c878cd6157ac861c99990,26116994,1791092855
39730,0x35376dd47c061bc3b8c8e8d61987019e7ed58f06,26117025,1791093239
39731,0x35376dd47c061bc3b8c8e8d61987019e7ed58f06,26117057,1791093623
39732,0x35376dd47c061bc3b8c8e8d61987019e7ed58f06,26117089,1791094007
39733,0x5f62d006c10c009ff50c878cd6157ac861c99990,26117122,1791094403
39734,0x35376dd47c061bc3b8c8e8d61987019e7ed58f06,26117153,1791094775
39735,0x35376dd47c061bc3b8c8e8d61987019e7ed58f06,26117186,1791095171
39736,0x5f62d006c10c009ff50c878cd6157ac861c99990,26117217,1791095543
39737,0x5f62d006c10c009ff50c878cd6157ac861c99990,26117249,1791095927
39738,0x5f62d006c10c009ff50c878cd6157ac861c99990,26117282,1791096323
39739,0x35376dd47c061bc3b8c8e8d61987019e7ed58f06,26117313,1791096695
39740,0x35376dd47c061bc3b8c8e8d61987019e7ed58f06,26117346,1791097091
39741,0x5f62d006c10c009ff50c878cd6157ac861c99990,26117377,1791097463
39742,0x35376dd47c061bc3b8c8e8d61987019e7ed58f06,26117409,1791097847
39743,0x35376dd47c061bc3b8c8e8d61987019e7ed58f06,26117441,1791098231
39744,0x5f62d006c10c009ff50c878cd6157ac861c99990,26117473,1791098615
39745,0x35376dd47c061bc3b8c8e8d61987019e7ed58f06,26117505,1791098999
39746,0x35376dd47c061bc3b8c8e8d61987019e7ed58f06,26117537,1791099383
39747,0x5f62d006c10c009ff50c878cd6157ac861c99990,26117569,1791099767
39748,0x35376dd47c061bc3b8c8e8d61987019e7ed58f06,26117601,1791100151
39749,0x35376dd47c061bc3b8c8e8d61987019e7ed58f06,26117633,1791100547
39750,0x35376dd47c061bc3b8c8e8d61987019e7ed58f06,26117663,1791100919
39751,0x35376dd47c061bc3b8c8e8d61987019e7ed58f06,26117695,1791101303
39752,0x35376dd47c061bc3b8c8e8d61987019e7ed58f06,26117727,1791101687
39753,0x5f62d006c10c009ff50c878cd6157ac861c99990,26117759,1791102071
39754,0x35376dd47c061bc3b8c8e8d61987019e7ed58f06,26117791,1791102455
39755,0x35376dd47c061bc3b8c8e8d61987019e7ed58f06,26117823,1791102839
39756,0x35376dd47c061bc3b8c8e8d61987019e7ed58f06,26117854,1791103223
39757,0x5f62d006c10c009ff50c878cd6157ac861c99990,26117886,1791103607
39758,0x35376dd47c061bc3b8c8e8d61987019e7ed58f06,26117918,1791103991
39759,0x5f62d006c10c009ff50c878cd6157ac861c99990,26117950,1791104375
39760,0x5f62d006c10c009ff50c878cd6157ac861c99990,26117982,1791104759
39761,0x35376dd47c061bc3b8c8e8d61987019e7ed58f06,26118014,1791105143
39762,0x35376dd47c061bc3b8c8e8d61987019e7ed58f06,26118046,1791105527
39763,0x35376dd47c061bc3b8c8e8d61987019e7ed58f06,26118078,1791105911
39764,0x35376dd47c061bc3b8c8e8d61987019e7ed58f06,26118109,1791106295
39765,0x35376dd47c061bc3b8c8e8d61987019e7ed58f06,26118141,1791106679
39766,0x35376dd47c061bc3b8c8e8d61987019e7ed58f06,26118173,1791107063
39767,0x35376dd47c061bc3b8c8e8d61987019e7ed58f06,26118206,1791107459
39768,0x5f62d006c10c009ff50c878cd6157ac861c99990,26118237,1791107831
39769,0x5f62d006c10c009ff50c878cd6157ac861c99990,26118269,1791108215
39770,0x35376dd47c061bc3b8c8e8d61987019e7ed58f06,26118301,1791108599
39771,0x35376dd47c061bc3b8c8e8d61987019e7ed58f06,26118333,1791108983
39772,0x5f62d006c10c009ff50c878cd6157ac861c99990,26118364,1791109367
39773,0x35376dd47c061bc3b8c8e8d61987019e7ed58f06,26118396,1791109751
39774,0x35376dd47c061bc3b8c8e8d61987019e7ed58f06,26118426,1791110135
39775,0x35376dd47c061bc3b8c8e8d61987019e7ed58f06,26118458,1791110519
39776,0x5f62d006c10c009ff50c878cd6157ac861c99990,26118490,1791110903
39777,0x35376dd47c061bc3b8c8e8d61987019e7ed58f06,26118522,1791111287
39778,0x5f62d006c10c009ff50c878cd6157ac861c99990,26118554,1791111671
39779,0x35376dd47c061bc3b8c8e8d61987019e7ed58f06,26118587,1791112067
39780,0x35376dd47c061bc3b8c8e8d61987019e7ed58f06,26118618,1791112439
39781,0x35376dd47c061bc3b8c8e8d61987019e7ed58f06,26118650,1791112823
39782,0x5f62d006c10c009ff50c878cd6157ac861c99990,26118682,1791113207
39783,0x35376dd47c061bc3b8c8e8d61987019e7ed58f06,26118714,1791113591
39784,0x35376dd47c061bc3b8c8e8d61987019e7ed58f06,26118746,1791113975
39785,0x5f62d006c10c009ff50c878cd6157ac861c99990,26118778,1791114359
39786,0x5f62d006c10c009ff50c878cd6157ac861c99990,26118811,1791114755
39787,0x35376dd47c061bc3b8c8e8d61987019e7ed58f06,26118842,1791115127
39788,0x35376dd47c061bc3b8c8e8d61987019e7ed58f06,26118874,1791115511
39789,0x35376dd47c061bc3b8c8e8d61987019e7ed58f06,26118906,1791115895
39790,0x5f62d006c10c009ff50c878cd6157ac861c99990,26118938,1791116279
39791,0x35376dd47c061bc3b8c8e8d61987019e7ed58f06,26118970,1791116663
39792,0x5f62d006c10c009ff50c878cd6157ac861c99990,26119002,1791117047
39793,0x5f62d006c10c009ff50c878cd6157ac861c99990,26119034,1791117431
39794,0x35376dd47c061bc3b8c8e8d61987019e7ed58f06,26119066,1791117815
39795,0x35376dd47c061bc3b8c8e8d61987019e7ed58f06,26119098,1791118199
39796,0x35376dd47c061bc3b8c8e8d61987019e7ed58f06,26119130,1791118583
39797,0x35376dd47c061bc3b8c8e8d61987019e7ed58f06,26119162,1791118967
39798,0x35376dd47c061bc3b8c8e8d61987019e7ed58f06,26119194,1791119351
39799,0x5f62d006c10c009ff50c878cd6157ac861c99990,26119226,1791119735
39800,0x5f62d006c10c009ff50c878cd6157ac861c99990,26119258,1791120119
39801,0x5f62d006c10c009ff50c878cd6157ac861c99990,26119290,1791120503
39802,0x5f62d006c10c009ff50c878cd6157ac861c99990,26119321,1791120887
39803,0x5f62d006c10c009ff50c878cd6157ac861c99990,26119353,1791121271
39804,0x35376dd47c061bc3b8c8e8d61987019e7ed58f06,26119385,1791121655
39805,0x5f62d006c10c009ff50c878cd6157ac861c99990,26119417,1791122039
39806,0x35376dd47c061bc3b8c8e8d61987019e7ed58f06,26119449,1791122423
39807,0x5f62d006c10c009ff50c878cd6157ac861c99990,26119481,1791122807
39808,0x5f62d006c10c009ff50c878cd6157ac861c99990,26119513,1791123191
39809,0x35376dd47c061bc3b8c8e8d61987019e7ed58f06,26119545,1791123575
39810,0x5f62d006c10c009ff50c878cd6157ac861c99990,26119577,1791123959
39811,0x5f62d006c10c009ff50c878cd6157ac861c99990,26119609,1791124343
39812,0x35376dd47c061bc3b8c8e8d61987019e7ed58f06,26119641,1791124727
39813,0x5f62d006c10c009ff50c878cd6157ac861c99990,26119673,1791125111
39814,0x5f62d006c10c009ff50c878cd6157ac861c99990,26119705,1791125495
39815,0x5f62d006c10c009ff50c878cd6157ac861c99990,26119737,1791125879
39816,0x5f62d006c10c009ff50c878cd6157ac861c99990,26119769,1791126263
39817,0x35376dd47c061bc3b8c8e8d61987019e7ed58f06,26119801,1791126647
39818,0x35376dd47c061bc3b8c8e8d61987019e7ed58f06,26119833,1791127031
39819,0x5f62d006c10c009ff50c878cd6157ac861c99990,26119865,1791127415
39820,0x35376dd47c061bc3b8c8e8d61987019e7ed58f06,26119897,1791127799
39821,0x35376dd47c061bc3b8c8e8d61987019e7ed58f06,26119929,1791128183
39822,0x35376dd47c061bc3b8c8e8d61987019e7ed58f06,26119962,1791128579
39823,0x5f62d006c10c009ff50c878cd6157ac861c99990,26119993,1791128951
39824,0x35376dd47c061bc3b8c8e8d61987019e7ed58f06,26120025,1791129335
39825,0x5f62d006c10c009ff50c878cd6157ac861c99990,26120058,1791129731
39826,0x5f62d006c10c009ff50c878cd6157ac861c99990,26120088,1791130103
39827,0x35376dd47c061bc3b8c8e8d61987019e7ed58f06,26120120,1791130487
39828,0x35376dd47c061bc3b8c8e8d61987019e7ed58f06,26120152,1791130871
39829,0x5f62d006c10c009ff50c878cd6157ac861c99990,26120185,1791131267
39830,0x5f62d006c10c009ff50c878cd6157ac861c99990,26120216,1791131639
39831,0x5f62d006c10c009ff50c878cd6157ac861c99990,26120248,1791132023
39832,0x35376dd47c061bc3b8c8e8d61987019e7ed58f06,26120279,1791132407
39833,0x5f62d006c10c009ff50c878cd6157ac861c99990,26120311,1791132791
39834,0x35376dd47c061bc3b8c8e8d61987019e7ed58f06,26120343,1791133175
39835,0x35376dd47c061bc3b8c8e8d61987019e7ed58f06,26120375,1791133559
39836,0x5f62d006c10c009ff50c878cd6157ac861c99990,26120407,1791133943
39837,0x5f62d006c10c009ff50c878cd6157ac861c99990,26120439,1791134327
39838,0x5f62d006c10c009ff50c878cd6157ac861c99990,26120471,1791134711
39839,0x5f62d006c10c009ff50c878cd6157ac861c99990,26120503,1791135095
39840,0x35376dd47c061bc3b8c8e8d61987019e7ed58f06,26120534,1791135479
39841,0x35376dd47c061bc3b8c8e8d61987019e7ed58f06,26120566,1791135863
39842,0x5f62d006c10c009ff50c878cd6157ac861c99990,26120598,1791136247
39843,0x35376dd47c061bc3b8c8e8d61987019e7ed58f06,26120630,1791136631
39844,0x35376dd47c061bc3b8c8e8d61987019e7ed58f06,26120662,1791137015
39845,0x5f62d006c10c009ff50c878cd6157ac861c99990,26120693,1791137399
39846,0x35376dd47c061bc3b8c8e8d61987019e7ed58f06,26120725,1791137783
39847,0x35376dd47c061bc3b8c8e8d61987019e7ed58f06,26120757,1791138167
39848,0x35376dd47c061bc3b8c8e8d61987019e7ed58f06,26120789,1791138551
39849,0x5f62d006c10c009ff50c878cd6157ac861c99990,26120821,1791138935
39850,0x5f62d006c10c009ff50c878cd6157ac861c99990,26120853,1791139319
39851,0x5f62d006c10c009ff50c878cd6157ac861c99990,26120885,1791139703
39852,0x35376dd47c061bc3b8c8e8d61987019e7ed58f06,26120916,1791140087
39853,0x35376dd47c061bc3b8c8e8d61987019e7ed58f06,26120948,1791140471
39854,0x5f62d006c10c009ff50c878cd6157ac861c99990,26120980,1791140855
39855,0x5f62d006c10c009ff50c878cd6157ac861c99990,26121012,1791141239
39856,0x35376dd47c061bc3b8c8e8d61987019e7ed58f06,26121044,1791141623
39857,0x5f62d006c10c009ff50c878cd6157ac861c99990,26121076,1791142007
39858,0x5f62d006c10c009ff50c878cd6157ac861c99990,26121108,1791142391
39859,0x5f62d006c10c009ff50c878cd6157ac861c99990,26121141,1791142787
39860,0x5f62d006c10c009ff50c878cd6157ac861c99990,26121172,1791143159
39861,0x35376dd47c061bc3b8c8e8d61987019e7ed58f06,26121205,1791143555
39862,0x35376dd47c061bc3b8c8e8d61987019e7ed58f06,26121236,1791143927
39863,0x5f62d006c10c009ff50c878cd6157ac861c99990,26121268,1791144311
39864,0x35376dd47c061bc3b8c8e8d61987019e7ed58f06,26121300,1791144695
39865,0x5f62d006c10c009ff50c878cd6157ac861c99990,26121331,1791145079
39866,0x35376dd47c061bc3b8c8e8d61987019e7ed58f06,26121362,1791145463
39867,0x35376dd47c061bc3b8c8e8d61987019e7ed58f06,26121394,1791145847
39868,0x5f62d006c10c009ff50c878cd6157ac861c99990,26121426,1791146231
39869,0x5f62d006c10c009ff50c878cd6157ac861c99990,26121458,1791146615
39870,0x5f62d006c10c009ff50c878cd6157ac861c99990,26121490,1791146999
39871,0x5f62d006c10c009ff50c878cd6157ac861c99990,26121522,1791147383
39872,0x35376dd47c061bc3b8c8e8d61987019e7ed58f06,26121554,1791147767
39873,0x5f62d006c10c009ff50c878cd6157ac861c99990,26121586,1791148151
39874,0x5f62d006c10c009ff50c878cd6157ac861c99990,26121618,1791148535
39875,0x5f62d006c10c009ff50c878cd6157ac861c99990,26121650,1791148931
39876,0x5f62d006c10c009ff50c878cd6157ac861c99990,26121681,1791149303
39877,0x35376dd47c061bc3b8c8e8d61987019e7ed58f06,26121713,1791149687
39878,0x35376dd47c061bc3b8c8e8d61987019e7ed58f06,26121745,1791150071
39879,0x35376dd47c061bc3b8c8e8d61987019e7ed58f06,26121777,1791150455
39880,0x35376dd47c061bc3b8c8e8d61987019e7ed58f06,26121809,1791150839
39881,0x5f62d006c10c009ff50c878cd6157ac861c99990,26121842,1791151235
39882,0x35376dd47c061bc3b8c8e8d61987019e7ed58f06,26121874,1791151619
39883,0x5f62d006c10c009ff50c878cd6157ac861c99990,26121905,1791151991
39884,0x35376dd47c061bc3b8c8e8d61987019e7ed58f06,26121937,1791152375
39885,0x35376dd47c061bc3b8c8e8d61987019e7ed58f06,26121970,1791152771
39886,0x5f62d006c10c009ff50c878cd6157ac861c99990,26122001,1791153143
39887,0x5f62d006c10c009ff50c878cd6157ac861c99990,26122033,1791153527
39888,0x35376dd47c061bc3b8c8e8d61987019e7ed58f06,26122065,1791153911
39889,0x35376dd47c061bc3b8c8e8d61987019e7ed58f06,26122097,1791154295
39890,0x5f62d006c10c009ff50c878cd6157ac861c99990,26122129,1791154679
39891,0x5f62d006c10c009ff50c878cd6157ac861c99990,26122161,1791155063
39892,0x35376dd47c061bc3b8c8e8d61987019e7ed58f06,26122193,1791155447
39893,0x35376dd47c061bc3b8c8e8d61987019e7ed58f06,26122225,1791155831
39894,0x5f62d006c10c009ff50c878cd6157ac861c99990,26122257,1791156215
39895,0x35376dd47c061bc3b8c8e8d61987019e7ed58f06,26122289,1791156599
39896,0x5f62d006c10c009ff50c878cd6157ac861c99990,26122321,1791156983
39897,0x5f62d006c10c009ff50c878cd6157ac861c99990,26122353,1791157367
39898,0x35376dd47c061bc3b8c8e8d61987019e7ed58f06,26122385,1791157751
39899,0x35376dd47c061bc3b8c8e8d61987019e7ed58f06,26122417,1791158135
39900,0x5f62d006c10c009ff50c878cd6157ac861c99990,26122449,1791158519
39901,0x35376dd47c061bc3b8c8e8d61987019e7ed58f06,26122480,1791158903
39902,0x5f62d006c10c009ff50c878cd6157ac861c99990,26122512,1791159287
39903,0x35376dd47c061bc3b8c8e8d61987019e7ed58f06,26122544,1791159671
39904,0x5f62d006c10c009ff50c878cd6157ac861c99990,26122576,1791160055
39905,0x5f62d006c10c009ff50c878cd6157ac861c99990,26122609,1791160451
39906,0x35376dd47c061bc3b8c8e8d61987019e7ed58f06,26122641,1791160835
39907,0x5f62d006c10c009ff50c878cd6157ac861c99990,26122672,1791161207
39908,0x5f62d006c10c009ff50c878cd6157ac861c99990,26122704,1791161591
39909,0x5f62d006c10c009ff50c878cd6157ac861c99990,26122737,1791161987
39910,0x5f62d006c10c009ff50c878cd6157ac861c99990,26122768,1791162359
39911,0x5f62d006c10c009ff50c878cd6157ac861c99990,26122800,1791162743
39912,0x35376dd47c061bc3b8c8e8d61987019e7ed58f06,26122832,1791163127
39913,0x5f62d006c10c009ff50c878cd6157ac861c99990,26122864,1791163511
39914,0x5f62d006c10c009ff50c878cd6157ac861c99990,26122896,1791163895
39915,0x5f62d006c10c009ff50c878cd6157ac861c99990,26122928,1791164279
39916,0x35376dd47c061bc3b8c8e8d61987019e7ed58f06,26122960,1791164663
39917,0x35376dd47c061bc3b8c8e8d61987019e7ed58f06,26122992,1791165047
39918,0x5f62d006c10c009ff50c878cd6157ac861c99990,26123024,1791165431
39919,0x5f62d006c10c009ff50c878cd6157ac861c99990,26123056,1791165815
39920,0x35376dd47c061bc3b8c8e8d61987019e7ed58f06,26123088,1791166199
39921,0x5f62d006c10c009ff50c878cd6157ac861c99990,26123120,1791166583
39922,0x35376dd47c061bc3b8c8e8d61987019e7ed58f06,26123152,1791166967
39923,0x35376dd47c061bc3b8c8e8d61987019e7ed58f06,26123184,1791167351
39924,0x5f62d006c10c009ff50c878cd6157ac861c99990,26123216,1791167735
39925,0x35376dd47c061bc3b8c8e8d61987019e7ed58f06,26123248,1791168119
39926,0x35376dd47c061bc3b8c8e8d61987019e7ed58f06,26123280,1791168503
39927,0x5f62d006c10c009ff50c878cd6157ac861c99990,26123312,1791168887
39928,0x35376dd47c061bc3b8c8e8d61987019e7ed58f06,26123344,1791169271
39929,0x35376dd47c061bc3b8c8e8d61987019e7ed58f06,26123376,1791169655
39930,0x5f62d006c10c009ff50c878cd6157ac861c99990,26123408,1791170039
39931,0x35376dd47c061bc3b8c8e8d61987019e7ed58f06,26123440,1791170423
39932,0x35376dd47c061bc3b8c8e8d61987019e7ed58f06,26123472,1791170807
39933,0x35376dd47c061bc3b8c8e8d61987019e7ed58f06,26123504,1791171191
39934,0x5f62d006c10c009ff50c878cd6157ac861c99990,26123536,1791171575
39935,0x35376dd47c061bc3b8c8e8d61987019e7ed58f06,26123569,1791171971
39936,0x35376dd47c061bc3b8c8e8d61987019e7ed58f06,26123600,1791172343
39937,0x5f62d006c10c009ff50c878cd6157ac861c99990,26123632,1791172727
39938,0x35376dd47c061bc3b8c8e8d61987019e7ed58f06,26123664,1791173111
39939,0x5f62d006c10c009ff50c878cd6157ac861c99990,26123696,1791173495
39940,0x5f62d006c10c009ff50c878cd6157ac861c99990,26123728,1791173879
39941,0x35376dd47c061bc3b8c8e8d61987019e7ed58f06,26123760,1791174263
39942,0x35376dd47c061bc3b8c8e8d61987019e7ed58f06,26123791,1791174647
39943,0x35376dd47c061bc3b8c8e8d61987019e7ed58f06,26123823,1791175031
39944,0x5f62d006c10c009ff50c878cd6157ac861c99990,26123855,1791175415
39945,0x35376dd47c061bc3b8c8e8d61987019e7ed58f06,26123887,1791175799
39946,0x5f62d006c10c009ff50c878cd6157ac861c99990,26123918,1791176183
39947,0x35376dd47c061bc3b8c8e8d61987019e7ed58f06,26123950,1791176567
39948,0x35376dd47c061bc3b8c8e8d61987019e7ed58f06,26123983,1791176963
39949,0x5f62d006c10c009ff50c878cd6157ac861c99990,26124014,1791177335
39950,0x35376dd47c061bc3b8c8e8d61987019e7ed58f06,26124046,1791177719
39951,0x5f62d006c10c009ff50c878cd6157ac861c99990,26124078,1791178103
39952,0x5f62d006c10c009ff50c878cd6157ac861c99990,26124110,1791178487
39953,0x5f62d006c10c009ff50c878cd6157ac861c99990,26124141,1791178871
39954,0x35376dd47c061bc3b8c8e8d61987019e7ed58f06,26124173,1791179255
39955,0x35376dd47c061bc3b8c8e8d61987019e7ed58f06,26124205,1791179639
39956,0x35376dd47c061bc3b8c8e8d61987019e7ed58f06,26124238,1791180035
39957,0x35376dd47c061bc3b8c8e8d61987019e7ed58f06,26124269,1791180407
39958,0x35376dd47c061bc3b8c8e8d61987019e7ed58f06,26124301,1791180791
39959,0x5f62d006c10c009ff50c878cd6157ac861c99990,26124334,1791181187
39960,0x35376dd47c061bc3b8c8e8d61987019e7ed58f06,26124365,1791181559
39961,0x35376dd47c061bc3b8c8e8d61987019e7ed58f06,26124397,1791181943
39962,0x5f62d006c10c009ff50c878cd6157ac861c99990,26124428,1791182327
39963,0x35376dd47c061bc3b8c8e8d61987019e7ed58f06,26124460,1791182711
39964,0x5f62d006c10c009ff50c878cd6157ac861c99990,26124492,1791183095
39965,0x35376dd47c061bc3b8c8e8d61987019e7ed58f06,26124524,1791183479
39966,0x35376dd47c061bc3b8c8e8d61987019e7ed58f06,26124556,1791183863
39967,0x5f62d006c10c009ff50c878cd6157ac861c99990,26124588,1791184247
39968,0x35376dd47c061bc3b8c8e8d61987019e7ed58f06,26124620,1791184631
39969,0x5f62d006c10c009ff50c878cd6157ac861c99990,26124651,1791185015
39970,0x5f62d006c10c009ff50c878cd6157ac861c99990,26124683,1791185399
39971,0x5f62d006c10c009ff50c878cd6157ac861c99990,26124715,1791185783
39972,0x5f62d006c10c009ff50c878cd6157ac861c99990,26124747,1791186167
39973,0x5f62d006c10c009ff50c878cd6157ac861c99990,26124778,1791186551
39974,0x35376dd47c061bc3b8c8e8d61987019e7ed58f06,26124811,1791186947
39975,0x5f62d006c10c009ff50c878cd6157ac861c99990,26124842,1791187319
39976,0x5f62d006c10c009ff50c878cd6157ac861c99990,26124874,1791187703
39977,0x35376dd47c061bc3b8c8e8d61987019e7ed58f06,26124906,1791188087
39978,0x35376dd47c061bc3b8c8e8d61987019e7ed58f06,26124937,1791188471
39979,0x35376dd47c061bc3b8c8e8d61987019e7ed58f06,26124969,1791188855
39980,0x35376dd47c061bc3b8c8e8d61987019e7ed58f06,26125001,1791189239
39981,0x5f62d006c10c009ff50c878cd6157ac861c99990,26125033,1791189623
39982,0x35376dd47c061bc3b8c8e8d61987019e7ed58f06,26125066,1791190019
39983,0x5f62d006c10c009ff50c878cd6157ac861c99990,26125097,1791190391
39984,0x35376dd47c061bc3b8c8e8d61987019e7ed58f06,26125129,1791190775
39985,0x35376dd47c061bc3b8c8e8d61987019e7ed58f06,26125161,1791191159
39986,0x5f62d006c10c009ff50c878cd6157ac861c99990,26125193,1791191543
39987,0x35376dd47c061bc3b8c8e8d61987019e7ed58f06,26125225,1791191927
39988,0x35376dd47c061bc3b8c8e8d61987019e7ed58f06,26125257,1791192311
39989,0x5f62d006c10c009ff50c878cd6157ac861c99990,26125288,1791192695
39990,0x5f62d006c10c009ff50c878cd6157ac861c99990,26125320,1791193079
39991,0x5f62d006c10c009ff50c878cd6157ac861c99990,26125352,1791193463
39992,0x5f62d006c10c009ff50c878cd6157ac861c99990,26125384,1791193847
39993,0x5f62d006c10c009ff50c878cd6157ac861c99990,26125416,1791194231
39994,0x35376dd47c061bc3b8c8e8d61987019e7ed58f06,26125448,1791194615
39995,0x5f62d006c10c009ff50c878cd6157ac861c99990,26125480,1791194999
39996,0x5f62d006c10c009ff50c878cd6157ac861c99990,26125512,1791195383
39997,0x5f62d006c10c009ff50c878cd6157ac861c99990,26125544,1791195767
39998,0x5f62d006c10c009ff50c878cd6157ac861c99990,26125576,1791196151
39999,0x35376dd47c061bc3b8c8e8d61987019e7ed58f06,26125615,1791196619
40000,0x35376dd47c061bc3b8c8e8d61987019e7ed58f06,26125647,1791197003
40001,0x35376dd47c061bc3b8c8e8d61987019e7ed58f06,26125679,1791197387
40002,0x35376dd47c061bc3b8c8e8d61987019e7ed58f06,26125711,1791197771
40003,0x35376dd47c061bc3b8c8e8d61987019e7ed58f06,26125737,1791198083
40004,0x5f62d006c10c009ff50c878cd6157ac861c99990,26125768,1791198455
40005,0x35376dd47c061bc3b8c8e8d61987019e7ed58f06,26125799,1791198839
40006,0x5f62d006c10c009ff50c878cd6157ac861c99990,26125830,1791199223
40007,0x35376dd47c061bc3b8c8e8d61987019e7ed58f06,26125862,1791199607
40008,0x35376dd47c061bc3b8c8e8d61987019e7ed58f06,26125894,1791199991
40009,0x5f62d006c10c009ff50c878cd6157ac861c99990,26125927,1791200387
40010,0x5f62d006c10c009ff50c878cd6157ac861c99990,26125957,1791200759
40011,0x35376dd47c061bc3b8c8e8d61987019e7ed58f06,26125989,1791201143
40012,0x35376dd47c061bc3b8c8e8d61987019e7ed58f06,26126021,1791201527
40013,0x5f62d006c10c009ff50c878cd6157ac861c99990,26126052,1791201911
40014,0x5f62d006c10c009ff50c878cd6157ac861c99990,26126084,1791202295
40015,0x35376dd47c061bc3b8c8e8d61987019e7ed58f06,26126116,1791202679
40016,0x35376dd47c061bc3b8c8e8d61987019e7ed58f06,26126148,1791203063
40017,0x35376dd47c061bc3b8c8e8d61987019e7ed58f06,26126179,1791203447
40018,0x35376dd47c061bc3b8c8e8d61987019e7ed58f06,26126211,1791203831
40019,0x35376dd47c061bc3b8c8e8d61987019e7ed58f06,26126243,1791204215
40020,0x35376dd47c061bc3b8c8e8d61987019e7ed58f06,26126275,1791204599
40021,0x35376dd47c061bc3b8c8e8d61987019e7ed58f06,26126307,1791204983
40022,0x5f62d006c10c009ff50c878cd6157ac861c99990,26126339,1791205367
40023,0x5f62d006c10c009ff50c878cd6157ac861c99990,26126371,1791205751
40024,0x5f62d006c10c009ff50c878cd6157ac861c99990,26126401,1791206135
40025,0x5f62d006c10c009ff50c878cd6157ac861c99990,26126433,1791206519
40026,0x35376dd47c061bc3b8c8e8d61987019e7ed58f06,26126465,1791206903
40027,0x5f62d006c10c009ff50c878cd6157ac861c99990,26126497,1791207287
40028,0x5f62d006c10c009ff50c878cd6157ac861c99990,26126528,1791207671
40029,0x35376dd47c061bc3b8c8e8d61987019e7ed58f06,26126560,1791208055
40030,0x35376dd47c061bc3b8c8e8d61987019e7ed58f06,26126592,1791208439
40031,0x5f62d006c10c009ff50c878cd6157ac861c99990,26126624,1791208823
40032,0x5f62d006c10c009ff50c878cd6157ac861c99990,26126656,1791209219
40033,0x5f62d006c10c009ff50c878cd6157ac861c99990,26126687,1791209591
40034,0x35376dd47c061bc3b8c8e8d61987019e7ed58f06,26126719,1791209975
40035,0x5f62d006c10c009ff50c878cd6157ac861c99990,26126751,1791210359
40036,0x35376dd47c061bc3b8c8e8d61987019e7ed58f06,26126783,1791210743
40037,0x35376dd47c061bc3b8c8e8d61987019e7ed58f06,26126815,1791211127
40038,0x35376dd47c061bc3b8c8e8d61987019e7ed58f06,26126846,1791211511
40039,0x35376dd47c061bc3b8c8e8d61987019e7ed58f06,26126878,1791211895
40040,0x35376dd47c061bc3b8c8e8d61987019e7ed58f06,26126910,1791212279
40041,0x5f62d006c10c009ff50c878cd6157ac861c99990,26126942,1791212663
40042,0x35376dd47c061bc3b8c8e8d61987019e7ed58f06,26126974,1791213047
40043,0x35376dd47c061bc3b8c8e8d61987019e7ed58f06,26127006,1791213431
40044,0x5f62d006c10c009ff50c878cd6157ac861c99990,26127038,1791213815
40045,0x35376dd47c061bc3b8c8e8d61987019e7ed58f06,26127070,1791214199
40046,0x35376dd47c061bc3b8c8e8d61987019e7ed58f06,26127103,1791214595
40047,0x35376dd47c061bc3b8c8e8d61987019e7ed58f06,26127134,1791214967
40048,0x5f62d006c10c009ff50c878cd6157ac861c99990,26127166,1791215351
40049,0x5f62d006c10c009ff50c878cd6157ac861c99990,26127198,1791215735
40050,0x5f62d006c10c009ff50c878cd6157ac861c99990,26127230,1791216119
40051,0x35376dd47c061bc3b8c8e8d61987019e7ed58f06,26127262,1791216503
40052,0x5f62d006c10c009ff50c878cd6157ac861c99990,26127294,1791216887
40053,0x35376dd47c061bc3b8c8e8d61987019e7ed58f06,26127326,1791217271
40054,0x35376dd47c061bc3b8c8e8d61987019e7ed58f06,26127358,1791217655
40055,0x5f62d006c10c009ff50c878cd6157ac861c99990,26127389,1791218039
40056,0x35376dd47c061bc3b8c8e8d61987019e7ed58f06,26127421,1791218423
40057,0x5f62d006c10c009ff50c878cd6157ac861c99990,26127453,1791218807
40058,0x5f62d006c10c009ff50c878cd6157ac861c99990,26127485,1791219191
40059,0x35376dd47c061bc3b8c8e8d61987019e7ed58f06,26127517,1791219575
40060,0x35376dd47c061bc3b8c8e8d61987019e7ed58f06,26127548,1791219959
40061,0x35376dd47c061bc3b8c8e8d61987019e7ed58f06,26127580,1791220343
40062,0x5f62d006c10c009ff50c878cd6157ac861c99990,26127612,1791220727
40063,0x35376dd47c061bc3b8c8e8d61987019e7ed58f06,26127645,1791221123
40064,0x5f62d006c10c009ff50c878cd6157ac861c99990,26127676,1791221495
40065,0x35376dd47c061bc3b8c8e8d61987019e7ed58f06,26127708,1791221879
40066,0x5f62d006c10c009ff50c878cd6157ac861c99990,26127740,1791222263
40067,0x35376dd47c061bc3b8c8e8d61987019e7ed58f06,26127772,1791222647
40068,0x5f62d006c10c009ff50c878cd6157ac861c99990,26127804,1791223031
40069,0x35376dd47c061bc3b8c8e8d61987019e7ed58f06,26127836,1791223415
40070,0x35376dd47c061bc3b8c8e8d61987019e7ed58f06,26127868,1791223799
40071,0x5f62d006c10c009ff50c878cd6157ac861c99990,26127900,1791224183
40072,0x5f62d006c10c009ff50c878cd6157ac861c99990,26127932,1791224567
40073,0x35376dd47c061bc3b8c8e8d61987019e7ed58f06,26127964,1791224951
40074,0x35376dd47c061bc3b8c8e8d61987019e7ed58f06,26127996,1791225335
40075,0x5f62d006c10c009ff50c878cd6157ac861c99990,26128028,1791225719
40076,0x5f62d006c10c009ff50c878cd6157ac861c99990,26128060,1791226103
40077,0x5f62d006c10c009ff50c878cd6157ac861c99990,26128092,1791226487
40078,0x35376dd47c061bc3b8c8e8d61987019e7ed58f06,26128125,1791226883
40079,0x5f62d006c10c009ff50c878cd6157ac861c99990,26128157,1791227267
40080,0x35376dd47c061bc3b8c8e8d61987019e7ed58f06,26128188,1791227639
40081,0x35376dd47c061bc3b8c8e8d61987019e7ed58f06,26128220,1791228023
40082,0x5f62d006c10c009ff50c878cd6157ac861c99990,26128252,1791228407
40083,0x35376dd47c061bc3b8c8e8d61987019e7ed58f06,26128284,1791228791
40084,0x5f62d006c10c009ff50c878cd6157ac861c99990,26128315,1791229175
40085,0x5f62d006c10c009ff50c878cd6157ac861c99990,26128347,1791229559
40086,0x5f62d006c10c009ff50c878cd6157ac861c99990,26128379,1791229943
40087,0x35376dd47c061bc3b8c8e8d61987019e7ed58f06,26128411,1791230327
40088,0x35376dd47c061bc3b8c8e8d61987019e7ed58f06,26128443,1791230711
40089,0x35376dd47c061bc3b8c8e8d61987019e7ed58f06,26128475,1791231095
40090,0x35376dd47c061bc3b8c8e8d61987019e7ed58f06,26128507,1791231479
40091,0x35376dd47c061bc3b8c8e8d61987019e7ed58f06,26128539,1791231863
40092,0x5f62d006c10c009ff50c878cd6157ac861c99990,26128572,1791232259
40093,0x35376dd47c061bc3b8c8e8d61987019e7ed58f06,26128603,1791232631
40094,0x5f62d006c10c009ff50c878cd6157ac861c99990,26128635,1791233015
40095,0x35376dd47c061bc3b8c8e8d61987019e7ed58f06,26128667,1791233399
40096,0x5f62d006c10c009ff50c878cd6157ac861c99990,26128700,1791233795
40097,0x5f62d006c10c009ff50c878cd6157ac861c99990,26128731,1791234167
40098,0x5f62d006c10c009ff50c878cd6157ac861c99990,26128763,1791234551
40099,0x5f62d006c10c009ff50c878cd6157ac861c99990,26128795,1791234935
40100,0x5f62d006c10c009ff50c878cd6157ac861c99990,26128827,1791235319
40101,0x35376dd47c061bc3b8c8e8d61987019e7ed58f06,26128859,1791235703
40102,0x5f62d006c10c009ff50c878cd6157ac861c99990,26128891,1791236087
40103,0x5f62d006c10c009ff50c878cd6157ac861c99990,26128923,1791236471
40104,0x35376dd47c061bc3b8c8e8d61987019e7ed58f06,26128955,1791236855
40105,0x35376dd47c061bc3b8c8e8d61987019e7ed58f06,26128987,1791237239
40106,0x5f62d006c10c009ff50c878cd6157ac861c99990,26129019,1791237623
40107,0x5f62d006c10c009ff50c878cd6157ac861c99990,26129051,1791238007
40108,0x35376dd47c061bc3b8c8e8d61987019e7ed58f06,26129082,1791238391
40109,0x35376dd47c061bc3b8c8e8d61987019e7ed58f06,26129114,1791238775
40110,0x35376dd47c061bc3b8c8e8d61987019e7ed58f06,26129146,1791239159
40111,0x5f62d006c10c009ff50c878cd6157ac861c99990,26129178,1791239543
40112,0x35376dd47c061bc3b8c8e8d61987019e7ed58f06,26129210,1791239927
40113,0x5f62d006c10c009ff50c878cd6157ac861c99990,26129242,1791240311
40114,0x5f62d006c10c009ff50c878cd6157ac861c99990,26129274,1791240695
40115,0x5f62d006c10c009ff50c878cd6157ac861c99990,26129306,1791241079
40116,0x5f62d006c10c009ff50c878cd6157ac861c99990,26129337,1791241463
40117,0x5f62d006c10c009ff50c878cd6157ac861c99990,26129369,1791241847
40118,0x5f62d006c10c009ff50c878cd6157ac861c99990,26129401,1791242231
40119,0x35376dd47c061bc3b8c8e8d61987019e7ed58f06,26129432,1791242615
40120,0x35376dd47c061bc3b8c8e8d61987019e7ed58f06,26129465,1791243011
40121,0x35376dd47c061bc3b8c8e8d61987019e7ed58f06,26129496,1791243383
40122,0x5f62d006c10c009ff50c878cd6157ac861c99990,26129528,1791243767
40123,0x5f62d006c10c009ff50c878cd6157ac861c99990,26129560,1791244151
40124,0x35376dd47c061bc3b8c8e8d61987019e7ed58f06,26129592,1791244535
40125,0x35376dd47c061bc3b8c8e8d61987019e7ed58f06,26129623,1791244919
40126,0x35376dd47c061bc3b8c8e8d61987019e7ed58f06,26129654,1791245303
40127,0x35376dd47c061bc3b8c8e8d61987019e7ed58f06,26129686,1791245687
40128,0x5f62d006c10c009ff50c878cd6157ac861c99990,26129718,1791246071
40129,0x35376dd47c061bc3b8c8e8d61987019e7ed58f06,26129750,1791246455
40130,0x35376dd47c061bc3b8c8e8d61987019e7ed58f06,26129782,1791246839
40131,0x35376dd47c061bc3b8c8e8d61987019e7ed58f06,26129815,1791247235
40132,0x5f62d006c10c009ff50c878cd6157ac861c99990,26129846,1791247607
40133,0x5f62d006c10c009ff50c878cd6157ac861c99990,26129878,1791247991
40134,0x35376dd47c061bc3b8c8e8d61987019e7ed58f06,26129910,1791248375
40135,0x35376dd47c061bc3b8c8e8d61987019e7ed58f06,26129942,1791248771
40136,0x5f62d006c10c009ff50c878cd6157ac861c99990,26129971,1791249143
40137,0x35376dd47c061bc3b8c8e8d61987019e7ed58f06,26130003,1791249527
40138,0x35376dd47c061bc3b8c8e8d61987019e7ed58f06,26130035,1791249911
40139,0x5f62d006c10c009ff50c878cd6157ac861c99990,26130067,1791250295
40140,0x35376dd47c061bc3b8c8e8d61987019e7ed58f06,26130098,1791250679
40141,0x35376dd47c061bc3b8c8e8d61987019e7ed58f06,26130130,1791251063
40142,0x35376dd47c061bc3b8c8e8d61987019e7ed58f06,26130162,1791251447
40143,0x35376dd47c061bc3b8c8e8d61987019e7ed58f06,26130194,1791251831
40144,0x5f62d006c10c009ff50c878cd6157ac861c99990,26130225,1791252215
40145,0x5f62d006c10c009ff50c878cd6157ac861c99990,26130257,1791252599
40146,0x5f62d006c10c009ff50c878cd6157ac861c99990,26130289,1791252983
40147,0x35376dd47c061bc3b8c8e8d61987019e7ed58f06,26130321,1791253379
40148,0x35376dd47c061bc3b8c8e8d61987019e7ed58f06,26130352,1791253751
40149,0x5f62d006c10c009ff50c878cd6157ac861c99990,26130384,1791254135
40150,0x35376dd47c061bc3b8c8e8d61987019e7ed58f06,26130416,1791254519
40151,0x35376dd47c061bc3b8c8e8d61987019e7ed58f06,26130448,1791254903
40152,0x35376dd47c061bc3b8c8e8d61987019e7ed58f06,26130480,1791255287
40153,0x5f62d006c10c009ff50c878cd6157ac861c99990,26130512,1791255671
40154,0x5f62d006c10c009ff50c878cd6157ac861c99990,26130544,1791256055
40155,0x35376dd47c061bc3b8c8e8d61987019e7ed58f06,26130576,1791256439
40156,0x35376dd47c061bc3b8c8e8d61987019e7ed58f06,26130608,1791256823
40157,0x5f62d006c10c009ff50c878cd6157ac861c99990,26130640,1791257207
40158,0x35376dd47c061bc3b8c8e8d61987019e7ed58f06,26130672,1791257591
40159,0x35376dd47c061bc3b8c8e8d61987019e7ed58f06,26130704,1791257975
40160,0x5f62d006c10c009ff50c878cd6157ac861c99990,26130735,1791258359
40161,0x5f62d006c10c009ff50c878cd6157ac861c99990,26130768,1791258755
40162,0x5f62d006c10c009ff50c878cd6157ac861c99990,26130799,1791259127
40163,0x35376dd47c061bc3b8c8e8d61987019e7ed58f06,26130831,1791259511
40164,0x5f62d006c10c009ff50c878cd6157ac861c99990,26130863,1791259895
40165,0x5f62d006c10c009ff50c878cd6157ac861c99990,26130895,1791260279
40166,0x5f62d006c10c009ff50c878cd6157ac861c99990,26130927,1791260663
40167,0x5f62d006c10c009ff50c878cd6157ac861c99990,26130959,1791261047
40168,0x5f62d006c10c009ff50c878cd6157ac861c99990,26130991,1791261431
40169,0x35376dd47c061bc3b8c8e8d61987019e7ed58f06,26131023,1791261815
40170,0x35376dd47c061bc3b8c8e8d61987019e7ed58f06,26131055,1791262199
40171,0x35376dd47c061bc3b8c8e8d61987019e7ed58f06,26131087,1791262583
40172,0x35376dd47c061bc3b8c8e8d61987019e7ed58f06,26131119,1791262967
40173,0x5f62d006c10c009ff50c878cd6157ac861c99990,26131151,1791263351
40174,0x5f62d006c10c009ff50c878cd6157ac861c99990,26131183,1791263735
40175,0x5f62d006c10c009ff50c878cd6157ac861c99990,26131215,1791264119
40176,0x5f62d006c10c009ff50c878cd6157ac861c99990,26131247,1791264503
40177,0x5f62d006c10c009ff50c878cd6157ac861c99990,26131279,1791264887
40178,0x5f62d006c10c009ff50c878cd6157ac861c99990,26131311,1791265271
40179,0x35376dd47c061bc3b8c8e8d61987019e7ed58f06,26131343,1791265655
40180,0x5f62d006c10c009ff50c878cd6157ac861c99990,26131376,1791266051
40181,0x35376dd47c061bc3b8c8e8d61987019e7ed58f06,26131407,1791266423
40182,0x35376dd47c061bc3b8c8e8d61987019e7ed58f06,26131439,1791266807
40183,0x35376dd47c061bc3b8c8e8d61987019e7ed58f06,26131471,1791267191
40184,0x35376dd47c061bc3b8c8e8d61987019e7ed58f06,26131503,1791267575
40185,0x5f62d006c10c009ff50c878cd6157ac861c99990,26131535,1791267959
40186,0x35376dd47c061bc3b8c8e8d61987019e7ed58f06,26131567,1791268343
40187,0x35376dd47c061bc3b8c8e8d61987019e7ed58f06,26131599,1791268727
40188,0x5f62d006c10c009ff50c878cd6157ac861c99990,26131629,1791269111
40189,0x35376dd47c061bc3b8c8e8d61987019e7ed58f06,26131661,1791269495
40190,0x5f62d006c10c009ff50c878cd6157ac861c99990,26131693,1791269879
40191,0x35376dd47c061bc3b8c8e8d61987019e7ed58f06,26131725,1791270263
40192,0x35376dd47c061bc3b8c8e8d61987019e7ed58f06,26131757,1791270647
40193,0x35376dd47c061bc3b8c8e8d61987019e7ed58f06,26131789,1791271031
40194,0x5f62d006c10c009ff50c878cd6157ac861c99990,26131821,1791271415
40195,0x5f62d006c10c009ff50c878cd6157ac861c99990,26131853,1791271799
40196,0x5f62d006c10c009ff50c878cd6157ac861c99990,26131885,1791272183
40197,0x5f62d006c10c009ff50c878cd6157ac861c99990,26131917,1791272567
40198,0x35376dd47c061bc3b8c8e8d61987019e7ed58f06,26131949,1791272951
40199,0x35376dd47c061bc3b8c8e8d61987019e7ed58f06,26131981,1791273335
40200,0x35376dd47c061bc3b8c8e8d61987019e7ed58f06,26132012,1791273719
40201,0x5f62d006c10c009ff50c878cd6157ac861c99990,26132044,1791274103
40202,0x5f62d006c10c009ff50c878cd6157ac861c99990,26132076,1791274487
40203,0x5f62d006c10c009ff50c878cd6157ac861c99990,26132108,1791274871
40204,0x35376dd47c061bc3b8c8e8d61987019e7ed58f06,26132139,1791275255
40205,0x5f62d006c10c009ff50c878cd6157ac861c99990,26132171,1791275639
40206,0x35376dd47c061bc3b8c8e8d61987019e7ed58f06,26132203,1791276023
40207,0x5f62d006c10c009ff50c878cd6157ac861c99990,26132235,1791276407
40208,0x5f62d006c10c009ff50c878cd6157ac861c99990,26132267,1791276791
40209,0x35376dd47c061bc3b8c8e8d61987019e7ed58f06,26132299,1791277175
40210,0x5f62d006c10c009ff50c878cd6157ac861c99990,26132330,1791277559
40211,0x35376dd47c061bc3b8c8e8d61987019e7ed58f06,26132362,1791277943
40212,0x5f62d006c10c009ff50c878cd6157ac861c99990,26132394,1791278327
40213,0x35376dd47c061bc3b8c8e8d61987019e7ed58f06,26132426,1791278711
40214,0x5f62d006c10c009ff50c878cd6157ac861c99990,26132457,1791279095
40215,0x5f62d006c10c009ff50c878cd6157ac861c99990,26132489,1791279479
40216,0x35376dd47c061bc3b8c8e8d61987019e7ed58f06,26132521,1791279863
40217,0x5f62d006c10c009ff50c878cd6157ac861c99990,26132551,1791280247
40218,0x5f62d006c10c009ff50c878cd6157ac861c99990,26132582,1791280631
40219,0x5f62d006c10c009ff50c878cd6157ac861c99990,26132615,1791281039
40220,0x35376dd47c061bc3b8c8e8d61987019e7ed58f06,26132644,1791281399
40221,0x5f62d006c10c009ff50c878cd6157ac861c99990,26132676,1791281783
40222,0x35376dd47c061bc3b8c8e8d61987019e7ed58f06,26132707,1791282167
40223,0x5f62d006c10c009ff50c878cd6157ac861c99990,26132738,1791282551
40224,0x5f62d006c10c009ff50c878cd6157ac861c99990,26132770,1791282935
40225,0x35376dd47c061bc3b8c8e8d61987019e7ed58f06,26132802,1791283319
40226,0x35376dd47c061bc3b8c8e8d61987019e7ed58f06,26132834,1791283703
40227,0x35376dd47c061bc3b8c8e8d61987019e7ed58f06,26132866,1791284087
40228,0x5f62d006c10c009ff50c878cd6157ac861c99990,26132898,1791284471
40229,0x5f62d006c10c009ff50c878cd6157ac861c99990,26132930,1791284855
40230,0x35376dd47c061bc3b8c8e8d61987019e7ed58f06,26132962,1791285239
40231,0x35376dd47c061bc3b8c8e8d61987019e7ed58f06,26132994,1791285623
40232,0x5f62d006c10c009ff50c878cd6157ac861c99990,26133026,1791286007
40233,0x5f62d006c10c009ff50c878cd6157ac861c99990,26133058,1791286391
40234,0x35376dd47c061bc3b8c8e8d61987019e7ed58f06,26133090,1791286775
40235,0x35376dd47c061bc3b8c8e8d61987019e7ed58f06,26133122,1791287159
40236,0x35376dd47c061bc3b8c8e8d61987019e7ed58f06,26133154,1791287543
40237,0x5f62d006c10c009ff50c878cd6157ac861c99990,26133186,1791287927
40238,0x35376dd47c061bc3b8c8e8d61987019e7ed58f06,26133218,1791288311
40239,0x35376dd47c061bc3b8c8e8d61987019e7ed58f06,26133250,1791288695
40240,0x35376dd47c061bc3b8c8e8d61987019e7ed58f06,26133282,1791289079
40241,0x5f62d006c10c009ff50c878cd6157ac861c99990,26133314,1791289463
40242,0x5f62d006c10c009ff50c878cd6157ac861c99990,26133346,1791289847
40243,0x5f62d006c10c009ff50c878cd6157ac861c99990,26133378,1791290231
40244,0x35376dd47c061bc3b8c8e8d61987019e7ed58f06,26133410,1791290615
40245,0x5f62d006c10c009ff50c878cd6157ac861c99990,26133442,1791290999
40246,0x35376dd47c061bc3b8c8e8d61987019e7ed58f06,26133473,1791291383
40247,0x35376dd47c061bc3b8c8e8d61987019e7ed58f06,26133505,1791291767
40248,0x35376dd47c061bc3b8c8e8d61987019e7ed58f06,26133537,1791292151
40249,0x5f62d006c10c009ff50c878cd6157ac861c99990,26133569,1791292535
40250,0x35376dd47c061bc3b8c8e8d61987019e7ed58f06,26133601,1791292919
40251,0x5f62d006c10c009ff50c878cd6157ac861c99990,26133633,1791293303
40252,0x35376dd47c061bc3b8c8e8d61987019e7ed58f06,26133665,1791293687
40253,0x35376dd47c061bc3b8c8e8d61987019e7ed58f06,26133696,1791294071
40254,0x35376dd47c061bc3b8c8e8d61987019e7ed58f06,26133727,1791294455
40255,0x5f62d006c10c009ff50c878cd6157ac861c99990,26133758,1791294839
40256,0x35376dd47c061bc3b8c8e8d61987019e7ed58f06,26133791,1791295235
40257,0x35376dd47c061bc3b8c8e8d61987019e7ed58f06,26133822,1791295607
40258,0x5f62d006c10c009ff50c878cd6157ac861c99990,26133854,1791295991
40259,0x5f62d006c10c009ff50c878cd6157ac861c99990,26133886,1791296375
40260,0x5f62d006c10c009ff50c878cd6157ac861c99990,26133918,1791296759
40261,0x5f62d006c10c009ff50c878cd6157ac861c99990,26133950,1791297143
40262,0x35376dd47c061bc3b8c8e8d61987019e7ed58f06,26133982,1791297527
40263,0x35376dd47c061bc3b8c8e8d61987019e7ed58f06,26134014,1791297923
40264,0x35376dd47c061bc3b8c8e8d61987019e7ed58f06,26134044,1791298295
40265,0x35376dd47c061bc3b8c8e8d61987019e7ed58f06,26134076,1791298679
40266,0x5f62d006c10c009ff50c878cd6157ac861c99990,26134108,1791299063
40267,0x35376dd47c061bc3b8c8e8d61987019e7ed58f06,26134140,1791299447
40268,0x35376dd47c061bc3b8c8e8d61987019e7ed58f06,26134172,1791299831
40269,0x5f62d006c10c009ff50c878cd6157ac861c99990,26134204,1791300215
40270,0x35376dd47c061bc3b8c8e8d61987019e7ed58f06,26134237,1791300611
40271,0x35376dd47c061bc3b8c8e8d61987019e7ed58f06,26134268,1791300983
40272,0x5f62d006c10c009ff50c878cd6157ac861c99990,26134300,1791301367
40273,0x35376dd47c061bc3b8c8e8d61987019e7ed58f06,26134332,1791301751
40274,0x35376dd47c061bc3b8c8e8d61987019e7ed58f06,26134364,1791302135
40275,0x5f62d006c10c009ff50c878cd6157ac861c99990,26134396,1791302519
40276,0x35376dd47c061bc3b8c8e8d61987019e7ed58f06,26134428,1791302903
40277,0x35376dd47c061bc3b8c8e8d61987019e7ed58f06,26134460,1791303299
40278,0x35376dd47c061bc3b8c8e8d61987019e7ed58f06,26134491,1791303671
40279,0x35376dd47c061bc3b8c8e8d61987019e7ed58f06,26134523,1791304055
40280,0x35376dd47c061bc3b8c8e8d61987019e7ed58f06,26134555,1791304439
40281,0x35376dd47c061bc3b8c8e8d61987019e7ed58f06,26134587,1791304823
40282,0x35376dd47c061bc3b8c8e8d61987019e7ed58f06,26134619,1791305207
40283,0x35376dd47c061bc3b8c8e8d61987019e7ed58f06,26134651,1791305591
40284,0x35376dd47c061bc3b8c8e8d61987019e7ed58f06,26134683,1791305987
40285,0x5f62d006c10c009ff50c878cd6157ac861c99990,26134714,1791306359
40286,0x5f62d006c10c009ff50c878cd6157ac861c99990,26134746,1791306743
40287,0x5f62d006c10c009ff50c878cd6157ac861c99990,26134779,1791307139
40288,0x35376dd47c061bc3b8c8e8d61987019e7ed58f06,26134810,1791307511
40289,0x35376dd47c061bc3b8c8e8d61987019e7ed58f06,26134842,1791307895
40290,0x5f62d006c10c009ff50c878cd6157ac861c99990,26134874,1791308279
40291,0x35376dd47c061bc3b8c8e8d61987019e7ed58f06,26134906,1791308663
40292,0x35376dd47c061bc3b8c8e8d61987019e7ed58f06,26134938,1791309047
40293,0x5f62d006c10c009ff50c878cd6157ac861c99990,26134970,1791309431
40294,0x35376dd47c061bc3b8c8e8d61987019e7ed58f06,26135002,1791309815
40295,0x35376dd47c061bc3b8c8e8d61987019e7ed58f06,26135034,1791310199
40296,0x35376dd47c061bc3b8c8e8d61987019e7ed58f06,26135066,1791310583
40297,0x5f62d006c10c009ff50c878cd6157ac861c99990,26135099,1791310979
40298,0x5f62d006c10c009ff50c878cd6157ac861c99990,26135130,1791311351
40299,0x35376dd47c061bc3b8c8e8d61987019e7ed58f06,26135162,1791311735
40300,0x5f62d006c10c009ff50c878cd6157ac861c99990,26135195,1791312131
40301,0x35376dd47c061bc3b8c8e8d61987019e7ed58f06,26135226,1791312503
40302,0x35376dd47c061bc3b8c8e8d61987019e7ed58f06,26135259,1791312899
40303,0x5f62d006c10c009ff50c878cd6157ac861c99990,26135290,1791313271
40304,0x35376dd47c061bc3b8c8e8d61987019e7ed58f06,26135322,1791313655
40305,0x5f62d006c10c009ff50c878cd6157ac861c99990,26135354,1791314039
40306,0x5f62d006c10c009ff50c878cd6157ac861c99990,26135387,1791314435
40307,0x35376dd47c061bc3b8c8e8d61987019e7ed58f06,26135418,1791314807
40308,0x35376dd47c061bc3b8c8e8d61987019e7ed58f06,26135450,1791315191
40309,0x5f62d006c10c009ff50c878cd6157ac861c99990,26135482,1791315575
40310,0x35376dd47c061bc3b8c8e8d61987019e7ed58f06,26135514,1791315959
40311,0x5f62d006c10c009ff50c878cd6157ac861c99990,26135546,1791316343
40312,0x35376dd47c061bc3b8c8e8d61987019e7ed58f06,26135578,1791316727
40313,0x35376dd47c061bc3b8c8e8d61987019e7ed58f06,26135611,1791317123
40314,0x35376dd47c061bc3b8c8e8d61987019e7ed58f06,26135642,1791317495
40315,0x35376dd47c061bc3b8c8e8d61987019e7ed58f06,26135674,1791317879
40316,0x5f62d006c10c009ff50c878cd6157ac861c99990,26135706,1791318263
40317,0x35376dd47c061bc3b8c8e8d61987019e7ed58f06,26135739,1791318659
40318,0x5f62d006c10c009ff50c878cd6157ac861c99990,26135770,1791319031
40319,0x35376dd47c061bc3b8c8e8d61987019e7ed58f06,26135802,1791319415
40320,0x35376dd47c061bc3b8c8e8d61987019e7ed58f06,26135834,1791319799
40321,0x35376dd47c061bc3b8c8e8d61987019e7ed58f06,26135866,1791320183
40322,0x35376dd47c061bc3b8c8e8d61987019e7ed58f06,26135898,1791320567
40323,0x35376dd47c061bc3b8c8e8d61987019e7ed58f06,26135930,1791320951
40324,0x5f62d006c10c009ff50c878cd6157ac861c99990,26135962,1791321335
40325,0x35376dd47c061bc3b8c8e8d61987019e7ed58f06,26135994,1791321719
40326,0x35376dd47c061bc3b8c8e8d61987019e7ed58f06,26136026,1791322103
40327,0x35376dd47c061bc3b8c8e8d61987019e7ed58f06,26136058,1791322487
40328,0x35376dd47c061bc3b8c8e8d61987019e7ed58f06,26136090,1791322871
40329,0x35376dd47c061bc3b8c8e8d61987019e7ed58f06,26136122,1791323255
40330,0x5f62d006c10c009ff50c878cd6157ac861c99990,26136154,1791323639
40331,0x35376dd47c061bc3b8c8e8d61987019e7ed58f06,26136186,1791324023
40332,0x35376dd47c061bc3b8c8e8d61987019e7ed58f06,26136218,1791324419
40333,0x35376dd47c061bc3b8c8e8d61987019e7ed58f06,26136249,1791324791
40334,0x5f62d006c10c009ff50c878cd6157ac861c99990,26136281,1791325175
40335,0x35376dd47c061bc3b8c8e8d61987019e7ed58f06,26136313,1791325559
40336,0x5f62d006c10c009ff50c878cd6157ac861c99990,26136345,1791325943
40337,0x5f62d006c10c009ff50c878cd6157ac861c99990,26136377,1791326327
40338,0x5f62d006c10c009ff50c878cd6157ac861c99990,26136409,1791326711
40339,0x35376dd47c061bc3b8c8e8d61987019e7ed58f06,26136441,1791327095
40340,0x5f62d006c10c009ff50c878cd6157ac861c99990,26136473,1791327479
40341,0x5f62d006c10c009ff50c878cd6157ac861c99990,26136505,1791327863
40342,0x5f62d006c10c009ff50c878cd6157ac861c99990,26136538,1791328259
40343,0x5f62d006c10c009ff50c878cd6157ac861c99990,26136569,1791328631
40344,0x5f62d006c10c009ff50c878cd6157ac861c99990,26136601,1791329015
40345,0x5f62d006c10c009ff50c878cd6157ac861c99990,26136633,1791329399
40346,0x35376dd47c061bc3b8c8e8d61987019e7ed58f06,26136665,1791329783
40347,0x35376dd47c061bc3b8c8e8d61987019e7ed58f06,26136697,1791330167
40348,0x5f62d006c10c009ff50c878cd6157ac861c99990,26136730,1791330563
40349,0x35376dd47c061bc3b8c8e8d61987019e7ed58f06,26136760,1791330935
40350,0x35376dd47c061bc3b8c8e8d61987019e7ed58f06,26136792,1791331319
40351,0x35376dd47c061bc3b8c8e8d61987019e7ed58f06,26136824,1791331703
40352,0x5f62d006c10c009ff50c878cd6157ac861c99990,26136856,1791332087
40353,0x35376dd47c061bc3b8c8e8d61987019e7ed58f06,26136888,1791332471
40354,0x5f62d006c10c009ff50c878cd6157ac861c99990,26136920,1791332855
40355,0x5f62d006c10c009ff50c878cd6157ac861c99990,26136952,1791333239
40356,0x35376dd47c061bc3b8c8e8d61987019e7ed58f06,26136984,1791333623
40357,0x35376dd47c061bc3b8c8e8d61987019e7ed58f06,26137016,1791334007
40358,0x35376dd47c061bc3b8c8e8d61987019e7ed58f06,26137048,1791334391
40359,0x5f62d006c10c009ff50c878cd6157ac861c99990,26137078,1791334775
40360,0x5f62d006c10c009ff50c878cd6157ac861c99990,26137110,1791335159
40361,0x5f62d006c10c009ff50c878cd6157ac861c99990,26137142,1791335543
40362,0x5f62d006c10c009ff50c878cd6157ac861c99990,26137174,1791335927
40363,0x5f62d006c10c009ff50c878cd6157ac861c99990,26137206,1791336311
40364,0x5f62d006c10c009ff50c878cd6157ac861c99990,26137238,1791336695
40365,0x5f62d006c10c009ff50c878cd6157ac861c99990,26137269,1791337079
40366,0x5f62d006c10c009ff50c878cd6157ac861c99990,26137301,1791337463
40367,0x35376dd47c061bc3b8c8e8d61987019e7ed58f06,26137333,1791337847
40368,0x35376dd47c061bc3b8c8e8d61987019e7ed58f06,26137366,1791338243
40369,0x35376dd47c061bc3b8c8e8d61987019e7ed58f06,26137398,1791338627
40370,0x5f62d006c10c009ff50c878cd6157ac861c99990,26137430,1791339011
40371,0x35376dd47c061bc3b8c8e8d61987019e7ed58f06,26137461,1791339395
40372,0x35376dd47c061bc3b8c8e8d61987019e7ed58f06,26137492,1791339767
40373,0x5f62d006c10c009ff50c878cd6157ac861c99990,26137524,1791340151
40374,0x5f62d006c10c009ff50c878cd6157ac861c99990,26137556,1791340535
40375,0x35376dd47c061bc3b8c8e8d61987019e7ed58f06,26137588,1791340919
40376,0x5f62d006c10c009ff50c878cd6157ac861c99990,26137620,1791341303
40377,0x35376dd47c061bc3b8c8e8d61987019e7ed58f06,26137652,1791341687
40378,0x35376dd47c061bc3b8c8e8d61987019e7ed58f06,26137684,1791342071
40379,0x5f62d006c10c009ff50c878cd6157ac861c99990,26137717,1791342467
40380,0x35376dd47c061bc3b8c8e8d61987019e7ed58f06,26137748,1791342839
40381,0x5f62d006c10c009ff50c878cd6157ac861c99990,26137780,1791343223
40382,0x35376dd47c061bc3b8c8e8d61987019e7ed58f06,26137812,1791343607
40383,0x35376dd47c061bc3b8c8e8d61987019e7ed58f06,26137843,1791343991
40384,0x35376dd47c061bc3b8c8e8d61987019e7ed58f06,26137875,1791344375
40385,0x5f62d006c10c009ff50c878cd6157ac861c99990,26137907,1791344759
40386,0x5f62d006c10c009ff50c878cd6157ac861c99990,26137939,1791345143
40387,0x35376dd47c061bc3b8c8e8d61987019e7ed58f06,26137971,1791345527
40388,0x5f62d006c10c009ff50c878cd6157ac861c99990,26138002,1791345911
40389,0x35376dd47c061bc3b8c8e8d61987019e7ed58f06,26138034,1791346295
40390,0x35376dd47c061bc3b8c8e8d61987019e7ed58f06,26138066,1791346679
40391,0x35376dd47c061bc3b8c8e8d61987019e7ed58f06,26138098,1791347063
40392,0x5f62d006c10c009ff50c878cd6157ac861c99990,26138130,1791347447
40393,0x35376dd47c061bc3b8c8e8d61987019e7ed58f06,26138162,1791347831
40394,0x5f62d006c10c009ff50c878cd6157ac861c99990,26138194,1791348215
40395,0x5f62d006c10c009ff50c878cd6157ac861c99990,26138226,1791348599
40396,0x35376dd47c061bc3b8c8e8d61987019e7ed58f06,26138258,1791348983
40397,0x5f62d006c10c009ff50c878cd6157ac861c99990,26138290,1791349367
40398,0x5f62d006c10c009ff50c878cd6157ac861c99990,26138322,1791349751
40399,0x35376dd47c061bc3b8c8e8d61987019e7ed58f06,26138354,1791350135
40400,0x5f62d006c10c009ff50c878cd6157ac861c99990,26138386,1791350519
40401,0x35376dd47c061bc3b8c8e8d61987019e7ed58f06,26138418,1791350903
40402,0x5f62d006c10c009ff50c878cd6157ac861c99990,26138450,1791351287
40403,0x35376dd47c061bc3b8c8e8d61987019e7ed58f06,26138482,1791351671
40404,0x5f62d006c10c009ff50c878cd6157ac861c99990,26138514,1791352055
40405,0x35376dd47c061bc3b8c8e8d61987019e7ed58f06,26138546,1791352439
40406,0x35376dd47c061bc3b8c8e8d61987019e7ed58f06,26138578,1791352823
40407,0x35376dd47c061bc3b8c8e8d61987019e7ed58f06,26138610,1791353207
40408,0x35376dd47c061bc3b8c8e8d61987019e7ed58f06,26138642,1791353591
40409,0x35376dd47c061bc3b8c8e8d61987019e7ed58f06,26138674,1791353975
40410,0x35376dd47c061bc3b8c8e8d61987019e7ed58f06,26138706,1791354359
40411,0x35376dd47c061bc3b8c8e8d61987019e7ed58f06,26138738,1791354743
40412,0x5f62d006c10c009ff50c878cd6157ac861c99990,26138769,1791355127
40413,0x5f62d006c10c009ff50c878cd6157ac861c99990,26138801,1791355511
40414,0x35376dd47c061bc3b8c8e8d61987019e7ed58f06,26138833,1791355895
40415,0x5f62d006c10c009ff50c878cd6157ac861c99990,26138865,1791356279
40416,0x35376dd47c061bc3b8c8e8d61987019e7ed58f06,26138897,1791356663
40417,0x5f62d006c10c009ff50c878cd6157ac861c99990,26138929,1791357047
40418,0x35376dd47c061bc3b8c8e8d61987019e7ed58f06,26138961,1791357431
40419,0x5f62d006c10c009ff50c878cd6157ac861c99990,26138993,1791357815
40420,0x5f62d006c10c009ff50c878cd6157ac861c99990,26139024,1791358199
40421,0x5f62d006c10c009ff50c878cd6157ac861c99990,26139055,1791358583
40422,0x35376dd47c061bc3b8c8e8d61987019e7ed58f06,26139087,1791358967
40423,0x35376dd47c061bc3b8c8e8d61987019e7ed58f06,26139119,1791359351
40424,0x5f62d006c10c009ff50c878cd6157ac861c99990,26139151,1791359735
40425,0x5f62d006c10c009ff50c878cd6157ac861c99990,26139183,1791360119
40426,0x5f62d006c10c009ff50c878cd6157ac861c99990,26139215,1791360503
40427,0x5f62d006c10c009ff50c878cd6157ac861c99990,26139247,1791360887
40428,0x5f62d006c10c009ff50c878cd6157ac861c99990,26139279,1791361271
40429,0x35376dd47c061bc3b8c8e8d61987019e7ed58f06,26139311,1791361655
40430,0x35376dd47c061bc3b8c8e8d61987019e7ed58f06,26139343,1791362039
40431,0x35376dd47c061bc3b8c8e8d61987019e7ed58f06,26139374,1791362423
40432,0x35376dd47c061bc3b8c8e8d61987019e7ed58f06,26139406,1791362807
40433,0x35376dd47c061bc3b8c8e8d61987019e7ed58f06,26139438,1791363191
40434,0x35376dd47c061bc3b8c8e8d61987019e7ed58f06,26139471,1791363587
40435,0x35376dd47c061bc3b8c8e8d61987019e7ed58f06,26139501,1791363959
40436,0x35376dd47c061bc3b8c8e8d61987019e7ed58f06,26139532,1791364343
40437,0x35376dd47c061bc3b8c8e8d61987019e7ed58f06,26139564,1791364727
40438,0x5f62d006c10c009ff50c878cd6157ac861c99990,26139596,1791365111
40439,0x35376dd47c061bc3b8c8e8d61987019e7ed58f06,26139628,1791365495
40440,0x35376dd47c061bc3b8c8e8d61987019e7ed58f06,26139660,1791365879
40441,0x35376dd47c061bc3b8c8e8d61987019e7ed58f06,26139692,1791366263
40442,0x35376dd47c061bc3b8c8e8d61987019e7ed58f06,26139724,1791366647
40443,0x35376dd47c061bc3b8c8e8d61987019e7ed58f06,26139756,1791367031
40444,0x5f62d006c10c009ff50c878cd6157ac861c99990,26139787,1791367415
40445,0x35376dd47c061bc3b8c8e8d61987019e7ed58f06,26139819,1791367799
40446,0x5f62d006c10c009ff50c878cd6157ac861c99990,26139851,1791368183
40447,0x5f62d006c10c009ff50c878cd6157ac861c99990,26139883,1791368567
40448,0x35376dd47c061bc3b8c8e8d61987019e7ed58f06,26139915,1791368951
40449,0x5f62d006c10c009ff50c878cd6157ac861c99990,26139947,1791369335
40450,0x5f62d006c10c009ff50c878cd6157ac861c99990,26139978,1791369719
40451,0x5f62d006c10c009ff50c878cd6157ac861c99990,26140009,1791370103
40452,0x5f62d006c10c009ff50c878cd6157ac861c99990,26140041,1791370487
40453,0x35376dd47c061bc3b8c8e8d61987019e7ed58f06,26140073,1791370871
40454,0x5f62d006c10c009ff50c878cd6157ac861c99990,26140105,1791371255
40455,0x35376dd47c061bc3b8c8e8d61987019e7ed58f06,26140137,1791371639
40456,0x35376dd47c061bc3b8c8e8d61987019e7ed58f06,26140169,1791372023
40457,0x35376dd47c061bc3b8c8e8d61987019e7ed58f06,26140201,1791372407
40458,0x35376dd47c061bc3b8c8e8d61987019e7ed58f06,26140233,1791372791
40459,0x35376dd47c061bc3b8c8e8d61987019e7ed58f06,26140265,1791373175
40460,0x5f62d006c10c009ff50c878cd6157ac861c99990,26140297,1791373559
40461,0x5f62d006c10c009ff50c878cd6157ac861c99990,26140329,1791373943
40462,0x5f62d006c10c009ff50c878cd6157ac861c99990,26140361,1791374327
40463,0x5f62d006c10c009ff50c878cd6157ac861c99990,26140393,1791374711
40464,0x35376dd47c061bc3b8c8e8d61987019e7ed58f06,26140425,1791375095
40465,0x5f62d006c10c009ff50c878cd6157ac861c99990,26140457,1791375479
40466,0x35376dd47c061bc3b8c8e8d61987019e7ed58f06,26140489,1791375863
40467,0x5f62d006c10c009ff50c878cd6157ac861c99990,26140521,1791376247
40468,0x35376dd47c061bc3b8c8e8d61987019e7ed58f06,26140553,1791376631
40469,0x35376dd47c061bc3b8c8e8d61987019e7ed58f06,26140585,1791377015
40470,0x5f62d006c10c009ff50c878cd6157ac861c99990,26140617,1791377399
40471,0x5f62d006c10c009ff50c878cd6157ac861c99990,26140649,1791377783
40472,0x5f62d006c10c009ff50c878cd6157ac861c99990,26140681,1791378167
40473,0x5f62d006c10c009ff50c878cd6157ac861c99990,26140714,1791378563
