from_block,to_block,from_ts,to_ts,interval_s
12347771,12347772,1791338627,1791338629,2
12347772,12347773,1791338629,1791338631,2
12347773,12347774,1791338631,1791338633,2
12347774,12347775,1791338633,1791338635,2
12347775,12347776,1791338635,1791338637,2
12347776,12347777,1791338637,1791338639,2
12347777,12347778,1791338639,1791338641,2
12347778,12347779,1791338641,1791338643,2
12347779,12347780,1791338643,1791338645,2
12347780,12347781,1791338645,1791338647,2
12347781,12347782,1791338647,1791338649,2
12347782,12347783,1791338649,1791338651,2
12347783,12347784,1791338651,1791338653,2
12347784,12347785,1791338653,1791338655,2
12347785,12347786,1791338655,1791338657,2
12347786,12347787,1791338657,1791338659,2
12347787,12347788,1791338659,1791338661,2
12347788,12347789,1791338661,1791338663,2
12347789,12347790,1791338663,1791338665,2
12347790,12347791,1791338665,1791338667,2
12347791,12347792,1791338667,1791338669,2
12347792,12347793,1791338669,1791338671,2
12347793,12347794,1791338671,1791338673,2
12347794,12347795,1791338673,1791338675,2
12347795,12347796,1791338675,1791338677,2
12347796,12347797,1791338677,1791338679,2
12347797,12347798,1791338679,1791338681,2
12347798,12347799,1791338681,1791338683,2
12347799,12347800,1791338683,1791338685,2
12347800,12347801,1791338685,1791338687,2
12347801,12347802,1791338687,1791338689,2
12347802,12347803,1791338689,1791338691,2
12347803,12347804,1791338691,1791338693,2
12347804,12347805,1791338693,1791338695,2
12347805,12347806,1791338695,1791338697,2
12347806,12347807,1791338697,1791338699,2
12347807,12347808,1791338699,1791338701,2
12347808,12347809,1791338701,1791338703,2
12347809,12347810,1791338703,1791338705,2
12347810,12347811,1791338705,1791338707,2
12347811,12347812,1791338707,1791338709,2
12347812,12347813,1791338709,1791338711,2
12347813,12347814,1791338711,1791338713,2
12347814,12347815,1791338713,1791338715,2
12347815,12347816,1791338715,1791338717,2
12347816,12347817,1791338717,1791338719,2
12347817,12347818,1791338719,1791338721,2
12347818,12347819,1791338721,1791338723,2
12347819,12347820,1791338723,1791338725,2
12347820,12347821,1791338725,1791338727,2
12347821,12347822,1791338727,1791338729,2
12347822,12347823,1791338729,1791338731,2
12347823,12347824,1791338731,1791338733,2
12347824,12347825,1791338733,1791338735,2
12347825,12347826,1791338735,1791338737,2
12347826,12347827,1791338737,1791338739,2
12347827,12347828,1791338739,1791338741,2
12347828,12347829,1791338741,1791338743,2
12347829,12347830,1791338743,1791338745,2
12347830,12347831,1791338745,1791338747,2
12347831,12347832,1791338747,1791338749,2
12347832,12347833,1791338749,1791338751,2
12347833,12347834,1791338751,1791338753,2
12347834,12347835,1791338753,1791338755,2
12347835,12347836,1791338755,1791338757,2
12347836,12347837,1791338757,1791338759,2
12347837,12347838,1791338759,1791338761,2
12347838,12347839,1791338761,1791338763,2
12347839,12347840,1791338763,1791338765,2
12347840,12347841,1791338765,1791338767,2
12347841,12347842,1791338767,1791338769,2
12347842,12347843,1791338769,1791338771,2
12347843,12347844,1791338771,1791338773,2
12347844,12347845,1791338773,1791338775,2
12347845,12347846,1791338775,1791338777,2
12347846,12347847,1791338777,1791338779,2
12347847,12347848,1791338779,1791338781,2
12347848,12347849,1791338781,1791338783,2
12347849,12347850,1791338783,1791338785,2
12347850,12347851,1791338785,1791338787,2
12347851,12347852,1791338787,1791338789,2
12347852,12347853,1791338789,1791338791,2
12347853,12347854,1791338791,1791338793,2
12347854,12347855,1791338793,1791338795,2
12347855,12347856,1791338795,1791338797,2
12347856,12347857,1791338797,1791338799,2
12347857,12347858,1791338799,1791338801,2
12347858,12347859,1791338801,1791338803,2
12347859,12347860,1791338803,1791338805,2
12347860,12347861,1791338805,1791338807,2
12347861,12347862,1791338807,1791338809,2
12347862,12347863,1791338809,1791338811,2
12347863,12347864,1791338811,1791338813,2
12347864,12347865,1791338813,1791338815,2
12347865,12347866,1791338815,1791338817,2
12347866,12347867,1791338817,1791338819,2
12347867,12347868,1791338819,1791338821,2
12347868,12347869,1791338821,1791338823,2
12347869,12347870,1791338823,1791338825,2
12347870,12347871,1791338825,1791338827,2
12347871,12347872,1791338827,1791338829,2
12347872,12347873,1791338829,1791338831,2
12347873,12347874,1791338831,1791338833,2
12347874,12347875,1791338833,1791338835,2
12347875,12347876,1791338835,1791338837,2
12347876,12347877,1791338837,1791338839,2
12347877,12347878,1791338839,1791338841,2
12347878,12347879,1791338841,1791338843,2
12347879,12347880,1791338843,1791338845,2
12347880,12347881,1791338845,1791338847,2
12347881,12347882,1791338847,1791338849,2
12347882,12347883,1791338849,1791338851,2
12347883,12347884,1791338851,1791338853,2
12347884,12347885,1791338853,1791338855,2
12347885,12347886,1791338855,1791338857,2
12347886,12347887,1791338857,1791338859,2
12347887,12347888,1791338859,1791338861,2
12347888,12347889,1791338861,1791338863,2
12347889,12347890,1791338863,1791338865,2
12347890,12347891,1791338865,1791338867,2
12347891,12347892,1791338867,1791338869,2
12347892,12347893,1791338869,1791338871,2
12347893,12347894,1791338871,1791338873,2
12347894,12347895,1791338873,1791338875,2
12347895,12347896,1791338875,1791338877,2
12347896,12347897,1791338877,1791338879,2
12347897,12347898,1791338879,1791338881,2
12347898,12347899,1791338881,1791338883,2
12347899,12347900,1791338883,1791338885,2
12347900,12347901,1791338885,1791338887,2
12347901,12347902,1791338887,1791338889,2
12347902,12347903,1791338889,1791338891,2
12347903,12347904,1791338891,1791338893,2
12347904,12347905,1791338893,1791338895,2
12347905,12347906,1791338895,1791338897,2
12347906,12347907,1791338897,1791338899,2
12347907,12347908,1791338899,1791338901,2
12347908,12347909,1791338901,1791338903,2
12347909,12347910,1791338903,1791338905,2
12347910,12347911,1791338905,1791338907,2
12347911,12347912,1791338907,1791338909,2
12347912,12347913,1791338909,1791338911,2
12347913,12347914,1791338911,1791338913,2
12347914,12347915,1791338913,1791338915,2
12347915,12347916,1791338915,1791338917,2
12347916,12347917,1791338917,1791338919,2
12347917,12347918,1791338919,1791338921,2
12347918,12347919,1791338921,1791338923,2
12347919,12347920,1791338923,1791338925,2
12347920,12347921,1791338925,1791338927,2
12347921,12347922,1791338927,1791338929,2
12347922,12347923,1791338929,1791338931,2
12347923,12347924,1791338931,1791338933,2
12347924,12347925,1791338933,1791338935,2
12347925,12347926,1791338935,1791338937,2
12347926,12347927,1791338937,1791338939,2
12347927,12347928,1791338939,1791338941,2
12347928,12347929,1791338941,1791338943,2
12347929,12347930,1791338943,1791338945,2
12347930,12347931,1791338945,1791338947,2
12347931,12347932,1791338947,1791338949,2
12347932,12347933,1791338949,1791338951,2
12347933,12347934,1791338951,1791338953,2
12347934,12347935,1791338953,1791338955,2
12347935,12347936,1791338955,1791338957,2
12347936,12347937,1791338957,1791338959,2
12347937,12347938,1791338959,1791338961,2
12347938,12347939,1791338961,1791338963,2
12347939,12347940,1791338963,1791338965,2
12347940,12347941,1791338965,1791338967,2
12347941,12347942,1791338967,1791338969,2
12347942,12347943,1791338969,1791338971,2
12347943,12347944,1791338971,1791338973,2
12347944,12347945,1791338973,1791338975,2
12347945,12347946,1791338975,1791338977,2
12347946,12347947,1791338977,1791338979,2
12347947,12347948,1791338979,1791338981,2
12347948,12347949,1791338981,1791338983,2
12347949,12347950,1791338983,1791338985,2
12347950,12347951,1791338985,1791338987,2
12347951,12347952,1791338987,1791338989,2
12347952,12347953,1791338989,1791338991,2
12347953,12347954,1791338991,1791338993,2
12347954,12347955,1791338993,1791338995,2
12347955,12347956,1791338995,1791338997,2
12347956,12347957,1791338997,1791338999,2
12347957,12347958,1791338999,1791339001,2
12347958,12347959,1791339001,1791339003,2
12347959,12347960,1791339003,1791339005,2
12347960,12347961,1791339005,1791339007,2
12347961,12347962,1791339007,1791339009,2
12347962,12347963,1791339009,1791339011,2
12347963,12347964,1791339011,1791339013,2
12347964,12347965,1791339013,1791339015,2
12347965,12347966,1791339015,1791339017,2
12347966,12347967,1791339017,1791339019,2
12347967,12347968,1791339019,1791339021,2
12347968,12347969,1791339021,1791339023,2
12347969,12347970,1791339023,1791339025,2
12347970,12347971,1791339025,1791339027,2
12347971,12347972,1791339027,1791339029,2
12347972,12347973,1791339029,1791339031,2
12347973,12347974,1791339031,1791339033,2
12347974,12347975,1791339033,1791339035,2
12347975,12347976,1791339035,1791339037,2
12347976,12347977,1791339037,1791339039,2
12347977,12347978,1791339039,1791339041,2
12347978,12347979,1791339041,1791339043,2
12347979,12347980,1791339043,1791339045,2
12347980,12347981,1791339045,1791339047,2
12347981,12347982,1791339047,1791339049,2
12347982,12347983,1791339049,1791339051,2
12347983,12347984,1791339051,1791339053,2
12347984,12347985,1791339053,1791339055,2
12347985,12347986,1791339055,1791339057,2
12347986,12347987,1791339057,1791339059,2
12347987,12347988,1791339059,1791339061,2
12347988,12347989,1791339061,1791339063,2
12347989,12347990,1791339063,1791339065,2
12347990,12347991,1791339065,1791339067,2
12347991,12347992,1791339067,1791339069,2
12347992,12347993,1791339069,1791339071,2
12347993,12347994,1791339071,1791339073,2
12347994,12347995,1791339073,1791339075,2
12347995,12347996,1791339075,1791339077,2
12347996,12347997,1791339077,1791339079,2
12347997,12347998,1791339079,1791339081,2
12347998,12347999,1791339081,1791339083,2
12347999,12348000,1791339083,1791339085,2
12348000,12348001,1791339085,1791339087,2
12348001,12348002,1791339087,1791339089,2
12348002,12348003,1791339089,1791339091,2
12348003,12348004,1791339091,1791339093,2
12348004,12348005,1791339093,1791339095,2
12348005,12348006,1791339095,1791339097,2
12348006,12348007,1791339097,1791339099,2
12348007,12348008,1791339099,1791339101,2
12348008,12348009,1791339101,1791339103,2
12348009,12348010,1791339103,1791339105,2
12348010,12348011,1791339105,1791339107,2
12348011,12348012,1791339107,1791339109,2
12348012,12348013,1791339109,1791339111,2
12348013,12348014,1791339111,1791339113,2
12348014,12348015,1791339113,1791339115,2
12348015,12348016,1791339115,1791339117,2
12348016,12348017,1791339117,1791339119,2
12348017,12348018,1791339119,1791339121,2
12348018,12348019,1791339121,1791339123,2
12348019,12348020,1791339123,1791339125,2
12348020,12348021,1791339125,1791339127,2
12348021,12348022,1791339127,1791339129,2
12348022,12348023,1791339129,1791339131,2
12348023,12348024,1791339131,1791339133,2
12348024,12348025,1791339133,1791339135,2
12348025,12348026,1791339135,1791339137,2
12348026,12348027,1791339137,1791339139,2
12348027,12348028,1791339139,1791339141,2
12348028,12348029,1791339141,1791339143,2
12348029,12348030,1791339143,1791339145,2
12348030,12348031,1791339145,1791339147,2
12348031,12348032,1791339147,1791339149,2
12348032,12348033,1791339149,1791339151,2
12348033,12348034,1791339151,1791339153,2
12348034,12348035,1791339153,1791339155,2
12348035,12348036,1791339155,1791339157,2
12348036,12348037,1791339157,1791339159,2
12348037,12348038,1791339159,1791339161,2
12348038,12348039,1791339161,1791339163,2
12348039,12348040,1791339163,1791339165,2
12348040,12348041,1791339165,1791339167,2
12348041,12348042,1791339167,1791339169,2
12348042,12348043,1791339169,1791339171,2
12348043,12348044,1791339171,1791339173,2
12348044,12348045,1791339173,1791339175,2
12348045,12348046,1791339175,1791339177,2
12348046,12348047,1791339177,1791339179,2
12348047,12348048,1791339179,1791339181,2
12348048,12348049,1791339181,1791339183,2
12348049,12348050,1791339183,1791339185,2
12348050,12348051,1791339185,1791339187,2
12348051,12348052,1791339187,1791339189,2
12348052,12348053,1791339189,1791339191,2
12348053,12348054,1791339191,1791339193,2
12348054,12348055,1791339193,1791339195,2
12348055,12348056,1791339195,1791339197,2
12348056,12348057,1791339197,1791339199,2
12348057,12348058,1791339199,1791339201,2
12348058,12348059,1791339201,1791339203,2
12348059,12348060,1791339203,1791339205,2
12348060,12348061,1791339205,1791339207,2
12348061,12348062,1791339207,1791339209,2
12348062,12348063,1791339209,1791339211,2
12348063,12348064,1791339211,1791339213,2
12348064,12348065,1791339213,1791339215,2
12348065,12348066,1791339215,1791339217,2
12348066,12348067,1791339217,1791339219,2
12348067,12348068,1791339219,1791339221,2
12348068,12348069,1791339221,1791339223,2
12348069,12348070,1791339223,1791339225,2
12348070,12348071,1791339225,1791339227,2
12348071,12348072,1791339227,1791339229,2
12348072,12348073,1791339229,1791339231,2
12348073,12348074,1791339231,1791339233,2
12348074,12348075,1791339233,1791339235,2
12348075,12348076,1791339235,1791339237,2
12348076,12348077,1791339237,1791339239,2
12348077,12348078,1791339239,1791339241,2
12348078,12348079,1791339241,1791339243,2
12348079,12348080,1791339243,1791339245,2
12348080,12348081,1791339245,1791339247,2
12348081,12348082,1791339247,1791339249,2
12348082,12348083,1791339249,1791339251,2
12348083,12348084,1791339251,1791339253,2
12348084,12348085,1791339253,1791339255,2
12348085,12348086,1791339255,1791339257,2
12348086,12348087,1791339257,1791339259,2
12348087,12348088,1791339259,1791339261,2
12348088,12348089,1791339261,1791339263,2
12348089,12348090,1791339263,1791339265,2
12348090,12348091,1791339265,1791339267,2
12348091,12348092,1791339267,1791339269,2
12348092,12348093,1791339269,1791339271,2
12348093,12348094,1791339271,1791339273,2
12348094,12348095,1791339273,1791339275,2
12348095,12348096,1791339275,1791339277,2
12348096,12348097,1791339277,1791339279,2
12348097,12348098,1791339279,1791339281,2
12348098,12348099,1791339281,1791339283,2
12348099,12348100,1791339283,1791339285,2
12348100,12348101,1791339285,1791339287,2
12348101,12348102,1791339287,1791339289,2
12348102,12348103,1791339289,1791339291,2
12348103,12348104,1791339291,1791339293,2
12348104,12348105,1791339293,1791339295,2
12348105,12348106,1791339295,1791339297,2
12348106,12348107,1791339297,1791339299,2
12348107,12348108,1791339299,1791339301,2
12348108,12348109,1791339301,1791339303,2
12348109,12348110,1791339303,1791339305,2
12348110,12348111,1791339305,1791339307,2
12348111,12348112,1791339307,1791339309,2
12348112,12348113,1791339309,1791339311,2
12348113,12348114,1791339311,1791339313,2
12348114,12348115,1791339313,1791339315,2
12348115,12348116,1791339315,1791339317,2
12348116,12348117,1791339317,1791339319,2
12348117,12348118,1791339319,1791339321,2
12348118,12348119,1791339321,1791339323,2
12348119,12348120,1791339323,1791339325,2
12348120,12348121,1791339325,1791339327,2
12348121,12348122,1791339327,1791339329,2
12348122,12348123,1791339329,1791339331,2
12348123,12348124,1791339331,1791339333,2
12348124,12348125,1791339333,1791339335,2
12348125,12348126,1791339335,1791339337,2
12348126,12348127,1791339337,1791339339,2
12348127,12348128,1791339339,1791339341,2
12348128,12348129,1791339341,1791339343,2
12348129,12348130,1791339343,1791339345,2
12348130,12348131,1791339345,1791339347,2
12348131,12348132,1791339347,1791339349,2
12348132,12348133,1791339349,1791339351,2
12348133,12348134,1791339351,1791339353,2
12348134,12348135,1791339353,1791339355,2
12348135,12348136,1791339355,1791339357,2
12348136,12348137,1791339357,1791339359,2
12348137,12348138,1791339359,1791339361,2
12348138,12348139,1791339361,1791339363,2
12348139,12348140,1791339363,1791339365,2
12348140,12348141,1791339365,1791339367,2
12348141,12348142,1791339367,1791339369,2
12348142,12348143,1791339369,1791339371,2
12348143,12348144,1791339371,1791339373,2
12348144,12348145,1791339373,1791339375,2
12348145,12348146,1791339375,1791339377,2
12348146,12348147,1791339377,1791339379,2
12348147,12348148,1791339379,1791339381,2
12348148,12348149,1791339381,1791339383,2
12348149,12348150,1791339383,1791339385,2
12348150,12348151,1791339385,1791339387,2
12348151,12348152,1791339387,1791339389,2
12348152,12348153,1791339389,1791339391,2
12348153,12348154,1791339391,1791339393,2
12348154,12348155,1791339393,1791339395,2
12348155,12348156,1791339395,1791339397,2
12348156,12348157,1791339397,1791339399,2
12348157,12348158,1791339399,1791339401,2
12348158,12348159,1791339401,1791339403,2
12348159,12348160,1791339403,1791339405,2
12348160,12348161,1791339405,1791339407,2
12348161,12348162,1791339407,1791339409,2
12348162,12348163,1791339409,1791339411,2
12348163,12348164,1791339411,1791339413,2
12348164,12348165,1791339413,1791339415,2
12348165,12348166,1791339415,1791339417,2
12348166,12348167,1791339417,1791339419,2
12348167,12348168,1791339419,1791339421,2
12348168,12348169,1791339421,1791339423,2
12348169,12348170,1791339423,1791339425,2
12348170,12348171,1791339425,1791339427,2
12348171,12348172,1791339427,1791339429,2
12348172,12348173,1791339429,1791339431,2
12348173,12348174,1791339431,1791339433,2
12348174,12348175,1791339433,1791339435,2
12348175,12348176,1791339435,1791339437,2
12348176,12348177,1791339437,1791339439,2
12348177,12348178,1791339439,1791339441,2
12348178,12348179,1791339441,1791339443,2
12348179,12348180,1791339443,1791339445,2
12348180,12348181,1791339445,1791339447,2
12348181,12348182,1791339447,1791339449,2
12348182,12348183,1791339449,1791339451,2
12348183,12348184,1791339451,1791339453,2
12348184,12348185,1791339453,1791339455,2
12348185,12348186,1791339455,1791339457,2
12348186,12348187,1791339457,1791339459,2
12348187,12348188,1791339459,1791339461,2
12348188,12348189,1791339461,1791339463,2
12348189,12348190,1791339463,1791339465,2
12348190,12348191,1791339465,1791339467,2
12348191,12348192,1791339467,1791339469,2
12348192,12348193,1791339469,1791339471,2
12348193,12348194,1791339471,1791339473,2
12348194,12348195,1791339473,1791339475,2
12348195,12348196,1791339475,1791339477,2
12348196,12348197,1791339477,1791339479,2
12348197,12348198,1791339479,1791339481,2
12348198,12348199,1791339481,1791339483,2
12348199,12348200,1791339483,1791339485,2
12348200,12348201,1791339485,1791339487,2
12348201,12348202,1791339487,1791339489,2
12348202,12348203,1791339489,1791339491,2
12348203,12348204,1791339491,1791339493,2
12348204,12348205,1791339493,1791339495,2
12348205,12348206,1791339495,1791339497,2
12348206,12348207,1791339497,1791339499,2
12348207,12348208,1791339499,1791339501,2
12348208,12348209,1791339501,1791339503,2
12348209,12348210,1791339503,1791339505,2
12348210,12348211,1791339505,1791339507,2
12348211,12348212,1791339507,1791339509,2
12348212,12348213,1791339509,1791339511,2
12348213,12348214,1791339511,1791339513,2
12348214,12348215,1791339513,1791339515,2
12348215,12348216,1791339515,1791339517,2
12348216,12348217,1791339517,1791339519,2
12348217,12348218,1791339519,1791339521,2
12348218,12348219,1791339521,1791339523,2
12348219,12348220,1791339523,1791339525,2
12348220,12348221,1791339525,1791339527,2
12348221,12348222,1791339527,1791339529,2
12348222,12348223,1791339529,1791339531,2
12348223,12348224,1791339531,1791339533,2
12348224,12348225,1791339533,1791339535,2
12348225,12348226,1791339535,1791339537,2
12348226,12348227,1791339537,1791339539,2
12348227,12348228,1791339539,1791339541,2
12348228,12348229,1791339541,1791339543,2
12348229,12348230,1791339543,1791339545,2
12348230,12348231,1791339545,1791339547,2
12348231,12348232,1791339547,1791339549,2
12348232,12348233,1791339549,1791339551,2
12348233,12348234,1791339551,1791339553,2
12348234,12348235,1791339553,1791339555,2
12348235,12348236,1791339555,1791339557,2
12348236,12348237,1791339557,1791339559,2
12348237,12348238,1791339559,1791339561,2
12348238,12348239,1791339561,1791339563,2
12348239,12348240,1791339563,1791339565,2
12348240,12348241,1791339565,1791339567,2
12348241,12348242,1791339567,1791339569,2
12348242,12348243,1791339569,1791339571,2
12348243,12348244,1791339571,1791339573,2
12348244,12348245,1791339573,1791339575,2
12348245,12348246,1791339575,1791339577,2
12348246,12348247,1791339577,1791339579,2
12348247,12348248,1791339579,1791339581,2
12348248,12348249,1791339581,1791339583,2
12348249,12348250,1791339583,1791339585,2
12348250,12348251,1791339585,1791339587,2
12348251,12348252,1791339587,1791339589,2
12348252,12348253,1791339589,1791339591,2
12348253,12348254,1791339591,1791339593,2
12348254,12348255,1791339593,1791339595,2
12348255,12348256,1791339595,1791339597,2
12348256,12348257,1791339597,1791339599,2
12348257,12348258,1791339599,1791339601,2
12348258,12348259,1791339601,1791339603,2
12348259,12348260,1791339603,1791339605,2
12348260,12348261,1791339605,1791339607,2
12348261,12348262,1791339607,1791339609,2
12348262,12348263,1791339609,1791339611,2
12348263,12348264,1791339611,1791339613,2
12348264,12348265,1791339613,1791339615,2
12348265,12348266,1791339615,1791339617,2
12348266,12348267,1791339617,1791339619,2
12348267,12348268,1791339619,1791339621,2
12348268,12348269,1791339621,1791339623,2
12348269,12348270,1791339623,1791339625,2
12348270,12348271,1791339625,1791339627,2
12348271,12348272,1791339627,1791339629,2
12348272,12348273,1791339629,1791339631,2
12348273,12348274,1791339631,1791339633,2
12348274,12348275,1791339633,1791339635,2
12348275,12348276,1791339635,1791339637,2
12348276,12348277,1791339637,1791339639,2
12348277,12348278,1791339639,1791339641,2
12348278,12348279,1791339641,1791339643,2
12348279,12348280,1791339643,1791339645,2
12348280,12348281,1791339645,1791339647,2
12348281,12348282,1791339647,1791339649,2
12348282,12348283,1791339649,1791339651,2
12348283,12348284,1791339651,1791339653,2
12348284,12348285,1791339653,1791339655,2
12348285,12348286,1791339655,1791339657,2
12348286,12348287,1791339657,1791339659,2
12348287,12348288,1791339659,1791339661,2
12348288,12348289,1791339661,1791339663,2
12348289,12348290,1791339663,1791339665,2
12348290,12348291,1791339665,1791339667,2
12348291,12348292,1791339667,1791339669,2
12348292,12348293,1791339669,1791339671,2
12348293,12348294,1791339671,1791339673,2
12348294,12348295,1791339673,1791339675,2
12348295,12348296,1791339675,1791339677,2
12348296,12348297,1791339677,1791339679,2
12348297,12348298,1791339679,1791339681,2
12348298,12348299,1791339681,1791339683,2
12348299,12348300,1791339683,1791339685,2
12348300,12348301,1791339685,1791339687,2
12348301,12348302,1791339687,1791339689,2
12348302,12348303,1791339689,1791339691,2
12348303,12348304,1791339691,1791339693,2
12348304,12348305,1791339693,1791339695,2
12348305,12348306,1791339695,1791339697,2
12348306,12348307,1791339697,1791339699,2
12348307,12348308,1791339699,1791339701,2
12348308,12348309,1791339701,1791339703,2
12348309,12348310,1791339703,1791339705,2
12348310,12348311,1791339705,1791339707,2
12348311,12348312,1791339707,1791339709,2
12348312,12348313,1791339709,1791339711,2
12348313,12348314,1791339711,1791339713,2
12348314,12348315,1791339713,1791339715,2
12348315,12348316,1791339715,1791339717,2
12348316,12348317,1791339717,1791339719,2
12348317,12348318,1791339719,1791339721,2
12348318,12348319,1791339721,1791339723,2
12348319,12348320,1791339723,1791339725,2
12348320,12348321,1791339725,1791339727,2
12348321,12348322,1791339727,1791339729,2
12348322,12348323,1791339729,1791339731,2
12348323,12348324,1791339731,1791339733,2
12348324,12348325,1791339733,1791339735,2
12348325,12348326,1791339735,1791339737,2
12348326,12348327,1791339737,1791339739,2
12348327,12348328,1791339739,1791339741,2
12348328,12348329,1791339741,1791339743,2
12348329,12348330,1791339743,1791339745,2
12348330,12348331,1791339745,1791339747,2
12348331,12348332,1791339747,1791339749,2
12348332,12348333,1791339749,1791339751,2
12348333,12348334,1791339751,1791339753,2
12348334,12348335,1791339753,1791339755,2
12348335,12348336,1791339755,1791339757,2
12348336,12348337,1791339757,1791339759,2
12348337,12348338,1791339759,1791339761,2
12348338,12348339,1791339761,1791339763,2
12348339,12348340,1791339763,1791339765,2
12348340,12348341,1791339765,1791339767,2
12348341,12348342,1791339767,1791339769,2
12348342,12348343,1791339769,1791339771,2
12348343,12348344,1791339771,1791339773,2
12348344,12348345,1791339773,1791339775,2
12348345,12348346,1791339775,1791339777,2
12348346,12348347,1791339777,1791339779,2
12348347,12348348,1791339779,1791339781,2
12348348,12348349,1791339781,1791339783,2
12348349,12348350,1791339783,1791339785,2
12348350,12348351,1791339785,1791339787,2
12348351,12348352,1791339787,1791339789,2
12348352,12348353,1791339789,1791339791,2
12348353,12348354,1791339791,1791339793,2
12348354,12348355,1791339793,1791339795,2
12348355,12348356,1791339795,1791339797,2
12348356,12348357,1791339797,1791339799,2
12348357,12348358,1791339799,1791339801,2
12348358,12348359,1791339801,1791339803,2
12348359,12348360,1791339803,1791339805,2
12348360,12348361,1791339805,1791339807,2
12348361,12348362,1791339807,1791339809,2
12348362,12348363,1791339809,1791339811,2
12348363,12348364,1791339811,1791339813,2
12348364,12348365,1791339813,1791339815,2
12348365,12348366,1791339815,1791339817,2
12348366,12348367,1791339817,1791339819,2
12348367,12348368,1791339819,1791339821,2
12348368,12348369,1791339821,1791339823,2
12348369,12348370,1791339823,1791339825,2
12348370,12348371,1791339825,1791339827,2
12348371,12348372,1791339827,1791339829,2
12348372,12348373,1791339829,1791339831,2
12348373,12348374,1791339831,1791339833,2
12348374,12348375,1791339833,1791339835,2
12348375,12348376,1791339835,1791339837,2
12348376,12348377,1791339837,1791339839,2
12348377,12348378,1791339839,1791339841,2
12348378,12348379,1791339841,1791339843,2
12348379,12348380,1791339843,1791339845,2
12348380,12348381,1791339845,1791339847,2
12348381,12348382,1791339847,1791339849,2
12348382,12348383,1791339849,1791339851,2
12348383,12348384,1791339851,1791339853,2
12348384,12348385,1791339853,1791339855,2
12348385,12348386,1791339855,1791339857,2
12348386,12348387,1791339857,1791339859,2
12348387,12348388,1791339859,1791339861,2
12348388,12348389,1791339861,1791339863,2
12348389,12348390,1791339863,1791339865,2
12348390,12348391,1791339865,1791339867,2
12348391,12348392,1791339867,1791339869,2
12348392,12348393,1791339869,1791339871,2
12348393,12348394,1791339871,1791339873,2
12348394,12348395,1791339873,1791339875,2
12348395,12348396,1791339875,1791339877,2
12348396,12348397,1791339877,1791339879,2
12348397,12348398,1791339879,1791339881,2
12348398,12348399,1791339881,1791339883,2
12348399,12348400,1791339883,1791339885,2
12348400,12348401,1791339885,1791339887,2
12348401,12348402,1791339887,1791339889,2
12348402,12348403,1791339889,1791339891,2
12348403,12348404,1791339891,1791339893,2
12348404,12348405,1791339893,1791339895,2
12348405,12348406,1791339895,1791339897,2
12348406,12348407,1791339897,1791339899,2
12348407,12348408,1791339899,1791339901,2
12348408,12348409,1791339901,1791339903,2
12348409,12348410,1791339903,1791339905,2
12348410,12348411,1791339905,1791339907,2
12348411,12348412,1791339907,1791339909,2
12348412,12348413,1791339909,1791339911,2
12348413,12348414,1791339911,1791339913,2
12348414,12348415,1791339913,1791339915,2
12348415,12348416,1791339915,1791339917,2
12348416,12348417,1791339917,1791339919,2
12348417,12348418,1791339919,1791339921,2
12348418,12348419,1791339921,1791339923,2
12348419,12348420,1791339923,1791339925,2
12348420,12348421,1791339925,1791339927,2
12348421,12348422,1791339927,1791339929,2
12348422,12348423,1791339929,1791339931,2
12348423,12348424,1791339931,1791339933,2
12348424,12348425,1791339933,1791339935,2
12348425,12348426,1791339935,1791339937,2
12348426,12348427,1791339937,1791339939,2
12348427,12348428,1791339939,1791339941,2
12348428,12348429,1791339941,1791339943,2
12348429,12348430,1791339943,1791339945,2
12348430,12348431,1791339945,1791339947,2
12348431,12348432,1791339947,1791339949,2
12348432,12348433,1791339949,1791339951,2
12348433,12348434,1791339951,1791339953,2
12348434,12348435,1791339953,1791339955,2
12348435,12348436,1791339955,1791339957,2
12348436,12348437,1791339957,1791339959,2
12348437,12348438,1791339959,1791339961,2
12348438,12348439,1791339961,1791339963,2
12348439,12348440,1791339963,1791339965,2
12348440,12348441,1791339965,1791339967,2
12348441,12348442,1791339967,1791339969,2
12348442,12348443,1791339969,1791339971,2
12348443,12348444,1791339971,1791339973,2
12348444,12348445,1791339973,1791339975,2
12348445,12348446,1791339975,1791339977,2
12348446,12348447,1791339977,1791339979,2
12348447,12348448,1791339979,1791339981,2
12348448,12348449,1791339981,1791339983,2
12348449,12348450,1791339983,1791339985,2
12348450,12348451,1791339985,1791339987,2
12348451,12348452,1791339987,1791339989,2
12348452,12348453,1791339989,1791339991,2
12348453,12348454,1791339991,1791339993,2
12348454,12348455,1791339993,1791339995,2
12348455,12348456,1791339995,1791339997,2
12348456,12348457,1791339997,1791339999,2
12348457,12348458,1791339999,1791340001,2
12348458,12348459,1791340001,1791340003,2
12348459,12348460,1791340003,1791340005,2
12348460,12348461,1791340005,1791340007,2
12348461,12348462,1791340007,1791340009,2
12348462,12348463,1791340009,1791340011,2
12348463,12348464,1791340011,1791340013,2
12348464,12348465,1791340013,1791340015,2
12348465,12348466,1791340015,1791340017,2
12348466,12348467,1791340017,1791340019,2
12348467,12348468,1791340019,1791340021,2
12348468,12348469,1791340021,1791340023,2
12348469,12348470,1791340023,1791340025,2
12348470,12348471,1791340025,1791340027,2
12348471,12348472,1791340027,1791340029,2
12348472,12348473,1791340029,1791340031,2
12348473,12348474,1791340031,1791340033,2
12348474,12348475,1791340033,1791340035,2
12348475,12348476,1791340035,1791340037,2
12348476,12348477,1791340037,1791340039,2
12348477,12348478,1791340039,1791340041,2
12348478,12348479,1791340041,1791340043,2
12348479,12348480,1791340043,1791340045,2
12348480,12348481,1791340045,1791340047,2
12348481,12348482,1791340047,1791340049,2
12348482,12348483,1791340049,1791340051,2
12348483,12348484,1791340051,1791340053,2
12348484,12348485,1791340053,1791340055,2
12348485,12348486,1791340055,1791340057,2
12348486,12348487,1791340057,1791340059,2
12348487,12348488,1791340059,1791340061,2
12348488,12348489,1791340061,1791340063,2
12348489,12348490,1791340063,1791340065,2
12348490,12348491,1791340065,1791340067,2
12348491,12348492,1791340067,1791340069,2
12348492,12348493,1791340069,1791340071,2
12348493,12348494,1791340071,1791340073,2
12348494,12348495,1791340073,1791340075,2
12348495,12348496,1791340075,1791340077,2
12348496,12348497,1791340077,1791340079,2
12348497,12348498,1791340079,1791340081,2
12348498,12348499,1791340081,1791340083,2
12348499,12348500,1791340083,1791340085,2
12348500,12348501,1791340085,1791340087,2
12348501,12348502,1791340087,1791340089,2
12348502,12348503,1791340089,1791340091,2
12348503,12348504,1791340091,1791340093,2
12348504,12348505,1791340093,1791340095,2
12348505,12348506,1791340095,1791340097,2
12348506,12348507,1791340097,1791340099,2
12348507,12348508,1791340099,1791340101,2
12348508,12348509,1791340101,1791340103,2
12348509,12348510,1791340103,1791340105,2
12348510,12348511,1791340105,1791340107,2
12348511,12348512,1791340107,1791340109,2
12348512,12348513,1791340109,1791340111,2
12348513,12348514,1791340111,1791340113,2
12348514,12348515,1791340113,1791340115,2
12348515,12348516,1791340115,1791340117,2
12348516,12348517,1791340117,1791340119,2
12348517,12348518,1791340119,1791340121,2
12348518,12348519,1791340121,1791340123,2
12348519,12348520,1791340123,1791340125,2
12348520,12348521,1791340125,1791340127,2
12348521,12348522,1791340127,1791340129,2
12348522,12348523,1791340129,1791340131,2
12348523,12348524,1791340131,1791340133,2
12348524,12348525,1791340133,1791340135,2
12348525,12348526,1791340135,1791340137,2
12348526,12348527,1791340137,1791340139,2
12348527,12348528,1791340139,1791340141,2
12348528,12348529,1791340141,1791340143,2
12348529,12348530,1791340143,1791340145,2
12348530,12348531,1791340145,1791340147,2
12348531,12348532,1791340147,1791340149,2
12348532,12348533,1791340149,1791340151,2
12348533,12348534,1791340151,1791340153,2
12348534,12348535,1791340153,1791340155,2
12348535,12348536,1791340155,1791340157,2
12348536,12348537,1791340157,1791340159,2
12348537,12348538,1791340159,1791340161,2
12348538,12348539,1791340161,1791340163,2
12348539,12348540,1791340163,1791340165,2
12348540,12348541,1791340165,1791340167,2
12348541,12348542,1791340167,1791340169,2
12348542,12348543,1791340169,1791340171,2
12348543,12348544,1791340171,1791340173,2
12348544,12348545,1791340173,1791340175,2
12348545,12348546,1791340175,1791340177,2
12348546,12348547,1791340177,1791340179,2
12348547,12348548,1791340179,1791340181,2
12348548,12348549,1791340181,1791340183,2
12348549,12348550,1791340183,1791340185,2
12348550,12348551,1791340185,1791340187,2
12348551,12348552,1791340187,1791340189,2
12348552,12348553,1791340189,1791340191,2
12348553,12348554,1791340191,1791340193,2
12348554,12348555,1791340193,1791340195,2
12348555,12348556,1791340195,1791340197,2
12348556,12348557,1791340197,1791340199,2
12348557,12348558,1791340199,1791340201,2
12348558,12348559,1791340201,1791340203,2
12348559,12348560,1791340203,1791340205,2
12348560,12348561,1791340205,1791340207,2
12348561,12348562,1791340207,1791340209,2
12348562,12348563,1791340209,1791340211,2
12348563,12348564,1791340211,1791340213,2
12348564,12348565,1791340213,1791340215,2
12348565,12348566,1791340215,1791340217,2
12348566,12348567,1791340217,1791340219,2
12348567,12348568,1791340219,1791340221,2
12348568,12348569,1791340221,1791340223,2
12348569,12348570,1791340223,1791340225,2
12348570,12348571,1791340225,1791340227,2
12348571,12348572,1791340227,1791340229,2
12348572,12348573,1791340229,1791340231,2
12348573,12348574,1791340231,1791340233,2
12348574,12348575,1791340233,1791340235,2
12348575,12348576,1791340235,1791340237,2
12348576,12348577,1791340237,1791340239,2
12348577,12348578,1791340239,1791340241,2
12348578,12348579,1791340241,1791340243,2
12348579,12348580,1791340243,1791340245,2
12348580,12348581,1791340245,1791340247,2
12348581,12348582,1791340247,1791340249,2
12348582,12348583,1791340249,1791340251,2
12348583,12348584,1791340251,1791340253,2
12348584,12348585,1791340253,1791340255,2
12348585,12348586,1791340255,1791340257,2
12348586,12348587,1791340257,1791340259,2
12348587,12348588,1791340259,1791340261,2
12348588,12348589,1791340261,1791340263,2
12348589,12348590,1791340263,1791340265,2
12348590,12348591,1791340265,1791340267,2
12348591,12348592,1791340267,1791340269,2
12348592,12348593,1791340269,1791340271,2
12348593,12348594,1791340271,1791340273,2
12348594,12348595,1791340273,1791340275,2
12348595,12348596,1791340275,1791340277,2
12348596,12348597,1791340277,1791340279,2
12348597,12348598,1791340279,1791340281,2
12348598,12348599,1791340281,1791340283,2
12348599,12348600,1791340283,1791340285,2
12348600,12348601,1791340285,1791340287,2
12348601,12348602,1791340287,1791340289,2
12348602,12348603,1791340289,1791340291,2
12348603,12348604,1791340291,1791340293,2
12348604,12348605,1791340293,1791340295,2
12348605,12348606,1791340295,1791340297,2
12348606,12348607,1791340297,1791340299,2
12348607,12348608,1791340299,1791340301,2
12348608,12348609,1791340301,1791340303,2
12348609,12348610,1791340303,1791340305,2
12348610,12348611,1791340305,1791340307,2
12348611,12348612,1791340307,1791340309,2
12348612,12348613,1791340309,1791340311,2
12348613,12348614,1791340311,1791340313,2
12348614,12348615,1791340313,1791340315,2
12348615,12348616,1791340315,1791340317,2
12348616,12348617,1791340317,1791340319,2
12348617,12348618,1791340319,1791340321,2
12348618,12348619,1791340321,1791340323,2
12348619,12348620,1791340323,1791340325,2
12348620,12348621,1791340325,1791340327,2
12348621,12348622,1791340327,1791340329,2
12348622,12348623,1791340329,1791340331,2
12348623,12348624,1791340331,1791340333,2
12348624,12348625,1791340333,1791340335,2
12348625,12348626,1791340335,1791340337,2
12348626,12348627,1791340337,1791340339,2
12348627,12348628,1791340339,1791340341,2
12348628,12348629,1791340341,1791340343,2
12348629,12348630,1791340343,1791340345,2
12348630,12348631,1791340345,1791340347,2
12348631,12348632,1791340347,1791340349,2
12348632,12348633,1791340349,1791340351,2
12348633,12348634,1791340351,1791340353,2
12348634,12348635,1791340353,1791340355,2
12348635,12348636,1791340355,1791340357,2
12348636,12348637,1791340357,1791340359,2
12348637,12348638,1791340359,1791340361,2
12348638,12348639,1791340361,1791340363,2
12348639,12348640,1791340363,1791340365,2
12348640,12348641,1791340365,1791340367,2
12348641,12348642,1791340367,1791340369,2
12348642,12348643,1791340369,1791340371,2
12348643,12348644,1791340371,1791340373,2
12348644,12348645,1791340373,1791340375,2
12348645,12348646,1791340375,1791340377,2
12348646,12348647,1791340377,1791340379,2
12348647,12348648,1791340379,1791340381,2
12348648,12348649,1791340381,1791340383,2
12348649,12348650,1791340383,1791340385,2
12348650,12348651,1791340385,1791340387,2
12348651,12348652,1791340387,1791340389,2
12348652,12348653,1791340389,1791340391,2
12348653,12348654,1791340391,1791340393,2
12348654,12348655,1791340393,1791340395,2
12348655,12348656,1791340395,1791340397,2
12348656,12348657,1791340397,1791340399,2
12348657,12348658,1791340399,1791340401,2
12348658,12348659,1791340401,1791340403,2
12348659,12348660,1791340403,1791340405,2
12348660,12348661,1791340405,1791340407,2
12348661,12348662,1791340407,1791340409,2
12348662,12348663,1791340409,1791340411,2
12348663,12348664,1791340411,1791340413,2
12348664,12348665,1791340413,1791340415,2
12348665,12348666,1791340415,1791340417,2
12348666,12348667,1791340417,1791340419,2
12348667,12348668,1791340419,1791340421,2
12348668,12348669,1791340421,1791340423,2
12348669,12348670,1791340423,1791340425,2
12348670,12348671,1791340425,1791340427,2
12348671,12348672,1791340427,1791340429,2
12348672,12348673,1791340429,1791340431,2
12348673,12348674,1791340431,1791340433,2
12348674,12348675,1791340433,1791340435,2
12348675,12348676,1791340435,1791340437,2
12348676,12348677,1791340437,1791340439,2
12348677,12348678,1791340439,1791340441,2
12348678,12348679,1791340441,1791340443,2
12348679,12348680,1791340443,1791340445,2
12348680,12348681,1791340445,1791340447,2
12348681,12348682,1791340447,1791340449,2
12348682,12348683,1791340449,1791340451,2
12348683,12348684,1791340451,1791340453,2
12348684,12348685,1791340453,1791340455,2
12348685,12348686,1791340455,1791340457,2
12348686,12348687,1791340457,1791340459,2
12348687,12348688,1791340459,1791340461,2
12348688,12348689,1791340461,1791340463,2
12348689,12348690,1791340463,1791340465,2
12348690,12348691,1791340465,1791340467,2
12348691,12348692,1791340467,1791340469,2
12348692,12348693,1791340469,1791340471,2
12348693,12348694,1791340471,1791340473,2
12348694,12348695,1791340473,1791340475,2
12348695,12348696,1791340475,1791340477,2
12348696,12348697,1791340477,1791340479,2
12348697,12348698,1791340479,1791340481,2
12348698,12348699,1791340481,1791340483,2
12348699,12348700,1791340483,1791340485,2
12348700,12348701,1791340485,1791340487,2
12348701,12348702,1791340487,1791340489,2
12348702,12348703,1791340489,1791340491,2
12348703,12348704,1791340491,1791340493,2
12348704,12348705,1791340493,1791340495,2
12348705,12348706,1791340495,1791340497,2
12348706,12348707,1791340497,1791340499,2
12348707,12348708,1791340499,1791340501,2
12348708,12348709,1791340501,1791340503,2
12348709,12348710,1791340503,1791340505,2
12348710,12348711,1791340505,1791340507,2
12348711,12348712,1791340507,1791340509,2
12348712,12348713,1791340509,1791340511,2
12348713,12348714,1791340511,1791340513,2
12348714,12348715,1791340513,1791340515,2
12348715,12348716,1791340515,1791340517,2
12348716,12348717,1791340517,1791340519,2
12348717,12348718,1791340519,1791340521,2
12348718,12348719,1791340521,1791340523,2
12348719,12348720,1791340523,1791340525,2
12348720,12348721,1791340525,1791340527,2
12348721,12348722,1791340527,1791340529,2
12348722,12348723,1791340529,1791340531,2
12348723,12348724,1791340531,1791340533,2
12348724,12348725,1791340533,1791340535,2
12348725,12348726,1791340535,1791340537,2
12348726,12348727,1791340537,1791340539,2
12348727,12348728,1791340539,1791340541,2
12348728,12348729,1791340541,1791340543,2
12348729,12348730,1791340543,1791340545,2
12348730,12348731,1791340545,1791340547,2
12348731,12348732,1791340547,1791340549,2
12348732,12348733,1791340549,1791340551,2
12348733,12348734,1791340551,1791340553,2
12348734,12348735,1791340553,1791340555,2
12348735,12348736,1791340555,1791340557,2
12348736,12348737,1791340557,1791340559,2
12348737,12348738,1791340559,1791340561,2
12348738,12348739,1791340561,1791340563,2
12348739,12348740,1791340563,1791340565,2
12348740,12348741,1791340565,1791340567,2
12348741,12348742,1791340567,1791340569,2
12348742,12348743,1791340569,1791340571,2
12348743,12348744,1791340571,1791340573,2
12348744,12348745,1791340573,1791340575,2
12348745,12348746,1791340575,1791340577,2
12348746,12348747,1791340577,1791340579,2
12348747,12348748,1791340579,1791340581,2
12348748,12348749,1791340581,1791340583,2
12348749,12348750,1791340583,1791340585,2
12348750,12348751,1791340585,1791340587,2
12348751,12348752,1791340587,1791340589,2
12348752,12348753,1791340589,1791340591,2
12348753,12348754,1791340591,1791340593,2
12348754,12348755,1791340593,1791340595,2
12348755,12348756,1791340595,1791340597,2
12348756,12348757,1791340597,1791340599,2
12348757,12348758,1791340599,1791340601,2
12348758,12348759,1791340601,1791340603,2
12348759,12348760,1791340603,1791340605,2
12348760,12348761,1791340605,1791340607,2
12348761,12348762,1791340607,1791340609,2
12348762,12348763,1791340609,1791340611,2
12348763,12348764,1791340611,1791340613,2
12348764,12348765,1791340613,1791340615,2
12348765,12348766,1791340615,1791340617,2
12348766,12348767,1791340617,1791340619,2
12348767,12348768,1791340619,1791340621,2
12348768,12348769,1791340621,1791340623,2
12348769,12348770,1791340623,1791340625,2
12348770,12348771,1791340625,1791340627,2
12348771,12348772,1791340627,1791340629,2
12348772,12348773,1791340629,1791340631,2
12348773,12348774,1791340631,1791340633,2
12348774,12348775,1791340633,1791340635,2
12348775,12348776,1791340635,1791340637,2
12348776,12348777,1791340637,1791340639,2
12348777,12348778,1791340639,1791340641,2
12348778,12348779,1791340641,1791340643,2
12348779,12348780,1791340643,1791340645,2
12348780,12348781,1791340645,1791340647,2
12348781,12348782,1791340647,1791340649,2
12348782,12348783,1791340649,1791340651,2
12348783,12348784,1791340651,1791340653,2
12348784,12348785,1791340653,1791340655,2
12348785,12348786,1791340655,1791340657,2
12348786,12348787,1791340657,1791340659,2
12348787,12348788,1791340659,1791340661,2
12348788,12348789,1791340661,1791340663,2
12348789,12348790,1791340663,1791340665,2
12348790,12348791,1791340665,1791340667,2
12348791,12348792,1791340667,1791340669,2
12348792,12348793,1791340669,1791340671,2
12348793,12348794,1791340671,1791340673,2
12348794,12348795,1791340673,1791340675,2
12348795,12348796,1791340675,1791340677,2
12348796,12348797,1791340677,1791340679,2
12348797,12348798,1791340679,1791340681,2
12348798,12348799,1791340681,1791340683,2
12348799,12348800,1791340683,1791340685,2
12348800,12348801,1791340685,1791340687,2
12348801,12348802,1791340687,1791340689,2
12348802,12348803,1791340689,1791340691,2
12348803,12348804,1791340691,1791340693,2
12348804,12348805,1791340693,1791340695,2
12348805,12348806,1791340695,1791340697,2
12348806,12348807,1791340697,1791340699,2
12348807,12348808,1791340699,1791340701,2
12348808,12348809,1791340701,1791340703,2
12348809,12348810,1791340703,1791340705,2
12348810,12348811,1791340705,1791340707,2
12348811,12348812,1791340707,1791340709,2
12348812,12348813,1791340709,1791340711,2
12348813,12348814,1791340711,1791340713,2
12348814,12348815,1791340713,1791340715,2
12348815,12348816,1791340715,1791340717,2
12348816,12348817,1791340717,1791340719,2
12348817,12348818,1791340719,1791340721,2
12348818,12348819,1791340721,1791340723,2
12348819,12348820,1791340723,1791340725,2
12348820,12348821,1791340725,1791340727,2
12348821,12348822,1791340727,1791340729,2
12348822,12348823,1791340729,1791340731,2
12348823,12348824,1791340731,1791340733,2
12348824,12348825,1791340733,1791340735,2
12348825,12348826,1791340735,1791340737,2
12348826,12348827,1791340737,1791340739,2
12348827,12348828,1791340739,1791340741,2
12348828,12348829,1791340741,1791340743,2
12348829,12348830,1791340743,1791340745,2
12348830,12348831,1791340745,1791340747,2
12348831,12348832,1791340747,1791340749,2
12348832,12348833,1791340749,1791340751,2
12348833,12348834,1791340751,1791340753,2
12348834,12348835,1791340753,1791340755,2
12348835,12348836,1791340755,1791340757,2
12348836,12348837,1791340757,1791340759,2
12348837,12348838,1791340759,1791340761,2
12348838,12348839,1791340761,1791340763,2
12348839,12348840,1791340763,1791340765,2
12348840,12348841,1791340765,1791340767,2
12348841,12348842,1791340767,1791340769,2
12348842,12348843,1791340769,1791340771,2
12348843,12348844,1791340771,1791340773,2
12348844,12348845,1791340773,1791340775,2
12348845,12348846,1791340775,1791340777,2
12348846,12348847,1791340777,1791340779,2
12348847,12348848,1791340779,1791340781,2
12348848,12348849,1791340781,1791340783,2
12348849,12348850,1791340783,1791340785,2
12348850,12348851,1791340785,1791340787,2
12348851,12348852,1791340787,1791340789,2
12348852,12348853,1791340789,1791340791,2
12348853,12348854,1791340791,1791340793,2
12348854,12348855,1791340793,1791340795,2
12348855,12348856,1791340795,1791340797,2
12348856,12348857,1791340797,1791340799,2
12348857,12348858,1791340799,1791340801,2
12348858,12348859,1791340801,1791340803,2
12348859,12348860,1791340803,1791340805,2
12348860,12348861,1791340805,1791340807,2
12348861,12348862,1791340807,1791340809,2
12348862,12348863,1791340809,1791340811,2
12348863,12348864,1791340811,1791340813,2
12348864,12348865,1791340813,1791340815,2
12348865,12348866,1791340815,1791340817,2
12348866,12348867,1791340817,1791340819,2
12348867,12348868,1791340819,1791340821,2
12348868,12348869,1791340821,1791340823,2
12348869,12348870,1791340823,1791340825,2
12348870,12348871,1791340825,1791340827,2
12348871,12348872,1791340827,1791340829,2
12348872,12348873,1791340829,1791340831,2
12348873,12348874,1791340831,1791340833,2
12348874,12348875,1791340833,1791340835,2
12348875,12348876,1791340835,1791340837,2
12348876,12348877,1791340837,1791340839,2
12348877,12348878,1791340839,1791340841,2
12348878,12348879,1791340841,1791340843,2
12348879,12348880,1791340843,1791340845,2
12348880,12348881,1791340845,1791340847,2
12348881,12348882,1791340847,1791340849,2
12348882,12348883,1791340849,1791340851,2
12348883,12348884,1791340851,1791340853,2
12348884,12348885,1791340853,1791340855,2
12348885,12348886,1791340855,1791340857,2
12348886,12348887,1791340857,1791340859,2
12348887,12348888,1791340859,1791340861,2
12348888,12348889,1791340861,1791340863,2
12348889,12348890,1791340863,1791340865,2
12348890,12348891,1791340865,1791340867,2
12348891,12348892,1791340867,1791340869,2
12348892,12348893,1791340869,1791340871,2
12348893,12348894,1791340871,1791340873,2
12348894,12348895,1791340873,1791340875,2
12348895,12348896,1791340875,1791340877,2
12348896,12348897,1791340877,1791340879,2
12348897,12348898,1791340879,1791340881,2
12348898,12348899,1791340881,1791340883,2
12348899,12348900,1791340883,1791340885,2
12348900,12348901,1791340885,1791340887,2
12348901,12348902,1791340887,1791340889,2
12348902,12348903,1791340889,1791340891,2
12348903,12348904,1791340891,1791340893,2
12348904,12348905,1791340893,1791340895,2
12348905,12348906,1791340895,1791340897,2
12348906,12348907,1791340897,1791340899,2
12348907,12348908,1791340899,1791340901,2
12348908,12348909,1791340901,1791340903,2
12348909,12348910,1791340903,1791340905,2
12348910,12348911,1791340905,1791340907,2
12348911,12348912,1791340907,1791340909,2
12348912,12348913,1791340909,1791340911,2
12348913,12348914,1791340911,1791340913,2
12348914,12348915,1791340913,1791340915,2
12348915,12348916,1791340915,1791340917,2
12348916,12348917,1791340917,1791340919,2
12348917,12348918,1791340919,1791340921,2
12348918,12348919,1791340921,1791340923,2
12348919,12348920,1791340923,1791340925,2
12348920,12348921,1791340925,1791340927,2
12348921,12348922,1791340927,1791340929,2
12348922,12348923,1791340929,1791340931,2
12348923,12348924,1791340931,1791340933,2
12348924,12348925,1791340933,1791340935,2
12348925,12348926,1791340935,1791340937,2
12348926,12348927,1791340937,1791340939,2
12348927,12348928,1791340939,1791340941,2
12348928,12348929,1791340941,1791340943,2
12348929,12348930,1791340943,1791340945,2
12348930,12348931,1791340945,1791340947,2
12348931,12348932,1791340947,1791340949,2
12348932,12348933,1791340949,1791340951,2
12348933,12348934,1791340951,1791340953,2
12348934,12348935,1791340953,1791340955,2
12348935,12348936,1791340955,1791340957,2
12348936,12348937,1791340957,1791340959,2
12348937,12348938,1791340959,1791340961,2
12348938,12348939,1791340961,1791340963,2
12348939,12348940,1791340963,1791340965,2
12348940,12348941,1791340965,1791340967,2
12348941,12348942,1791340967,1791340969,2
12348942,12348943,1791340969,1791340971,2
12348943,12348944,1791340971,1791340973,2
12348944,12348945,1791340973,1791340975,2
12348945,12348946,1791340975,1791340977,2
12348946,12348947,1791340977,1791340979,2
12348947,12348948,1791340979,1791340981,2
12348948,12348949,1791340981,1791340983,2
12348949,12348950,1791340983,1791340985,2
12348950,12348951,1791340985,1791340987,2
12348951,12348952,1791340987,1791340989,2
12348952,12348953,1791340989,1791340991,2
12348953,12348954,1791340991,1791340993,2
12348954,12348955,1791340993,1791340995,2
12348955,12348956,1791340995,1791340997,2
12348956,12348957,1791340997,1791340999,2
12348957,12348958,1791340999,1791341001,2
12348958,12348959,1791341001,1791341003,2
12348959,12348960,1791341003,1791341005,2
12348960,12348961,1791341005,1791341007,2
12348961,12348962,1791341007,1791341009,2
12348962,12348963,1791341009,1791341011,2
12348963,12348964,1791341011,1791341013,2
12348964,12348965,1791341013,1791341015,2
12348965,12348966,1791341015,1791341017,2
12348966,12348967,1791341017,1791341019,2
12348967,12348968,1791341019,1791341021,2
12348968,12348969,1791341021,1791341023,2
12348969,12348970,1791341023,1791341025,2
12348970,12348971,1791341025,1791341027,2
12348971,12348972,1791341027,1791341029,2
12348972,12348973,1791341029,1791341031,2
12348973,12348974,1791341031,1791341033,2
12348974,12348975,1791341033,1791341035,2
12348975,12348976,1791341035,1791341037,2
12348976,12348977,1791341037,1791341039,2
12348977,12348978,1791341039,1791341041,2
12348978,12348979,1791341041,1791341043,2
12348979,12348980,1791341043,1791341045,2
12348980,12348981,1791341045,1791341047,2
12348981,12348982,1791341047,1791341049,2
12348982,12348983,1791341049,1791341051,2
12348983,12348984,1791341051,1791341053,2
12348984,12348985,1791341053,1791341055,2
12348985,12348986,1791341055,1791341057,2
12348986,12348987,1791341057,1791341059,2
12348987,12348988,1791341059,1791341061,2
12348988,12348989,1791341061,1791341063,2
12348989,12348990,1791341063,1791341065,2
12348990,12348991,1791341065,1791341067,2
12348991,12348992,1791341067,1791341069,2
12348992,12348993,1791341069,1791341071,2
12348993,12348994,1791341071,1791341073,2
12348994,12348995,1791341073,1791341075,2
12348995,12348996,1791341075,1791341077,2
12348996,12348997,1791341077,1791341079,2
12348997,12348998,1791341079,1791341081,2
12348998,12348999,1791341081,1791341083,2
12348999,12349000,1791341083,1791341085,2
12349000,12349001,1791341085,1791341087,2
12349001,12349002,1791341087,1791341089,2
12349002,12349003,1791341089,1791341091,2
12349003,12349004,1791341091,1791341093,2
12349004,12349005,1791341093,1791341095,2
12349005,12349006,1791341095,1791341097,2
12349006,12349007,1791341097,1791341099,2
12349007,12349008,1791341099,1791341101,2
12349008,12349009,1791341101,1791341103,2
12349009,12349010,1791341103,1791341105,2
12349010,12349011,1791341105,1791341107,2
12349011,12349012,1791341107,1791341109,2
12349012,12349013,1791341109,1791341111,2
12349013,12349014,1791341111,1791341113,2
12349014,12349015,1791341113,1791341115,2
12349015,12349016,1791341115,1791341117,2
12349016,12349017,1791341117,1791341119,2
12349017,12349018,1791341119,1791341121,2
12349018,12349019,1791341121,1791341123,2
12349019,12349020,1791341123,1791341125,2
12349020,12349021,1791341125,1791341127,2
12349021,12349022,1791341127,1791341129,2
12349022,12349023,1791341129,1791341131,2
12349023,12349024,1791341131,1791341133,2
12349024,12349025,1791341133,1791341135,2
12349025,12349026,1791341135,1791341137,2
12349026,12349027,1791341137,1791341139,2
12349027,12349028,1791341139,1791341141,2
12349028,12349029,1791341141,1791341143,2
12349029,12349030,1791341143,1791341145,2
12349030,12349031,1791341145,1791341147,2
12349031,12349032,1791341147,1791341149,2
12349032,12349033,1791341149,1791341151,2
12349033,12349034,1791341151,1791341153,2
12349034,12349035,1791341153,1791341155,2
12349035,12349036,1791341155,1791341157,2
12349036,12349037,1791341157,1791341159,2
12349037,12349038,1791341159,1791341161,2
12349038,12349039,1791341161,1791341163,2
12349039,12349040,1791341163,1791341165,2
12349040,12349041,1791341165,1791341167,2
12349041,12349042,1791341167,1791341169,2
12349042,12349043,1791341169,1791341171,2
12349043,12349044,1791341171,1791341173,2
12349044,12349045,1791341173,1791341175,2
12349045,12349046,1791341175,1791341177,2
12349046,12349047,1791341177,1791341179,2
12349047,12349048,1791341179,1791341181,2
12349048,12349049,1791341181,1791341183,2
12349049,12349050,1791341183,1791341185,2
12349050,12349051,1791341185,1791341187,2
12349051,12349052,1791341187,1791341189,2
12349052,12349053,1791341189,1791341191,2
12349053,12349054,1791341191,1791341193,2
12349054,12349055,1791341193,1791341195,2
12349055,12349056,1791341195,1791341197,2
12349056,12349057,1791341197,1791341199,2
12349057,12349058,1791341199,1791341201,2
12349058,12349059,1791341201,1791341203,2
12349059,12349060,1791341203,1791341205,2
12349060,12349061,1791341205,1791341207,2
12349061,12349062,1791341207,1791341209,2
12349062,12349063,1791341209,1791341211,2
12349063,12349064,1791341211,1791341213,2
12349064,12349065,1791341213,1791341215,2
12349065,12349066,1791341215,1791341217,2
12349066,12349067,1791341217,1791341219,2
12349067,12349068,1791341219,1791341221,2
12349068,12349069,1791341221,1791341223,2
12349069,12349070,1791341223,1791341225,2
12349070,12349071,1791341225,1791341227,2
12349071,12349072,1791341227,1791341229,2
12349072,12349073,1791341229,1791341231,2
12349073,12349074,1791341231,1791341233,2
12349074,12349075,1791341233,1791341235,2
12349075,12349076,1791341235,1791341237,2
12349076,12349077,1791341237,1791341239,2
12349077,12349078,1791341239,1791341241,2
12349078,12349079,1791341241,1791341243,2
12349079,12349080,1791341243,1791341245,2
12349080,12349081,1791341245,1791341247,2
12349081,12349082,1791341247,1791341249,2
12349082,12349083,1791341249,1791341251,2
12349083,12349084,1791341251,1791341253,2
12349084,12349085,1791341253,1791341255,2
12349085,12349086,1791341255,1791341257,2
12349086,12349087,1791341257,1791341259,2
12349087,12349088,1791341259,1791341261,2
12349088,12349089,1791341261,1791341263,2
12349089,12349090,1791341263,1791341265,2
12349090,12349091,1791341265,1791341267,2
12349091,12349092,1791341267,1791341269,2
12349092,12349093,1791341269,1791341271,2
12349093,12349094,1791341271,1791341273,2
12349094,12349095,1791341273,1791341275,2
12349095,12349096,1791341275,1791341277,2
12349096,12349097,1791341277,1791341279,2
12349097,12349098,1791341279,1791341281,2
12349098,12349099,1791341281,1791341283,2
12349099,12349100,1791341283,1791341285,2
12349100,12349101,1791341285,1791341287,2
12349101,12349102,1791341287,1791341289,2
12349102,12349103,1791341289,1791341291,2
12349103,12349104,1791341291,1791341293,2
12349104,12349105,1791341293,1791341295,2
12349105,12349106,1791341295,1791341297,2
12349106,12349107,1791341297,1791341299,2
12349107,12349108,1791341299,1791341301,2
12349108,12349109,1791341301,1791341303,2
12349109,12349110,1791341303,1791341305,2
12349110,12349111,1791341305,1791341307,2
12349111,12349112,1791341307,1791341309,2
12349112,12349113,1791341309,1791341311,2
12349113,12349114,1791341311,1791341313,2
12349114,12349115,1791341313,1791341315,2
12349115,12349116,1791341315,1791341317,2
12349116,12349117,1791341317,1791341319,2
12349117,12349118,1791341319,1791341321,2
12349118,12349119,1791341321,1791341323,2
12349119,12349120,1791341323,1791341325,2
12349120,12349121,1791341325,1791341327,2
12349121,12349122,1791341327,1791341329,2
12349122,12349123,1791341329,1791341331,2
12349123,12349124,1791341331,1791341333,2
12349124,12349125,1791341333,1791341335,2
12349125,12349126,1791341335,1791341337,2
12349126,12349127,1791341337,1791341339,2
12349127,12349128,1791341339,1791341341,2
12349128,12349129,1791341341,1791341343,2
12349129,12349130,1791341343,1791341345,2
12349130,12349131,1791341345,1791341347,2
12349131,12349132,1791341347,1791341349,2
12349132,12349133,1791341349,1791341351,2
12349133,12349134,1791341351,1791341353,2
12349134,12349135,1791341353,1791341355,2
12349135,12349136,1791341355,1791341357,2
12349136,12349137,1791341357,1791341359,2
12349137,12349138,1791341359,1791341361,2
12349138,12349139,1791341361,1791341363,2
12349139,12349140,1791341363,1791341365,2
12349140,12349141,1791341365,1791341367,2
12349141,12349142,1791341367,1791341369,2
12349142,12349143,1791341369,1791341371,2
12349143,12349144,1791341371,1791341373,2
12349144,12349145,1791341373,1791341375,2
12349145,12349146,1791341375,1791341377,2
12349146,12349147,1791341377,1791341379,2
12349147,12349148,1791341379,1791341381,2
12349148,12349149,1791341381,1791341383,2
12349149,12349150,1791341383,1791341385,2
12349150,12349151,1791341385,1791341387,2
12349151,12349152,1791341387,1791341389,2
12349152,12349153,1791341389,1791341391,2
12349153,12349154,1791341391,1791341393,2
12349154,12349155,1791341393,1791341395,2
12349155,12349156,1791341395,1791341397,2
12349156,12349157,1791341397,1791341399,2
12349157,12349158,1791341399,1791341401,2
12349158,12349159,1791341401,1791341403,2
12349159,12349160,1791341403,1791341405,2
12349160,12349161,1791341405,1791341407,2
12349161,12349162,1791341407,1791341409,2
12349162,12349163,1791341409,1791341411,2
12349163,12349164,1791341411,1791341413,2
12349164,12349165,1791341413,1791341415,2
12349165,12349166,1791341415,1791341417,2
12349166,12349167,1791341417,1791341419,2
12349167,12349168,1791341419,1791341421,2
12349168,12349169,1791341421,1791341423,2
12349169,12349170,1791341423,1791341425,2
12349170,12349171,1791341425,1791341427,2
12349171,12349172,1791341427,1791341429,2
12349172,12349173,1791341429,1791341431,2
12349173,12349174,1791341431,1791341433,2
12349174,12349175,1791341433,1791341435,2
12349175,12349176,1791341435,1791341437,2
12349176,12349177,1791341437,1791341439,2
12349177,12349178,1791341439,1791341441,2
12349178,12349179,1791341441,1791341443,2
12349179,12349180,1791341443,1791341445,2
12349180,12349181,1791341445,1791341447,2
12349181,12349182,1791341447,1791341449,2
12349182,12349183,1791341449,1791341451,2
12349183,12349184,1791341451,1791341453,2
12349184,12349185,1791341453,1791341455,2
12349185,12349186,1791341455,1791341457,2
12349186,12349187,1791341457,1791341459,2
12349187,12349188,1791341459,1791341461,2
12349188,12349189,1791341461,1791341463,2
12349189,12349190,1791341463,1791341465,2
12349190,12349191,1791341465,1791341467,2
12349191,12349192,1791341467,1791341469,2
12349192,12349193,1791341469,1791341471,2
12349193,12349194,1791341471,1791341473,2
12349194,12349195,1791341473,1791341475,2
12349195,12349196,1791341475,1791341477,2
12349196,12349197,1791341477,1791341479,2
12349197,12349198,1791341479,1791341481,2
12349198,12349199,1791341481,1791341483,2
12349199,12349200,1791341483,1791341485,2
12349200,12349201,1791341485,1791341487,2
12349201,12349202,1791341487,1791341489,2
12349202,12349203,1791341489,1791341491,2
12349203,12349204,1791341491,1791341493,2
12349204,12349205,1791341493,1791341495,2
12349205,12349206,1791341495,1791341497,2
12349206,12349207,1791341497,1791341499,2
12349207,12349208,1791341499,1791341501,2
12349208,12349209,1791341501,1791341503,2
12349209,12349210,1791341503,1791341505,2
12349210,12349211,1791341505,1791341507,2
12349211,12349212,1791341507,1791341509,2
12349212,12349213,1791341509,1791341511,2
12349213,12349214,1791341511,1791341513,2
12349214,12349215,1791341513,1791341515,2
12349215,12349216,1791341515,1791341517,2
12349216,12349217,1791341517,1791341519,2
12349217,12349218,1791341519,1791341521,2
12349218,12349219,1791341521,1791341523,2
12349219,12349220,1791341523,1791341525,2
12349220,12349221,1791341525,1791341527,2
12349221,12349222,1791341527,1791341529,2
12349222,12349223,1791341529,1791341531,2
12349223,12349224,1791341531,1791341533,2
12349224,12349225,1791341533,1791341535,2
12349225,12349226,1791341535,1791341537,2
12349226,12349227,1791341537,1791341539,2
12349227,12349228,1791341539,1791341541,2
12349228,12349229,1791341541,1791341543,2
12349229,12349230,1791341543,1791341545,2
12349230,12349231,1791341545,1791341547,2
12349231,12349232,1791341547,1791341549,2
12349232,12349233,1791341549,1791341551,2
12349233,12349234,1791341551,1791341553,2
12349234,12349235,1791341553,1791341555,2
12349235,12349236,1791341555,1791341557,2
12349236,12349237,1791341557,1791341559,2
12349237,12349238,1791341559,1791341561,2
12349238,12349239,1791341561,1791341563,2
12349239,12349240,1791341563,1791341565,2
12349240,12349241,1791341565,1791341567,2
12349241,12349242,1791341567,1791341569,2
12349242,12349243,1791341569,1791341571,2
12349243,12349244,1791341571,1791341573,2
12349244,12349245,1791341573,1791341575,2
12349245,12349246,1791341575,1791341577,2
12349246,12349247,1791341577,1791341579,2
12349247,12349248,1791341579,1791341581,2
12349248,12349249,1791341581,1791341583,2
12349249,12349250,1791341583,1791341585,2
12349250,12349251,1791341585,1791341587,2
12349251,12349252,1791341587,1791341589,2
12349252,12349253,1791341589,1791341591,2
12349253,12349254,1791341591,1791341593,2
12349254,12349255,1791341593,1791341595,2
12349255,12349256,1791341595,1791341597,2
12349256,12349257,1791341597,1791341599,2
12349257,12349258,1791341599,1791341601,2
12349258,12349259,1791341601,1791341603,2
12349259,12349260,1791341603,1791341605,2
12349260,12349261,1791341605,1791341607,2
12349261,12349262,1791341607,1791341609,2
12349262,12349263,1791341609,1791341611,2
12349263,12349264,1791341611,1791341613,2
12349264,12349265,1791341613,1791341615,2
12349265,12349266,1791341615,1791341617,2
12349266,12349267,1791341617,1791341619,2
12349267,12349268,1791341619,1791341621,2
12349268,12349269,1791341621,1791341623,2
12349269,12349270,1791341623,1791341625,2
12349270,12349271,1791341625,1791341627,2
12349271,12349272,1791341627,1791341629,2
12349272,12349273,1791341629,1791341631,2
12349273,12349274,1791341631,1791341633,2
12349274,12349275,1791341633,1791341635,2
12349275,12349276,1791341635,1791341637,2
12349276,12349277,1791341637,1791341639,2
12349277,12349278,1791341639,1791341641,2
12349278,12349279,1791341641,1791341643,2
12349279,12349280,1791341643,1791341645,2
12349280,12349281,1791341645,1791341647,2
12349281,12349282,1791341647,1791341649,2
12349282,12349283,1791341649,1791341651,2
12349283,12349284,1791341651,1791341653,2
12349284,12349285,1791341653,1791341655,2
12349285,12349286,1791341655,1791341657,2
12349286,12349287,1791341657,1791341659,2
12349287,12349288,1791341659,1791341661,2
12349288,12349289,1791341661,1791341663,2
12349289,12349290,1791341663,1791341665,2
12349290,12349291,1791341665,1791341667,2
12349291,12349292,1791341667,1791341669,2
12349292,12349293,1791341669,1791341671,2
12349293,12349294,1791341671,1791341673,2
12349294,12349295,1791341673,1791341675,2
12349295,12349296,1791341675,1791341677,2
12349296,12349297,1791341677,1791341679,2
12349297,12349298,1791341679,1791341681,2
12349298,12349299,1791341681,1791341683,2
12349299,12349300,1791341683,1791341685,2
12349300,12349301,1791341685,1791341687,2
12349301,12349302,1791341687,1791341689,2
12349302,12349303,1791341689,1791341691,2
12349303,12349304,1791341691,1791341693,2
12349304,12349305,1791341693,1791341695,2
12349305,12349306,1791341695,1791341697,2
12349306,12349307,1791341697,1791341699,2
12349307,12349308,1791341699,1791341701,2
12349308,12349309,1791341701,1791341703,2
12349309,12349310,1791341703,1791341705,2
12349310,12349311,1791341705,1791341707,2
12349311,12349312,1791341707,1791341709,2
12349312,12349313,1791341709,1791341711,2
12349313,12349314,1791341711,1791341713,2
12349314,12349315,1791341713,1791341715,2
12349315,12349316,1791341715,1791341717,2
12349316,12349317,1791341717,1791341719,2
12349317,12349318,1791341719,1791341721,2
12349318,12349319,1791341721,1791341723,2
12349319,12349320,1791341723,1791341725,2
12349320,12349321,1791341725,1791341727,2
12349321,12349322,1791341727,1791341729,2
12349322,12349323,1791341729,1791341731,2
12349323,12349324,1791341731,1791341733,2
12349324,12349325,1791341733,1791341735,2
12349325,12349326,1791341735,1791341737,2
12349326,12349327,1791341737,1791341739,2
12349327,12349328,1791341739,1791341741,2
12349328,12349329,1791341741,1791341743,2
12349329,12349330,1791341743,1791341745,2
12349330,12349331,1791341745,1791341747,2
12349331,12349332,1791341747,1791341749,2
12349332,12349333,1791341749,1791341751,2
12349333,12349334,1791341751,1791341753,2
12349334,12349335,1791341753,1791341755,2
12349335,12349336,1791341755,1791341757,2
12349336,12349337,1791341757,1791341759,2
12349337,12349338,1791341759,1791341761,2
12349338,12349339,1791341761,1791341763,2
12349339,12349340,1791341763,1791341765,2
12349340,12349341,1791341765,1791341767,2
12349341,12349342,1791341767,1791341769,2
12349342,12349343,1791341769,1791341771,2
12349343,12349344,1791341771,1791341773,2
12349344,12349345,1791341773,1791341775,2
12349345,12349346,1791341775,1791341777,2
12349346,12349347,1791341777,1791341779,2
12349347,12349348,1791341779,1791341781,2
12349348,12349349,1791341781,1791341783,2
12349349,12349350,1791341783,1791341785,2
12349350,12349351,1791341785,1791341787,2
12349351,12349352,1791341787,1791341789,2
12349352,12349353,1791341789,1791341791,2
12349353,12349354,1791341791,1791341793,2
12349354,12349355,1791341793,1791341795,2
12349355,12349356,1791341795,1791341797,2
12349356,12349357,1791341797,1791341799,2
12349357,12349358,1791341799,1791341801,2
12349358,12349359,1791341801,1791341803,2
12349359,12349360,1791341803,1791341805,2
12349360,12349361,1791341805,1791341807,2
12349361,12349362,1791341807,1791341809,2
12349362,12349363,1791341809,1791341811,2
12349363,12349364,1791341811,1791341813,2
12349364,12349365,1791341813,1791341815,2
12349365,12349366,1791341815,1791341817,2
12349366,12349367,1791341817,1791341819,2
12349367,12349368,1791341819,1791341821,2
12349368,12349369,1791341821,1791341823,2
12349369,12349370,1791341823,1791341825,2
12349370,12349371,1791341825,1791341827,2
12349371,12349372,1791341827,1791341829,2
12349372,12349373,1791341829,1791341831,2
12349373,12349374,1791341831,1791341833,2
12349374,12349375,1791341833,1791341835,2
12349375,12349376,1791341835,1791341837,2
12349376,12349377,1791341837,1791341839,2
12349377,12349378,1791341839,1791341841,2
12349378,12349379,1791341841,1791341843,2
12349379,12349380,1791341843,1791341845,2
12349380,12349381,1791341845,1791341847,2
12349381,12349382,1791341847,1791341849,2
12349382,12349383,1791341849,1791341851,2
12349383,12349384,1791341851,1791341853,2
12349384,12349385,1791341853,1791341855,2
12349385,12349386,1791341855,1791341857,2
12349386,12349387,1791341857,1791341859,2
12349387,12349388,1791341859,1791341861,2
12349388,12349389,1791341861,1791341863,2
12349389,12349390,1791341863,1791341865,2
12349390,12349391,1791341865,1791341867,2
12349391,12349392,1791341867,1791341869,2
12349392,12349393,1791341869,1791341871,2
12349393,12349394,1791341871,1791341873,2
12349394,12349395,1791341873,1791341875,2
12349395,12349396,1791341875,1791341877,2
12349396,12349397,1791341877,1791341879,2
12349397,12349398,1791341879,1791341881,2
12349398,12349399,1791341881,1791341883,2
12349399,12349400,1791341883,1791341885,2
12349400,12349401,1791341885,1791341887,2
12349401,12349402,1791341887,1791341889,2
12349402,12349403,1791341889,1791341891,2
12349403,12349404,1791341891,1791341893,2
12349404,12349405,1791341893,1791341895,2
12349405,12349406,1791341895,1791341897,2
12349406,12349407,1791341897,1791341899,2
12349407,12349408,1791341899,1791341901,2
12349408,12349409,1791341901,1791341903,2
12349409,12349410,1791341903,1791341905,2
12349410,12349411,1791341905,1791341907,2
12349411,12349412,1791341907,1791341909,2
12349412,12349413,1791341909,1791341911,2
12349413,12349414,1791341911,1791341913,2
12349414,12349415,1791341913,1791341915,2
12349415,12349416,1791341915,1791341917,2
12349416,12349417,1791341917,1791341919,2
12349417,12349418,1791341919,1791341921,2
12349418,12349419,1791341921,1791341923,2
12349419,12349420,1791341923,1791341925,2
12349420,12349421,1791341925,1791341927,2
12349421,12349422,1791341927,1791341929,2
12349422,12349423,1791341929,1791341931,2
12349423,12349424,1791341931,1791341933,2
12349424,12349425,1791341933,1791341935,2
12349425,12349426,1791341935,1791341937,2
12349426,12349427,1791341937,1791341939,2
12349427,12349428,1791341939,1791341941,2
12349428,12349429,1791341941,1791341943,2
12349429,12349430,1791341943,1791341945,2
12349430,12349431,1791341945,1791341947,2
12349431,12349432,1791341947,1791341949,2
12349432,12349433,1791341949,1791341951,2
12349433,12349434,1791341951,1791341953,2
12349434,12349435,1791341953,1791341955,2
12349435,12349436,1791341955,1791341957,2
12349436,12349437,1791341957,1791341959,2
12349437,12349438,1791341959,1791341961,2
12349438,12349439,1791341961,1791341963,2
12349439,12349440,1791341963,1791341965,2
12349440,12349441,1791341965,1791341967,2
12349441,12349442,1791341967,1791341969,2
12349442,12349443,1791341969,1791341971,2
12349443,12349444,1791341971,1791341973,2
12349444,12349445,1791341973,1791341975,2
12349445,12349446,1791341975,1791341977,2
12349446,12349447,1791341977,1791341979,2
12349447,12349448,1791341979,1791341981,2
12349448,12349449,1791341981,1791341983,2
12349449,12349450,1791341983,1791341985,2
12349450,12349451,1791341985,1791341987,2
12349451,12349452,1791341987,1791341989,2
12349452,12349453,1791341989,1791341991,2
12349453,12349454,1791341991,1791341993,2
12349454,12349455,1791341993,1791341995,2
12349455,12349456,1791341995,1791341997,2
12349456,12349457,1791341997,1791341999,2
12349457,12349458,1791341999,1791342001,2
12349458,12349459,1791342001,1791342003,2
12349459,12349460,1791342003,1791342005,2
12349460,12349461,1791342005,1791342007,2
12349461,12349462,1791342007,1791342009,2
12349462,12349463,1791342009,1791342011,2
12349463,12349464,1791342011,1791342013,2
12349464,12349465,1791342013,1791342015,2
12349465,12349466,1791342015,1791342017,2
12349466,12349467,1791342017,1791342019,2
12349467,12349468,1791342019,1791342021,2
12349468,12349469,1791342021,1791342023,2
12349469,12349470,1791342023,1791342025,2
12349470,12349471,1791342025,1791342027,2
12349471,12349472,1791342027,1791342029,2
12349472,12349473,1791342029,1791342031,2
12349473,12349474,1791342031,1791342033,2
12349474,12349475,1791342033,1791342035,2
12349475,12349476,1791342035,1791342037,2
12349476,12349477,1791342037,1791342039,2
12349477,12349478,1791342039,1791342041,2
12349478,12349479,1791342041,1791342043,2
12349479,12349480,1791342043,1791342045,2
12349480,12349481,1791342045,1791342047,2
12349481,12349482,1791342047,1791342049,2
12349482,12349483,1791342049,1791342051,2
12349483,12349484,1791342051,1791342053,2
12349484,12349485,1791342053,1791342055,2
12349485,12349486,1791342055,1791342057,2
12349486,12349487,1791342057,1791342059,2
12349487,12349488,1791342059,1791342061,2
12349488,12349489,1791342061,1791342063,2
12349489,12349490,1791342063,1791342065,2
12349490,12349491,1791342065,1791342067,2
12349491,12349492,1791342067,1791342069,2
12349492,12349493,1791342069,1791342071,2
12349493,12349494,1791342071,1791342073,2
12349494,12349495,1791342073,1791342075,2
12349495,12349496,1791342075,1791342077,2
12349496,12349497,1791342077,1791342079,2
12349497,12349498,1791342079,1791342081,2
12349498,12349499,1791342081,1791342083,2
12349499,12349500,1791342083,1791342085,2
12349500,12349501,1791342085,1791342087,2
12349501,12349502,1791342087,1791342089,2
12349502,12349503,1791342089,1791342091,2
12349503,12349504,1791342091,1791342093,2
12349504,12349505,1791342093,1791342095,2
12349505,12349506,1791342095,1791342097,2
12349506,12349507,1791342097,1791342099,2
12349507,12349508,1791342099,1791342101,2
12349508,12349509,1791342101,1791342103,2
12349509,12349510,1791342103,1791342105,2
12349510,12349511,1791342105,1791342107,2
12349511,12349512,1791342107,1791342109,2
12349512,12349513,1791342109,1791342111,2
12349513,12349514,1791342111,1791342113,2
12349514,12349515,1791342113,1791342115,2
12349515,12349516,1791342115,1791342117,2
12349516,12349517,1791342117,1791342119,2
12349517,12349518,1791342119,1791342121,2
12349518,12349519,1791342121,1791342123,2
12349519,12349520,1791342123,1791342125,2
12349520,12349521,1791342125,1791342127,2
12349521,12349522,1791342127,1791342129,2
12349522,12349523,1791342129,1791342131,2
12349523,12349524,1791342131,1791342133,2
12349524,12349525,1791342133,1791342135,2
12349525,12349526,1791342135,1791342137,2
12349526,12349527,1791342137,1791342139,2
12349527,12349528,1791342139,1791342141,2
12349528,12349529,1791342141,1791342143,2
12349529,12349530,1791342143,1791342145,2
12349530,12349531,1791342145,1791342147,2
12349531,12349532,1791342147,1791342149,2
12349532,12349533,1791342149,1791342151,2
12349533,12349534,1791342151,1791342153,2
12349534,12349535,1791342153,1791342155,2
12349535,12349536,1791342155,1791342157,2
12349536,12349537,1791342157,1791342159,2
12349537,12349538,1791342159,1791342161,2
12349538,12349539,1791342161,1791342163,2
12349539,12349540,1791342163,1791342165,2
12349540,12349541,1791342165,1791342167,2
12349541,12349542,1791342167,1791342169,2
12349542,12349543,1791342169,1791342171,2
12349543,12349544,1791342171,1791342173,2
12349544,12349545,1791342173,1791342175,2
12349545,12349546,1791342175,1791342177,2
12349546,12349547,1791342177,1791342179,2
12349547,12349548,1791342179,1791342181,2
12349548,12349549,1791342181,1791342183,2
12349549,12349550,1791342183,1791342185,2
12349550,12349551,1791342185,1791342187,2
12349551,12349552,1791342187,1791342189,2
12349552,12349553,1791342189,1791342191,2
12349553,12349554,1791342191,1791342193,2
12349554,12349555,1791342193,1791342195,2
12349555,12349556,1791342195,1791342197,2
12349556,12349557,1791342197,1791342199,2
12349557,12349558,1791342199,1791342201,2
12349558,12349559,1791342201,1791342203,2
12349559,12349560,1791342203,1791342205,2
12349560,12349561,1791342205,1791342207,2
12349561,12349562,1791342207,1791342209,2
12349562,12349563,1791342209,1791342211,2
12349563,12349564,1791342211,1791342213,2
12349564,12349565,1791342213,1791342215,2
12349565,12349566,1791342215,1791342217,2
12349566,12349567,1791342217,1791342219,2
12349567,12349568,1791342219,1791342221,2
12349568,12349569,1791342221,1791342223,2
12349569,12349570,1791342223,1791342225,2
12349570,12349571,1791342225,1791342227,2
12349571,12349572,1791342227,1791342229,2
12349572,12349573,1791342229,1791342231,2
12349573,12349574,1791342231,1791342233,2
12349574,12349575,1791342233,1791342235,2
12349575,12349576,1791342235,1791342237,2
12349576,12349577,1791342237,1791342239,2
12349577,12349578,1791342239,1791342241,2
12349578,12349579,1791342241,1791342243,2
12349579,12349580,1791342243,1791342245,2
12349580,12349581,1791342245,1791342247,2
12349581,12349582,1791342247,1791342249,2
12349582,12349583,1791342249,1791342251,2
12349583,12349584,1791342251,1791342253,2
12349584,12349585,1791342253,1791342255,2
12349585,12349586,1791342255,1791342257,2
12349586,12349587,1791342257,1791342259,2
12349587,12349588,1791342259,1791342261,2
12349588,12349589,1791342261,1791342263,2
12349589,12349590,1791342263,1791342265,2
12349590,12349591,1791342265,1791342267,2
12349591,12349592,1791342267,1791342269,2
12349592,12349593,1791342269,1791342271,2
12349593,12349594,1791342271,1791342273,2
12349594,12349595,1791342273,1791342275,2
12349595,12349596,1791342275,1791342277,2
12349596,12349597,1791342277,1791342279,2
12349597,12349598,1791342279,1791342281,2
12349598,12349599,1791342281,1791342283,2
12349599,12349600,1791342283,1791342285,2
12349600,12349601,1791342285,1791342287,2
12349601,12349602,1791342287,1791342289,2
12349602,12349603,1791342289,1791342291,2
12349603,12349604,1791342291,1791342293,2
12349604,12349605,1791342293,1791342295,2
12349605,12349606,1791342295,1791342297,2
12349606,12349607,1791342297,1791342299,2
12349607,12349608,1791342299,1791342301,2
12349608,12349609,1791342301,1791342303,2
12349609,12349610,1791342303,1791342305,2
12349610,12349611,1791342305,1791342307,2
12349611,12349612,1791342307,1791342309,2
12349612,12349613,1791342309,1791342311,2
12349613,12349614,1791342311,1791342313,2
12349614,12349615,1791342313,1791342315,2
12349615,12349616,1791342315,1791342317,2
12349616,12349617,1791342317,1791342319,2
12349617,12349618,1791342319,1791342321,2
12349618,12349619,1791342321,1791342323,2
12349619,12349620,1791342323,1791342325,2
12349620,12349621,1791342325,1791342327,2
12349621,12349622,1791342327,1791342329,2
12349622,12349623,1791342329,1791342331,2
12349623,12349624,1791342331,1791342333,2
12349624,12349625,1791342333,1791342335,2
12349625,12349626,1791342335,1791342337,2
12349626,12349627,1791342337,1791342339,2
12349627,12349628,1791342339,1791342341,2
12349628,12349629,1791342341,1791342343,2
12349629,12349630,1791342343,1791342345,2
12349630,12349631,1791342345,1791342347,2
12349631,12349632,1791342347,1791342349,2
12349632,12349633,1791342349,1791342351,2
12349633,12349634,1791342351,1791342353,2
12349634,12349635,1791342353,1791342355,2
12349635,12349636,1791342355,1791342357,2
12349636,12349637,1791342357,1791342359,2
12349637,12349638,1791342359,1791342361,2
12349638,12349639,1791342361,1791342363,2
12349639,12349640,1791342363,1791342365,2
12349640,12349641,1791342365,1791342367,2
12349641,12349642,1791342367,1791342369,2
12349642,12349643,1791342369,1791342371,2
12349643,12349644,1791342371,1791342373,2
12349644,12349645,1791342373,1791342375,2
12349645,12349646,1791342375,1791342377,2
12349646,12349647,1791342377,1791342379,2
12349647,12349648,1791342379,1791342381,2
12349648,12349649,1791342381,1791342383,2
12349649,12349650,1791342383,1791342385,2
12349650,12349651,1791342385,1791342387,2
12349651,12349652,1791342387,1791342389,2
12349652,12349653,1791342389,1791342391,2
12349653,12349654,1791342391,1791342393,2
12349654,12349655,1791342393,1791342395,2
12349655,12349656,1791342395,1791342397,2
12349656,12349657,1791342397,1791342399,2
12349657,12349658,1791342399,1791342401,2
12349658,12349659,1791342401,1791342403,2
12349659,12349660,1791342403,1791342405,2
12349660,12349661,1791342405,1791342407,2
12349661,12349662,1791342407,1791342409,2
12349662,12349663,1791342409,1791342411,2
12349663,12349664,1791342411,1791342413,2
12349664,12349665,1791342413,1791342415,2
12349665,12349666,1791342415,1791342417,2
12349666,12349667,1791342417,1791342419,2
12349667,12349668,1791342419,1791342421,2
12349668,12349669,1791342421,1791342423,2
12349669,12349670,1791342423,1791342425,2
12349670,12349671,1791342425,1791342427,2
12349671,12349672,1791342427,1791342429,2
12349672,12349673,1791342429,1791342431,2
12349673,12349674,1791342431,1791342433,2
12349674,12349675,1791342433,1791342435,2
12349675,12349676,1791342435,1791342437,2
12349676,12349677,1791342437,1791342439,2
12349677,12349678,1791342439,1791342441,2
12349678,12349679,1791342441,1791342443,2
12349679,12349680,1791342443,1791342445,2
12349680,12349681,1791342445,1791342447,2
12349681,12349682,1791342447,1791342449,2
12349682,12349683,1791342449,1791342451,2
12349683,12349684,1791342451,1791342453,2
12349684,12349685,1791342453,1791342455,2
12349685,12349686,1791342455,1791342457,2
12349686,12349687,1791342457,1791342459,2
12349687,12349688,1791342459,1791342461,2
12349688,12349689,1791342461,1791342463,2
12349689,12349690,1791342463,1791342465,2
12349690,12349691,1791342465,1791342467,2
12349691,12349692,1791342467,1791342469,2
12349692,12349693,1791342469,1791342471,2
12349693,12349694,1791342471,1791342473,2
12349694,12349695,1791342473,1791342475,2
12349695,12349696,1791342475,1791342477,2
12349696,12349697,1791342477,1791342479,2
12349697,12349698,1791342479,1791342481,2
12349698,12349699,1791342481,1791342483,2
12349699,12349700,1791342483,1791342485,2
12349700,12349701,1791342485,1791342487,2
12349701,12349702,1791342487,1791342489,2
12349702,12349703,1791342489,1791342491,2
12349703,12349704,1791342491,1791342493,2
12349704,12349705,1791342493,1791342495,2
12349705,12349706,1791342495,1791342497,2
12349706,12349707,1791342497,1791342499,2
12349707,12349708,1791342499,1791342501,2
12349708,12349709,1791342501,1791342503,2
12349709,12349710,1791342503,1791342505,2
12349710,12349711,1791342505,1791342507,2
12349711,12349712,1791342507,1791342509,2
12349712,12349713,1791342509,1791342511,2
12349713,12349714,1791342511,1791342513,2
12349714,12349715,1791342513,1791342515,2
12349715,12349716,1791342515,1791342517,2
12349716,12349717,1791342517,1791342519,2
12349717,12349718,1791342519,1791342521,2
12349718,12349719,1791342521,1791342523,2
12349719,12349720,1791342523,1791342525,2
12349720,12349721,1791342525,1791342527,2
12349721,12349722,1791342527,1791342529,2
12349722,12349723,1791342529,1791342531,2
12349723,12349724,1791342531,1791342533,2
12349724,12349725,1791342533,1791342535,2
12349725,12349726,1791342535,1791342537,2
12349726,12349727,1791342537,1791342539,2
12349727,12349728,1791342539,1791342541,2
12349728,12349729,1791342541,1791342543,2
12349729,12349730,1791342543,1791342545,2
12349730,12349731,1791342545,1791342547,2
12349731,12349732,1791342547,1791342549,2
12349732,12349733,1791342549,1791342551,2
12349733,12349734,1791342551,1791342553,2
12349734,12349735,1791342553,1791342555,2
12349735,12349736,1791342555,1791342557,2
12349736,12349737,1791342557,1791342559,2
12349737,12349738,1791342559,1791342561,2
12349738,12349739,1791342561,1791342563,2
12349739,12349740,1791342563,1791342565,2
12349740,12349741,1791342565,1791342567,2
12349741,12349742,1791342567,1791342569,2
12349742,12349743,1791342569,1791342571,2
12349743,12349744,1791342571,1791342573,2
12349744,12349745,1791342573,1791342575,2
12349745,12349746,1791342575,1791342577,2
12349746,12349747,1791342577,1791342579,2
12349747,12349748,1791342579,1791342581,2
12349748,12349749,1791342581,1791342583,2
12349749,12349750,1791342583,1791342585,2
12349750,12349751,1791342585,1791342587,2
12349751,12349752,1791342587,1791342589,2
12349752,12349753,1791342589,1791342591,2
12349753,12349754,1791342591,1791342593,2
12349754,12349755,1791342593,1791342595,2
12349755,12349756,1791342595,1791342597,2
12349756,12349757,1791342597,1791342599,2
12349757,12349758,1791342599,1791342601,2
12349758,12349759,1791342601,1791342603,2
12349759,12349760,1791342603,1791342605,2
12349760,12349761,1791342605,1791342607,2
12349761,12349762,1791342607,1791342609,2
12349762,12349763,1791342609,1791342611,2
12349763,12349764,1791342611,1791342613,2
12349764,12349765,1791342613,1791342615,2
12349765,12349766,1791342615,1791342617,2
12349766,12349767,1791342617,1791342619,2
12349767,12349768,1791342619,1791342621,2
12349768,12349769,1791342621,1791342623,2
12349769,12349770,1791342623,1791342625,2
12349770,12349771,1791342625,1791342627,2
12349771,12349772,1791342627,1791342629,2
12349772,12349773,1791342629,1791342631,2
12349773,12349774,1791342631,1791342633,2
12349774,12349775,1791342633,1791342635,2
12349775,12349776,1791342635,1791342637,2
12349776,12349777,1791342637,1791342639,2
12349777,12349778,1791342639,1791342641,2
12349778,12349779,1791342641,1791342643,2
12349779,12349780,1791342643,1791342645,2
12349780,12349781,1791342645,1791342647,2
12349781,12349782,1791342647,1791342649,2
12349782,12349783,1791342649,1791342651,2
12349783,12349784,1791342651,1791342653,2
12349784,12349785,1791342653,1791342655,2
12349785,12349786,1791342655,1791342657,2
12349786,12349787,1791342657,1791342659,2
12349787,12349788,1791342659,1791342661,2
12349788,12349789,1791342661,1791342663,2
12349789,12349790,1791342663,1791342665,2
12349790,12349791,1791342665,1791342667,2
12349791,12349792,1791342667,1791342669,2
12349792,12349793,1791342669,1791342671,2
12349793,12349794,1791342671,1791342673,2
12349794,12349795,1791342673,1791342675,2
12349795,12349796,1791342675,1791342677,2
12349796,12349797,1791342677,1791342679,2
12349797,12349798,1791342679,1791342681,2
12349798,12349799,1791342681,1791342683,2
12349799,12349800,1791342683,1791342685,2
12349800,12349801,1791342685,1791342687,2
12349801,12349802,1791342687,1791342689,2
12349802,12349803,1791342689,1791342691,2
12349803,12349804,1791342691,1791342693,2
12349804,12349805,1791342693,1791342695,2
12349805,12349806,1791342695,1791342697,2
12349806,12349807,1791342697,1791342699,2
12349807,12349808,1791342699,1791342701,2
12349808,12349809,1791342701,1791342703,2
12349809,12349810,1791342703,1791342705,2
12349810,12349811,1791342705,1791342707,2
12349811,12349812,1791342707,1791342709,2
12349812,12349813,1791342709,1791342711,2
12349813,12349814,1791342711,1791342713,2
12349814,12349815,1791342713,1791342715,2
12349815,12349816,1791342715,1791342717,2
12349816,12349817,1791342717,1791342719,2
12349817,12349818,1791342719,1791342721,2
12349818,12349819,1791342721,1791342723,2
12349819,12349820,1791342723,1791342725,2
12349820,12349821,1791342725,1791342727,2
12349821,12349822,1791342727,1791342729,2
12349822,12349823,1791342729,1791342731,2
12349823,12349824,1791342731,1791342733,2
12349824,12349825,1791342733,1791342735,2
12349825,12349826,1791342735,1791342737,2
12349826,12349827,1791342737,1791342739,2
12349827,12349828,1791342739,1791342741,2
12349828,12349829,1791342741,1791342743,2
12349829,12349830,1791342743,1791342745,2
12349830,12349831,1791342745,1791342747,2
12349831,12349832,1791342747,1791342749,2
12349832,12349833,1791342749,1791342751,2
12349833,12349834,1791342751,1791342753,2
12349834,12349835,1791342753,1791342755,2
12349835,12349836,1791342755,1791342757,2
12349836,12349837,1791342757,1791342759,2
12349837,12349838,1791342759,1791342761,2
12349838,12349839,1791342761,1791342763,2
12349839,12349840,1791342763,1791342765,2
12349840,12349841,1791342765,1791342767,2
12349841,12349842,1791342767,1791342769,2
12349842,12349843,1791342769,1791342771,2
12349843,12349844,1791342771,1791342773,2
12349844,12349845,1791342773,1791342775,2
12349845,12349846,1791342775,1791342777,2
12349846,12349847,1791342777,1791342779,2
12349847,12349848,1791342779,1791342781,2
12349848,12349849,1791342781,1791342783,2
12349849,12349850,1791342783,1791342785,2
12349850,12349851,1791342785,1791342787,2
12349851,12349852,1791342787,1791342789,2
12349852,12349853,1791342789,1791342791,2
12349853,12349854,1791342791,1791342793,2
12349854,12349855,1791342793,1791342795,2
12349855,12349856,1791342795,1791342797,2
12349856,12349857,1791342797,1791342799,2
12349857,12349858,1791342799,1791342801,2
12349858,12349859,1791342801,1791342803,2
12349859,12349860,1791342803,1791342805,2
12349860,12349861,1791342805,1791342807,2
12349861,12349862,1791342807,1791342809,2
12349862,12349863,1791342809,1791342811,2
12349863,12349864,1791342811,1791342813,2
12349864,12349865,1791342813,1791342815,2
12349865,12349866,1791342815,1791342817,2
12349866,12349867,1791342817,1791342819,2
12349867,12349868,1791342819,1791342821,2
12349868,12349869,1791342821,1791342823,2
12349869,12349870,1791342823,1791342825,2
12349870,12349871,1791342825,1791342827,2
12349871,12349872,1791342827,1791342829,2
12349872,12349873,1791342829,1791342831,2
12349873,12349874,1791342831,1791342833,2
12349874,12349875,1791342833,1791342835,2
12349875,12349876,1791342835,1791342837,2
12349876,12349877,1791342837,1791342839,2
12349877,12349878,1791342839,1791342841,2
12349878,12349879,1791342841,1791342843,2
12349879,12349880,1791342843,1791342845,2
12349880,12349881,1791342845,1791342847,2
12349881,12349882,1791342847,1791342849,2
12349882,12349883,1791342849,1791342851,2
12349883,12349884,1791342851,1791342853,2
12349884,12349885,1791342853,1791342855,2
12349885,12349886,1791342855,1791342857,2
12349886,12349887,1791342857,1791342859,2
12349887,12349888,1791342859,1791342861,2
12349888,12349889,1791342861,1791342863,2
12349889,12349890,1791342863,1791342865,2
12349890,12349891,1791342865,1791342867,2
12349891,12349892,1791342867,1791342869,2
12349892,12349893,1791342869,1791342871,2
12349893,12349894,1791342871,1791342873,2
12349894,12349895,1791342873,1791342875,2
12349895,12349896,1791342875,1791342877,2
12349896,12349897,1791342877,1791342879,2
12349897,12349898,1791342879,1791342881,2
12349898,12349899,1791342881,1791342883,2
12349899,12349900,1791342883,1791342885,2
12349900,12349901,1791342885,1791342887,2
12349901,12349902,1791342887,1791342889,2
12349902,12349903,1791342889,1791342891,2
12349903,12349904,1791342891,1791342893,2
12349904,12349905,1791342893,1791342895,2
12349905,12349906,1791342895,1791342897,2
12349906,12349907,1791342897,1791342899,2
12349907,12349908,1791342899,1791342901,2
12349908,12349909,1791342901,1791342903,2
12349909,12349910,1791342903,1791342905,2
12349910,12349911,1791342905,1791342907,2
12349911,12349912,1791342907,1791342909,2
12349912,12349913,1791342909,1791342911,2
12349913,12349914,1791342911,1791342913,2
12349914,12349915,1791342913,1791342915,2
12349915,12349916,1791342915,1791342917,2
12349916,12349917,1791342917,1791342919,2
12349917,12349918,1791342919,1791342921,2
12349918,12349919,1791342921,1791342923,2
12349919,12349920,1791342923,1791342925,2
12349920,12349921,1791342925,1791342927,2
12349921,12349922,1791342927,1791342929,2
12349922,12349923,1791342929,1791342931,2
12349923,12349924,1791342931,1791342933,2
12349924,12349925,1791342933,1791342935,2
12349925,12349926,1791342935,1791342937,2
12349926,12349927,1791342937,1791342939,2
12349927,12349928,1791342939,1791342941,2
12349928,12349929,1791342941,1791342943,2
12349929,12349930,1791342943,1791342945,2
12349930,12349931,1791342945,1791342947,2
12349931,12349932,1791342947,1791342949,2
12349932,12349933,1791342949,1791342951,2
12349933,12349934,1791342951,1791342953,2
12349934,12349935,1791342953,1791342955,2
12349935,12349936,1791342955,1791342957,2
12349936,12349937,1791342957,1791342959,2
12349937,12349938,1791342959,1791342961,2
12349938,12349939,1791342961,1791342963,2
12349939,12349940,1791342963,1791342965,2
12349940,12349941,1791342965,1791342967,2
12349941,12349942,1791342967,1791342969,2
12349942,12349943,1791342969,1791342971,2
12349943,12349944,1791342971,1791342973,2
12349944,12349945,1791342973,1791342975,2
12349945,12349946,1791342975,1791342977,2
12349946,12349947,1791342977,1791342979,2
12349947,12349948,1791342979,1791342981,2
12349948,12349949,1791342981,1791342983,2
12349949,12349950,1791342983,1791342985,2
12349950,12349951,1791342985,1791342987,2
12349951,12349952,1791342987,1791342989,2
12349952,12349953,1791342989,1791342991,2
12349953,12349954,1791342991,1791342993,2
12349954,12349955,1791342993,1791342995,2
12349955,12349956,1791342995,1791342997,2
12349956,12349957,1791342997,1791342999,2
12349957,12349958,1791342999,1791343001,2
12349958,12349959,1791343001,1791343003,2
12349959,12349960,1791343003,1791343005,2
12349960,12349961,1791343005,1791343007,2
12349961,12349962,1791343007,1791343009,2
12349962,12349963,1791343009,1791343011,2
12349963,12349964,1791343011,1791343013,2
12349964,12349965,1791343013,1791343015,2
12349965,12349966,1791343015,1791343017,2
12349966,12349967,1791343017,1791343019,2
12349967,12349968,1791343019,1791343021,2
12349968,12349969,1791343021,1791343023,2
12349969,12349970,1791343023,1791343025,2
12349970,12349971,1791343025,1791343027,2
12349971,12349972,1791343027,1791343029,2
12349972,12349973,1791343029,1791343031,2
12349973,12349974,1791343031,1791343033,2
12349974,12349975,1791343033,1791343035,2
12349975,12349976,1791343035,1791343037,2
12349976,12349977,1791343037,1791343039,2
12349977,12349978,1791343039,1791343041,2
12349978,12349979,1791343041,1791343043,2
12349979,12349980,1791343043,1791343045,2
12349980,12349981,1791343045,1791343047,2
12349981,12349982,1791343047,1791343049,2
12349982,12349983,1791343049,1791343051,2
12349983,12349984,1791343051,1791343053,2
12349984,12349985,1791343053,1791343055,2
12349985,12349986,1791343055,1791343057,2
12349986,12349987,1791343057,1791343059,2
12349987,12349988,1791343059,1791343061,2
12349988,12349989,1791343061,1791343063,2
12349989,12349990,1791343063,1791343065,2
12349990,12349991,1791343065,1791343067,2
12349991,12349992,1791343067,1791343069,2
12349992,12349993,1791343069,1791343071,2
12349993,12349994,1791343071,1791343073,2
12349994,12349995,1791343073,1791343075,2
12349995,12349996,1791343075,1791343077,2
12349996,12349997,1791343077,1791343079,2
12349997,12349998,1791343079,1791343081,2
12349998,12349999,1791343081,1791343083,2
12349999,12350000,1791343083,1791343085,2
12350000,12350001,1791343085,1791343087,2
12350001,12350002,1791343087,1791343089,2
12350002,12350003,1791343089,1791343091,2
12350003,12350004,1791343091,1791343093,2
12350004,12350005,1791343093,1791343095,2
12350005,12350006,1791343095,1791343097,2
12350006,12350007,1791343097,1791343099,2
12350007,12350008,1791343099,1791343101,2
12350008,12350009,1791343101,1791343103,2
12350009,12350010,1791343103,1791343105,2
12350010,12350011,1791343105,1791343107,2
12350011,12350012,1791343107,1791343109,2
12350012,12350013,1791343109,1791343111,2
12350013,12350014,1791343111,1791343113,2
12350014,12350015,1791343113,1791343115,2
12350015,12350016,1791343115,1791343117,2
12350016,12350017,1791343117,1791343119,2
12350017,12350018,1791343119,1791343121,2
12350018,12350019,1791343121,1791343123,2
12350019,12350020,1791343123,1791343125,2
12350020,12350021,1791343125,1791343127,2
12350021,12350022,1791343127,1791343129,2
12350022,12350023,1791343129,1791343131,2
12350023,12350024,1791343131,1791343133,2
12350024,12350025,1791343133,1791343135,2
12350025,12350026,1791343135,1791343137,2
12350026,12350027,1791343137,1791343139,2
12350027,12350028,1791343139,1791343141,2
12350028,12350029,1791343141,1791343143,2
12350029,12350030,1791343143,1791343145,2
12350030,12350031,1791343145,1791343147,2
12350031,12350032,1791343147,1791343149,2
12350032,12350033,1791343149,1791343151,2
12350033,12350034,1791343151,1791343153,2
12350034,12350035,1791343153,1791343155,2
12350035,12350036,1791343155,1791343157,2
12350036,12350037,1791343157,1791343159,2
12350037,12350038,1791343159,1791343161,2
12350038,12350039,1791343161,1791343163,2
12350039,12350040,1791343163,1791343165,2
12350040,12350041,1791343165,1791343167,2
12350041,12350042,1791343167,1791343169,2
12350042,12350043,1791343169,1791343171,2
12350043,12350044,1791343171,1791343173,2
12350044,12350045,1791343173,1791343175,2
12350045,12350046,1791343175,1791343177,2
12350046,12350047,1791343177,1791343179,2
12350047,12350048,1791343179,1791343181,2
12350048,12350049,1791343181,1791343183,2
12350049,12350050,1791343183,1791343185,2
12350050,12350051,1791343185,1791343187,2
12350051,12350052,1791343187,1791343189,2
12350052,12350053,1791343189,1791343191,2
12350053,12350054,1791343191,1791343193,2
12350054,12350055,1791343193,1791343195,2
12350055,12350056,1791343195,1791343197,2
12350056,12350057,1791343197,1791343199,2
12350057,12350058,1791343199,1791343201,2
12350058,12350059,1791343201,1791343203,2
12350059,12350060,1791343203,1791343205,2
12350060,12350061,1791343205,1791343207,2
12350061,12350062,1791343207,1791343209,2
12350062,12350063,1791343209,1791343211,2
12350063,12350064,1791343211,1791343213,2
12350064,12350065,1791343213,1791343215,2
12350065,12350066,1791343215,1791343217,2
12350066,12350067,1791343217,1791343219,2
12350067,12350068,1791343219,1791343221,2
12350068,12350069,1791343221,1791343223,2
12350069,12350070,1791343223,1791343225,2
12350070,12350071,1791343225,1791343227,2
12350071,12350072,1791343227,1791343229,2
12350072,12350073,1791343229,1791343231,2
12350073,12350074,1791343231,1791343233,2
12350074,12350075,1791343233,1791343235,2
12350075,12350076,1791343235,1791343237,2
12350076,12350077,1791343237,1791343239,2
12350077,12350078,1791343239,1791343241,2
12350078,12350079,1791343241,1791343243,2
12350079,12350080,1791343243,1791343245,2
12350080,12350081,1791343245,1791343247,2
12350081,12350082,1791343247,1791343249,2
12350082,12350083,1791343249,1791343251,2
12350083,12350084,1791343251,1791343253,2
12350084,12350085,1791343253,1791343255,2
12350085,12350086,1791343255,1791343257,2
12350086,12350087,1791343257,1791343259,2
12350087,12350088,1791343259,1791343261,2
12350088,12350089,1791343261,1791343263,2
12350089,12350090,1791343263,1791343265,2
12350090,12350091,1791343265,1791343267,2
12350091,12350092,1791343267,1791343269,2
12350092,12350093,1791343269,1791343271,2
12350093,12350094,1791343271,1791343273,2
12350094,12350095,1791343273,1791343275,2
12350095,12350096,1791343275,1791343277,2
12350096,12350097,1791343277,1791343279,2
12350097,12350098,1791343279,1791343281,2
12350098,12350099,1791343281,1791343283,2
12350099,12350100,1791343283,1791343285,2
12350100,12350101,1791343285,1791343287,2
12350101,12350102,1791343287,1791343289,2
12350102,12350103,1791343289,1791343291,2
12350103,12350104,1791343291,1791343293,2
12350104,12350105,1791343293,1791343295,2
12350105,12350106,1791343295,1791343297,2
12350106,12350107,1791343297,1791343299,2
12350107,12350108,1791343299,1791343301,2
12350108,12350109,1791343301,1791343303,2
12350109,12350110,1791343303,1791343305,2
12350110,12350111,1791343305,1791343307,2
12350111,12350112,1791343307,1791343309,2
12350112,12350113,1791343309,1791343311,2
12350113,12350114,1791343311,1791343313,2
12350114,12350115,1791343313,1791343315,2
12350115,12350116,1791343315,1791343317,2
12350116,12350117,1791343317,1791343319,2
12350117,12350118,1791343319,1791343321,2
12350118,12350119,1791343321,1791343323,2
12350119,12350120,1791343323,1791343325,2
12350120,12350121,1791343325,1791343327,2
12350121,12350122,1791343327,1791343329,2
12350122,12350123,1791343329,1791343331,2
12350123,12350124,1791343331,1791343333,2
12350124,12350125,1791343333,1791343335,2
12350125,12350126,1791343335,1791343337,2
12350126,12350127,1791343337,1791343339,2
12350127,12350128,1791343339,1791343341,2
12350128,12350129,1791343341,1791343343,2
12350129,12350130,1791343343,1791343345,2
12350130,12350131,1791343345,1791343347,2
12350131,12350132,1791343347,1791343349,2
12350132,12350133,1791343349,1791343351,2
12350133,12350134,1791343351,1791343353,2
12350134,12350135,1791343353,1791343355,2
12350135,12350136,1791343355,1791343357,2
12350136,12350137,1791343357,1791343359,2
12350137,12350138,1791343359,1791343361,2
12350138,12350139,1791343361,1791343363,2
12350139,12350140,1791343363,1791343365,2
12350140,12350141,1791343365,1791343367,2
12350141,12350142,1791343367,1791343369,2
12350142,12350143,1791343369,1791343371,2
12350143,12350144,1791343371,1791343373,2
12350144,12350145,1791343373,1791343375,2
12350145,12350146,1791343375,1791343377,2
12350146,12350147,1791343377,1791343379,2
12350147,12350148,1791343379,1791343381,2
12350148,12350149,1791343381,1791343383,2
12350149,12350150,1791343383,1791343385,2
12350150,12350151,1791343385,1791343387,2
12350151,12350152,1791343387,1791343389,2
12350152,12350153,1791343389,1791343391,2
12350153,12350154,1791343391,1791343393,2
12350154,12350155,1791343393,1791343395,2
12350155,12350156,1791343395,1791343397,2
12350156,12350157,1791343397,1791343399,2
12350157,12350158,1791343399,1791343401,2
12350158,12350159,1791343401,1791343403,2
12350159,12350160,1791343403,1791343405,2
12350160,12350161,1791343405,1791343407,2
12350161,12350162,1791343407,1791343409,2
12350162,12350163,1791343409,1791343411,2
12350163,12350164,1791343411,1791343413,2
12350164,12350165,1791343413,1791343415,2
12350165,12350166,1791343415,1791343417,2
12350166,12350167,1791343417,1791343419,2
12350167,12350168,1791343419,1791343421,2
12350168,12350169,1791343421,1791343423,2
12350169,12350170,1791343423,1791343425,2
12350170,12350171,1791343425,1791343427,2
12350171,12350172,1791343427,1791343429,2
12350172,12350173,1791343429,1791343431,2
12350173,12350174,1791343431,1791343433,2
12350174,12350175,1791343433,1791343435,2
12350175,12350176,1791343435,1791343437,2
12350176,12350177,1791343437,1791343439,2
12350177,12350178,1791343439,1791343441,2
12350178,12350179,1791343441,1791343443,2
12350179,12350180,1791343443,1791343445,2
12350180,12350181,1791343445,1791343447,2
12350181,12350182,1791343447,1791343449,2
12350182,12350183,1791343449,1791343451,2
12350183,12350184,1791343451,1791343453,2
12350184,12350185,1791343453,1791343455,2
12350185,12350186,1791343455,1791343457,2
12350186,12350187,1791343457,1791343459,2
12350187,12350188,1791343459,1791343461,2
12350188,12350189,1791343461,1791343463,2
12350189,12350190,1791343463,1791343465,2
12350190,12350191,1791343465,1791343467,2
12350191,12350192,1791343467,1791343469,2
12350192,12350193,1791343469,1791343471,2
12350193,12350194,1791343471,1791343473,2
12350194,12350195,1791343473,1791343475,2
12350195,12350196,1791343475,1791343477,2
12350196,12350197,1791343477,1791343479,2
12350197,12350198,1791343479,1791343481,2
12350198,12350199,1791343481,1791343483,2
12350199,12350200,1791343483,1791343485,2
12350200,12350201,1791343485,1791343487,2
12350201,12350202,1791343487,1791343489,2
12350202,12350203,1791343489,1791343491,2
12350203,12350204,1791343491,1791343493,2
12350204,12350205,1791343493,1791343495,2
12350205,12350206,1791343495,1791343497,2
12350206,12350207,1791343497,1791343499,2
12350207,12350208,1791343499,1791343501,2
12350208,12350209,1791343501,1791343503,2
12350209,12350210,1791343503,1791343505,2
12350210,12350211,1791343505,1791343507,2
12350211,12350212,1791343507,1791343509,2
12350212,12350213,1791343509,1791343511,2
12350213,12350214,1791343511,1791343513,2
12350214,12350215,1791343513,1791343515,2
12350215,12350216,1791343515,1791343517,2
12350216,12350217,1791343517,1791343519,2
12350217,12350218,1791343519,1791343521,2
12350218,12350219,1791343521,1791343523,2
12350219,12350220,1791343523,1791343525,2
12350220,12350221,1791343525,1791343527,2
12350221,12350222,1791343527,1791343529,2
12350222,12350223,1791343529,1791343531,2
12350223,12350224,1791343531,1791343533,2
12350224,12350225,1791343533,1791343535,2
12350225,12350226,1791343535,1791343537,2
12350226,12350227,1791343537,1791343539,2
12350227,12350228,1791343539,1791343541,2
12350228,12350229,1791343541,1791343543,2
12350229,12350230,1791343543,1791343545,2
12350230,12350231,1791343545,1791343547,2
12350231,12350232,1791343547,1791343549,2
12350232,12350233,1791343549,1791343551,2
12350233,12350234,1791343551,1791343553,2
12350234,12350235,1791343553,1791343555,2
12350235,12350236,1791343555,1791343557,2
12350236,12350237,1791343557,1791343559,2
12350237,12350238,1791343559,1791343561,2
12350238,12350239,1791343561,1791343563,2
12350239,12350240,1791343563,1791343565,2
12350240,12350241,1791343565,1791343567,2
12350241,12350242,1791343567,1791343569,2
12350242,12350243,1791343569,1791343571,2
12350243,12350244,1791343571,1791343573,2
12350244,12350245,1791343573,1791343575,2
12350245,12350246,1791343575,1791343577,2
12350246,12350247,1791343577,1791343579,2
12350247,12350248,1791343579,1791343581,2
12350248,12350249,1791343581,1791343583,2
12350249,12350250,1791343583,1791343585,2
12350250,12350251,1791343585,1791343587,2
12350251,12350252,1791343587,1791343589,2
12350252,12350253,1791343589,1791343591,2
12350253,12350254,1791343591,1791343593,2
12350254,12350255,1791343593,1791343595,2
12350255,12350256,1791343595,1791343597,2
12350256,12350257,1791343597,1791343599,2
12350257,12350258,1791343599,1791343601,2
12350258,12350259,1791343601,1791343603,2
12350259,12350260,1791343603,1791343605,2
12350260,12350261,1791343605,1791343607,2
12350261,12350262,1791343607,1791343609,2
12350262,12350263,1791343609,1791343611,2
12350263,12350264,1791343611,1791343613,2
12350264,12350265,1791343613,1791343615,2
12350265,12350266,1791343615,1791343617,2
12350266,12350267,1791343617,1791343619,2
12350267,12350268,1791343619,1791343621,2
12350268,12350269,1791343621,1791343623,2
12350269,12350270,1791343623,1791343625,2
12350270,12350271,1791343625,1791343627,2
12350271,12350272,1791343627,1791343629,2
12350272,12350273,1791343629,1791343631,2
12350273,12350274,1791343631,1791343633,2
12350274,12350275,1791343633,1791343635,2
12350275,12350276,1791343635,1791343637,2
12350276,12350277,1791343637,1791343639,2
12350277,12350278,1791343639,1791343641,2
12350278,12350279,1791343641,1791343643,2
12350279,12350280,1791343643,1791343645,2
12350280,12350281,1791343645,1791343647,2
12350281,12350282,1791343647,1791343649,2
12350282,12350283,1791343649,1791343651,2
12350283,12350284,1791343651,1791343653,2
12350284,12350285,1791343653,1791343655,2
12350285,12350286,1791343655,1791343657,2
12350286,12350287,1791343657,1791343659,2
12350287,12350288,1791343659,1791343661,2
12350288,12350289,1791343661,1791343663,2
12350289,12350290,1791343663,1791343665,2
12350290,12350291,1791343665,1791343667,2
12350291,12350292,1791343667,1791343669,2
12350292,12350293,1791343669,1791343671,2
12350293,12350294,1791343671,1791343673,2
12350294,12350295,1791343673,1791343675,2
12350295,12350296,1791343675,1791343677,2
12350296,12350297,1791343677,1791343679,2
12350297,12350298,1791343679,1791343681,2
12350298,12350299,1791343681,1791343683,2
12350299,12350300,1791343683,1791343685,2
12350300,12350301,1791343685,1791343687,2
12350301,12350302,1791343687,1791343689,2
12350302,12350303,1791343689,1791343691,2
12350303,12350304,1791343691,1791343693,2
12350304,12350305,1791343693,1791343695,2
12350305,12350306,1791343695,1791343697,2
12350306,12350307,1791343697,1791343699,2
12350307,12350308,1791343699,1791343701,2
12350308,12350309,1791343701,1791343703,2
12350309,12350310,1791343703,1791343705,2
12350310,12350311,1791343705,1791343707,2
12350311,12350312,1791343707,1791343709,2
12350312,12350313,1791343709,1791343711,2
12350313,12350314,1791343711,1791343713,2
12350314,12350315,1791343713,1791343715,2
12350315,12350316,1791343715,1791343717,2
12350316,12350317,1791343717,1791343719,2
12350317,12350318,1791343719,1791343721,2
12350318,12350319,1791343721,1791343723,2
12350319,12350320,1791343723,1791343725,2
12350320,12350321,1791343725,1791343727,2
12350321,12350322,1791343727,1791343729,2
12350322,12350323,1791343729,1791343731,2
12350323,12350324,1791343731,1791343733,2
12350324,12350325,1791343733,1791343735,2
12350325,12350326,1791343735,1791343737,2
12350326,12350327,1791343737,1791343739,2
12350327,12350328,1791343739,1791343741,2
12350328,12350329,1791343741,1791343743,2
12350329,12350330,1791343743,1791343745,2
12350330,12350331,1791343745,1791343747,2
12350331,12350332,1791343747,1791343749,2
12350332,12350333,1791343749,1791343751,2
12350333,12350334,1791343751,1791343753,2
12350334,12350335,1791343753,1791343755,2
12350335,12350336,1791343755,1791343757,2
12350336,12350337,1791343757,1791343759,2
12350337,12350338,1791343759,1791343761,2
12350338,12350339,1791343761,1791343763,2
12350339,12350340,1791343763,1791343765,2
12350340,12350341,1791343765,1791343767,2
12350341,12350342,1791343767,1791343769,2
12350342,12350343,1791343769,1791343771,2
12350343,12350344,1791343771,1791343773,2
12350344,12350345,1791343773,1791343775,2
12350345,12350346,1791343775,1791343777,2
12350346,12350347,1791343777,1791343779,2
12350347,12350348,1791343779,1791343781,2
12350348,12350349,1791343781,1791343783,2
12350349,12350350,1791343783,1791343785,2
12350350,12350351,1791343785,1791343787,2
12350351,12350352,1791343787,1791343789,2
12350352,12350353,1791343789,1791343791,2
12350353,12350354,1791343791,1791343793,2
12350354,12350355,1791343793,1791343795,2
12350355,12350356,1791343795,1791343797,2
12350356,12350357,1791343797,1791343799,2
12350357,12350358,1791343799,1791343801,2
12350358,12350359,1791343801,1791343803,2
12350359,12350360,1791343803,1791343805,2
12350360,12350361,1791343805,1791343807,2
12350361,12350362,1791343807,1791343809,2
12350362,12350363,1791343809,1791343811,2
12350363,12350364,1791343811,1791343813,2
12350364,12350365,1791343813,1791343815,2
12350365,12350366,1791343815,1791343817,2
12350366,12350367,1791343817,1791343819,2
12350367,12350368,1791343819,1791343821,2
12350368,12350369,1791343821,1791343823,2
12350369,12350370,1791343823,1791343825,2
12350370,12350371,1791343825,1791343827,2
12350371,12350372,1791343827,1791343829,2
12350372,12350373,1791343829,1791343831,2
12350373,12350374,1791343831,1791343833,2
12350374,12350375,1791343833,1791343835,2
12350375,12350376,1791343835,1791343837,2
12350376,12350377,1791343837,1791343839,2
12350377,12350378,1791343839,1791343841,2
12350378,12350379,1791343841,1791343843,2
12350379,12350380,1791343843,1791343845,2
12350380,12350381,1791343845,1791343847,2
12350381,12350382,1791343847,1791343849,2
12350382,12350383,1791343849,1791343851,2
12350383,12350384,1791343851,1791343853,2
12350384,12350385,1791343853,1791343855,2
12350385,12350386,1791343855,1791343857,2
12350386,12350387,1791343857,1791343859,2
12350387,12350388,1791343859,1791343861,2
12350388,12350389,1791343861,1791343863,2
12350389,12350390,1791343863,1791343865,2
12350390,12350391,1791343865,1791343867,2
12350391,12350392,1791343867,1791343869,2
12350392,12350393,1791343869,1791343871,2
12350393,12350394,1791343871,1791343873,2
12350394,12350395,1791343873,1791343875,2
12350395,12350396,1791343875,1791343877,2
12350396,12350397,1791343877,1791343879,2
12350397,12350398,1791343879,1791343881,2
12350398,12350399,1791343881,1791343883,2
12350399,12350400,1791343883,1791343885,2
12350400,12350401,1791343885,1791343887,2
12350401,12350402,1791343887,1791343889,2
12350402,12350403,1791343889,1791343891,2
12350403,12350404,1791343891,1791343893,2
12350404,12350405,1791343893,1791343895,2
12350405,12350406,1791343895,1791343897,2
12350406,12350407,1791343897,1791343899,2
12350407,12350408,1791343899,1791343901,2
12350408,12350409,1791343901,1791343903,2
12350409,12350410,1791343903,1791343905,2
12350410,12350411,1791343905,1791343907,2
12350411,12350412,1791343907,1791343909,2
12350412,12350413,1791343909,1791343911,2
12350413,12350414,1791343911,1791343913,2
12350414,12350415,1791343913,1791343915,2
12350415,12350416,1791343915,1791343917,2
12350416,12350417,1791343917,1791343919,2
12350417,12350418,1791343919,1791343921,2
12350418,12350419,1791343921,1791343923,2
12350419,12350420,1791343923,1791343925,2
12350420,12350421,1791343925,1791343927,2
12350421,12350422,1791343927,1791343929,2
12350422,12350423,1791343929,1791343931,2
12350423,12350424,1791343931,1791343933,2
12350424,12350425,1791343933,1791343935,2
12350425,12350426,1791343935,1791343937,2
12350426,12350427,1791343937,1791343939,2
12350427,12350428,1791343939,1791343941,2
12350428,12350429,1791343941,1791343943,2
12350429,12350430,1791343943,1791343945,2
12350430,12350431,1791343945,1791343947,2
12350431,12350432,1791343947,1791343949,2
12350432,12350433,1791343949,1791343951,2
12350433,12350434,1791343951,1791343953,2
12350434,12350435,1791343953,1791343955,2
12350435,12350436,1791343955,1791343957,2
12350436,12350437,1791343957,1791343959,2
12350437,12350438,1791343959,1791343961,2
12350438,12350439,1791343961,1791343963,2
12350439,12350440,1791343963,1791343965,2
12350440,12350441,1791343965,1791343967,2
12350441,12350442,1791343967,1791343969,2
12350442,12350443,1791343969,1791343971,2
12350443,12350444,1791343971,1791343973,2
12350444,12350445,1791343973,1791343975,2
12350445,12350446,1791343975,1791343977,2
12350446,12350447,1791343977,1791343979,2
12350447,12350448,1791343979,1791343981,2
12350448,12350449,1791343981,1791343983,2
12350449,12350450,1791343983,1791343985,2
12350450,12350451,1791343985,1791343987,2
12350451,12350452,1791343987,1791343989,2
12350452,12350453,1791343989,1791343991,2
12350453,12350454,1791343991,1791343993,2
12350454,12350455,1791343993,1791343995,2
12350455,12350456,1791343995,1791343997,2
12350456,12350457,1791343997,1791343999,2
12350457,12350458,1791343999,1791344001,2
12350458,12350459,1791344001,1791344003,2
12350459,12350460,1791344003,1791344005,2
12350460,12350461,1791344005,1791344007,2
12350461,12350462,1791344007,1791344009,2
12350462,12350463,1791344009,1791344011,2
12350463,12350464,1791344011,1791344013,2
12350464,12350465,1791344013,1791344015,2
12350465,12350466,1791344015,1791344017,2
12350466,12350467,1791344017,1791344019,2
12350467,12350468,1791344019,1791344021,2
12350468,12350469,1791344021,1791344023,2
12350469,12350470,1791344023,1791344025,2
12350470,12350471,1791344025,1791344027,2
12350471,12350472,1791344027,1791344029,2
12350472,12350473,1791344029,1791344031,2
12350473,12350474,1791344031,1791344033,2
12350474,12350475,1791344033,1791344035,2
12350475,12350476,1791344035,1791344037,2
12350476,12350477,1791344037,1791344039,2
12350477,12350478,1791344039,1791344041,2
12350478,12350479,1791344041,1791344043,2
12350479,12350480,1791344043,1791344045,2
12350480,12350481,1791344045,1791344047,2
12350481,12350482,1791344047,1791344049,2
12350482,12350483,1791344049,1791344051,2
12350483,12350484,1791344051,1791344053,2
12350484,12350485,1791344053,1791344055,2
12350485,12350486,1791344055,1791344057,2
12350486,12350487,1791344057,1791344059,2
12350487,12350488,1791344059,1791344061,2
12350488,12350489,1791344061,1791344063,2
12350489,12350490,1791344063,1791344065,2
12350490,12350491,1791344065,1791344067,2
12350491,12350492,1791344067,1791344069,2
12350492,12350493,1791344069,1791344071,2
12350493,12350494,1791344071,1791344073,2
12350494,12350495,1791344073,1791344075,2
12350495,12350496,1791344075,1791344077,2
12350496,12350497,1791344077,1791344079,2
12350497,12350498,1791344079,1791344081,2
12350498,12350499,1791344081,1791344083,2
12350499,12350500,1791344083,1791344085,2
12350500,12350501,1791344085,1791344087,2
12350501,12350502,1791344087,1791344089,2
12350502,12350503,1791344089,1791344091,2
12350503,12350504,1791344091,1791344093,2
12350504,12350505,1791344093,1791344095,2
12350505,12350506,1791344095,1791344097,2
12350506,12350507,1791344097,1791344099,2
12350507,12350508,1791344099,1791344101,2
12350508,12350509,1791344101,1791344103,2
12350509,12350510,1791344103,1791344105,2
12350510,12350511,1791344105,1791344107,2
12350511,12350512,1791344107,1791344109,2
12350512,12350513,1791344109,1791344111,2
12350513,12350514,1791344111,1791344113,2
12350514,12350515,1791344113,1791344115,2
12350515,12350516,1791344115,1791344117,2
12350516,12350517,1791344117,1791344119,2
12350517,12350518,1791344119,1791344121,2
12350518,12350519,1791344121,1791344123,2
12350519,12350520,1791344123,1791344125,2
12350520,12350521,1791344125,1791344127,2
12350521,12350522,1791344127,1791344129,2
12350522,12350523,1791344129,1791344131,2
12350523,12350524,1791344131,1791344133,2
12350524,12350525,1791344133,1791344135,2
12350525,12350526,1791344135,1791344137,2
12350526,12350527,1791344137,1791344139,2
12350527,12350528,1791344139,1791344141,2
12350528,12350529,1791344141,1791344143,2
12350529,12350530,1791344143,1791344145,2
12350530,12350531,1791344145,1791344147,2
12350531,12350532,1791344147,1791344149,2
12350532,12350533,1791344149,1791344151,2
12350533,12350534,1791344151,1791344153,2
12350534,12350535,1791344153,1791344155,2
12350535,12350536,1791344155,1791344157,2
12350536,12350537,1791344157,1791344159,2
12350537,12350538,1791344159,1791344161,2
12350538,12350539,1791344161,1791344163,2
12350539,12350540,1791344163,1791344165,2
12350540,12350541,1791344165,1791344167,2
12350541,12350542,1791344167,1791344169,2
12350542,12350543,1791344169,1791344171,2
12350543,12350544,1791344171,1791344173,2
12350544,12350545,1791344173,1791344175,2
12350545,12350546,1791344175,1791344177,2
12350546,12350547,1791344177,1791344179,2
12350547,12350548,1791344179,1791344181,2
12350548,12350549,1791344181,1791344183,2
12350549,12350550,1791344183,1791344185,2
12350550,12350551,1791344185,1791344187,2
12350551,12350552,1791344187,1791344189,2
12350552,12350553,1791344189,1791344191,2
12350553,12350554,1791344191,1791344193,2
12350554,12350555,1791344193,1791344195,2
12350555,12350556,1791344195,1791344197,2
12350556,12350557,1791344197,1791344199,2
12350557,12350558,1791344199,1791344201,2
12350558,12350559,1791344201,1791344203,2
12350559,12350560,1791344203,1791344205,2
12350560,12350561,1791344205,1791344207,2
12350561,12350562,1791344207,1791344209,2
12350562,12350563,1791344209,1791344211,2
12350563,12350564,1791344211,1791344213,2
12350564,12350565,1791344213,1791344215,2
12350565,12350566,1791344215,1791344217,2
12350566,12350567,1791344217,1791344219,2
12350567,12350568,1791344219,1791344221,2
12350568,12350569,1791344221,1791344223,2
12350569,12350570,1791344223,1791344225,2
12350570,12350571,1791344225,1791344227,2
12350571,12350572,1791344227,1791344229,2
12350572,12350573,1791344229,1791344231,2
12350573,12350574,1791344231,1791344233,2
12350574,12350575,1791344233,1791344235,2
12350575,12350576,1791344235,1791344237,2
12350576,12350577,1791344237,1791344239,2
12350577,12350578,1791344239,1791344241,2
12350578,12350579,1791344241,1791344243,2
12350579,12350580,1791344243,1791344245,2
12350580,12350581,1791344245,1791344247,2
12350581,12350582,1791344247,1791344249,2
12350582,12350583,1791344249,1791344251,2
12350583,12350584,1791344251,1791344253,2
12350584,12350585,1791344253,1791344255,2
12350585,12350586,1791344255,1791344257,2
12350586,12350587,1791344257,1791344259,2
12350587,12350588,1791344259,1791344261,2
12350588,12350589,1791344261,1791344263,2
12350589,12350590,1791344263,1791344265,2
12350590,12350591,1791344265,1791344267,2
12350591,12350592,1791344267,1791344269,2
12350592,12350593,1791344269,1791344271,2
12350593,12350594,1791344271,1791344273,2
12350594,12350595,1791344273,1791344275,2
12350595,12350596,1791344275,1791344277,2
12350596,12350597,1791344277,1791344279,2
12350597,12350598,1791344279,1791344281,2
12350598,12350599,1791344281,1791344283,2
12350599,12350600,1791344283,1791344285,2
12350600,12350601,1791344285,1791344287,2
12350601,12350602,1791344287,1791344289,2
12350602,12350603,1791344289,1791344291,2
12350603,12350604,1791344291,1791344293,2
12350604,12350605,1791344293,1791344295,2
12350605,12350606,1791344295,1791344297,2
12350606,12350607,1791344297,1791344299,2
12350607,12350608,1791344299,1791344301,2
12350608,12350609,1791344301,1791344303,2
12350609,12350610,1791344303,1791344305,2
12350610,12350611,1791344305,1791344307,2
12350611,12350612,1791344307,1791344309,2
12350612,12350613,1791344309,1791344311,2
12350613,12350614,1791344311,1791344313,2
12350614,12350615,1791344313,1791344315,2
12350615,12350616,1791344315,1791344317,2
12350616,12350617,1791344317,1791344319,2
12350617,12350618,1791344319,1791344321,2
12350618,12350619,1791344321,1791344323,2
12350619,12350620,1791344323,1791344325,2
12350620,12350621,1791344325,1791344327,2
12350621,12350622,1791344327,1791344329,2
12350622,12350623,1791344329,1791344331,2
12350623,12350624,1791344331,1791344333,2
12350624,12350625,1791344333,1791344335,2
12350625,12350626,1791344335,1791344337,2
12350626,12350627,1791344337,1791344339,2
12350627,12350628,1791344339,1791344341,2
12350628,12350629,1791344341,1791344343,2
12350629,12350630,1791344343,1791344345,2
12350630,12350631,1791344345,1791344347,2
12350631,12350632,1791344347,1791344349,2
12350632,12350633,1791344349,1791344351,2
12350633,12350634,1791344351,1791344353,2
12350634,12350635,1791344353,1791344355,2
12350635,12350636,1791344355,1791344357,2
12350636,12350637,1791344357,1791344359,2
12350637,12350638,1791344359,1791344361,2
12350638,12350639,1791344361,1791344363,2
12350639,12350640,1791344363,1791344365,2
12350640,12350641,1791344365,1791344367,2
12350641,12350642,1791344367,1791344369,2
12350642,12350643,1791344369,1791344371,2
12350643,12350644,1791344371,1791344373,2
12350644,12350645,1791344373,1791344375,2
12350645,12350646,1791344375,1791344377,2
12350646,12350647,1791344377,1791344379,2
12350647,12350648,1791344379,1791344381,2
12350648,12350649,1791344381,1791344383,2
12350649,12350650,1791344383,1791344385,2
12350650,12350651,1791344385,1791344387,2
12350651,12350652,1791344387,1791344389,2
12350652,12350653,1791344389,1791344391,2
12350653,12350654,1791344391,1791344393,2
12350654,12350655,1791344393,1791344395,2
12350655,12350656,1791344395,1791344397,2
12350656,12350657,1791344397,1791344399,2
12350657,12350658,1791344399,1791344401,2
12350658,12350659,1791344401,1791344403,2
12350659,12350660,1791344403,1791344405,2
12350660,12350661,1791344405,1791344407,2
12350661,12350662,1791344407,1791344409,2
12350662,12350663,1791344409,1791344411,2
12350663,12350664,1791344411,1791344413,2
12350664,12350665,1791344413,1791344415,2
12350665,12350666,1791344415,1791344417,2
12350666,12350667,1791344417,1791344419,2
12350667,12350668,1791344419,1791344421,2
12350668,12350669,1791344421,1791344423,2
12350669,12350670,1791344423,1791344425,2
12350670,12350671,1791344425,1791344427,2
12350671,12350672,1791344427,1791344429,2
12350672,12350673,1791344429,1791344431,2
12350673,12350674,1791344431,1791344433,2
12350674,12350675,1791344433,1791344435,2
12350675,12350676,1791344435,1791344437,2
12350676,12350677,1791344437,1791344439,2
12350677,12350678,1791344439,1791344441,2
12350678,12350679,1791344441,1791344443,2
12350679,12350680,1791344443,1791344445,2
12350680,12350681,1791344445,1791344447,2
12350681,12350682,1791344447,1791344449,2
12350682,12350683,1791344449,1791344451,2
12350683,12350684,1791344451,1791344453,2
12350684,12350685,1791344453,1791344455,2
12350685,12350686,1791344455,1791344457,2
12350686,12350687,1791344457,1791344459,2
12350687,12350688,1791344459,1791344461,2
12350688,12350689,1791344461,1791344463,2
12350689,12350690,1791344463,1791344465,2
12350690,12350691,1791344465,1791344467,2
12350691,12350692,1791344467,1791344469,2
12350692,12350693,1791344469,1791344471,2
12350693,12350694,1791344471,1791344473,2
12350694,12350695,1791344473,1791344475,2
12350695,12350696,1791344475,1791344477,2
12350696,12350697,1791344477,1791344479,2
12350697,12350698,1791344479,1791344481,2
12350698,12350699,1791344481,1791344483,2
12350699,12350700,1791344483,1791344485,2
12350700,12350701,1791344485,1791344487,2
12350701,12350702,1791344487,1791344489,2
12350702,12350703,1791344489,1791344491,2
12350703,12350704,1791344491,1791344493,2
12350704,12350705,1791344493,1791344495,2
12350705,12350706,1791344495,1791344497,2
12350706,12350707,1791344497,1791344499,2
12350707,12350708,1791344499,1791344501,2
12350708,12350709,1791344501,1791344503,2
12350709,12350710,1791344503,1791344505,2
12350710,12350711,1791344505,1791344507,2
12350711,12350712,1791344507,1791344509,2
12350712,12350713,1791344509,1791344511,2
12350713,12350714,1791344511,1791344513,2
12350714,12350715,1791344513,1791344515,2
12350715,12350716,1791344515,1791344517,2
12350716,12350717,1791344517,1791344519,2
12350717,12350718,1791344519,1791344521,2
12350718,12350719,1791344521,1791344523,2
12350719,12350720,1791344523,1791344525,2
12350720,12350721,1791344525,1791344527,2
12350721,12350722,1791344527,1791344529,2
12350722,12350723,1791344529,1791344531,2
12350723,12350724,1791344531,1791344533,2
12350724,12350725,1791344533,1791344535,2
12350725,12350726,1791344535,1791344537,2
12350726,12350727,1791344537,1791344539,2
12350727,12350728,1791344539,1791344541,2
12350728,12350729,1791344541,1791344543,2
12350729,12350730,1791344543,1791344545,2
12350730,12350731,1791344545,1791344547,2
12350731,12350732,1791344547,1791344549,2
12350732,12350733,1791344549,1791344551,2
12350733,12350734,1791344551,1791344553,2
12350734,12350735,1791344553,1791344555,2
12350735,12350736,1791344555,1791344557,2
12350736,12350737,1791344557,1791344559,2
12350737,12350738,1791344559,1791344561,2
12350738,12350739,1791344561,1791344563,2
12350739,12350740,1791344563,1791344565,2
12350740,12350741,1791344565,1791344567,2
12350741,12350742,1791344567,1791344569,2
12350742,12350743,1791344569,1791344571,2
12350743,12350744,1791344571,1791344573,2
12350744,12350745,1791344573,1791344575,2
12350745,12350746,1791344575,1791344577,2
12350746,12350747,1791344577,1791344579,2
12350747,12350748,1791344579,1791344581,2
12350748,12350749,1791344581,1791344583,2
12350749,12350750,1791344583,1791344585,2
12350750,12350751,1791344585,1791344587,2
12350751,12350752,1791344587,1791344589,2
12350752,12350753,1791344589,1791344591,2
12350753,12350754,1791344591,1791344593,2
12350754,12350755,1791344593,1791344595,2
12350755,12350756,1791344595,1791344597,2
12350756,12350757,1791344597,1791344599,2
12350757,12350758,1791344599,1791344601,2
12350758,12350759,1791344601,1791344603,2
12350759,12350760,1791344603,1791344605,2
12350760,12350761,1791344605,1791344607,2
12350761,12350762,1791344607,1791344609,2
12350762,12350763,1791344609,1791344611,2
12350763,12350764,1791344611,1791344613,2
12350764,12350765,1791344613,1791344615,2
12350765,12350766,1791344615,1791344617,2
12350766,12350767,1791344617,1791344619,2
12350767,12350768,1791344619,1791344621,2
12350768,12350769,1791344621,1791344623,2
12350769,12350770,1791344623,1791344625,2
12350770,12350771,1791344625,1791344627,2
12350771,12350772,1791344627,1791344629,2
12350772,12350773,1791344629,1791344631,2
12350773,12350774,1791344631,1791344633,2
12350774,12350775,1791344633,1791344635,2
12350775,12350776,1791344635,1791344637,2
12350776,12350777,1791344637,1791344639,2
12350777,12350778,1791344639,1791344641,2
12350778,12350779,1791344641,1791344643,2
12350779,12350780,1791344643,1791344645,2
12350780,12350781,1791344645,1791344647,2
12350781,12350782,1791344647,1791344649,2
12350782,12350783,1791344649,1791344651,2
12350783,12350784,1791344651,1791344653,2
12350784,12350785,1791344653,1791344655,2
12350785,12350786,1791344655,1791344657,2
12350786,12350787,1791344657,1791344659,2
12350787,12350788,1791344659,1791344661,2
12350788,12350789,1791344661,1791344663,2
12350789,12350790,1791344663,1791344665,2
12350790,12350791,1791344665,1791344667,2
12350791,12350792,1791344667,1791344669,2
12350792,12350793,1791344669,1791344671,2
12350793,12350794,1791344671,1791344673,2
12350794,12350795,1791344673,1791344675,2
12350795,12350796,1791344675,1791344677,2
12350796,12350797,1791344677,1791344679,2
12350797,12350798,1791344679,1791344681,2
12350798,12350799,1791344681,1791344683,2
12350799,12350800,1791344683,1791344685,2
12350800,12350801,1791344685,1791344687,2
12350801,12350802,1791344687,1791344689,2
12350802,12350803,1791344689,1791344691,2
12350803,12350804,1791344691,1791344693,2
12350804,12350805,1791344693,1791344695,2
12350805,12350806,1791344695,1791344697,2
12350806,12350807,1791344697,1791344699,2
12350807,12350808,1791344699,1791344701,2
12350808,12350809,1791344701,1791344703,2
12350809,12350810,1791344703,1791344705,2
12350810,12350811,1791344705,1791344707,2
12350811,12350812,1791344707,1791344709,2
12350812,12350813,1791344709,1791344711,2
12350813,12350814,1791344711,1791344713,2
12350814,12350815,1791344713,1791344715,2
12350815,12350816,1791344715,1791344717,2
12350816,12350817,1791344717,1791344719,2
12350817,12350818,1791344719,1791344721,2
12350818,12350819,1791344721,1791344723,2
12350819,12350820,1791344723,1791344725,2
12350820,12350821,1791344725,1791344727,2
12350821,12350822,1791344727,1791344729,2
12350822,12350823,1791344729,1791344731,2
12350823,12350824,1791344731,1791344733,2
12350824,12350825,1791344733,1791344735,2
12350825,12350826,1791344735,1791344737,2
12350826,12350827,1791344737,1791344739,2
12350827,12350828,1791344739,1791344741,2
12350828,12350829,1791344741,1791344743,2
12350829,12350830,1791344743,1791344745,2
12350830,12350831,1791344745,1791344747,2
12350831,12350832,1791344747,1791344749,2
12350832,12350833,1791344749,1791344751,2
12350833,12350834,1791344751,1791344753,2
12350834,12350835,1791344753,1791344755,2
12350835,12350836,1791344755,1791344757,2
12350836,12350837,1791344757,1791344759,2
12350837,12350838,1791344759,1791344761,2
12350838,12350839,1791344761,1791344763,2
12350839,12350840,1791344763,1791344765,2
12350840,12350841,1791344765,1791344767,2
12350841,12350842,1791344767,1791344769,2
12350842,12350843,1791344769,1791344771,2
12350843,12350844,1791344771,1791344773,2
12350844,12350845,1791344773,1791344775,2
12350845,12350846,1791344775,1791344777,2
12350846,12350847,1791344777,1791344779,2
12350847,12350848,1791344779,1791344781,2
12350848,12350849,1791344781,1791344783,2
12350849,12350850,1791344783,1791344785,2
12350850,12350851,1791344785,1791344787,2
12350851,12350852,1791344787,1791344789,2
12350852,12350853,1791344789,1791344791,2
12350853,12350854,1791344791,1791344793,2
12350854,12350855,1791344793,1791344795,2
12350855,12350856,1791344795,1791344797,2
12350856,12350857,1791344797,1791344799,2
12350857,12350858,1791344799,1791344801,2
12350858,12350859,1791344801,1791344803,2
12350859,12350860,1791344803,1791344805,2
12350860,12350861,1791344805,1791344807,2
12350861,12350862,1791344807,1791344809,2
12350862,12350863,1791344809,1791344811,2
12350863,12350864,1791344811,1791344813,2
12350864,12350865,1791344813,1791344815,2
12350865,12350866,1791344815,1791344817,2
12350866,12350867,1791344817,1791344819,2
12350867,12350868,1791344819,1791344821,2
12350868,12350869,1791344821,1791344823,2
12350869,12350870,1791344823,1791344825,2
12350870,12350871,1791344825,1791344827,2
12350871,12350872,1791344827,1791344829,2
12350872,12350873,1791344829,1791344831,2
12350873,12350874,1791344831,1791344833,2
12350874,12350875,1791344833,1791344835,2
12350875,12350876,1791344835,1791344837,2
12350876,12350877,1791344837,1791344839,2
12350877,12350878,1791344839,1791344841,2
12350878,12350879,1791344841,1791344843,2
12350879,12350880,1791344843,1791344845,2
12350880,12350881,1791344845,1791344847,2
12350881,12350882,1791344847,1791344849,2
12350882,12350883,1791344849,1791344851,2
12350883,12350884,1791344851,1791344853,2
12350884,12350885,1791344853,1791344855,2
12350885,12350886,1791344855,1791344857,2
12350886,12350887,1791344857,1791344859,2
12350887,12350888,1791344859,1791344861,2
12350888,12350889,1791344861,1791344863,2
12350889,12350890,1791344863,1791344865,2
12350890,12350891,1791344865,1791344867,2
12350891,12350892,1791344867,1791344869,2
12350892,12350893,1791344869,1791344871,2
12350893,12350894,1791344871,1791344873,2
12350894,12350895,1791344873,1791344875,2
12350895,12350896,1791344875,1791344877,2
12350896,12350897,1791344877,1791344879,2
12350897,12350898,1791344879,1791344881,2
12350898,12350899,1791344881,1791344883,2
12350899,12350900,1791344883,1791344885,2
12350900,12350901,1791344885,1791344887,2
12350901,12350902,1791344887,1791344889,2
12350902,12350903,1791344889,1791344891,2
12350903,12350904,1791344891,1791344893,2
12350904,12350905,1791344893,1791344895,2
12350905,12350906,1791344895,1791344897,2
12350906,12350907,1791344897,1791344899,2
12350907,12350908,1791344899,1791344901,2
12350908,12350909,1791344901,1791344903,2
12350909,12350910,1791344903,1791344905,2
12350910,12350911,1791344905,1791344907,2
12350911,12350912,1791344907,1791344909,2
12350912,12350913,1791344909,1791344911,2
12350913,12350914,1791344911,1791344913,2
12350914,12350915,1791344913,1791344915,2
12350915,12350916,1791344915,1791344917,2
12350916,12350917,1791344917,1791344919,2
12350917,12350918,1791344919,1791344921,2
12350918,12350919,1791344921,1791344923,2
12350919,12350920,1791344923,1791344925,2
12350920,12350921,1791344925,1791344927,2
12350921,12350922,1791344927,1791344929,2
12350922,12350923,1791344929,1791344931,2
12350923,12350924,1791344931,1791344933,2
12350924,12350925,1791344933,1791344935,2
12350925,12350926,1791344935,1791344937,2
12350926,12350927,1791344937,1791344939,2
12350927,12350928,1791344939,1791344941,2
12350928,12350929,1791344941,1791344943,2
12350929,12350930,1791344943,1791344945,2
12350930,12350931,1791344945,1791344947,2
12350931,12350932,1791344947,1791344949,2
12350932,12350933,1791344949,1791344951,2
12350933,12350934,1791344951,1791344953,2
12350934,12350935,1791344953,1791344955,2
12350935,12350936,1791344955,1791344957,2
12350936,12350937,1791344957,1791344959,2
12350937,12350938,1791344959,1791344961,2
12350938,12350939,1791344961,1791344963,2
12350939,12350940,1791344963,1791344965,2
12350940,12350941,1791344965,1791344967,2
12350941,12350942,1791344967,1791344969,2
12350942,12350943,1791344969,1791344971,2
12350943,12350944,1791344971,1791344973,2
12350944,12350945,1791344973,1791344975,2
12350945,12350946,1791344975,1791344977,2
12350946,12350947,1791344977,1791344979,2
12350947,12350948,1791344979,1791344981,2
12350948,12350949,1791344981,1791344983,2
12350949,12350950,1791344983,1791344985,2
12350950,12350951,1791344985,1791344987,2
12350951,12350952,1791344987,1791344989,2
12350952,12350953,1791344989,1791344991,2
12350953,12350954,1791344991,1791344993,2
12350954,12350955,1791344993,1791344995,2
12350955,12350956,1791344995,1791344997,2
12350956,12350957,1791344997,1791344999,2
12350957,12350958,1791344999,1791345001,2
12350958,12350959,1791345001,1791345003,2
12350959,12350960,1791345003,1791345005,2
12350960,12350961,1791345005,1791345007,2
12350961,12350962,1791345007,1791345009,2
12350962,12350963,1791345009,1791345011,2
12350963,12350964,1791345011,1791345013,2
12350964,12350965,1791345013,1791345015,2
12350965,12350966,1791345015,1791345017,2
12350966,12350967,1791345017,1791345019,2
12350967,12350968,1791345019,1791345021,2
12350968,12350969,1791345021,1791345023,2
12350969,12350970,1791345023,1791345025,2
12350970,12350971,1791345025,1791345027,2
12350971,12350972,1791345027,1791345029,2
12350972,12350973,1791345029,1791345031,2
12350973,12350974,1791345031,1791345033,2
12350974,12350975,1791345033,1791345035,2
12350975,12350976,1791345035,1791345037,2
12350976,12350977,1791345037,1791345039,2
12350977,12350978,1791345039,1791345041,2
12350978,12350979,1791345041,1791345043,2
12350979,12350980,1791345043,1791345045,2
12350980,12350981,1791345045,1791345047,2
12350981,12350982,1791345047,1791345049,2
12350982,12350983,1791345049,1791345051,2
12350983,12350984,1791345051,1791345053,2
12350984,12350985,1791345053,1791345055,2
12350985,12350986,1791345055,1791345057,2
12350986,12350987,1791345057,1791345059,2
12350987,12350988,1791345059,1791345061,2
12350988,12350989,1791345061,1791345063,2
12350989,12350990,1791345063,1791345065,2
12350990,12350991,1791345065,1791345067,2
12350991,12350992,1791345067,1791345069,2
12350992,12350993,1791345069,1791345071,2
12350993,12350994,1791345071,1791345073,2
12350994,12350995,1791345073,1791345075,2
12350995,12350996,1791345075,1791345077,2
12350996,12350997,1791345077,1791345079,2
12350997,12350998,1791345079,1791345081,2
12350998,12350999,1791345081,1791345083,2
12350999,12351000,1791345083,1791345085,2
12351000,12351001,1791345085,1791345087,2
12351001,12351002,1791345087,1791345089,2
12351002,12351003,1791345089,1791345091,2
12351003,12351004,1791345091,1791345093,2
12351004,12351005,1791345093,1791345095,2
12351005,12351006,1791345095,1791345097,2
12351006,12351007,1791345097,1791345099,2
12351007,12351008,1791345099,1791345101,2
12351008,12351009,1791345101,1791345103,2
12351009,12351010,1791345103,1791345105,2
12351010,12351011,1791345105,1791345107,2
12351011,12351012,1791345107,1791345109,2
12351012,12351013,1791345109,1791345111,2
12351013,12351014,1791345111,1791345113,2
12351014,12351015,1791345113,1791345115,2
12351015,12351016,1791345115,1791345117,2
12351016,12351017,1791345117,1791345119,2
12351017,12351018,1791345119,1791345121,2
12351018,12351019,1791345121,1791345123,2
12351019,12351020,1791345123,1791345125,2
12351020,12351021,1791345125,1791345127,2
12351021,12351022,1791345127,1791345129,2
12351022,12351023,1791345129,1791345131,2
12351023,12351024,1791345131,1791345133,2
12351024,12351025,1791345133,1791345135,2
12351025,12351026,1791345135,1791345137,2
12351026,12351027,1791345137,1791345139,2
12351027,12351028,1791345139,1791345141,2
12351028,12351029,1791345141,1791345143,2
12351029,12351030,1791345143,1791345145,2
12351030,12351031,1791345145,1791345147,2
12351031,12351032,1791345147,1791345149,2
12351032,12351033,1791345149,1791345151,2
12351033,12351034,1791345151,1791345153,2
12351034,12351035,1791345153,1791345155,2
12351035,12351036,1791345155,1791345157,2
12351036,12351037,1791345157,1791345159,2
12351037,12351038,1791345159,1791345161,2
12351038,12351039,1791345161,1791345163,2
12351039,12351040,1791345163,1791345165,2
12351040,12351041,1791345165,1791345167,2
12351041,12351042,1791345167,1791345169,2
12351042,12351043,1791345169,1791345171,2
12351043,12351044,1791345171,1791345173,2
12351044,12351045,1791345173,1791345175,2
12351045,12351046,1791345175,1791345177,2
12351046,12351047,1791345177,1791345179,2
12351047,12351048,1791345179,1791345181,2
12351048,12351049,1791345181,1791345183,2
12351049,12351050,1791345183,1791345185,2
12351050,12351051,1791345185,1791345187,2
12351051,12351052,1791345187,1791345189,2
12351052,12351053,1791345189,1791345191,2
12351053,12351054,1791345191,1791345193,2
12351054,12351055,1791345193,1791345195,2
12351055,12351056,1791345195,1791345197,2
12351056,12351057,1791345197,1791345199,2
12351057,12351058,1791345199,1791345201,2
12351058,12351059,1791345201,1791345203,2
12351059,12351060,1791345203,1791345205,2
12351060,12351061,1791345205,1791345207,2
12351061,12351062,1791345207,1791345209,2
12351062,12351063,1791345209,1791345211,2
12351063,12351064,1791345211,1791345213,2
12351064,12351065,1791345213,1791345215,2
12351065,12351066,1791345215,1791345217,2
12351066,12351067,1791345217,1791345219,2
12351067,12351068,1791345219,1791345221,2
12351068,12351069,1791345221,1791345223,2
12351069,12351070,1791345223,1791345225,2
12351070,12351071,1791345225,1791345227,2
12351071,12351072,1791345227,1791345229,2
12351072,12351073,1791345229,1791345231,2
12351073,12351074,1791345231,1791345233,2
12351074,12351075,1791345233,1791345235,2
12351075,12351076,1791345235,1791345237,2
12351076,12351077,1791345237,1791345239,2
12351077,12351078,1791345239,1791345241,2
12351078,12351079,1791345241,1791345243,2
12351079,12351080,1791345243,1791345245,2
12351080,12351081,1791345245,1791345247,2
12351081,12351082,1791345247,1791345249,2
12351082,12351083,1791345249,1791345251,2
12351083,12351084,1791345251,1791345253,2
12351084,12351085,1791345253,1791345255,2
12351085,12351086,1791345255,1791345257,2
12351086,12351087,1791345257,1791345259,2
12351087,12351088,1791345259,1791345261,2
12351088,12351089,1791345261,1791345263,2
12351089,12351090,1791345263,1791345265,2
12351090,12351091,1791345265,1791345267,2
12351091,12351092,1791345267,1791345269,2
12351092,12351093,1791345269,1791345271,2
12351093,12351094,1791345271,1791345273,2
12351094,12351095,1791345273,1791345275,2
12351095,12351096,1791345275,1791345277,2
12351096,12351097,1791345277,1791345279,2
12351097,12351098,1791345279,1791345281,2
12351098,12351099,1791345281,1791345283,2
12351099,12351100,1791345283,1791345285,2
12351100,12351101,1791345285,1791345287,2
12351101,12351102,1791345287,1791345289,2
12351102,12351103,1791345289,1791345291,2
12351103,12351104,1791345291,1791345293,2
12351104,12351105,1791345293,1791345295,2
12351105,12351106,1791345295,1791345297,2
12351106,12351107,1791345297,1791345299,2
12351107,12351108,1791345299,1791345301,2
12351108,12351109,1791345301,1791345303,2
12351109,12351110,1791345303,1791345305,2
12351110,12351111,1791345305,1791345307,2
12351111,12351112,1791345307,1791345309,2
12351112,12351113,1791345309,1791345311,2
12351113,12351114,1791345311,1791345313,2
12351114,12351115,1791345313,1791345315,2
12351115,12351116,1791345315,1791345317,2
12351116,12351117,1791345317,1791345319,2
12351117,12351118,1791345319,1791345321,2
12351118,12351119,1791345321,1791345323,2
12351119,12351120,1791345323,1791345325,2
12351120,12351121,1791345325,1791345327,2
12351121,12351122,1791345327,1791345329,2
12351122,12351123,1791345329,1791345331,2
12351123,12351124,1791345331,1791345333,2
12351124,12351125,1791345333,1791345335,2
12351125,12351126,1791345335,1791345337,2
12351126,12351127,1791345337,1791345339,2
12351127,12351128,1791345339,1791345341,2
12351128,12351129,1791345341,1791345343,2
12351129,12351130,1791345343,1791345345,2
12351130,12351131,1791345345,1791345347,2
12351131,12351132,1791345347,1791345349,2
12351132,12351133,1791345349,1791345351,2
12351133,12351134,1791345351,1791345353,2
12351134,12351135,1791345353,1791345355,2
12351135,12351136,1791345355,1791345357,2
12351136,12351137,1791345357,1791345359,2
12351137,12351138,1791345359,1791345361,2
12351138,12351139,1791345361,1791345363,2
12351139,12351140,1791345363,1791345365,2
12351140,12351141,1791345365,1791345367,2
12351141,12351142,1791345367,1791345369,2
12351142,12351143,1791345369,1791345371,2
12351143,12351144,1791345371,1791345373,2
12351144,12351145,1791345373,1791345375,2
12351145,12351146,1791345375,1791345377,2
12351146,12351147,1791345377,1791345379,2
12351147,12351148,1791345379,1791345381,2
12351148,12351149,1791345381,1791345383,2
12351149,12351150,1791345383,1791345385,2
12351150,12351151,1791345385,1791345387,2
12351151,12351152,1791345387,1791345389,2
12351152,12351153,1791345389,1791345391,2
12351153,12351154,1791345391,1791345393,2
12351154,12351155,1791345393,1791345395,2
12351155,12351156,1791345395,1791345397,2
12351156,12351157,1791345397,1791345399,2
12351157,12351158,1791345399,1791345401,2
12351158,12351159,1791345401,1791345403,2
12351159,12351160,1791345403,1791345405,2
12351160,12351161,1791345405,1791345407,2
12351161,12351162,1791345407,1791345409,2
12351162,12351163,1791345409,1791345411,2
12351163,12351164,1791345411,1791345413,2
12351164,12351165,1791345413,1791345415,2
12351165,12351166,1791345415,1791345417,2
12351166,12351167,1791345417,1791345419,2
12351167,12351168,1791345419,1791345421,2
12351168,12351169,1791345421,1791345423,2
12351169,12351170,1791345423,1791345425,2
12351170,12351171,1791345425,1791345427,2
12351171,12351172,1791345427,1791345429,2
12351172,12351173,1791345429,1791345431,2
12351173,12351174,1791345431,1791345433,2
12351174,12351175,1791345433,1791345435,2
12351175,12351176,1791345435,1791345437,2
12351176,12351177,1791345437,1791345439,2
12351177,12351178,1791345439,1791345441,2
12351178,12351179,1791345441,1791345443,2
12351179,12351180,1791345443,1791345445,2
12351180,12351181,1791345445,1791345447,2
12351181,12351182,1791345447,1791345449,2
12351182,12351183,1791345449,1791345451,2
12351183,12351184,1791345451,1791345453,2
12351184,12351185,1791345453,1791345455,2
12351185,12351186,1791345455,1791345457,2
12351186,12351187,1791345457,1791345459,2
12351187,12351188,1791345459,1791345461,2
12351188,12351189,1791345461,1791345463,2
12351189,12351190,1791345463,1791345465,2
12351190,12351191,1791345465,1791345467,2
12351191,12351192,1791345467,1791345469,2
12351192,12351193,1791345469,1791345471,2
12351193,12351194,1791345471,1791345473,2
12351194,12351195,1791345473,1791345475,2
12351195,12351196,1791345475,1791345477,2
12351196,12351197,1791345477,1791345479,2
12351197,12351198,1791345479,1791345481,2
12351198,12351199,1791345481,1791345483,2
12351199,12351200,1791345483,1791345485,2
12351200,12351201,1791345485,1791345487,2
12351201,12351202,1791345487,1791345489,2
12351202,12351203,1791345489,1791345491,2
12351203,12351204,1791345491,1791345493,2
12351204,12351205,1791345493,1791345495,2
12351205,12351206,1791345495,1791345497,2
12351206,12351207,1791345497,1791345499,2
12351207,12351208,1791345499,1791345501,2
12351208,12351209,1791345501,1791345503,2
12351209,12351210,1791345503,1791345505,2
12351210,12351211,1791345505,1791345507,2
12351211,12351212,1791345507,1791345509,2
12351212,12351213,1791345509,1791345511,2
12351213,12351214,1791345511,1791345513,2
12351214,12351215,1791345513,1791345515,2
12351215,12351216,1791345515,1791345517,2
12351216,12351217,1791345517,1791345519,2
12351217,12351218,1791345519,1791345521,2
12351218,12351219,1791345521,1791345523,2
12351219,12351220,1791345523,1791345525,2
12351220,12351221,1791345525,1791345527,2
12351221,12351222,1791345527,1791345529,2
12351222,12351223,1791345529,1791345531,2
12351223,12351224,1791345531,1791345533,2
12351224,12351225,1791345533,1791345535,2
12351225,12351226,1791345535,1791345537,2
12351226,12351227,1791345537,1791345539,2
12351227,12351228,1791345539,1791345541,2
12351228,12351229,1791345541,1791345543,2
12351229,12351230,1791345543,1791345545,2
12351230,12351231,1791345545,1791345547,2
12351231,12351232,1791345547,1791345549,2
12351232,12351233,1791345549,1791345551,2
12351233,12351234,1791345551,1791345553,2
12351234,12351235,1791345553,1791345555,2
12351235,12351236,1791345555,1791345557,2
12351236,12351237,1791345557,1791345559,2
12351237,12351238,1791345559,1791345561,2
12351238,12351239,1791345561,1791345563,2
12351239,12351240,1791345563,1791345565,2
12351240,12351241,1791345565,1791345567,2
12351241,12351242,1791345567,1791345569,2
12351242,12351243,1791345569,1791345571,2
12351243,12351244,1791345571,1791345573,2
12351244,12351245,1791345573,1791345575,2
12351245,12351246,1791345575,1791345577,2
12351246,12351247,1791345577,1791345579,2
12351247,12351248,1791345579,1791345581,2
12351248,12351249,1791345581,1791345583,2
12351249,12351250,1791345583,1791345585,2
12351250,12351251,1791345585,1791345587,2
12351251,12351252,1791345587,1791345589,2
12351252,12351253,1791345589,1791345591,2
12351253,12351254,1791345591,1791345593,2
12351254,12351255,1791345593,1791345595,2
12351255,12351256,1791345595,1791345597,2
12351256,12351257,1791345597,1791345599,2
12351257,12351258,1791345599,1791345601,2
12351258,12351259,1791345601,1791345603,2
12351259,12351260,1791345603,1791345605,2
12351260,12351261,1791345605,1791345607,2
12351261,12351262,1791345607,1791345609,2
12351262,12351263,1791345609,1791345611,2
12351263,12351264,1791345611,1791345613,2
12351264,12351265,1791345613,1791345615,2
12351265,12351266,1791345615,1791345617,2
12351266,12351267,1791345617,1791345619,2
12351267,12351268,1791345619,1791345621,2
12351268,12351269,1791345621,1791345623,2
12351269,12351270,1791345623,1791345625,2
12351270,12351271,1791345625,1791345627,2
12351271,12351272,1791345627,1791345629,2
12351272,12351273,1791345629,1791345631,2
12351273,12351274,1791345631,1791345633,2
12351274,12351275,1791345633,1791345635,2
12351275,12351276,1791345635,1791345637,2
12351276,12351277,1791345637,1791345639,2
12351277,12351278,1791345639,1791345641,2
12351278,12351279,1791345641,1791345643,2
12351279,12351280,1791345643,1791345645,2
12351280,12351281,1791345645,1791345647,2
12351281,12351282,1791345647,1791345649,2
12351282,12351283,1791345649,1791345651,2
12351283,12351284,1791345651,1791345653,2
12351284,12351285,1791345653,1791345655,2
12351285,12351286,1791345655,1791345657,2
12351286,12351287,1791345657,1791345659,2
12351287,12351288,1791345659,1791345661,2
12351288,12351289,1791345661,1791345663,2
12351289,12351290,1791345663,1791345665,2
12351290,12351291,1791345665,1791345667,2
12351291,12351292,1791345667,1791345669,2
12351292,12351293,1791345669,1791345671,2
12351293,12351294,1791345671,1791345673,2
12351294,12351295,1791345673,1791345675,2
12351295,12351296,1791345675,1791345677,2
12351296,12351297,1791345677,1791345679,2
12351297,12351298,1791345679,1791345681,2
12351298,12351299,1791345681,1791345683,2
12351299,12351300,1791345683,1791345685,2
12351300,12351301,1791345685,1791345687,2
12351301,12351302,1791345687,1791345689,2
12351302,12351303,1791345689,1791345691,2
12351303,12351304,1791345691,1791345693,2
12351304,12351305,1791345693,1791345695,2
12351305,12351306,1791345695,1791345697,2
12351306,12351307,1791345697,1791345699,2
12351307,12351308,1791345699,1791345701,2
12351308,12351309,1791345701,1791345703,2
12351309,12351310,1791345703,1791345705,2
12351310,12351311,1791345705,1791345707,2
12351311,12351312,1791345707,1791345709,2
12351312,12351313,1791345709,1791345711,2
12351313,12351314,1791345711,1791345713,2
12351314,12351315,1791345713,1791345715,2
12351315,12351316,1791345715,1791345717,2
12351316,12351317,1791345717,1791345719,2
12351317,12351318,1791345719,1791345721,2
12351318,12351319,1791345721,1791345723,2
12351319,12351320,1791345723,1791345725,2
12351320,12351321,1791345725,1791345727,2
12351321,12351322,1791345727,1791345729,2
12351322,12351323,1791345729,1791345731,2
12351323,12351324,1791345731,1791345733,2
12351324,12351325,1791345733,1791345735,2
12351325,12351326,1791345735,1791345737,2
12351326,12351327,1791345737,1791345739,2
12351327,12351328,1791345739,1791345741,2
12351328,12351329,1791345741,1791345743,2
12351329,12351330,1791345743,1791345745,2
12351330,12351331,1791345745,1791345747,2
12351331,12351332,1791345747,1791345749,2
12351332,12351333,1791345749,1791345751,2
12351333,12351334,1791345751,1791345753,2
12351334,12351335,1791345753,1791345755,2
12351335,12351336,1791345755,1791345757,2
12351336,12351337,1791345757,1791345759,2
12351337,12351338,1791345759,1791345761,2
12351338,12351339,1791345761,1791345763,2
12351339,12351340,1791345763,1791345765,2
12351340,12351341,1791345765,1791345767,2
12351341,12351342,1791345767,1791345769,2
12351342,12351343,1791345769,1791345771,2
12351343,12351344,1791345771,1791345773,2
12351344,12351345,1791345773,1791345775,2
12351345,12351346,1791345775,1791345777,2
12351346,12351347,1791345777,1791345779,2
12351347,12351348,1791345779,1791345781,2
12351348,12351349,1791345781,1791345783,2
12351349,12351350,1791345783,1791345785,2
12351350,12351351,1791345785,1791345787,2
12351351,12351352,1791345787,1791345789,2
12351352,12351353,1791345789,1791345791,2
12351353,12351354,1791345791,1791345793,2
12351354,12351355,1791345793,1791345795,2
12351355,12351356,1791345795,1791345797,2
12351356,12351357,1791345797,1791345799,2
12351357,12351358,1791345799,1791345801,2
12351358,12351359,1791345801,1791345803,2
12351359,12351360,1791345803,1791345805,2
12351360,12351361,1791345805,1791345807,2
12351361,12351362,1791345807,1791345809,2
12351362,12351363,1791345809,1791345811,2
12351363,12351364,1791345811,1791345813,2
12351364,12351365,1791345813,1791345815,2
12351365,12351366,1791345815,1791345817,2
12351366,12351367,1791345817,1791345819,2
12351367,12351368,1791345819,1791345821,2
12351368,12351369,1791345821,1791345823,2
12351369,12351370,1791345823,1791345825,2
12351370,12351371,1791345825,1791345827,2
12351371,12351372,1791345827,1791345829,2
12351372,12351373,1791345829,1791345831,2
12351373,12351374,1791345831,1791345833,2
12351374,12351375,1791345833,1791345835,2
12351375,12351376,1791345835,1791345837,2
12351376,12351377,1791345837,1791345839,2
12351377,12351378,1791345839,1791345841,2
12351378,12351379,1791345841,1791345843,2
12351379,12351380,1791345843,1791345845,2
12351380,12351381,1791345845,1791345847,2
12351381,12351382,1791345847,1791345849,2
12351382,12351383,1791345849,1791345851,2
12351383,12351384,1791345851,1791345853,2
12351384,12351385,1791345853,1791345855,2
12351385,12351386,1791345855,1791345857,2
12351386,12351387,1791345857,1791345859,2
12351387,12351388,1791345859,1791345861,2
12351388,12351389,1791345861,1791345863,2
12351389,12351390,1791345863,1791345865,2
12351390,12351391,1791345865,1791345867,2
12351391,12351392,1791345867,1791345869,2
12351392,12351393,1791345869,1791345871,2
12351393,12351394,1791345871,1791345873,2
12351394,12351395,1791345873,1791345875,2
12351395,12351396,1791345875,1791345877,2
12351396,12351397,1791345877,1791345879,2
12351397,12351398,1791345879,1791345881,2
12351398,12351399,1791345881,1791345883,2
12351399,12351400,1791345883,1791345885,2
12351400,12351401,1791345885,1791345887,2
12351401,12351402,1791345887,1791345889,2
12351402,12351403,1791345889,1791345891,2
12351403,12351404,1791345891,1791345893,2
12351404,12351405,1791345893,1791345895,2
12351405,12351406,1791345895,1791345897,2
12351406,12351407,1791345897,1791345899,2
12351407,12351408,1791345899,1791345901,2
12351408,12351409,1791345901,1791345903,2
12351409,12351410,1791345903,1791345905,2
12351410,12351411,1791345905,1791345907,2
12351411,12351412,1791345907,1791345909,2
12351412,12351413,1791345909,1791345911,2
12351413,12351414,1791345911,1791345913,2
12351414,12351415,1791345913,1791345915,2
12351415,12351416,1791345915,1791345917,2
12351416,12351417,1791345917,1791345919,2
12351417,12351418,1791345919,1791345921,2
12351418,12351419,1791345921,1791345923,2
12351419,12351420,1791345923,1791345925,2
12351420,12351421,1791345925,1791345927,2
12351421,12351422,1791345927,1791345929,2
12351422,12351423,1791345929,1791345931,2
12351423,12351424,1791345931,1791345933,2
12351424,12351425,1791345933,1791345935,2
12351425,12351426,1791345935,1791345937,2
12351426,12351427,1791345937,1791345939,2
12351427,12351428,1791345939,1791345941,2
12351428,12351429,1791345941,1791345943,2
12351429,12351430,1791345943,1791345945,2
12351430,12351431,1791345945,1791345947,2
12351431,12351432,1791345947,1791345949,2
12351432,12351433,1791345949,1791345951,2
12351433,12351434,1791345951,1791345953,2
12351434,12351435,1791345953,1791345955,2
12351435,12351436,1791345955,1791345957,2
12351436,12351437,1791345957,1791345959,2
12351437,12351438,1791345959,1791345961,2
12351438,12351439,1791345961,1791345963,2
12351439,12351440,1791345963,1791345965,2
12351440,12351441,1791345965,1791345967,2
12351441,12351442,1791345967,1791345969,2
12351442,12351443,1791345969,1791345971,2
12351443,12351444,1791345971,1791345973,2
12351444,12351445,1791345973,1791345975,2
12351445,12351446,1791345975,1791345977,2
12351446,12351447,1791345977,1791345979,2
12351447,12351448,1791345979,1791345981,2
12351448,12351449,1791345981,1791345983,2
12351449,12351450,1791345983,1791345985,2
12351450,12351451,1791345985,1791345987,2
12351451,12351452,1791345987,1791345989,2
12351452,12351453,1791345989,1791345991,2
12351453,12351454,1791345991,1791345993,2
12351454,12351455,1791345993,1791345995,2
12351455,12351456,1791345995,1791345997,2
12351456,12351457,1791345997,1791345999,2
12351457,12351458,1791345999,1791346001,2
12351458,12351459,1791346001,1791346003,2
12351459,12351460,1791346003,1791346005,2
12351460,12351461,1791346005,1791346007,2
12351461,12351462,1791346007,1791346009,2
12351462,12351463,1791346009,1791346011,2
12351463,12351464,1791346011,1791346013,2
12351464,12351465,1791346013,1791346015,2
12351465,12351466,1791346015,1791346017,2
12351466,12351467,1791346017,1791346019,2
12351467,12351468,1791346019,1791346021,2
12351468,12351469,1791346021,1791346023,2
12351469,12351470,1791346023,1791346025,2
12351470,12351471,1791346025,1791346027,2
12351471,12351472,1791346027,1791346029,2
12351472,12351473,1791346029,1791346031,2
12351473,12351474,1791346031,1791346033,2
12351474,12351475,1791346033,1791346035,2
12351475,12351476,1791346035,1791346037,2
12351476,12351477,1791346037,1791346039,2
12351477,12351478,1791346039,1791346041,2
12351478,12351479,1791346041,1791346043,2
12351479,12351480,1791346043,1791346045,2
12351480,12351481,1791346045,1791346047,2
12351481,12351482,1791346047,1791346049,2
12351482,12351483,1791346049,1791346051,2
12351483,12351484,1791346051,1791346053,2
12351484,12351485,1791346053,1791346055,2
12351485,12351486,1791346055,1791346057,2
12351486,12351487,1791346057,1791346059,2
12351487,12351488,1791346059,1791346061,2
12351488,12351489,1791346061,1791346063,2
12351489,12351490,1791346063,1791346065,2
12351490,12351491,1791346065,1791346067,2
12351491,12351492,1791346067,1791346069,2
12351492,12351493,1791346069,1791346071,2
12351493,12351494,1791346071,1791346073,2
12351494,12351495,1791346073,1791346075,2
12351495,12351496,1791346075,1791346077,2
12351496,12351497,1791346077,1791346079,2
12351497,12351498,1791346079,1791346081,2
12351498,12351499,1791346081,1791346083,2
12351499,12351500,1791346083,1791346085,2
12351500,12351501,1791346085,1791346087,2
12351501,12351502,1791346087,1791346089,2
12351502,12351503,1791346089,1791346091,2
12351503,12351504,1791346091,1791346093,2
12351504,12351505,1791346093,1791346095,2
12351505,12351506,1791346095,1791346097,2
12351506,12351507,1791346097,1791346099,2
12351507,12351508,1791346099,1791346101,2
12351508,12351509,1791346101,1791346103,2
12351509,12351510,1791346103,1791346105,2
12351510,12351511,1791346105,1791346107,2
12351511,12351512,1791346107,1791346109,2
12351512,12351513,1791346109,1791346111,2
12351513,12351514,1791346111,1791346113,2
12351514,12351515,1791346113,1791346115,2
12351515,12351516,1791346115,1791346117,2
12351516,12351517,1791346117,1791346119,2
12351517,12351518,1791346119,1791346121,2
12351518,12351519,1791346121,1791346123,2
12351519,12351520,1791346123,1791346125,2
12351520,12351521,1791346125,1791346127,2
12351521,12351522,1791346127,1791346129,2
12351522,12351523,1791346129,1791346131,2
12351523,12351524,1791346131,1791346133,2
12351524,12351525,1791346133,1791346135,2
12351525,12351526,1791346135,1791346137,2
12351526,12351527,1791346137,1791346139,2
12351527,12351528,1791346139,1791346141,2
12351528,12351529,1791346141,1791346143,2
12351529,12351530,1791346143,1791346145,2
12351530,12351531,1791346145,1791346147,2
12351531,12351532,1791346147,1791346149,2
12351532,12351533,1791346149,1791346151,2
12351533,12351534,1791346151,1791346153,2
12351534,12351535,1791346153,1791346155,2
12351535,12351536,1791346155,1791346157,2
12351536,12351537,1791346157,1791346159,2
12351537,12351538,1791346159,1791346161,2
12351538,12351539,1791346161,1791346163,2
12351539,12351540,1791346163,1791346165,2
12351540,12351541,1791346165,1791346167,2
12351541,12351542,1791346167,1791346169,2
12351542,12351543,1791346169,1791346171,2
12351543,12351544,1791346171,1791346173,2
12351544,12351545,1791346173,1791346175,2
12351545,12351546,1791346175,1791346177,2
12351546,12351547,1791346177,1791346179,2
12351547,12351548,1791346179,1791346181,2
12351548,12351549,1791346181,1791346183,2
12351549,12351550,1791346183,1791346185,2
12351550,12351551,1791346185,1791346187,2
12351551,12351552,1791346187,1791346189,2
12351552,12351553,1791346189,1791346191,2
12351553,12351554,1791346191,1791346193,2
12351554,12351555,1791346193,1791346195,2
12351555,12351556,1791346195,1791346197,2
12351556,12351557,1791346197,1791346199,2
12351557,12351558,1791346199,1791346201,2
12351558,12351559,1791346201,1791346203,2
12351559,12351560,1791346203,1791346205,2
12351560,12351561,1791346205,1791346207,2
12351561,12351562,1791346207,1791346209,2
12351562,12351563,1791346209,1791346211,2
12351563,12351564,1791346211,1791346213,2
12351564,12351565,1791346213,1791346215,2
12351565,12351566,1791346215,1791346217,2
12351566,12351567,1791346217,1791346219,2
12351567,12351568,1791346219,1791346221,2
12351568,12351569,1791346221,1791346223,2
12351569,12351570,1791346223,1791346225,2
12351570,12351571,1791346225,1791346227,2
12351571,12351572,1791346227,1791346229,2
12351572,12351573,1791346229,1791346231,2
12351573,12351574,1791346231,1791346233,2
12351574,12351575,1791346233,1791346235,2
12351575,12351576,1791346235,1791346237,2
12351576,12351577,1791346237,1791346239,2
12351577,12351578,1791346239,1791346241,2
12351578,12351579,1791346241,1791346243,2
12351579,12351580,1791346243,1791346245,2
12351580,12351581,1791346245,1791346247,2
12351581,12351582,1791346247,1791346249,2
12351582,12351583,1791346249,1791346251,2
12351583,12351584,1791346251,1791346253,2
12351584,12351585,1791346253,1791346255,2
12351585,12351586,1791346255,1791346257,2
12351586,12351587,1791346257,1791346259,2
12351587,12351588,1791346259,1791346261,2
12351588,12351589,1791346261,1791346263,2
12351589,12351590,1791346263,1791346265,2
12351590,12351591,1791346265,1791346267,2
12351591,12351592,1791346267,1791346269,2
12351592,12351593,1791346269,1791346271,2
12351593,12351594,1791346271,1791346273,2
12351594,12351595,1791346273,1791346275,2
12351595,12351596,1791346275,1791346277,2
12351596,12351597,1791346277,1791346279,2
12351597,12351598,1791346279,1791346281,2
12351598,12351599,1791346281,1791346283,2
12351599,12351600,1791346283,1791346285,2
12351600,12351601,1791346285,1791346287,2
12351601,12351602,1791346287,1791346289,2
12351602,12351603,1791346289,1791346291,2
12351603,12351604,1791346291,1791346293,2
12351604,12351605,1791346293,1791346295,2
12351605,12351606,1791346295,1791346297,2
12351606,12351607,1791346297,1791346299,2
12351607,12351608,1791346299,1791346301,2
12351608,12351609,1791346301,1791346303,2
12351609,12351610,1791346303,1791346305,2
12351610,12351611,1791346305,1791346307,2
12351611,12351612,1791346307,1791346309,2
12351612,12351613,1791346309,1791346311,2
12351613,12351614,1791346311,1791346313,2
12351614,12351615,1791346313,1791346315,2
12351615,12351616,1791346315,1791346317,2
12351616,12351617,1791346317,1791346319,2
12351617,12351618,1791346319,1791346321,2
12351618,12351619,1791346321,1791346323,2
12351619,12351620,1791346323,1791346325,2
12351620,12351621,1791346325,1791346327,2
12351621,12351622,1791346327,1791346329,2
12351622,12351623,1791346329,1791346331,2
12351623,12351624,1791346331,1791346333,2
12351624,12351625,1791346333,1791346335,2
12351625,12351626,1791346335,1791346337,2
12351626,12351627,1791346337,1791346339,2
12351627,12351628,1791346339,1791346341,2
12351628,12351629,1791346341,1791346343,2
12351629,12351630,1791346343,1791346345,2
12351630,12351631,1791346345,1791346347,2
12351631,12351632,1791346347,1791346349,2
12351632,12351633,1791346349,1791346351,2
12351633,12351634,1791346351,1791346353,2
12351634,12351635,1791346353,1791346355,2
12351635,12351636,1791346355,1791346357,2
12351636,12351637,1791346357,1791346359,2
12351637,12351638,1791346359,1791346361,2
12351638,12351639,1791346361,1791346363,2
12351639,12351640,1791346363,1791346365,2
12351640,12351641,1791346365,1791346367,2
12351641,12351642,1791346367,1791346369,2
12351642,12351643,1791346369,1791346371,2
12351643,12351644,1791346371,1791346373,2
12351644,12351645,1791346373,1791346375,2
12351645,12351646,1791346375,1791346377,2
12351646,12351647,1791346377,1791346379,2
12351647,12351648,1791346379,1791346381,2
12351648,12351649,1791346381,1791346383,2
12351649,12351650,1791346383,1791346385,2
12351650,12351651,1791346385,1791346387,2
12351651,12351652,1791346387,1791346389,2
12351652,12351653,1791346389,1791346391,2
12351653,12351654,1791346391,1791346393,2
12351654,12351655,1791346393,1791346395,2
12351655,12351656,1791346395,1791346397,2
12351656,12351657,1791346397,1791346399,2
12351657,12351658,1791346399,1791346401,2
12351658,12351659,1791346401,1791346403,2
12351659,12351660,1791346403,1791346405,2
12351660,12351661,1791346405,1791346407,2
12351661,12351662,1791346407,1791346409,2
12351662,12351663,1791346409,1791346411,2
12351663,12351664,1791346411,1791346413,2
12351664,12351665,1791346413,1791346415,2
12351665,12351666,1791346415,1791346417,2
12351666,12351667,1791346417,1791346419,2
12351667,12351668,1791346419,1791346421,2
12351668,12351669,1791346421,1791346423,2
12351669,12351670,1791346423,1791346425,2
12351670,12351671,1791346425,1791346427,2
12351671,12351672,1791346427,1791346429,2
12351672,12351673,1791346429,1791346431,2
12351673,12351674,1791346431,1791346433,2
12351674,12351675,1791346433,1791346435,2
12351675,12351676,1791346435,1791346437,2
12351676,12351677,1791346437,1791346439,2
12351677,12351678,1791346439,1791346441,2
12351678,12351679,1791346441,1791346443,2
12351679,12351680,1791346443,1791346445,2
12351680,12351681,1791346445,1791346447,2
12351681,12351682,1791346447,1791346449,2
12351682,12351683,1791346449,1791346451,2
12351683,12351684,1791346451,1791346453,2
12351684,12351685,1791346453,1791346455,2
12351685,12351686,1791346455,1791346457,2
12351686,12351687,1791346457,1791346459,2
12351687,12351688,1791346459,1791346461,2
12351688,12351689,1791346461,1791346463,2
12351689,12351690,1791346463,1791346465,2
12351690,12351691,1791346465,1791346467,2
12351691,12351692,1791346467,1791346469,2
12351692,12351693,1791346469,1791346471,2
12351693,12351694,1791346471,1791346473,2
12351694,12351695,1791346473,1791346475,2
12351695,12351696,1791346475,1791346477,2
12351696,12351697,1791346477,1791346479,2
12351697,12351698,1791346479,1791346481,2
12351698,12351699,1791346481,1791346483,2
12351699,12351700,1791346483,1791346485,2
12351700,12351701,1791346485,1791346487,2
12351701,12351702,1791346487,1791346489,2
12351702,12351703,1791346489,1791346491,2
12351703,12351704,1791346491,1791346493,2
12351704,12351705,1791346493,1791346495,2
12351705,12351706,1791346495,1791346497,2
12351706,12351707,1791346497,1791346499,2
12351707,12351708,1791346499,1791346501,2
12351708,12351709,1791346501,1791346503,2
12351709,12351710,1791346503,1791346505,2
12351710,12351711,1791346505,1791346507,2
12351711,12351712,1791346507,1791346509,2
12351712,12351713,1791346509,1791346511,2
12351713,12351714,1791346511,1791346513,2
12351714,12351715,1791346513,1791346515,2
12351715,12351716,1791346515,1791346517,2
12351716,12351717,1791346517,1791346519,2
12351717,12351718,1791346519,1791346521,2
12351718,12351719,1791346521,1791346523,2
12351719,12351720,1791346523,1791346525,2
12351720,12351721,1791346525,1791346527,2
12351721,12351722,1791346527,1791346529,2
12351722,12351723,1791346529,1791346531,2
12351723,12351724,1791346531,1791346533,2
12351724,12351725,1791346533,1791346535,2
12351725,12351726,1791346535,1791346537,2
12351726,12351727,1791346537,1791346539,2
12351727,12351728,1791346539,1791346541,2
12351728,12351729,1791346541,1791346543,2
12351729,12351730,1791346543,1791346545,2
12351730,12351731,1791346545,1791346547,2
12351731,12351732,1791346547,1791346549,2
12351732,12351733,1791346549,1791346551,2
12351733,12351734,1791346551,1791346553,2
12351734,12351735,1791346553,1791346555,2
12351735,12351736,1791346555,1791346557,2
12351736,12351737,1791346557,1791346559,2
12351737,12351738,1791346559,1791346561,2
12351738,12351739,1791346561,1791346563,2
12351739,12351740,1791346563,1791346565,2
12351740,12351741,1791346565,1791346567,2
12351741,12351742,1791346567,1791346569,2
12351742,12351743,1791346569,1791346571,2
12351743,12351744,1791346571,1791346573,2
12351744,12351745,1791346573,1791346575,2
12351745,12351746,1791346575,1791346577,2
12351746,12351747,1791346577,1791346579,2
12351747,12351748,1791346579,1791346581,2
12351748,12351749,1791346581,1791346583,2
12351749,12351750,1791346583,1791346585,2
12351750,12351751,1791346585,1791346587,2
12351751,12351752,1791346587,1791346589,2
12351752,12351753,1791346589,1791346591,2
12351753,12351754,1791346591,1791346593,2
12351754,12351755,1791346593,1791346595,2
12351755,12351756,1791346595,1791346597,2
12351756,12351757,1791346597,1791346599,2
12351757,12351758,1791346599,1791346601,2
12351758,12351759,1791346601,1791346603,2
12351759,12351760,1791346603,1791346605,2
12351760,12351761,1791346605,1791346607,2
12351761,12351762,1791346607,1791346609,2
12351762,12351763,1791346609,1791346611,2
12351763,12351764,1791346611,1791346613,2
12351764,12351765,1791346613,1791346615,2
12351765,12351766,1791346615,1791346617,2
12351766,12351767,1791346617,1791346619,2
12351767,12351768,1791346619,1791346621,2
12351768,12351769,1791346621,1791346623,2
12351769,12351770,1791346623,1791346625,2
12351770,12351771,1791346625,1791346627,2
12351771,12351772,1791346627,1791346629,2
12351772,12351773,1791346629,1791346631,2
12351773,12351774,1791346631,1791346633,2
12351774,12351775,1791346633,1791346635,2
12351775,12351776,1791346635,1791346637,2
12351776,12351777,1791346637,1791346639,2
12351777,12351778,1791346639,1791346641,2
12351778,12351779,1791346641,1791346643,2
12351779,12351780,1791346643,1791346645,2
12351780,12351781,1791346645,1791346647,2
12351781,12351782,1791346647,1791346649,2
12351782,12351783,1791346649,1791346651,2
12351783,12351784,1791346651,1791346653,2
12351784,12351785,1791346653,1791346655,2
12351785,12351786,1791346655,1791346657,2
12351786,12351787,1791346657,1791346659,2
12351787,12351788,1791346659,1791346661,2
12351788,12351789,1791346661,1791346663,2
12351789,12351790,1791346663,1791346665,2
12351790,12351791,1791346665,1791346667,2
12351791,12351792,1791346667,1791346669,2
12351792,12351793,1791346669,1791346671,2
12351793,12351794,1791346671,1791346673,2
12351794,12351795,1791346673,1791346675,2
12351795,12351796,1791346675,1791346677,2
12351796,12351797,1791346677,1791346679,2
12351797,12351798,1791346679,1791346681,2
12351798,12351799,1791346681,1791346683,2
12351799,12351800,1791346683,1791346685,2
12351800,12351801,1791346685,1791346687,2
12351801,12351802,1791346687,1791346689,2
12351802,12351803,1791346689,1791346691,2
12351803,12351804,1791346691,1791346693,2
12351804,12351805,1791346693,1791346695,2
12351805,12351806,1791346695,1791346697,2
12351806,12351807,1791346697,1791346699,2
12351807,12351808,1791346699,1791346701,2
12351808,12351809,1791346701,1791346703,2
12351809,12351810,1791346703,1791346705,2
12351810,12351811,1791346705,1791346707,2
12351811,12351812,1791346707,1791346709,2
12351812,12351813,1791346709,1791346711,2
12351813,12351814,1791346711,1791346713,2
12351814,12351815,1791346713,1791346715,2
12351815,12351816,1791346715,1791346717,2
12351816,12351817,1791346717,1791346719,2
12351817,12351818,1791346719,1791346721,2
12351818,12351819,1791346721,1791346723,2
12351819,12351820,1791346723,1791346725,2
12351820,12351821,1791346725,1791346727,2
12351821,12351822,1791346727,1791346729,2
12351822,12351823,1791346729,1791346731,2
12351823,12351824,1791346731,1791346733,2
12351824,12351825,1791346733,1791346735,2
12351825,12351826,1791346735,1791346737,2
12351826,12351827,1791346737,1791346739,2
12351827,12351828,1791346739,1791346741,2
12351828,12351829,1791346741,1791346743,2
12351829,12351830,1791346743,1791346745,2
12351830,12351831,1791346745,1791346747,2
12351831,12351832,1791346747,1791346749,2
12351832,12351833,1791346749,1791346751,2
12351833,12351834,1791346751,1791346753,2
12351834,12351835,1791346753,1791346755,2
12351835,12351836,1791346755,1791346757,2
12351836,12351837,1791346757,1791346759,2
12351837,12351838,1791346759,1791346761,2
12351838,12351839,1791346761,1791346763,2
12351839,12351840,1791346763,1791346765,2
12351840,12351841,1791346765,1791346767,2
12351841,12351842,1791346767,1791346769,2
12351842,12351843,1791346769,1791346771,2
12351843,12351844,1791346771,1791346773,2
12351844,12351845,1791346773,1791346775,2
12351845,12351846,1791346775,1791346777,2
12351846,12351847,1791346777,1791346779,2
12351847,12351848,1791346779,1791346781,2
12351848,12351849,1791346781,1791346783,2
12351849,12351850,1791346783,1791346785,2
12351850,12351851,1791346785,1791346787,2
12351851,12351852,1791346787,1791346789,2
12351852,12351853,1791346789,1791346791,2
12351853,12351854,1791346791,1791346793,2
12351854,12351855,1791346793,1791346795,2
12351855,12351856,1791346795,1791346797,2
12351856,12351857,1791346797,1791346799,2
12351857,12351858,1791346799,1791346801,2
12351858,12351859,1791346801,1791346803,2
12351859,12351860,1791346803,1791346805,2
12351860,12351861,1791346805,1791346807,2
12351861,12351862,1791346807,1791346809,2
12351862,12351863,1791346809,1791346811,2
12351863,12351864,1791346811,1791346813,2
12351864,12351865,1791346813,1791346815,2
12351865,12351866,1791346815,1791346817,2
12351866,12351867,1791346817,1791346819,2
12351867,12351868,1791346819,1791346821,2
12351868,12351869,1791346821,1791346823,2
12351869,12351870,1791346823,1791346825,2
12351870,12351871,1791346825,1791346827,2
12351871,12351872,1791346827,1791346829,2
12351872,12351873,1791346829,1791346831,2
12351873,12351874,1791346831,1791346833,2
12351874,12351875,1791346833,1791346835,2
12351875,12351876,1791346835,1791346837,2
12351876,12351877,1791346837,1791346839,2
12351877,12351878,1791346839,1791346841,2
12351878,12351879,1791346841,1791346843,2
12351879,12351880,1791346843,1791346845,2
12351880,12351881,1791346845,1791346847,2
12351881,12351882,1791346847,1791346849,2
12351882,12351883,1791346849,1791346851,2
12351883,12351884,1791346851,1791346853,2
12351884,12351885,1791346853,1791346855,2
12351885,12351886,1791346855,1791346857,2
12351886,12351887,1791346857,1791346859,2
12351887,12351888,1791346859,1791346861,2
12351888,12351889,1791346861,1791346863,2
12351889,12351890,1791346863,1791346865,2
12351890,12351891,1791346865,1791346867,2
12351891,12351892,1791346867,1791346869,2
12351892,12351893,1791346869,1791346871,2
12351893,12351894,1791346871,1791346873,2
12351894,12351895,1791346873,1791346875,2
12351895,12351896,1791346875,1791346877,2
12351896,12351897,1791346877,1791346879,2
12351897,12351898,1791346879,1791346881,2
12351898,12351899,1791346881,1791346883,2
12351899,12351900,1791346883,1791346885,2
12351900,12351901,1791346885,1791346887,2
12351901,12351902,1791346887,1791346889,2
12351902,12351903,1791346889,1791346891,2
12351903,12351904,1791346891,1791346893,2
12351904,12351905,1791346893,1791346895,2
12351905,12351906,1791346895,1791346897,2
12351906,12351907,1791346897,1791346899,2
12351907,12351908,1791346899,1791346901,2
12351908,12351909,1791346901,1791346903,2
12351909,12351910,1791346903,1791346905,2
12351910,12351911,1791346905,1791346907,2
12351911,12351912,1791346907,1791346909,2
12351912,12351913,1791346909,1791346911,2
12351913,12351914,1791346911,1791346913,2
12351914,12351915,1791346913,1791346915,2
12351915,12351916,1791346915,1791346917,2
12351916,12351917,1791346917,1791346919,2
12351917,12351918,1791346919,1791346921,2
12351918,12351919,1791346921,1791346923,2
12351919,12351920,1791346923,1791346925,2
12351920,12351921,1791346925,1791346927,2
12351921,12351922,1791346927,1791346929,2
12351922,12351923,1791346929,1791346931,2
12351923,12351924,1791346931,1791346933,2
12351924,12351925,1791346933,1791346935,2
12351925,12351926,1791346935,1791346937,2
12351926,12351927,1791346937,1791346939,2
12351927,12351928,1791346939,1791346941,2
12351928,12351929,1791346941,1791346943,2
12351929,12351930,1791346943,1791346945,2
12351930,12351931,1791346945,1791346947,2
12351931,12351932,1791346947,1791346949,2
12351932,12351933,1791346949,1791346951,2
12351933,12351934,1791346951,1791346953,2
12351934,12351935,1791346953,1791346955,2
12351935,12351936,1791346955,1791346957,2
12351936,12351937,1791346957,1791346959,2
12351937,12351938,1791346959,1791346961,2
12351938,12351939,1791346961,1791346963,2
12351939,12351940,1791346963,1791346965,2
12351940,12351941,1791346965,1791346967,2
12351941,12351942,1791346967,1791346969,2
12351942,12351943,1791346969,1791346971,2
12351943,12351944,1791346971,1791346973,2
12351944,12351945,1791346973,1791346975,2
12351945,12351946,1791346975,1791346977,2
12351946,12351947,1791346977,1791346979,2
12351947,12351948,1791346979,1791346981,2
12351948,12351949,1791346981,1791346983,2
12351949,12351950,1791346983,1791346985,2
12351950,12351951,1791346985,1791346987,2
12351951,12351952,1791346987,1791346989,2
12351952,12351953,1791346989,1791346991,2
12351953,12351954,1791346991,1791346993,2
12351954,12351955,1791346993,1791346995,2
12351955,12351956,1791346995,1791346997,2
12351956,12351957,1791346997,1791346999,2
12351957,12351958,1791346999,1791347001,2
12351958,12351959,1791347001,1791347003,2
12351959,12351960,1791347003,1791347005,2
12351960,12351961,1791347005,1791347007,2
12351961,12351962,1791347007,1791347009,2
12351962,12351963,1791347009,1791347011,2
12351963,12351964,1791347011,1791347013,2
12351964,12351965,1791347013,1791347015,2
12351965,12351966,1791347015,1791347017,2
12351966,12351967,1791347017,1791347019,2
12351967,12351968,1791347019,1791347021,2
12351968,12351969,1791347021,1791347023,2
12351969,12351970,1791347023,1791347025,2
12351970,12351971,1791347025,1791347027,2
12351971,12351972,1791347027,1791347029,2
12351972,12351973,1791347029,1791347031,2
12351973,12351974,1791347031,1791347033,2
12351974,12351975,1791347033,1791347035,2
12351975,12351976,1791347035,1791347037,2
12351976,12351977,1791347037,1791347039,2
12351977,12351978,1791347039,1791347041,2
12351978,12351979,1791347041,1791347043,2
12351979,12351980,1791347043,1791347045,2
12351980,12351981,1791347045,1791347047,2
12351981,12351982,1791347047,1791347049,2
12351982,12351983,1791347049,1791347051,2
12351983,12351984,1791347051,1791347053,2
12351984,12351985,1791347053,1791347055,2
12351985,12351986,1791347055,1791347057,2
12351986,12351987,1791347057,1791347059,2
12351987,12351988,1791347059,1791347061,2
12351988,12351989,1791347061,1791347063,2
12351989,12351990,1791347063,1791347065,2
12351990,12351991,1791347065,1791347067,2
12351991,12351992,1791347067,1791347069,2
12351992,12351993,1791347069,1791347071,2
12351993,12351994,1791347071,1791347073,2
12351994,12351995,1791347073,1791347075,2
12351995,12351996,1791347075,1791347077,2
12351996,12351997,1791347077,1791347079,2
12351997,12351998,1791347079,1791347081,2
12351998,12351999,1791347081,1791347083,2
12351999,12352000,1791347083,1791347085,2
12352000,12352001,1791347085,1791347087,2
12352001,12352002,1791347087,1791347089,2
12352002,12352003,1791347089,1791347091,2
12352003,12352004,1791347091,1791347093,2
12352004,12352005,1791347093,1791347095,2
12352005,12352006,1791347095,1791347097,2
12352006,12352007,1791347097,1791347099,2
12352007,12352008,1791347099,1791347101,2
12352008,12352009,1791347101,1791347103,2
12352009,12352010,1791347103,1791347105,2
12352010,12352011,1791347105,1791347107,2
12352011,12352012,1791347107,1791347109,2
12352012,12352013,1791347109,1791347111,2
12352013,12352014,1791347111,1791347113,2
12352014,12352015,1791347113,1791347115,2
12352015,12352016,1791347115,1791347117,2
12352016,12352017,1791347117,1791347119,2
12352017,12352018,1791347119,1791347121,2
12352018,12352019,1791347121,1791347123,2
12352019,12352020,1791347123,1791347125,2
12352020,12352021,1791347125,1791347127,2
12352021,12352022,1791347127,1791347129,2
12352022,12352023,1791347129,1791347131,2
12352023,12352024,1791347131,1791347133,2
12352024,12352025,1791347133,1791347135,2
12352025,12352026,1791347135,1791347137,2
12352026,12352027,1791347137,1791347139,2
12352027,12352028,1791347139,1791347141,2
12352028,12352029,1791347141,1791347143,2
12352029,12352030,1791347143,1791347145,2
12352030,12352031,1791347145,1791347147,2
12352031,12352032,1791347147,1791347149,2
12352032,12352033,1791347149,1791347151,2
12352033,12352034,1791347151,1791347153,2
12352034,12352035,1791347153,1791347155,2
12352035,12352036,1791347155,1791347157,2
12352036,12352037,1791347157,1791347159,2
12352037,12352038,1791347159,1791347161,2
12352038,12352039,1791347161,1791347163,2
12352039,12352040,1791347163,1791347165,2
12352040,12352041,1791347165,1791347167,2
12352041,12352042,1791347167,1791347169,2
12352042,12352043,1791347169,1791347171,2
12352043,12352044,1791347171,1791347173,2
12352044,12352045,1791347173,1791347175,2
12352045,12352046,1791347175,1791347177,2
12352046,12352047,1791347177,1791347179,2
12352047,12352048,1791347179,1791347181,2
12352048,12352049,1791347181,1791347183,2
12352049,12352050,1791347183,1791347185,2
12352050,12352051,1791347185,1791347187,2
12352051,12352052,1791347187,1791347189,2
12352052,12352053,1791347189,1791347191,2
12352053,12352054,1791347191,1791347193,2
12352054,12352055,1791347193,1791347195,2
12352055,12352056,1791347195,1791347197,2
12352056,12352057,1791347197,1791347199,2
12352057,12352058,1791347199,1791347201,2
12352058,12352059,1791347201,1791347203,2
12352059,12352060,1791347203,1791347205,2
12352060,12352061,1791347205,1791347207,2
12352061,12352062,1791347207,1791347209,2
12352062,12352063,1791347209,1791347211,2
12352063,12352064,1791347211,1791347213,2
12352064,12352065,1791347213,1791347215,2
12352065,12352066,1791347215,1791347217,2
12352066,12352067,1791347217,1791347219,2
12352067,12352068,1791347219,1791347221,2
12352068,12352069,1791347221,1791347223,2
12352069,12352070,1791347223,1791347225,2
12352070,12352071,1791347225,1791347227,2
12352071,12352072,1791347227,1791347229,2
12352072,12352073,1791347229,1791347231,2
12352073,12352074,1791347231,1791347233,2
12352074,12352075,1791347233,1791347235,2
12352075,12352076,1791347235,1791347237,2
12352076,12352077,1791347237,1791347239,2
12352077,12352078,1791347239,1791347241,2
12352078,12352079,1791347241,1791347243,2
12352079,12352080,1791347243,1791347245,2
12352080,12352081,1791347245,1791347247,2
12352081,12352082,1791347247,1791347249,2
12352082,12352083,1791347249,1791347251,2
12352083,12352084,1791347251,1791347253,2
12352084,12352085,1791347253,1791347255,2
12352085,12352086,1791347255,1791347257,2
12352086,12352087,1791347257,1791347259,2
12352087,12352088,1791347259,1791347261,2
12352088,12352089,1791347261,1791347263,2
12352089,12352090,1791347263,1791347265,2
12352090,12352091,1791347265,1791347267,2
12352091,12352092,1791347267,1791347269,2
12352092,12352093,1791347269,1791347271,2
12352093,12352094,1791347271,1791347273,2
12352094,12352095,1791347273,1791347275,2
12352095,12352096,1791347275,1791347277,2
12352096,12352097,1791347277,1791347279,2
12352097,12352098,1791347279,1791347281,2
12352098,12352099,1791347281,1791347283,2
12352099,12352100,1791347283,1791347285,2
12352100,12352101,1791347285,1791347287,2
12352101,12352102,1791347287,1791347289,2
12352102,12352103,1791347289,1791347291,2
12352103,12352104,1791347291,1791347293,2
12352104,12352105,1791347293,1791347295,2
12352105,12352106,1791347295,1791347297,2
12352106,12352107,1791347297,1791347299,2
12352107,12352108,1791347299,1791347301,2
12352108,12352109,1791347301,1791347303,2
12352109,12352110,1791347303,1791347305,2
12352110,12352111,1791347305,1791347307,2
12352111,12352112,1791347307,1791347309,2
12352112,12352113,1791347309,1791347311,2
12352113,12352114,1791347311,1791347313,2
12352114,12352115,1791347313,1791347315,2
12352115,12352116,1791347315,1791347317,2
12352116,12352117,1791347317,1791347319,2
12352117,12352118,1791347319,1791347321,2
12352118,12352119,1791347321,1791347323,2
12352119,12352120,1791347323,1791347325,2
12352120,12352121,1791347325,1791347327,2
12352121,12352122,1791347327,1791347329,2
12352122,12352123,1791347329,1791347331,2
12352123,12352124,1791347331,1791347333,2
12352124,12352125,1791347333,1791347335,2
12352125,12352126,1791347335,1791347337,2
12352126,12352127,1791347337,1791347339,2
12352127,12352128,1791347339,1791347341,2
12352128,12352129,1791347341,1791347343,2
12352129,12352130,1791347343,1791347345,2
12352130,12352131,1791347345,1791347347,2
12352131,12352132,1791347347,1791347349,2
12352132,12352133,1791347349,1791347351,2
12352133,12352134,1791347351,1791347353,2
12352134,12352135,1791347353,1791347355,2
12352135,12352136,1791347355,1791347357,2
12352136,12352137,1791347357,1791347359,2
12352137,12352138,1791347359,1791347361,2
12352138,12352139,1791347361,1791347363,2
12352139,12352140,1791347363,1791347365,2
12352140,12352141,1791347365,1791347367,2
12352141,12352142,1791347367,1791347369,2
12352142,12352143,1791347369,1791347371,2
12352143,12352144,1791347371,1791347373,2
12352144,12352145,1791347373,1791347375,2
12352145,12352146,1791347375,1791347377,2
12352146,12352147,1791347377,1791347379,2
12352147,12352148,1791347379,1791347381,2
12352148,12352149,1791347381,1791347383,2
12352149,12352150,1791347383,1791347385,2
12352150,12352151,1791347385,1791347387,2
12352151,12352152,1791347387,1791347389,2
12352152,12352153,1791347389,1791347391,2
12352153,12352154,1791347391,1791347393,2
12352154,12352155,1791347393,1791347395,2
12352155,12352156,1791347395,1791347397,2
12352156,12352157,1791347397,1791347399,2
12352157,12352158,1791347399,1791347401,2
12352158,12352159,1791347401,1791347403,2
12352159,12352160,1791347403,1791347405,2
12352160,12352161,1791347405,1791347407,2
12352161,12352162,1791347407,1791347409,2
12352162,12352163,1791347409,1791347411,2
12352163,12352164,1791347411,1791347413,2
12352164,12352165,1791347413,1791347415,2
12352165,12352166,1791347415,1791347417,2
12352166,12352167,1791347417,1791347419,2
12352167,12352168,1791347419,1791347421,2
12352168,12352169,1791347421,1791347423,2
12352169,12352170,1791347423,1791347425,2
12352170,12352171,1791347425,1791347427,2
12352171,12352172,1791347427,1791347429,2
12352172,12352173,1791347429,1791347431,2
12352173,12352174,1791347431,1791347433,2
12352174,12352175,1791347433,1791347435,2
12352175,12352176,1791347435,1791347437,2
12352176,12352177,1791347437,1791347439,2
12352177,12352178,1791347439,1791347441,2
12352178,12352179,1791347441,1791347443,2
12352179,12352180,1791347443,1791347445,2
12352180,12352181,1791347445,1791347447,2
12352181,12352182,1791347447,1791347449,2
12352182,12352183,1791347449,1791347451,2
12352183,12352184,1791347451,1791347453,2
12352184,12352185,1791347453,1791347455,2
12352185,12352186,1791347455,1791347457,2
12352186,12352187,1791347457,1791347459,2
12352187,12352188,1791347459,1791347461,2
12352188,12352189,1791347461,1791347463,2
12352189,12352190,1791347463,1791347465,2
12352190,12352191,1791347465,1791347467,2
12352191,12352192,1791347467,1791347469,2
12352192,12352193,1791347469,1791347471,2
12352193,12352194,1791347471,1791347473,2
12352194,12352195,1791347473,1791347475,2
12352195,12352196,1791347475,1791347477,2
12352196,12352197,1791347477,1791347479,2
12352197,12352198,1791347479,1791347481,2
12352198,12352199,1791347481,1791347483,2
12352199,12352200,1791347483,1791347485,2
12352200,12352201,1791347485,1791347487,2
12352201,12352202,1791347487,1791347489,2
12352202,12352203,1791347489,1791347491,2
12352203,12352204,1791347491,1791347493,2
12352204,12352205,1791347493,1791347495,2
12352205,12352206,1791347495,1791347497,2
12352206,12352207,1791347497,1791347499,2
12352207,12352208,1791347499,1791347501,2
12352208,12352209,1791347501,1791347503,2
12352209,12352210,1791347503,1791347505,2
12352210,12352211,1791347505,1791347507,2
12352211,12352212,1791347507,1791347509,2
12352212,12352213,1791347509,1791347511,2
12352213,12352214,1791347511,1791347513,2
12352214,12352215,1791347513,1791347515,2
12352215,12352216,1791347515,1791347517,2
12352216,12352217,1791347517,1791347519,2
12352217,12352218,1791347519,1791347521,2
12352218,12352219,1791347521,1791347523,2
12352219,12352220,1791347523,1791347525,2
12352220,12352221,1791347525,1791347527,2
12352221,12352222,1791347527,1791347529,2
12352222,12352223,1791347529,1791347531,2
12352223,12352224,1791347531,1791347533,2
12352224,12352225,1791347533,1791347535,2
12352225,12352226,1791347535,1791347537,2
12352226,12352227,1791347537,1791347539,2
12352227,12352228,1791347539,1791347541,2
12352228,12352229,1791347541,1791347543,2
12352229,12352230,1791347543,1791347545,2
12352230,12352231,1791347545,1791347547,2
12352231,12352232,1791347547,1791347549,2
12352232,12352233,1791347549,1791347551,2
12352233,12352234,1791347551,1791347553,2
12352234,12352235,1791347553,1791347555,2
12352235,12352236,1791347555,1791347557,2
12352236,12352237,1791347557,1791347559,2
12352237,12352238,1791347559,1791347561,2
12352238,12352239,1791347561,1791347563,2
12352239,12352240,1791347563,1791347565,2
12352240,12352241,1791347565,1791347567,2
12352241,12352242,1791347567,1791347569,2
12352242,12352243,1791347569,1791347571,2
12352243,12352244,1791347571,1791347573,2
12352244,12352245,1791347573,1791347575,2
12352245,12352246,1791347575,1791347577,2
12352246,12352247,1791347577,1791347579,2
12352247,12352248,1791347579,1791347581,2
12352248,12352249,1791347581,1791347583,2
12352249,12352250,1791347583,1791347585,2
12352250,12352251,1791347585,1791347587,2
12352251,12352252,1791347587,1791347589,2
12352252,12352253,1791347589,1791347591,2
12352253,12352254,1791347591,1791347593,2
12352254,12352255,1791347593,1791347595,2
12352255,12352256,1791347595,1791347597,2
12352256,12352257,1791347597,1791347599,2
12352257,12352258,1791347599,1791347601,2
12352258,12352259,1791347601,1791347603,2
12352259,12352260,1791347603,1791347605,2
12352260,12352261,1791347605,1791347607,2
12352261,12352262,1791347607,1791347609,2
12352262,12352263,1791347609,1791347611,2
12352263,12352264,1791347611,1791347613,2
12352264,12352265,1791347613,1791347615,2
12352265,12352266,1791347615,1791347617,2
12352266,12352267,1791347617,1791347619,2
12352267,12352268,1791347619,1791347621,2
12352268,12352269,1791347621,1791347623,2
12352269,12352270,1791347623,1791347625,2
12352270,12352271,1791347625,1791347627,2
12352271,12352272,1791347627,1791347629,2
12352272,12352273,1791347629,1791347631,2
12352273,12352274,1791347631,1791347633,2
12352274,12352275,1791347633,1791347635,2
12352275,12352276,1791347635,1791347637,2
12352276,12352277,1791347637,1791347639,2
12352277,12352278,1791347639,1791347641,2
12352278,12352279,1791347641,1791347643,2
12352279,12352280,1791347643,1791347645,2
12352280,12352281,1791347645,1791347647,2
12352281,12352282,1791347647,1791347649,2
12352282,12352283,1791347649,1791347651,2
12352283,12352284,1791347651,1791347653,2
12352284,12352285,1791347653,1791347655,2
12352285,12352286,1791347655,1791347657,2
12352286,12352287,1791347657,1791347659,2
12352287,12352288,1791347659,1791347661,2
12352288,12352289,1791347661,1791347663,2
12352289,12352290,1791347663,1791347665,2
12352290,12352291,1791347665,1791347667,2
12352291,12352292,1791347667,1791347669,2
12352292,12352293,1791347669,1791347671,2
12352293,12352294,1791347671,1791347673,2
12352294,12352295,1791347673,1791347675,2
12352295,12352296,1791347675,1791347677,2
12352296,12352297,1791347677,1791347679,2
12352297,12352298,1791347679,1791347681,2
12352298,12352299,1791347681,1791347683,2
12352299,12352300,1791347683,1791347685,2
12352300,12352301,1791347685,1791347687,2
12352301,12352302,1791347687,1791347689,2
12352302,12352303,1791347689,1791347691,2
12352303,12352304,1791347691,1791347693,2
12352304,12352305,1791347693,1791347695,2
12352305,12352306,1791347695,1791347697,2
12352306,12352307,1791347697,1791347699,2
12352307,12352308,1791347699,1791347701,2
12352308,12352309,1791347701,1791347703,2
12352309,12352310,1791347703,1791347705,2
12352310,12352311,1791347705,1791347707,2
12352311,12352312,1791347707,1791347709,2
12352312,12352313,1791347709,1791347711,2
12352313,12352314,1791347711,1791347713,2
12352314,12352315,1791347713,1791347715,2
12352315,12352316,1791347715,1791347717,2
12352316,12352317,1791347717,1791347719,2
12352317,12352318,1791347719,1791347721,2
12352318,12352319,1791347721,1791347723,2
12352319,12352320,1791347723,1791347725,2
12352320,12352321,1791347725,1791347727,2
12352321,12352322,1791347727,1791347729,2
12352322,12352323,1791347729,1791347731,2
12352323,12352324,1791347731,1791347733,2
12352324,12352325,1791347733,1791347735,2
12352325,12352326,1791347735,1791347737,2
12352326,12352327,1791347737,1791347739,2
12352327,12352328,1791347739,1791347741,2
12352328,12352329,1791347741,1791347743,2
12352329,12352330,1791347743,1791347745,2
12352330,12352331,1791347745,1791347747,2
12352331,12352332,1791347747,1791347749,2
12352332,12352333,1791347749,1791347751,2
12352333,12352334,1791347751,1791347753,2
12352334,12352335,1791347753,1791347755,2
12352335,12352336,1791347755,1791347757,2
12352336,12352337,1791347757,1791347759,2
12352337,12352338,1791347759,1791347761,2
12352338,12352339,1791347761,1791347763,2
12352339,12352340,1791347763,1791347765,2
12352340,12352341,1791347765,1791347767,2
12352341,12352342,1791347767,1791347769,2
12352342,12352343,1791347769,1791347771,2
12352343,12352344,1791347771,1791347773,2
12352344,12352345,1791347773,1791347775,2
12352345,12352346,1791347775,1791347777,2
12352346,12352347,1791347777,1791347779,2
12352347,12352348,1791347779,1791347781,2
12352348,12352349,1791347781,1791347783,2
12352349,12352350,1791347783,1791347785,2
12352350,12352351,1791347785,1791347787,2
12352351,12352352,1791347787,1791347789,2
12352352,12352353,1791347789,1791347791,2
12352353,12352354,1791347791,1791347793,2
12352354,12352355,1791347793,1791347795,2
12352355,12352356,1791347795,1791347797,2
12352356,12352357,1791347797,1791347799,2
12352357,12352358,1791347799,1791347801,2
12352358,12352359,1791347801,1791347803,2
12352359,12352360,1791347803,1791347805,2
12352360,12352361,1791347805,1791347807,2
12352361,12352362,1791347807,1791347809,2
12352362,12352363,1791347809,1791347811,2
12352363,12352364,1791347811,1791347813,2
12352364,12352365,1791347813,1791347815,2
12352365,12352366,1791347815,1791347817,2
12352366,12352367,1791347817,1791347819,2
12352367,12352368,1791347819,1791347821,2
12352368,12352369,1791347821,1791347823,2
12352369,12352370,1791347823,1791347825,2
12352370,12352371,1791347825,1791347827,2
12352371,12352372,1791347827,1791347829,2
12352372,12352373,1791347829,1791347831,2
12352373,12352374,1791347831,1791347833,2
12352374,12352375,1791347833,1791347835,2
12352375,12352376,1791347835,1791347837,2
12352376,12352377,1791347837,1791347839,2
12352377,12352378,1791347839,1791347841,2
12352378,12352379,1791347841,1791347843,2
12352379,12352380,1791347843,1791347845,2
12352380,12352381,1791347845,1791347847,2
12352381,12352382,1791347847,1791347849,2
12352382,12352383,1791347849,1791347851,2
12352383,12352384,1791347851,1791347853,2
12352384,12352385,1791347853,1791347855,2
12352385,12352386,1791347855,1791347857,2
12352386,12352387,1791347857,1791347859,2
12352387,12352388,1791347859,1791347861,2
12352388,12352389,1791347861,1791347863,2
12352389,12352390,1791347863,1791347865,2
12352390,12352391,1791347865,1791347867,2
12352391,12352392,1791347867,1791347869,2
12352392,12352393,1791347869,1791347871,2
12352393,12352394,1791347871,1791347873,2
12352394,12352395,1791347873,1791347875,2
12352395,12352396,1791347875,1791347877,2
12352396,12352397,1791347877,1791347879,2
12352397,12352398,1791347879,1791347881,2
12352398,12352399,1791347881,1791347883,2
12352399,12352400,1791347883,1791347885,2
12352400,12352401,1791347885,1791347887,2
12352401,12352402,1791347887,1791347889,2
12352402,12352403,1791347889,1791347891,2
12352403,12352404,1791347891,1791347893,2
12352404,12352405,1791347893,1791347895,2
12352405,12352406,1791347895,1791347897,2
12352406,12352407,1791347897,1791347899,2
12352407,12352408,1791347899,1791347901,2
12352408,12352409,1791347901,1791347903,2
12352409,12352410,1791347903,1791347905,2
12352410,12352411,1791347905,1791347907,2
12352411,12352412,1791347907,1791347909,2
12352412,12352413,1791347909,1791347911,2
12352413,12352414,1791347911,1791347913,2
12352414,12352415,1791347913,1791347915,2
12352415,12352416,1791347915,1791347917,2
12352416,12352417,1791347917,1791347919,2
12352417,12352418,1791347919,1791347921,2
12352418,12352419,1791347921,1791347923,2
12352419,12352420,1791347923,1791347925,2
12352420,12352421,1791347925,1791347927,2
12352421,12352422,1791347927,1791347929,2
12352422,12352423,1791347929,1791347931,2
12352423,12352424,1791347931,1791347933,2
12352424,12352425,1791347933,1791347935,2
12352425,12352426,1791347935,1791347937,2
12352426,12352427,1791347937,1791347939,2
12352427,12352428,1791347939,1791347941,2
12352428,12352429,1791347941,1791347943,2
12352429,12352430,1791347943,1791347945,2
12352430,12352431,1791347945,1791347947,2
12352431,12352432,1791347947,1791347949,2
12352432,12352433,1791347949,1791347951,2
12352433,12352434,1791347951,1791347953,2
12352434,12352435,1791347953,1791347955,2
12352435,12352436,1791347955,1791347957,2
12352436,12352437,1791347957,1791347959,2
12352437,12352438,1791347959,1791347961,2
12352438,12352439,1791347961,1791347963,2
12352439,12352440,1791347963,1791347965,2
12352440,12352441,1791347965,1791347967,2
12352441,12352442,1791347967,1791347969,2
12352442,12352443,1791347969,1791347971,2
12352443,12352444,1791347971,1791347973,2
12352444,12352445,1791347973,1791347975,2
12352445,12352446,1791347975,1791347977,2
12352446,12352447,1791347977,1791347979,2
12352447,12352448,1791347979,1791347981,2
12352448,12352449,1791347981,1791347983,2
12352449,12352450,1791347983,1791347985,2
12352450,12352451,1791347985,1791347987,2
12352451,12352452,1791347987,1791347989,2
12352452,12352453,1791347989,1791347991,2
12352453,12352454,1791347991,1791347993,2
12352454,12352455,1791347993,1791347995,2
12352455,12352456,1791347995,1791347997,2
12352456,12352457,1791347997,1791347999,2
12352457,12352458,1791347999,1791348001,2
12352458,12352459,1791348001,1791348003,2
12352459,12352460,1791348003,1791348005,2
12352460,12352461,1791348005,1791348007,2
12352461,12352462,1791348007,1791348009,2
12352462,12352463,1791348009,1791348011,2
12352463,12352464,1791348011,1791348013,2
12352464,12352465,1791348013,1791348015,2
12352465,12352466,1791348015,1791348017,2
12352466,12352467,1791348017,1791348019,2
12352467,12352468,1791348019,1791348021,2
12352468,12352469,1791348021,1791348023,2
12352469,12352470,1791348023,1791348025,2
12352470,12352471,1791348025,1791348027,2
12352471,12352472,1791348027,1791348029,2
12352472,12352473,1791348029,1791348031,2
12352473,12352474,1791348031,1791348033,2
12352474,12352475,1791348033,1791348035,2
12352475,12352476,1791348035,1791348037,2
12352476,12352477,1791348037,1791348039,2
12352477,12352478,1791348039,1791348041,2
12352478,12352479,1791348041,1791348043,2
12352479,12352480,1791348043,1791348045,2
12352480,12352481,1791348045,1791348047,2
12352481,12352482,1791348047,1791348049,2
12352482,12352483,1791348049,1791348051,2
12352483,12352484,1791348051,1791348053,2
12352484,12352485,1791348053,1791348055,2
12352485,12352486,1791348055,1791348057,2
12352486,12352487,1791348057,1791348059,2
12352487,12352488,1791348059,1791348061,2
12352488,12352489,1791348061,1791348063,2
12352489,12352490,1791348063,1791348065,2
12352490,12352491,1791348065,1791348067,2
12352491,12352492,1791348067,1791348069,2
12352492,12352493,1791348069,1791348071,2
12352493,12352494,1791348071,1791348073,2
12352494,12352495,1791348073,1791348075,2
12352495,12352496,1791348075,1791348077,2
12352496,12352497,1791348077,1791348079,2
12352497,12352498,1791348079,1791348081,2
12352498,12352499,1791348081,1791348083,2
12352499,12352500,1791348083,1791348085,2
12352500,12352501,1791348085,1791348087,2
12352501,12352502,1791348087,1791348089,2
12352502,12352503,1791348089,1791348091,2
12352503,12352504,1791348091,1791348093,2
12352504,12352505,1791348093,1791348095,2
12352505,12352506,1791348095,1791348097,2
12352506,12352507,1791348097,1791348099,2
12352507,12352508,1791348099,1791348101,2
12352508,12352509,1791348101,1791348103,2
12352509,12352510,1791348103,1791348105,2
12352510,12352511,1791348105,1791348107,2
12352511,12352512,1791348107,1791348109,2
12352512,12352513,1791348109,1791348111,2
12352513,12352514,1791348111,1791348113,2
12352514,12352515,1791348113,1791348115,2
12352515,12352516,1791348115,1791348117,2
12352516,12352517,1791348117,1791348119,2
12352517,12352518,1791348119,1791348121,2
12352518,12352519,1791348121,1791348123,2
12352519,12352520,1791348123,1791348125,2
12352520,12352521,1791348125,1791348127,2
12352521,12352522,1791348127,1791348129,2
12352522,12352523,1791348129,1791348131,2
12352523,12352524,1791348131,1791348133,2
12352524,12352525,1791348133,1791348135,2
12352525,12352526,1791348135,1791348137,2
12352526,12352527,1791348137,1791348139,2
12352527,12352528,1791348139,1791348141,2
12352528,12352529,1791348141,1791348143,2
12352529,12352530,1791348143,1791348145,2
12352530,12352531,1791348145,1791348147,2
12352531,12352532,1791348147,1791348149,2
12352532,12352533,1791348149,1791348151,2
12352533,12352534,1791348151,1791348153,2
12352534,12352535,1791348153,1791348155,2
12352535,12352536,1791348155,1791348157,2
12352536,12352537,1791348157,1791348159,2
12352537,12352538,1791348159,1791348161,2
12352538,12352539,1791348161,1791348163,2
12352539,12352540,1791348163,1791348165,2
12352540,12352541,1791348165,1791348167,2
12352541,12352542,1791348167,1791348169,2
12352542,12352543,1791348169,1791348171,2
12352543,12352544,1791348171,1791348173,2
12352544,12352545,1791348173,1791348175,2
12352545,12352546,1791348175,1791348177,2
12352546,12352547,1791348177,1791348179,2
12352547,12352548,1791348179,1791348181,2
12352548,12352549,1791348181,1791348183,2
12352549,12352550,1791348183,1791348185,2
12352550,12352551,1791348185,1791348187,2
12352551,12352552,1791348187,1791348189,2
12352552,12352553,1791348189,1791348191,2
12352553,12352554,1791348191,1791348193,2
12352554,12352555,1791348193,1791348195,2
12352555,12352556,1791348195,1791348197,2
12352556,12352557,1791348197,1791348199,2
12352557,12352558,1791348199,1791348201,2
12352558,12352559,1791348201,1791348203,2
12352559,12352560,1791348203,1791348205,2
12352560,12352561,1791348205,1791348207,2
12352561,12352562,1791348207,1791348209,2
12352562,12352563,1791348209,1791348211,2
12352563,12352564,1791348211,1791348213,2
12352564,12352565,1791348213,1791348215,2
12352565,12352566,1791348215,1791348217,2
12352566,12352567,1791348217,1791348219,2
12352567,12352568,1791348219,1791348221,2
12352568,12352569,1791348221,1791348223,2
12352569,12352570,1791348223,1791348225,2
12352570,12352571,1791348225,1791348227,2
12352571,12352572,1791348227,1791348229,2
12352572,12352573,1791348229,1791348231,2
12352573,12352574,1791348231,1791348233,2
12352574,12352575,1791348233,1791348235,2
12352575,12352576,1791348235,1791348237,2
12352576,12352577,1791348237,1791348239,2
12352577,12352578,1791348239,1791348241,2
12352578,12352579,1791348241,1791348243,2
12352579,12352580,1791348243,1791348245,2
12352580,12352581,1791348245,1791348247,2
12352581,12352582,1791348247,1791348249,2
12352582,12352583,1791348249,1791348251,2
12352583,12352584,1791348251,1791348253,2
12352584,12352585,1791348253,1791348255,2
12352585,12352586,1791348255,1791348257,2
12352586,12352587,1791348257,1791348259,2
12352587,12352588,1791348259,1791348261,2
12352588,12352589,1791348261,1791348263,2
12352589,12352590,1791348263,1791348265,2
12352590,12352591,1791348265,1791348267,2
12352591,12352592,1791348267,1791348269,2
12352592,12352593,1791348269,1791348271,2
12352593,12352594,1791348271,1791348273,2
12352594,12352595,1791348273,1791348275,2
12352595,12352596,1791348275,1791348277,2
12352596,12352597,1791348277,1791348279,2
12352597,12352598,1791348279,1791348281,2
12352598,12352599,1791348281,1791348283,2
12352599,12352600,1791348283,1791348285,2
12352600,12352601,1791348285,1791348287,2
12352601,12352602,1791348287,1791348289,2
12352602,12352603,1791348289,1791348291,2
12352603,12352604,1791348291,1791348293,2
12352604,12352605,1791348293,1791348295,2
12352605,12352606,1791348295,1791348297,2
12352606,12352607,1791348297,1791348299,2
12352607,12352608,1791348299,1791348301,2
12352608,12352609,1791348301,1791348303,2
12352609,12352610,1791348303,1791348305,2
12352610,12352611,1791348305,1791348307,2
12352611,12352612,1791348307,1791348309,2
12352612,12352613,1791348309,1791348311,2
12352613,12352614,1791348311,1791348313,2
12352614,12352615,1791348313,1791348315,2
12352615,12352616,1791348315,1791348317,2
12352616,12352617,1791348317,1791348319,2
12352617,12352618,1791348319,1791348321,2
12352618,12352619,1791348321,1791348323,2
12352619,12352620,1791348323,1791348325,2
12352620,12352621,1791348325,1791348327,2
12352621,12352622,1791348327,1791348329,2
12352622,12352623,1791348329,1791348331,2
12352623,12352624,1791348331,1791348333,2
12352624,12352625,1791348333,1791348335,2
12352625,12352626,1791348335,1791348337,2
12352626,12352627,1791348337,1791348339,2
12352627,12352628,1791348339,1791348341,2
12352628,12352629,1791348341,1791348343,2
12352629,12352630,1791348343,1791348345,2
12352630,12352631,1791348345,1791348347,2
12352631,12352632,1791348347,1791348349,2
12352632,12352633,1791348349,1791348351,2
12352633,12352634,1791348351,1791348353,2
12352634,12352635,1791348353,1791348355,2
12352635,12352636,1791348355,1791348357,2
12352636,12352637,1791348357,1791348359,2
12352637,12352638,1791348359,1791348361,2
12352638,12352639,1791348361,1791348363,2
12352639,12352640,1791348363,1791348365,2
12352640,12352641,1791348365,1791348367,2
12352641,12352642,1791348367,1791348369,2
12352642,12352643,1791348369,1791348371,2
12352643,12352644,1791348371,1791348373,2
12352644,12352645,1791348373,1791348375,2
12352645,12352646,1791348375,1791348377,2
12352646,12352647,1791348377,1791348379,2
12352647,12352648,1791348379,1791348381,2
12352648,12352649,1791348381,1791348383,2
12352649,12352650,1791348383,1791348385,2
12352650,12352651,1791348385,1791348387,2
12352651,12352652,1791348387,1791348389,2
12352652,12352653,1791348389,1791348391,2
12352653,12352654,1791348391,1791348393,2
12352654,12352655,1791348393,1791348395,2
12352655,12352656,1791348395,1791348397,2
12352656,12352657,1791348397,1791348399,2
12352657,12352658,1791348399,1791348401,2
12352658,12352659,1791348401,1791348403,2
12352659,12352660,1791348403,1791348405,2
12352660,12352661,1791348405,1791348407,2
12352661,12352662,1791348407,1791348409,2
12352662,12352663,1791348409,1791348411,2
12352663,12352664,1791348411,1791348413,2
12352664,12352665,1791348413,1791348415,2
12352665,12352666,1791348415,1791348417,2
12352666,12352667,1791348417,1791348419,2
12352667,12352668,1791348419,1791348421,2
12352668,12352669,1791348421,1791348423,2
12352669,12352670,1791348423,1791348425,2
12352670,12352671,1791348425,1791348427,2
12352671,12352672,1791348427,1791348429,2
12352672,12352673,1791348429,1791348431,2
12352673,12352674,1791348431,1791348433,2
12352674,12352675,1791348433,1791348435,2
12352675,12352676,1791348435,1791348437,2
12352676,12352677,1791348437,1791348439,2
12352677,12352678,1791348439,1791348441,2
12352678,12352679,1791348441,1791348443,2
12352679,12352680,1791348443,1791348445,2
12352680,12352681,1791348445,1791348447,2
12352681,12352682,1791348447,1791348449,2
12352682,12352683,1791348449,1791348451,2
12352683,12352684,1791348451,1791348453,2
12352684,12352685,1791348453,1791348455,2
12352685,12352686,1791348455,1791348457,2
12352686,12352687,1791348457,1791348459,2
12352687,12352688,1791348459,1791348461,2
12352688,12352689,1791348461,1791348463,2
12352689,12352690,1791348463,1791348465,2
12352690,12352691,1791348465,1791348467,2
12352691,12352692,1791348467,1791348469,2
12352692,12352693,1791348469,1791348471,2
12352693,12352694,1791348471,1791348473,2
12352694,12352695,1791348473,1791348475,2
12352695,12352696,1791348475,1791348477,2
12352696,12352697,1791348477,1791348479,2
12352697,12352698,1791348479,1791348481,2
12352698,12352699,1791348481,1791348483,2
12352699,12352700,1791348483,1791348485,2
12352700,12352701,1791348485,1791348487,2
12352701,12352702,1791348487,1791348489,2
12352702,12352703,1791348489,1791348491,2
12352703,12352704,1791348491,1791348493,2
12352704,12352705,1791348493,1791348495,2
12352705,12352706,1791348495,1791348497,2
12352706,12352707,1791348497,1791348499,2
12352707,12352708,1791348499,1791348501,2
12352708,12352709,1791348501,1791348503,2
12352709,12352710,1791348503,1791348505,2
12352710,12352711,1791348505,1791348507,2
12352711,12352712,1791348507,1791348509,2
12352712,12352713,1791348509,1791348511,2
12352713,12352714,1791348511,1791348513,2
12352714,12352715,1791348513,1791348515,2
12352715,12352716,1791348515,1791348517,2
12352716,12352717,1791348517,1791348519,2
12352717,12352718,1791348519,1791348521,2
12352718,12352719,1791348521,1791348523,2
12352719,12352720,1791348523,1791348525,2
12352720,12352721,1791348525,1791348527,2
12352721,12352722,1791348527,1791348529,2
12352722,12352723,1791348529,1791348531,2
12352723,12352724,1791348531,1791348533,2
12352724,12352725,1791348533,1791348535,2
12352725,12352726,1791348535,1791348537,2
12352726,12352727,1791348537,1791348539,2
12352727,12352728,1791348539,1791348541,2
12352728,12352729,1791348541,1791348543,2
12352729,12352730,1791348543,1791348545,2
12352730,12352731,1791348545,1791348547,2
12352731,12352732,1791348547,1791348549,2
12352732,12352733,1791348549,1791348551,2
12352733,12352734,1791348551,1791348553,2
12352734,12352735,1791348553,1791348555,2
12352735,12352736,1791348555,1791348557,2
12352736,12352737,1791348557,1791348559,2
12352737,12352738,1791348559,1791348561,2
12352738,12352739,1791348561,1791348563,2
12352739,12352740,1791348563,1791348565,2
12352740,12352741,1791348565,1791348567,2
12352741,12352742,1791348567,1791348569,2
12352742,12352743,1791348569,1791348571,2
12352743,12352744,1791348571,1791348573,2
12352744,12352745,1791348573,1791348575,2
12352745,12352746,1791348575,1791348577,2
12352746,12352747,1791348577,1791348579,2
12352747,12352748,1791348579,1791348581,2
12352748,12352749,1791348581,1791348583,2
12352749,12352750,1791348583,1791348585,2
12352750,12352751,1791348585,1791348587,2
12352751,12352752,1791348587,1791348589,2
12352752,12352753,1791348589,1791348591,2
12352753,12352754,1791348591,1791348593,2
12352754,12352755,1791348593,1791348595,2
12352755,12352756,1791348595,1791348597,2
12352756,12352757,1791348597,1791348599,2
12352757,12352758,1791348599,1791348601,2
12352758,12352759,1791348601,1791348603,2
12352759,12352760,1791348603,1791348605,2
12352760,12352761,1791348605,1791348607,2
12352761,12352762,1791348607,1791348609,2
12352762,12352763,1791348609,1791348611,2
12352763,12352764,1791348611,1791348613,2
12352764,12352765,1791348613,1791348615,2
12352765,12352766,1791348615,1791348617,2
12352766,12352767,1791348617,1791348619,2
12352767,12352768,1791348619,1791348621,2
12352768,12352769,1791348621,1791348623,2
12352769,12352770,1791348623,1791348625,2
12352770,12352771,1791348625,1791348627,2
12352771,12352772,1791348627,1791348629,2
12352772,12352773,1791348629,1791348631,2
12352773,12352774,1791348631,1791348633,2
12352774,12352775,1791348633,1791348635,2
12352775,12352776,1791348635,1791348637,2
12352776,12352777,1791348637,1791348639,2
12352777,12352778,1791348639,1791348641,2
12352778,12352779,1791348641,1791348643,2
12352779,12352780,1791348643,1791348645,2
12352780,12352781,1791348645,1791348647,2
12352781,12352782,1791348647,1791348649,2
12352782,12352783,1791348649,1791348651,2
12352783,12352784,1791348651,1791348653,2
12352784,12352785,1791348653,1791348655,2
12352785,12352786,1791348655,1791348657,2
12352786,12352787,1791348657,1791348659,2
12352787,12352788,1791348659,1791348661,2
12352788,12352789,1791348661,1791348663,2
12352789,12352790,1791348663,1791348665,2
12352790,12352791,1791348665,1791348667,2
12352791,12352792,1791348667,1791348669,2
12352792,12352793,1791348669,1791348671,2
12352793,12352794,1791348671,1791348673,2
12352794,12352795,1791348673,1791348675,2
12352795,12352796,1791348675,1791348677,2
12352796,12352797,1791348677,1791348679,2
12352797,12352798,1791348679,1791348681,2
12352798,12352799,1791348681,1791348683,2
12352799,12352800,1791348683,1791348685,2
12352800,12352801,1791348685,1791348687,2
12352801,12352802,1791348687,1791348689,2
12352802,12352803,1791348689,1791348691,2
12352803,12352804,1791348691,1791348693,2
12352804,12352805,1791348693,1791348695,2
12352805,12352806,1791348695,1791348697,2
12352806,12352807,1791348697,1791348699,2
12352807,12352808,1791348699,1791348701,2
12352808,12352809,1791348701,1791348703,2
12352809,12352810,1791348703,1791348705,2
12352810,12352811,1791348705,1791348707,2
12352811,12352812,1791348707,1791348709,2
12352812,12352813,1791348709,1791348711,2
12352813,12352814,1791348711,1791348713,2
12352814,12352815,1791348713,1791348715,2
12352815,12352816,1791348715,1791348717,2
12352816,12352817,1791348717,1791348719,2
12352817,12352818,1791348719,1791348721,2
12352818,12352819,1791348721,1791348723,2
12352819,12352820,1791348723,1791348725,2
12352820,12352821,1791348725,1791348727,2
12352821,12352822,1791348727,1791348729,2
12352822,12352823,1791348729,1791348731,2
12352823,12352824,1791348731,1791348733,2
12352824,12352825,1791348733,1791348735,2
12352825,12352826,1791348735,1791348737,2
12352826,12352827,1791348737,1791348739,2
12352827,12352828,1791348739,1791348741,2
12352828,12352829,1791348741,1791348743,2
12352829,12352830,1791348743,1791348745,2
12352830,12352831,1791348745,1791348747,2
12352831,12352832,1791348747,1791348749,2
12352832,12352833,1791348749,1791348751,2
12352833,12352834,1791348751,1791348753,2
12352834,12352835,1791348753,1791348755,2
12352835,12352836,1791348755,1791348757,2
12352836,12352837,1791348757,1791348759,2
12352837,12352838,1791348759,1791348761,2
12352838,12352839,1791348761,1791348763,2
12352839,12352840,1791348763,1791348765,2
12352840,12352841,1791348765,1791348767,2
12352841,12352842,1791348767,1791348769,2
12352842,12352843,1791348769,1791348771,2
12352843,12352844,1791348771,1791348773,2
12352844,12352845,1791348773,1791348775,2
12352845,12352846,1791348775,1791348777,2
12352846,12352847,1791348777,1791348779,2
12352847,12352848,1791348779,1791348781,2
12352848,12352849,1791348781,1791348783,2
12352849,12352850,1791348783,1791348785,2
12352850,12352851,1791348785,1791348787,2
12352851,12352852,1791348787,1791348789,2
12352852,12352853,1791348789,1791348791,2
12352853,12352854,1791348791,1791348793,2
12352854,12352855,1791348793,1791348795,2
12352855,12352856,1791348795,1791348797,2
12352856,12352857,1791348797,1791348799,2
12352857,12352858,1791348799,1791348801,2
12352858,12352859,1791348801,1791348803,2
12352859,12352860,1791348803,1791348805,2
12352860,12352861,1791348805,1791348807,2
12352861,12352862,1791348807,1791348809,2
12352862,12352863,1791348809,1791348811,2
12352863,12352864,1791348811,1791348813,2
12352864,12352865,1791348813,1791348815,2
12352865,12352866,1791348815,1791348817,2
12352866,12352867,1791348817,1791348819,2
12352867,12352868,1791348819,1791348821,2
12352868,12352869,1791348821,1791348823,2
12352869,12352870,1791348823,1791348825,2
12352870,12352871,1791348825,1791348827,2
12352871,12352872,1791348827,1791348829,2
12352872,12352873,1791348829,1791348831,2
12352873,12352874,1791348831,1791348833,2
12352874,12352875,1791348833,1791348835,2
12352875,12352876,1791348835,1791348837,2
12352876,12352877,1791348837,1791348839,2
12352877,12352878,1791348839,1791348841,2
12352878,12352879,1791348841,1791348843,2
12352879,12352880,1791348843,1791348845,2
12352880,12352881,1791348845,1791348847,2
12352881,12352882,1791348847,1791348849,2
12352882,12352883,1791348849,1791348851,2
12352883,12352884,1791348851,1791348853,2
12352884,12352885,1791348853,1791348855,2
12352885,12352886,1791348855,1791348857,2
12352886,12352887,1791348857,1791348859,2
12352887,12352888,1791348859,1791348861,2
12352888,12352889,1791348861,1791348863,2
12352889,12352890,1791348863,1791348865,2
12352890,12352891,1791348865,1791348867,2
12352891,12352892,1791348867,1791348869,2
12352892,12352893,1791348869,1791348871,2
12352893,12352894,1791348871,1791348873,2
12352894,12352895,1791348873,1791348875,2
12352895,12352896,1791348875,1791348877,2
12352896,12352897,1791348877,1791348879,2
12352897,12352898,1791348879,1791348881,2
12352898,12352899,1791348881,1791348883,2
12352899,12352900,1791348883,1791348885,2
12352900,12352901,1791348885,1791348887,2
12352901,12352902,1791348887,1791348889,2
12352902,12352903,1791348889,1791348891,2
12352903,12352904,1791348891,1791348893,2
12352904,12352905,1791348893,1791348895,2
12352905,12352906,1791348895,1791348897,2
12352906,12352907,1791348897,1791348899,2
12352907,12352908,1791348899,1791348901,2
12352908,12352909,1791348901,1791348903,2
12352909,12352910,1791348903,1791348905,2
12352910,12352911,1791348905,1791348907,2
12352911,12352912,1791348907,1791348909,2
12352912,12352913,1791348909,1791348911,2
12352913,12352914,1791348911,1791348913,2
12352914,12352915,1791348913,1791348915,2
12352915,12352916,1791348915,1791348917,2
12352916,12352917,1791348917,1791348919,2
12352917,12352918,1791348919,1791348921,2
12352918,12352919,1791348921,1791348923,2
12352919,12352920,1791348923,1791348925,2
12352920,12352921,1791348925,1791348927,2
12352921,12352922,1791348927,1791348929,2
12352922,12352923,1791348929,1791348931,2
12352923,12352924,1791348931,1791348933,2
12352924,12352925,1791348933,1791348935,2
12352925,12352926,1791348935,1791348937,2
12352926,12352927,1791348937,1791348939,2
12352927,12352928,1791348939,1791348941,2
12352928,12352929,1791348941,1791348943,2
12352929,12352930,1791348943,1791348945,2
12352930,12352931,1791348945,1791348947,2
12352931,12352932,1791348947,1791348949,2
12352932,12352933,1791348949,1791348951,2
12352933,12352934,1791348951,1791348953,2
12352934,12352935,1791348953,1791348955,2
12352935,12352936,1791348955,1791348957,2
12352936,12352937,1791348957,1791348959,2
12352937,12352938,1791348959,1791348961,2
12352938,12352939,1791348961,1791348963,2
12352939,12352940,1791348963,1791348965,2
12352940,12352941,1791348965,1791348967,2
12352941,12352942,1791348967,1791348969,2
12352942,12352943,1791348969,1791348971,2
12352943,12352944,1791348971,1791348973,2
12352944,12352945,1791348973,1791348975,2
12352945,12352946,1791348975,1791348977,2
12352946,12352947,1791348977,1791348979,2
12352947,12352948,1791348979,1791348981,2
12352948,12352949,1791348981,1791348983,2
12352949,12352950,1791348983,1791348985,2
12352950,12352951,1791348985,1791348987,2
12352951,12352952,1791348987,1791348989,2
12352952,12352953,1791348989,1791348991,2
12352953,12352954,1791348991,1791348993,2
12352954,12352955,1791348993,1791348995,2
12352955,12352956,1791348995,1791348997,2
12352956,12352957,1791348997,1791348999,2
12352957,12352958,1791348999,1791349001,2
12352958,12352959,1791349001,1791349003,2
12352959,12352960,1791349003,1791349005,2
12352960,12352961,1791349005,1791349007,2
12352961,12352962,1791349007,1791349009,2
12352962,12352963,1791349009,1791349011,2
12352963,12352964,1791349011,1791349013,2
12352964,12352965,1791349013,1791349015,2
12352965,12352966,1791349015,1791349017,2
12352966,12352967,1791349017,1791349019,2
12352967,12352968,1791349019,1791349021,2
12352968,12352969,1791349021,1791349023,2
12352969,12352970,1791349023,1791349025,2
12352970,12352971,1791349025,1791349027,2
12352971,12352972,1791349027,1791349029,2
12352972,12352973,1791349029,1791349031,2
12352973,12352974,1791349031,1791349033,2
12352974,12352975,1791349033,1791349035,2
12352975,12352976,1791349035,1791349037,2
12352976,12352977,1791349037,1791349039,2
12352977,12352978,1791349039,1791349041,2
12352978,12352979,1791349041,1791349043,2
12352979,12352980,1791349043,1791349045,2
12352980,12352981,1791349045,1791349047,2
12352981,12352982,1791349047,1791349049,2
12352982,12352983,1791349049,1791349051,2
12352983,12352984,1791349051,1791349053,2
12352984,12352985,1791349053,1791349055,2
12352985,12352986,1791349055,1791349057,2
12352986,12352987,1791349057,1791349059,2
12352987,12352988,1791349059,1791349061,2
12352988,12352989,1791349061,1791349063,2
12352989,12352990,1791349063,1791349065,2
12352990,12352991,1791349065,1791349067,2
12352991,12352992,1791349067,1791349069,2
12352992,12352993,1791349069,1791349071,2
12352993,12352994,1791349071,1791349073,2
12352994,12352995,1791349073,1791349075,2
12352995,12352996,1791349075,1791349077,2
12352996,12352997,1791349077,1791349079,2
12352997,12352998,1791349079,1791349081,2
12352998,12352999,1791349081,1791349083,2
12352999,12353000,1791349083,1791349085,2
12353000,12353001,1791349085,1791349087,2
12353001,12353002,1791349087,1791349089,2
12353002,12353003,1791349089,1791349091,2
12353003,12353004,1791349091,1791349093,2
12353004,12353005,1791349093,1791349095,2
12353005,12353006,1791349095,1791349097,2
12353006,12353007,1791349097,1791349099,2
12353007,12353008,1791349099,1791349101,2
12353008,12353009,1791349101,1791349103,2
12353009,12353010,1791349103,1791349105,2
12353010,12353011,1791349105,1791349107,2
12353011,12353012,1791349107,1791349109,2
12353012,12353013,1791349109,1791349111,2
12353013,12353014,1791349111,1791349113,2
12353014,12353015,1791349113,1791349115,2
12353015,12353016,1791349115,1791349117,2
12353016,12353017,1791349117,1791349119,2
12353017,12353018,1791349119,1791349121,2
12353018,12353019,1791349121,1791349123,2
12353019,12353020,1791349123,1791349125,2
12353020,12353021,1791349125,1791349127,2
12353021,12353022,1791349127,1791349129,2
12353022,12353023,1791349129,1791349131,2
12353023,12353024,1791349131,1791349133,2
12353024,12353025,1791349133,1791349135,2
12353025,12353026,1791349135,1791349137,2
12353026,12353027,1791349137,1791349139,2
12353027,12353028,1791349139,1791349141,2
12353028,12353029,1791349141,1791349143,2
12353029,12353030,1791349143,1791349145,2
12353030,12353031,1791349145,1791349147,2
12353031,12353032,1791349147,1791349149,2
12353032,12353033,1791349149,1791349151,2
12353033,12353034,1791349151,1791349153,2
12353034,12353035,1791349153,1791349155,2
12353035,12353036,1791349155,1791349157,2
12353036,12353037,1791349157,1791349159,2
12353037,12353038,1791349159,1791349161,2
12353038,12353039,1791349161,1791349163,2
12353039,12353040,1791349163,1791349165,2
12353040,12353041,1791349165,1791349167,2
12353041,12353042,1791349167,1791349169,2
12353042,12353043,1791349169,1791349171,2
12353043,12353044,1791349171,1791349173,2
12353044,12353045,1791349173,1791349175,2
12353045,12353046,1791349175,1791349177,2
12353046,12353047,1791349177,1791349179,2
12353047,12353048,1791349179,1791349181,2
12353048,12353049,1791349181,1791349183,2
12353049,12353050,1791349183,1791349185,2
12353050,12353051,1791349185,1791349187,2
12353051,12353052,1791349187,1791349189,2
12353052,12353053,1791349189,1791349191,2
12353053,12353054,1791349191,1791349193,2
12353054,12353055,1791349193,1791349195,2
12353055,12353056,1791349195,1791349197,2
12353056,12353057,1791349197,1791349199,2
12353057,12353058,1791349199,1791349201,2
12353058,12353059,1791349201,1791349203,2
12353059,12353060,1791349203,1791349205,2
12353060,12353061,1791349205,1791349207,2
12353061,12353062,1791349207,1791349209,2
12353062,12353063,1791349209,1791349211,2
12353063,12353064,1791349211,1791349213,2
12353064,12353065,1791349213,1791349215,2
12353065,12353066,1791349215,1791349217,2
12353066,12353067,1791349217,1791349219,2
12353067,12353068,1791349219,1791349221,2
12353068,12353069,1791349221,1791349223,2
12353069,12353070,1791349223,1791349225,2
12353070,12353071,1791349225,1791349227,2
12353071,12353072,1791349227,1791349229,2
12353072,12353073,1791349229,1791349231,2
12353073,12353074,1791349231,1791349233,2
12353074,12353075,1791349233,1791349235,2
12353075,12353076,1791349235,1791349237,2
12353076,12353077,1791349237,1791349239,2
12353077,12353078,1791349239,1791349241,2
12353078,12353079,1791349241,1791349243,2
12353079,12353080,1791349243,1791349245,2
12353080,12353081,1791349245,1791349247,2
12353081,12353082,1791349247,1791349249,2
12353082,12353083,1791349249,1791349251,2
12353083,12353084,1791349251,1791349253,2
12353084,12353085,1791349253,1791349255,2
12353085,12353086,1791349255,1791349257,2
12353086,12353087,1791349257,1791349259,2
12353087,12353088,1791349259,1791349261,2
12353088,12353089,1791349261,1791349263,2
12353089,12353090,1791349263,1791349265,2
12353090,12353091,1791349265,1791349267,2
12353091,12353092,1791349267,1791349269,2
12353092,12353093,1791349269,1791349271,2
12353093,12353094,1791349271,1791349273,2
12353094,12353095,1791349273,1791349275,2
12353095,12353096,1791349275,1791349277,2
12353096,12353097,1791349277,1791349279,2
12353097,12353098,1791349279,1791349281,2
12353098,12353099,1791349281,1791349283,2
12353099,12353100,1791349283,1791349285,2
12353100,12353101,1791349285,1791349287,2
12353101,12353102,1791349287,1791349289,2
12353102,12353103,1791349289,1791349291,2
12353103,12353104,1791349291,1791349293,2
12353104,12353105,1791349293,1791349295,2
12353105,12353106,1791349295,1791349297,2
12353106,12353107,1791349297,1791349299,2
12353107,12353108,1791349299,1791349301,2
12353108,12353109,1791349301,1791349303,2
12353109,12353110,1791349303,1791349305,2
12353110,12353111,1791349305,1791349307,2
12353111,12353112,1791349307,1791349309,2
12353112,12353113,1791349309,1791349311,2
12353113,12353114,1791349311,1791349313,2
12353114,12353115,1791349313,1791349315,2
12353115,12353116,1791349315,1791349317,2
12353116,12353117,1791349317,1791349319,2
12353117,12353118,1791349319,1791349321,2
12353118,12353119,1791349321,1791349323,2
12353119,12353120,1791349323,1791349325,2
12353120,12353121,1791349325,1791349327,2
12353121,12353122,1791349327,1791349329,2
12353122,12353123,1791349329,1791349331,2
12353123,12353124,1791349331,1791349333,2
12353124,12353125,1791349333,1791349335,2
12353125,12353126,1791349335,1791349337,2
12353126,12353127,1791349337,1791349339,2
12353127,12353128,1791349339,1791349341,2
12353128,12353129,1791349341,1791349343,2
12353129,12353130,1791349343,1791349345,2
12353130,12353131,1791349345,1791349347,2
12353131,12353132,1791349347,1791349349,2
12353132,12353133,1791349349,1791349351,2
12353133,12353134,1791349351,1791349353,2
12353134,12353135,1791349353,1791349355,2
12353135,12353136,1791349355,1791349357,2
12353136,12353137,1791349357,1791349359,2
12353137,12353138,1791349359,1791349361,2
12353138,12353139,1791349361,1791349363,2
12353139,12353140,1791349363,1791349365,2
12353140,12353141,1791349365,1791349367,2
12353141,12353142,1791349367,1791349369,2
12353142,12353143,1791349369,1791349371,2
12353143,12353144,1791349371,1791349373,2
12353144,12353145,1791349373,1791349375,2
12353145,12353146,1791349375,1791349377,2
12353146,12353147,1791349377,1791349379,2
12353147,12353148,1791349379,1791349381,2
12353148,12353149,1791349381,1791349383,2
12353149,12353150,1791349383,1791349385,2
12353150,12353151,1791349385,1791349387,2
12353151,12353152,1791349387,1791349389,2
12353152,12353153,1791349389,1791349391,2
12353153,12353154,1791349391,1791349393,2
12353154,12353155,1791349393,1791349395,2
12353155,12353156,1791349395,1791349397,2
12353156,12353157,1791349397,1791349399,2
12353157,12353158,1791349399,1791349401,2
12353158,12353159,1791349401,1791349403,2
12353159,12353160,1791349403,1791349405,2
12353160,12353161,1791349405,1791349407,2
12353161,12353162,1791349407,1791349409,2
12353162,12353163,1791349409,1791349411,2
12353163,12353164,1791349411,1791349413,2
12353164,12353165,1791349413,1791349415,2
12353165,12353166,1791349415,1791349417,2
12353166,12353167,1791349417,1791349419,2
12353167,12353168,1791349419,1791349421,2
12353168,12353169,1791349421,1791349423,2
12353169,12353170,1791349423,1791349425,2
12353170,12353171,1791349425,1791349427,2
12353171,12353172,1791349427,1791349429,2
12353172,12353173,1791349429,1791349431,2
12353173,12353174,1791349431,1791349433,2
12353174,12353175,1791349433,1791349435,2
12353175,12353176,1791349435,1791349437,2
12353176,12353177,1791349437,1791349439,2
12353177,12353178,1791349439,1791349441,2
12353178,12353179,1791349441,1791349443,2
12353179,12353180,1791349443,1791349445,2
12353180,12353181,1791349445,1791349447,2
12353181,12353182,1791349447,1791349449,2
12353182,12353183,1791349449,1791349451,2
12353183,12353184,1791349451,1791349453,2
12353184,12353185,1791349453,1791349455,2
12353185,12353186,1791349455,1791349457,2
12353186,12353187,1791349457,1791349459,2
12353187,12353188,1791349459,1791349461,2
12353188,12353189,1791349461,1791349463,2
12353189,12353190,1791349463,1791349465,2
12353190,12353191,1791349465,1791349467,2
12353191,12353192,1791349467,1791349469,2
12353192,12353193,1791349469,1791349471,2
12353193,12353194,1791349471,1791349473,2
12353194,12353195,1791349473,1791349475,2
12353195,12353196,1791349475,1791349477,2
12353196,12353197,1791349477,1791349479,2
12353197,12353198,1791349479,1791349481,2
12353198,12353199,1791349481,1791349483,2
12353199,12353200,1791349483,1791349485,2
12353200,12353201,1791349485,1791349487,2
12353201,12353202,1791349487,1791349489,2
12353202,12353203,1791349489,1791349491,2
12353203,12353204,1791349491,1791349493,2
12353204,12353205,1791349493,1791349495,2
12353205,12353206,1791349495,1791349497,2
12353206,12353207,1791349497,1791349499,2
12353207,12353208,1791349499,1791349501,2
12353208,12353209,1791349501,1791349503,2
12353209,12353210,1791349503,1791349505,2
12353210,12353211,1791349505,1791349507,2
12353211,12353212,1791349507,1791349509,2
12353212,12353213,1791349509,1791349511,2
12353213,12353214,1791349511,1791349513,2
12353214,12353215,1791349513,1791349515,2
12353215,12353216,1791349515,1791349517,2
12353216,12353217,1791349517,1791349519,2
12353217,12353218,1791349519,1791349521,2
12353218,12353219,1791349521,1791349523,2
12353219,12353220,1791349523,1791349525,2
12353220,12353221,1791349525,1791349527,2
12353221,12353222,1791349527,1791349529,2
12353222,12353223,1791349529,1791349531,2
12353223,12353224,1791349531,1791349533,2
12353224,12353225,1791349533,1791349535,2
12353225,12353226,1791349535,1791349537,2
12353226,12353227,1791349537,1791349539,2
12353227,12353228,1791349539,1791349541,2
12353228,12353229,1791349541,1791349543,2
12353229,12353230,1791349543,1791349545,2
12353230,12353231,1791349545,1791349547,2
12353231,12353232,1791349547,1791349549,2
12353232,12353233,1791349549,1791349551,2
12353233,12353234,1791349551,1791349553,2
12353234,12353235,1791349553,1791349555,2
12353235,12353236,1791349555,1791349557,2
12353236,12353237,1791349557,1791349559,2
12353237,12353238,1791349559,1791349561,2
12353238,12353239,1791349561,1791349563,2
12353239,12353240,1791349563,1791349565,2
12353240,12353241,1791349565,1791349567,2
12353241,12353242,1791349567,1791349569,2
12353242,12353243,1791349569,1791349571,2
12353243,12353244,1791349571,1791349573,2
12353244,12353245,1791349573,1791349575,2
12353245,12353246,1791349575,1791349577,2
12353246,12353247,1791349577,1791349579,2
12353247,12353248,1791349579,1791349581,2
12353248,12353249,1791349581,1791349583,2
12353249,12353250,1791349583,1791349585,2
12353250,12353251,1791349585,1791349587,2
12353251,12353252,1791349587,1791349589,2
12353252,12353253,1791349589,1791349591,2
12353253,12353254,1791349591,1791349593,2
12353254,12353255,1791349593,1791349595,2
12353255,12353256,1791349595,1791349597,2
12353256,12353257,1791349597,1791349599,2
12353257,12353258,1791349599,1791349601,2
12353258,12353259,1791349601,1791349603,2
12353259,12353260,1791349603,1791349605,2
12353260,12353261,1791349605,1791349607,2
12353261,12353262,1791349607,1791349609,2
12353262,12353263,1791349609,1791349611,2
12353263,12353264,1791349611,1791349613,2
12353264,12353265,1791349613,1791349615,2
12353265,12353266,1791349615,1791349617,2
12353266,12353267,1791349617,1791349619,2
12353267,12353268,1791349619,1791349621,2
12353268,12353269,1791349621,1791349623,2
12353269,12353270,1791349623,1791349625,2
12353270,12353271,1791349625,1791349627,2
12353271,12353272,1791349627,1791349629,2
12353272,12353273,1791349629,1791349631,2
12353273,12353274,1791349631,1791349633,2
12353274,12353275,1791349633,1791349635,2
12353275,12353276,1791349635,1791349637,2
12353276,12353277,1791349637,1791349639,2
12353277,12353278,1791349639,1791349641,2
12353278,12353279,1791349641,1791349643,2
12353279,12353280,1791349643,1791349645,2
12353280,12353281,1791349645,1791349647,2
12353281,12353282,1791349647,1791349649,2
12353282,12353283,1791349649,1791349651,2
12353283,12353284,1791349651,1791349653,2
12353284,12353285,1791349653,1791349655,2
12353285,12353286,1791349655,1791349657,2
12353286,12353287,1791349657,1791349659,2
12353287,12353288,1791349659,1791349661,2
12353288,12353289,1791349661,1791349663,2
12353289,12353290,1791349663,1791349665,2
12353290,12353291,1791349665,1791349667,2
12353291,12353292,1791349667,1791349669,2
12353292,12353293,1791349669,1791349671,2
12353293,12353294,1791349671,1791349673,2
12353294,12353295,1791349673,1791349675,2
12353295,12353296,1791349675,1791349677,2
12353296,12353297,1791349677,1791349679,2
12353297,12353298,1791349679,1791349681,2
12353298,12353299,1791349681,1791349683,2
12353299,12353300,1791349683,1791349685,2
12353300,12353301,1791349685,1791349687,2
12353301,12353302,1791349687,1791349689,2
12353302,12353303,1791349689,1791349691,2
12353303,12353304,1791349691,1791349693,2
12353304,12353305,1791349693,1791349695,2
12353305,12353306,1791349695,1791349697,2
12353306,12353307,1791349697,1791349699,2
12353307,12353308,1791349699,1791349701,2
12353308,12353309,1791349701,1791349703,2
12353309,12353310,1791349703,1791349705,2
12353310,12353311,1791349705,1791349707,2
12353311,12353312,1791349707,1791349709,2
12353312,12353313,1791349709,1791349711,2
12353313,12353314,1791349711,1791349713,2
12353314,12353315,1791349713,1791349715,2
12353315,12353316,1791349715,1791349717,2
12353316,12353317,1791349717,1791349719,2
12353317,12353318,1791349719,1791349721,2
12353318,12353319,1791349721,1791349723,2
12353319,12353320,1791349723,1791349725,2
12353320,12353321,1791349725,1791349727,2
12353321,12353322,1791349727,1791349729,2
12353322,12353323,1791349729,1791349731,2
12353323,12353324,1791349731,1791349733,2
12353324,12353325,1791349733,1791349735,2
12353325,12353326,1791349735,1791349737,2
12353326,12353327,1791349737,1791349739,2
12353327,12353328,1791349739,1791349741,2
12353328,12353329,1791349741,1791349743,2
12353329,12353330,1791349743,1791349745,2
12353330,12353331,1791349745,1791349747,2
12353331,12353332,1791349747,1791349749,2
12353332,12353333,1791349749,1791349751,2
12353333,12353334,1791349751,1791349753,2
12353334,12353335,1791349753,1791349755,2
12353335,12353336,1791349755,1791349757,2
12353336,12353337,1791349757,1791349759,2
12353337,12353338,1791349759,1791349761,2
12353338,12353339,1791349761,1791349763,2
12353339,12353340,1791349763,1791349765,2
12353340,12353341,1791349765,1791349767,2
12353341,12353342,1791349767,1791349769,2
12353342,12353343,1791349769,1791349771,2
12353343,12353344,1791349771,1791349773,2
12353344,12353345,1791349773,1791349775,2
12353345,12353346,1791349775,1791349777,2
12353346,12353347,1791349777,1791349779,2
12353347,12353348,1791349779,1791349781,2
12353348,12353349,1791349781,1791349783,2
12353349,12353350,1791349783,1791349785,2
12353350,12353351,1791349785,1791349787,2
12353351,12353352,1791349787,1791349789,2
12353352,12353353,1791349789,1791349791,2
12353353,12353354,1791349791,1791349793,2
12353354,12353355,1791349793,1791349795,2
12353355,12353356,1791349795,1791349797,2
12353356,12353357,1791349797,1791349799,2
12353357,12353358,1791349799,1791349801,2
12353358,12353359,1791349801,1791349803,2
12353359,12353360,1791349803,1791349805,2
12353360,12353361,1791349805,1791349807,2
12353361,12353362,1791349807,1791349809,2
12353362,12353363,1791349809,1791349811,2
12353363,12353364,1791349811,1791349813,2
12353364,12353365,1791349813,1791349815,2
12353365,12353366,1791349815,1791349817,2
12353366,12353367,1791349817,1791349819,2
12353367,12353368,1791349819,1791349821,2
12353368,12353369,1791349821,1791349823,2
12353369,12353370,1791349823,1791349825,2
12353370,12353371,1791349825,1791349827,2
12353371,12353372,1791349827,1791349829,2
12353372,12353373,1791349829,1791349831,2
12353373,12353374,1791349831,1791349833,2
12353374,12353375,1791349833,1791349835,2
12353375,12353376,1791349835,1791349837,2
12353376,12353377,1791349837,1791349839,2
12353377,12353378,1791349839,1791349841,2
12353378,12353379,1791349841,1791349843,2
12353379,12353380,1791349843,1791349845,2
12353380,12353381,1791349845,1791349847,2
12353381,12353382,1791349847,1791349849,2
12353382,12353383,1791349849,1791349851,2
12353383,12353384,1791349851,1791349853,2
12353384,12353385,1791349853,1791349855,2
12353385,12353386,1791349855,1791349857,2
12353386,12353387,1791349857,1791349859,2
12353387,12353388,1791349859,1791349861,2
12353388,12353389,1791349861,1791349863,2
12353389,12353390,1791349863,1791349865,2
12353390,12353391,1791349865,1791349867,2
12353391,12353392,1791349867,1791349869,2
12353392,12353393,1791349869,1791349871,2
12353393,12353394,1791349871,1791349873,2
12353394,12353395,1791349873,1791349875,2
12353395,12353396,1791349875,1791349877,2
12353396,12353397,1791349877,1791349879,2
12353397,12353398,1791349879,1791349881,2
12353398,12353399,1791349881,1791349883,2
12353399,12353400,1791349883,1791349885,2
12353400,12353401,1791349885,1791349887,2
12353401,12353402,1791349887,1791349889,2
12353402,12353403,1791349889,1791349891,2
12353403,12353404,1791349891,1791349893,2
12353404,12353405,1791349893,1791349895,2
12353405,12353406,1791349895,1791349897,2
12353406,12353407,1791349897,1791349899,2
12353407,12353408,1791349899,1791349901,2
12353408,12353409,1791349901,1791349903,2
12353409,12353410,1791349903,1791349905,2
12353410,12353411,1791349905,1791349907,2
12353411,12353412,1791349907,1791349909,2
12353412,12353413,1791349909,1791349911,2
12353413,12353414,1791349911,1791349913,2
12353414,12353415,1791349913,1791349915,2
12353415,12353416,1791349915,1791349917,2
12353416,12353417,1791349917,1791349919,2
12353417,12353418,1791349919,1791349921,2
12353418,12353419,1791349921,1791349923,2
12353419,12353420,1791349923,1791349925,2
12353420,12353421,1791349925,1791349927,2
12353421,12353422,1791349927,1791349929,2
12353422,12353423,1791349929,1791349931,2
12353423,12353424,1791349931,1791349933,2
12353424,12353425,1791349933,1791349935,2
12353425,12353426,1791349935,1791349937,2
12353426,12353427,1791349937,1791349939,2
12353427,12353428,1791349939,1791349941,2
12353428,12353429,1791349941,1791349943,2
12353429,12353430,1791349943,1791349945,2
12353430,12353431,1791349945,1791349947,2
12353431,12353432,1791349947,1791349949,2
12353432,12353433,1791349949,1791349951,2
12353433,12353434,1791349951,1791349953,2
12353434,12353435,1791349953,1791349955,2
12353435,12353436,1791349955,1791349957,2
12353436,12353437,1791349957,1791349959,2
12353437,12353438,1791349959,1791349961,2
12353438,12353439,1791349961,1791349963,2
12353439,12353440,1791349963,1791349965,2
12353440,12353441,1791349965,1791349967,2
12353441,12353442,1791349967,1791349969,2
12353442,12353443,1791349969,1791349971,2
12353443,12353444,1791349971,1791349973,2
12353444,12353445,1791349973,1791349975,2
12353445,12353446,1791349975,1791349977,2
12353446,12353447,1791349977,1791349979,2
12353447,12353448,1791349979,1791349981,2
12353448,12353449,1791349981,1791349983,2
12353449,12353450,1791349983,1791349985,2
12353450,12353451,1791349985,1791349987,2
12353451,12353452,1791349987,1791349989,2
12353452,12353453,1791349989,1791349991,2
12353453,12353454,1791349991,1791349993,2
12353454,12353455,1791349993,1791349995,2
12353455,12353456,1791349995,1791349997,2
12353456,12353457,1791349997,1791349999,2
12353457,12353458,1791349999,1791350001,2
12353458,12353459,1791350001,1791350003,2
12353459,12353460,1791350003,1791350005,2
12353460,12353461,1791350005,1791350007,2
12353461,12353462,1791350007,1791350009,2
12353462,12353463,1791350009,1791350011,2
12353463,12353464,1791350011,1791350013,2
12353464,12353465,1791350013,1791350015,2
12353465,12353466,1791350015,1791350017,2
12353466,12353467,1791350017,1791350019,2
12353467,12353468,1791350019,1791350021,2
12353468,12353469,1791350021,1791350023,2
12353469,12353470,1791350023,1791350025,2
12353470,12353471,1791350025,1791350027,2
12353471,12353472,1791350027,1791350029,2
12353472,12353473,1791350029,1791350031,2
12353473,12353474,1791350031,1791350033,2
12353474,12353475,1791350033,1791350035,2
12353475,12353476,1791350035,1791350037,2
12353476,12353477,1791350037,1791350039,2
12353477,12353478,1791350039,1791350041,2
12353478,12353479,1791350041,1791350043,2
12353479,12353480,1791350043,1791350045,2
12353480,12353481,1791350045,1791350047,2
12353481,12353482,1791350047,1791350049,2
12353482,12353483,1791350049,1791350051,2
12353483,12353484,1791350051,1791350053,2
12353484,12353485,1791350053,1791350055,2
12353485,12353486,1791350055,1791350057,2
12353486,12353487,1791350057,1791350059,2
12353487,12353488,1791350059,1791350061,2
12353488,12353489,1791350061,1791350063,2
12353489,12353490,1791350063,1791350065,2
12353490,12353491,1791350065,1791350067,2
12353491,12353492,1791350067,1791350069,2
12353492,12353493,1791350069,1791350071,2
12353493,12353494,1791350071,1791350073,2
12353494,12353495,1791350073,1791350075,2
12353495,12353496,1791350075,1791350077,2
12353496,12353497,1791350077,1791350079,2
12353497,12353498,1791350079,1791350081,2
12353498,12353499,1791350081,1791350083,2
12353499,12353500,1791350083,1791350085,2
12353500,12353501,1791350085,1791350087,2
12353501,12353502,1791350087,1791350089,2
12353502,12353503,1791350089,1791350091,2
12353503,12353504,1791350091,1791350093,2
12353504,12353505,1791350093,1791350095,2
12353505,12353506,1791350095,1791350097,2
12353506,12353507,1791350097,1791350099,2
12353507,12353508,1791350099,1791350101,2
12353508,12353509,1791350101,1791350103,2
12353509,12353510,1791350103,1791350105,2
12353510,12353511,1791350105,1791350107,2
12353511,12353512,1791350107,1791350109,2
12353512,12353513,1791350109,1791350111,2
12353513,12353514,1791350111,1791350113,2
12353514,12353515,1791350113,1791350115,2
12353515,12353516,1791350115,1791350117,2
12353516,12353517,1791350117,1791350119,2
12353517,12353518,1791350119,1791350121,2
12353518,12353519,1791350121,1791350123,2
12353519,12353520,1791350123,1791350125,2
12353520,12353521,1791350125,1791350127,2
12353521,12353522,1791350127,1791350129,2
12353522,12353523,1791350129,1791350131,2
12353523,12353524,1791350131,1791350133,2
12353524,12353525,1791350133,1791350135,2
12353525,12353526,1791350135,1791350137,2
12353526,12353527,1791350137,1791350139,2
12353527,12353528,1791350139,1791350141,2
12353528,12353529,1791350141,1791350143,2
12353529,12353530,1791350143,1791350145,2
12353530,12353531,1791350145,1791350147,2
12353531,12353532,1791350147,1791350149,2
12353532,12353533,1791350149,1791350151,2
12353533,12353534,1791350151,1791350153,2
12353534,12353535,1791350153,1791350155,2
12353535,12353536,1791350155,1791350157,2
12353536,12353537,1791350157,1791350159,2
12353537,12353538,1791350159,1791350161,2
12353538,12353539,1791350161,1791350163,2
12353539,12353540,1791350163,1791350165,2
12353540,12353541,1791350165,1791350167,2
12353541,12353542,1791350167,1791350169,2
12353542,12353543,1791350169,1791350171,2
12353543,12353544,1791350171,1791350173,2
12353544,12353545,1791350173,1791350175,2
12353545,12353546,1791350175,1791350177,2
12353546,12353547,1791350177,1791350179,2
12353547,12353548,1791350179,1791350181,2
12353548,12353549,1791350181,1791350183,2
12353549,12353550,1791350183,1791350185,2
12353550,12353551,1791350185,1791350187,2
12353551,12353552,1791350187,1791350189,2
12353552,12353553,1791350189,1791350191,2
12353553,12353554,1791350191,1791350193,2
12353554,12353555,1791350193,1791350195,2
12353555,12353556,1791350195,1791350197,2
12353556,12353557,1791350197,1791350199,2
12353557,12353558,1791350199,1791350201,2
12353558,12353559,1791350201,1791350203,2
12353559,12353560,1791350203,1791350205,2
12353560,12353561,1791350205,1791350207,2
12353561,12353562,1791350207,1791350209,2
12353562,12353563,1791350209,1791350211,2
12353563,12353564,1791350211,1791350213,2
12353564,12353565,1791350213,1791350215,2
12353565,12353566,1791350215,1791350217,2
12353566,12353567,1791350217,1791350219,2
12353567,12353568,1791350219,1791350221,2
12353568,12353569,1791350221,1791350223,2
12353569,12353570,1791350223,1791350225,2
12353570,12353571,1791350225,1791350227,2
12353571,12353572,1791350227,1791350229,2
12353572,12353573,1791350229,1791350231,2
12353573,12353574,1791350231,1791350233,2
12353574,12353575,1791350233,1791350235,2
12353575,12353576,1791350235,1791350237,2
12353576,12353577,1791350237,1791350239,2
12353577,12353578,1791350239,1791350241,2
12353578,12353579,1791350241,1791350243,2
12353579,12353580,1791350243,1791350245,2
12353580,12353581,1791350245,1791350247,2
12353581,12353582,1791350247,1791350249,2
12353582,12353583,1791350249,1791350251,2
12353583,12353584,1791350251,1791350253,2
12353584,12353585,1791350253,1791350255,2
12353585,12353586,1791350255,1791350257,2
12353586,12353587,1791350257,1791350259,2
12353587,12353588,1791350259,1791350261,2
12353588,12353589,1791350261,1791350263,2
12353589,12353590,1791350263,1791350265,2
12353590,12353591,1791350265,1791350267,2
12353591,12353592,1791350267,1791350269,2
12353592,12353593,1791350269,1791350271,2
12353593,12353594,1791350271,1791350273,2
12353594,12353595,1791350273,1791350275,2
12353595,12353596,1791350275,1791350277,2
12353596,12353597,1791350277,1791350279,2
12353597,12353598,1791350279,1791350281,2
12353598,12353599,1791350281,1791350283,2
12353599,12353600,1791350283,1791350285,2
12353600,12353601,1791350285,1791350287,2
12353601,12353602,1791350287,1791350289,2
12353602,12353603,1791350289,1791350291,2
12353603,12353604,1791350291,1791350293,2
12353604,12353605,1791350293,1791350295,2
12353605,12353606,1791350295,1791350297,2
12353606,12353607,1791350297,1791350299,2
12353607,12353608,1791350299,1791350301,2
12353608,12353609,1791350301,1791350303,2
12353609,12353610,1791350303,1791350305,2
12353610,12353611,1791350305,1791350307,2
12353611,12353612,1791350307,1791350309,2
12353612,12353613,1791350309,1791350311,2
12353613,12353614,1791350311,1791350313,2
12353614,12353615,1791350313,1791350315,2
12353615,12353616,1791350315,1791350317,2
12353616,12353617,1791350317,1791350319,2
12353617,12353618,1791350319,1791350321,2
12353618,12353619,1791350321,1791350323,2
12353619,12353620,1791350323,1791350325,2
12353620,12353621,1791350325,1791350327,2
12353621,12353622,1791350327,1791350329,2
12353622,12353623,1791350329,1791350331,2
12353623,12353624,1791350331,1791350333,2
12353624,12353625,1791350333,1791350335,2
12353625,12353626,1791350335,1791350337,2
12353626,12353627,1791350337,1791350339,2
12353627,12353628,1791350339,1791350341,2
12353628,12353629,1791350341,1791350343,2
12353629,12353630,1791350343,1791350345,2
12353630,12353631,1791350345,1791350347,2
12353631,12353632,1791350347,1791350349,2
12353632,12353633,1791350349,1791350351,2
12353633,12353634,1791350351,1791350353,2
12353634,12353635,1791350353,1791350355,2
12353635,12353636,1791350355,1791350357,2
12353636,12353637,1791350357,1791350359,2
12353637,12353638,1791350359,1791350361,2
12353638,12353639,1791350361,1791350363,2
12353639,12353640,1791350363,1791350365,2
12353640,12353641,1791350365,1791350367,2
12353641,12353642,1791350367,1791350369,2
12353642,12353643,1791350369,1791350371,2
12353643,12353644,1791350371,1791350373,2
12353644,12353645,1791350373,1791350375,2
12353645,12353646,1791350375,1791350377,2
12353646,12353647,1791350377,1791350379,2
12353647,12353648,1791350379,1791350381,2
12353648,12353649,1791350381,1791350383,2
12353649,12353650,1791350383,1791350385,2
12353650,12353651,1791350385,1791350387,2
12353651,12353652,1791350387,1791350389,2
12353652,12353653,1791350389,1791350391,2
12353653,12353654,1791350391,1791350393,2
12353654,12353655,1791350393,1791350395,2
12353655,12353656,1791350395,1791350397,2
12353656,12353657,1791350397,1791350399,2
12353657,12353658,1791350399,1791350401,2
12353658,12353659,1791350401,1791350403,2
12353659,12353660,1791350403,1791350405,2
12353660,12353661,1791350405,1791350407,2
12353661,12353662,1791350407,1791350409,2
12353662,12353663,1791350409,1791350411,2
12353663,12353664,1791350411,1791350413,2
12353664,12353665,1791350413,1791350415,2
12353665,12353666,1791350415,1791350417,2
12353666,12353667,1791350417,1791350419,2
12353667,12353668,1791350419,1791350421,2
12353668,12353669,1791350421,1791350423,2
12353669,12353670,1791350423,1791350425,2
12353670,12353671,1791350425,1791350427,2
12353671,12353672,1791350427,1791350429,2
12353672,12353673,1791350429,1791350431,2
12353673,12353674,1791350431,1791350433,2
12353674,12353675,1791350433,1791350435,2
12353675,12353676,1791350435,1791350437,2
12353676,12353677,1791350437,1791350439,2
12353677,12353678,1791350439,1791350441,2
12353678,12353679,1791350441,1791350443,2
12353679,12353680,1791350443,1791350445,2
12353680,12353681,1791350445,1791350447,2
12353681,12353682,1791350447,1791350449,2
12353682,12353683,1791350449,1791350451,2
12353683,12353684,1791350451,1791350453,2
12353684,12353685,1791350453,1791350455,2
12353685,12353686,1791350455,1791350457,2
12353686,12353687,1791350457,1791350459,2
12353687,12353688,1791350459,1791350461,2
12353688,12353689,1791350461,1791350463,2
12353689,12353690,1791350463,1791350465,2
12353690,12353691,1791350465,1791350467,2
12353691,12353692,1791350467,1791350469,2
12353692,12353693,1791350469,1791350471,2
12353693,12353694,1791350471,1791350473,2
12353694,12353695,1791350473,1791350475,2
12353695,12353696,1791350475,1791350477,2
12353696,12353697,1791350477,1791350479,2
12353697,12353698,1791350479,1791350481,2
12353698,12353699,1791350481,1791350483,2
12353699,12353700,1791350483,1791350485,2
12353700,12353701,1791350485,1791350487,2
12353701,12353702,1791350487,1791350489,2
12353702,12353703,1791350489,1791350491,2
12353703,12353704,1791350491,1791350493,2
12353704,12353705,1791350493,1791350495,2
12353705,12353706,1791350495,1791350497,2
12353706,12353707,1791350497,1791350499,2
12353707,12353708,1791350499,1791350501,2
12353708,12353709,1791350501,1791350503,2
12353709,12353710,1791350503,1791350505,2
12353710,12353711,1791350505,1791350507,2
12353711,12353712,1791350507,1791350509,2
12353712,12353713,1791350509,1791350511,2
12353713,12353714,1791350511,1791350513,2
12353714,12353715,1791350513,1791350515,2
12353715,12353716,1791350515,1791350517,2
12353716,12353717,1791350517,1791350519,2
12353717,12353718,1791350519,1791350521,2
12353718,12353719,1791350521,1791350523,2
12353719,12353720,1791350523,1791350525,2
12353720,12353721,1791350525,1791350527,2
12353721,12353722,1791350527,1791350529,2
12353722,12353723,1791350529,1791350531,2
12353723,12353724,1791350531,1791350533,2
12353724,12353725,1791350533,1791350535,2
12353725,12353726,1791350535,1791350537,2
12353726,12353727,1791350537,1791350539,2
12353727,12353728,1791350539,1791350541,2
12353728,12353729,1791350541,1791350543,2
12353729,12353730,1791350543,1791350545,2
12353730,12353731,1791350545,1791350547,2
12353731,12353732,1791350547,1791350549,2
12353732,12353733,1791350549,1791350551,2
12353733,12353734,1791350551,1791350553,2
12353734,12353735,1791350553,1791350555,2
12353735,12353736,1791350555,1791350557,2
12353736,12353737,1791350557,1791350559,2
12353737,12353738,1791350559,1791350561,2
12353738,12353739,1791350561,1791350563,2
12353739,12353740,1791350563,1791350565,2
12353740,12353741,1791350565,1791350567,2
12353741,12353742,1791350567,1791350569,2
12353742,12353743,1791350569,1791350571,2
12353743,12353744,1791350571,1791350573,2
12353744,12353745,1791350573,1791350575,2
12353745,12353746,1791350575,1791350577,2
12353746,12353747,1791350577,1791350579,2
12353747,12353748,1791350579,1791350581,2
12353748,12353749,1791350581,1791350583,2
12353749,12353750,1791350583,1791350585,2
12353750,12353751,1791350585,1791350587,2
12353751,12353752,1791350587,1791350589,2
12353752,12353753,1791350589,1791350591,2
12353753,12353754,1791350591,1791350593,2
12353754,12353755,1791350593,1791350595,2
12353755,12353756,1791350595,1791350597,2
12353756,12353757,1791350597,1791350599,2
12353757,12353758,1791350599,1791350601,2
12353758,12353759,1791350601,1791350603,2
12353759,12353760,1791350603,1791350605,2
12353760,12353761,1791350605,1791350607,2
12353761,12353762,1791350607,1791350609,2
12353762,12353763,1791350609,1791350611,2
12353763,12353764,1791350611,1791350613,2
12353764,12353765,1791350613,1791350615,2
12353765,12353766,1791350615,1791350617,2
12353766,12353767,1791350617,1791350619,2
12353767,12353768,1791350619,1791350621,2
12353768,12353769,1791350621,1791350623,2
12353769,12353770,1791350623,1791350625,2
12353770,12353771,1791350625,1791350627,2
12353771,12353772,1791350627,1791350629,2
12353772,12353773,1791350629,1791350631,2
12353773,12353774,1791350631,1791350633,2
12353774,12353775,1791350633,1791350635,2
12353775,12353776,1791350635,1791350637,2
12353776,12353777,1791350637,1791350639,2
12353777,12353778,1791350639,1791350641,2
12353778,12353779,1791350641,1791350643,2
12353779,12353780,1791350643,1791350645,2
12353780,12353781,1791350645,1791350647,2
12353781,12353782,1791350647,1791350649,2
12353782,12353783,1791350649,1791350651,2
12353783,12353784,1791350651,1791350653,2
12353784,12353785,1791350653,1791350655,2
12353785,12353786,1791350655,1791350657,2
12353786,12353787,1791350657,1791350659,2
12353787,12353788,1791350659,1791350661,2
12353788,12353789,1791350661,1791350663,2
12353789,12353790,1791350663,1791350665,2
12353790,12353791,1791350665,1791350667,2
12353791,12353792,1791350667,1791350669,2
12353792,12353793,1791350669,1791350671,2
12353793,12353794,1791350671,1791350673,2
12353794,12353795,1791350673,1791350675,2
12353795,12353796,1791350675,1791350677,2
12353796,12353797,1791350677,1791350679,2
12353797,12353798,1791350679,1791350681,2
12353798,12353799,1791350681,1791350683,2
12353799,12353800,1791350683,1791350685,2
12353800,12353801,1791350685,1791350687,2
12353801,12353802,1791350687,1791350689,2
12353802,12353803,1791350689,1791350691,2
12353803,12353804,1791350691,1791350693,2
12353804,12353805,1791350693,1791350695,2
12353805,12353806,1791350695,1791350697,2
12353806,12353807,1791350697,1791350699,2
12353807,12353808,1791350699,1791350701,2
12353808,12353809,1791350701,1791350703,2
12353809,12353810,1791350703,1791350705,2
12353810,12353811,1791350705,1791350707,2
12353811,12353812,1791350707,1791350709,2
12353812,12353813,1791350709,1791350711,2
12353813,12353814,1791350711,1791350713,2
12353814,12353815,1791350713,1791350715,2
12353815,12353816,1791350715,1791350717,2
12353816,12353817,1791350717,1791350719,2
12353817,12353818,1791350719,1791350721,2
12353818,12353819,1791350721,1791350723,2
12353819,12353820,1791350723,1791350725,2
12353820,12353821,1791350725,1791350727,2
12353821,12353822,1791350727,1791350729,2
12353822,12353823,1791350729,1791350731,2
12353823,12353824,1791350731,1791350733,2
12353824,12353825,1791350733,1791350735,2
12353825,12353826,1791350735,1791350737,2
12353826,12353827,1791350737,1791350739,2
12353827,12353828,1791350739,1791350741,2
12353828,12353829,1791350741,1791350743,2
12353829,12353830,1791350743,1791350745,2
12353830,12353831,1791350745,1791350747,2
12353831,12353832,1791350747,1791350749,2
12353832,12353833,1791350749,1791350751,2
12353833,12353834,1791350751,1791350753,2
12353834,12353835,1791350753,1791350755,2
12353835,12353836,1791350755,1791350757,2
12353836,12353837,1791350757,1791350759,2
12353837,12353838,1791350759,1791350761,2
12353838,12353839,1791350761,1791350763,2
12353839,12353840,1791350763,1791350765,2
12353840,12353841,1791350765,1791350767,2
12353841,12353842,1791350767,1791350769,2
12353842,12353843,1791350769,1791350771,2
12353843,12353844,1791350771,1791350773,2
12353844,12353845,1791350773,1791350775,2
12353845,12353846,1791350775,1791350777,2
12353846,12353847,1791350777,1791350779,2
12353847,12353848,1791350779,1791350781,2
12353848,12353849,1791350781,1791350783,2
12353849,12353850,1791350783,1791350785,2
12353850,12353851,1791350785,1791350787,2
12353851,12353852,1791350787,1791350789,2
12353852,12353853,1791350789,1791350791,2
12353853,12353854,1791350791,1791350793,2
12353854,12353855,1791350793,1791350795,2
12353855,12353856,1791350795,1791350797,2
12353856,12353857,1791350797,1791350799,2
12353857,12353858,1791350799,1791350801,2
12353858,12353859,1791350801,1791350803,2
12353859,12353860,1791350803,1791350805,2
12353860,12353861,1791350805,1791350807,2
12353861,12353862,1791350807,1791350809,2
12353862,12353863,1791350809,1791350811,2
12353863,12353864,1791350811,1791350813,2
12353864,12353865,1791350813,1791350815,2
12353865,12353866,1791350815,1791350817,2
12353866,12353867,1791350817,1791350819,2
12353867,12353868,1791350819,1791350821,2
12353868,12353869,1791350821,1791350823,2
12353869,12353870,1791350823,1791350825,2
12353870,12353871,1791350825,1791350827,2
12353871,12353872,1791350827,1791350829,2
12353872,12353873,1791350829,1791350831,2
12353873,12353874,1791350831,1791350833,2
12353874,12353875,1791350833,1791350835,2
12353875,12353876,1791350835,1791350837,2
12353876,12353877,1791350837,1791350839,2
12353877,12353878,1791350839,1791350841,2
12353878,12353879,1791350841,1791350843,2
12353879,12353880,1791350843,1791350845,2
12353880,12353881,1791350845,1791350847,2
12353881,12353882,1791350847,1791350849,2
12353882,12353883,1791350849,1791350851,2
12353883,12353884,1791350851,1791350853,2
12353884,12353885,1791350853,1791350855,2
12353885,12353886,1791350855,1791350857,2
12353886,12353887,1791350857,1791350859,2
12353887,12353888,1791350859,1791350861,2
12353888,12353889,1791350861,1791350863,2
12353889,12353890,1791350863,1791350865,2
12353890,12353891,1791350865,1791350867,2
12353891,12353892,1791350867,1791350869,2
12353892,12353893,1791350869,1791350871,2
12353893,12353894,1791350871,1791350873,2
12353894,12353895,1791350873,1791350875,2
12353895,12353896,1791350875,1791350877,2
12353896,12353897,1791350877,1791350879,2
12353897,12353898,1791350879,1791350881,2
12353898,12353899,1791350881,1791350883,2
12353899,12353900,1791350883,1791350885,2
12353900,12353901,1791350885,1791350887,2
12353901,12353902,1791350887,1791350889,2
12353902,12353903,1791350889,1791350891,2
12353903,12353904,1791350891,1791350893,2
12353904,12353905,1791350893,1791350895,2
12353905,12353906,1791350895,1791350897,2
12353906,12353907,1791350897,1791350899,2
12353907,12353908,1791350899,1791350901,2
12353908,12353909,1791350901,1791350903,2
12353909,12353910,1791350903,1791350905,2
12353910,12353911,1791350905,1791350907,2
12353911,12353912,1791350907,1791350909,2
12353912,12353913,1791350909,1791350911,2
12353913,12353914,1791350911,1791350913,2
12353914,12353915,1791350913,1791350915,2
12353915,12353916,1791350915,1791350917,2
12353916,12353917,1791350917,1791350919,2
12353917,12353918,1791350919,1791350921,2
12353918,12353919,1791350921,1791350923,2
12353919,12353920,1791350923,1791350925,2
12353920,12353921,1791350925,1791350927,2
12353921,12353922,1791350927,1791350929,2
12353922,12353923,1791350929,1791350931,2
12353923,12353924,1791350931,1791350933,2
12353924,12353925,1791350933,1791350935,2
12353925,12353926,1791350935,1791350937,2
12353926,12353927,1791350937,1791350939,2
12353927,12353928,1791350939,1791350941,2
12353928,12353929,1791350941,1791350943,2
12353929,12353930,1791350943,1791350945,2
12353930,12353931,1791350945,1791350947,2
12353931,12353932,1791350947,1791350949,2
12353932,12353933,1791350949,1791350951,2
12353933,12353934,1791350951,1791350953,2
12353934,12353935,1791350953,1791350955,2
12353935,12353936,1791350955,1791350957,2
12353936,12353937,1791350957,1791350959,2
12353937,12353938,1791350959,1791350961,2
12353938,12353939,1791350961,1791350963,2
12353939,12353940,1791350963,1791350965,2
12353940,12353941,1791350965,1791350967,2
12353941,12353942,1791350967,1791350969,2
12353942,12353943,1791350969,1791350971,2
12353943,12353944,1791350971,1791350973,2
12353944,12353945,1791350973,1791350975,2
12353945,12353946,1791350975,1791350977,2
12353946,12353947,1791350977,1791350979,2
12353947,12353948,1791350979,1791350981,2
12353948,12353949,1791350981,1791350983,2
12353949,12353950,1791350983,1791350985,2
12353950,12353951,1791350985,1791350987,2
12353951,12353952,1791350987,1791350989,2
12353952,12353953,1791350989,1791350991,2
12353953,12353954,1791350991,1791350993,2
12353954,12353955,1791350993,1791350995,2
12353955,12353956,1791350995,1791350997,2
12353956,12353957,1791350997,1791350999,2
12353957,12353958,1791350999,1791351001,2
12353958,12353959,1791351001,1791351003,2
12353959,12353960,1791351003,1791351005,2
12353960,12353961,1791351005,1791351007,2
12353961,12353962,1791351007,1791351009,2
12353962,12353963,1791351009,1791351011,2
12353963,12353964,1791351011,1791351013,2
12353964,12353965,1791351013,1791351015,2
12353965,12353966,1791351015,1791351017,2
12353966,12353967,1791351017,1791351019,2
12353967,12353968,1791351019,1791351021,2
12353968,12353969,1791351021,1791351023,2
12353969,12353970,1791351023,1791351025,2
12353970,12353971,1791351025,1791351027,2
12353971,12353972,1791351027,1791351029,2
12353972,12353973,1791351029,1791351031,2
12353973,12353974,1791351031,1791351033,2
12353974,12353975,1791351033,1791351035,2
12353975,12353976,1791351035,1791351037,2
12353976,12353977,1791351037,1791351039,2
12353977,12353978,1791351039,1791351041,2
12353978,12353979,1791351041,1791351043,2
12353979,12353980,1791351043,1791351045,2
12353980,12353981,1791351045,1791351047,2
12353981,12353982,1791351047,1791351049,2
12353982,12353983,1791351049,1791351051,2
12353983,12353984,1791351051,1791351053,2
12353984,12353985,1791351053,1791351055,2
12353985,12353986,1791351055,1791351057,2
12353986,12353987,1791351057,1791351059,2
12353987,12353988,1791351059,1791351061,2
12353988,12353989,1791351061,1791351063,2
12353989,12353990,1791351063,1791351065,2
12353990,12353991,1791351065,1791351067,2
12353991,12353992,1791351067,1791351069,2
12353992,12353993,1791351069,1791351071,2
12353993,12353994,1791351071,1791351073,2
12353994,12353995,1791351073,1791351075,2
12353995,12353996,1791351075,1791351077,2
12353996,12353997,1791351077,1791351079,2
12353997,12353998,1791351079,1791351081,2
12353998,12353999,1791351081,1791351083,2
12353999,12354000,1791351083,1791351085,2
12354000,12354001,1791351085,1791351087,2
12354001,12354002,1791351087,1791351089,2
12354002,12354003,1791351089,1791351091,2
12354003,12354004,1791351091,1791351093,2
12354004,12354005,1791351093,1791351095,2
12354005,12354006,1791351095,1791351097,2
12354006,12354007,1791351097,1791351099,2
12354007,12354008,1791351099,1791351101,2
12354008,12354009,1791351101,1791351103,2
12354009,12354010,1791351103,1791351105,2
12354010,12354011,1791351105,1791351107,2
12354011,12354012,1791351107,1791351109,2
12354012,12354013,1791351109,1791351111,2
12354013,12354014,1791351111,1791351113,2
12354014,12354015,1791351113,1791351115,2
12354015,12354016,1791351115,1791351117,2
12354016,12354017,1791351117,1791351119,2
12354017,12354018,1791351119,1791351121,2
12354018,12354019,1791351121,1791351123,2
12354019,12354020,1791351123,1791351125,2
12354020,12354021,1791351125,1791351127,2
12354021,12354022,1791351127,1791351129,2
12354022,12354023,1791351129,1791351131,2
12354023,12354024,1791351131,1791351133,2
12354024,12354025,1791351133,1791351135,2
12354025,12354026,1791351135,1791351137,2
12354026,12354027,1791351137,1791351139,2
12354027,12354028,1791351139,1791351141,2
12354028,12354029,1791351141,1791351143,2
12354029,12354030,1791351143,1791351145,2
12354030,12354031,1791351145,1791351147,2
12354031,12354032,1791351147,1791351149,2
12354032,12354033,1791351149,1791351151,2
12354033,12354034,1791351151,1791351153,2
12354034,12354035,1791351153,1791351155,2
12354035,12354036,1791351155,1791351157,2
12354036,12354037,1791351157,1791351159,2
12354037,12354038,1791351159,1791351161,2
12354038,12354039,1791351161,1791351163,2
12354039,12354040,1791351163,1791351165,2
12354040,12354041,1791351165,1791351167,2
12354041,12354042,1791351167,1791351169,2
12354042,12354043,1791351169,1791351171,2
12354043,12354044,1791351171,1791351173,2
12354044,12354045,1791351173,1791351175,2
12354045,12354046,1791351175,1791351177,2
12354046,12354047,1791351177,1791351179,2
12354047,12354048,1791351179,1791351181,2
12354048,12354049,1791351181,1791351183,2
12354049,12354050,1791351183,1791351185,2
12354050,12354051,1791351185,1791351187,2
12354051,12354052,1791351187,1791351189,2
12354052,12354053,1791351189,1791351191,2
12354053,12354054,1791351191,1791351193,2
12354054,12354055,1791351193,1791351195,2
12354055,12354056,1791351195,1791351197,2
12354056,12354057,1791351197,1791351199,2
12354057,12354058,1791351199,1791351201,2
12354058,12354059,1791351201,1791351203,2
12354059,12354060,1791351203,1791351205,2
12354060,12354061,1791351205,1791351207,2
12354061,12354062,1791351207,1791351209,2
12354062,12354063,1791351209,1791351211,2
12354063,12354064,1791351211,1791351213,2
12354064,12354065,1791351213,1791351215,2
12354065,12354066,1791351215,1791351217,2
12354066,12354067,1791351217,1791351219,2
12354067,12354068,1791351219,1791351221,2
12354068,12354069,1791351221,1791351223,2
12354069,12354070,1791351223,1791351225,2
12354070,12354071,1791351225,1791351227,2
12354071,12354072,1791351227,1791351229,2
12354072,12354073,1791351229,1791351231,2
12354073,12354074,1791351231,1791351233,2
12354074,12354075,1791351233,1791351235,2
12354075,12354076,1791351235,1791351237,2
12354076,12354077,1791351237,1791351239,2
12354077,12354078,1791351239,1791351241,2
12354078,12354079,1791351241,1791351243,2
12354079,12354080,1791351243,1791351245,2
12354080,12354081,1791351245,1791351247,2
12354081,12354082,1791351247,1791351249,2
12354082,12354083,1791351249,1791351251,2
12354083,12354084,1791351251,1791351253,2
12354084,12354085,1791351253,1791351255,2
12354085,12354086,1791351255,1791351257,2
12354086,12354087,1791351257,1791351259,2
12354087,12354088,1791351259,1791351261,2
12354088,12354089,1791351261,1791351263,2
12354089,12354090,1791351263,1791351265,2
12354090,12354091,1791351265,1791351267,2
12354091,12354092,1791351267,1791351269,2
12354092,12354093,1791351269,1791351271,2
12354093,12354094,1791351271,1791351273,2
12354094,12354095,1791351273,1791351275,2
12354095,12354096,1791351275,1791351277,2
12354096,12354097,1791351277,1791351279,2
12354097,12354098,1791351279,1791351281,2
12354098,12354099,1791351281,1791351283,2
12354099,12354100,1791351283,1791351285,2
12354100,12354101,1791351285,1791351287,2
12354101,12354102,1791351287,1791351289,2
12354102,12354103,1791351289,1791351291,2
12354103,12354104,1791351291,1791351293,2
12354104,12354105,1791351293,1791351295,2
12354105,12354106,1791351295,1791351297,2
12354106,12354107,1791351297,1791351299,2
12354107,12354108,1791351299,1791351301,2
12354108,12354109,1791351301,1791351303,2
12354109,12354110,1791351303,1791351305,2
12354110,12354111,1791351305,1791351307,2
12354111,12354112,1791351307,1791351309,2
12354112,12354113,1791351309,1791351311,2
12354113,12354114,1791351311,1791351313,2
12354114,12354115,1791351313,1791351315,2
12354115,12354116,1791351315,1791351317,2
12354116,12354117,1791351317,1791351319,2
12354117,12354118,1791351319,1791351321,2
12354118,12354119,1791351321,1791351323,2
12354119,12354120,1791351323,1791351325,2
12354120,12354121,1791351325,1791351327,2
12354121,12354122,1791351327,1791351329,2
12354122,12354123,1791351329,1791351331,2
12354123,12354124,1791351331,1791351333,2
12354124,12354125,1791351333,1791351335,2
12354125,12354126,1791351335,1791351337,2
12354126,12354127,1791351337,1791351339,2
12354127,12354128,1791351339,1791351341,2
12354128,12354129,1791351341,1791351343,2
12354129,12354130,1791351343,1791351345,2
12354130,12354131,1791351345,1791351347,2
12354131,12354132,1791351347,1791351349,2
12354132,12354133,1791351349,1791351351,2
12354133,12354134,1791351351,1791351353,2
12354134,12354135,1791351353,1791351355,2
12354135,12354136,1791351355,1791351357,2
12354136,12354137,1791351357,1791351359,2
12354137,12354138,1791351359,1791351361,2
12354138,12354139,1791351361,1791351363,2
12354139,12354140,1791351363,1791351365,2
12354140,12354141,1791351365,1791351367,2
12354141,12354142,1791351367,1791351369,2
12354142,12354143,1791351369,1791351371,2
12354143,12354144,1791351371,1791351373,2
12354144,12354145,1791351373,1791351375,2
12354145,12354146,1791351375,1791351377,2
12354146,12354147,1791351377,1791351379,2
12354147,12354148,1791351379,1791351381,2
12354148,12354149,1791351381,1791351383,2
12354149,12354150,1791351383,1791351385,2
12354150,12354151,1791351385,1791351387,2
12354151,12354152,1791351387,1791351389,2
12354152,12354153,1791351389,1791351391,2
12354153,12354154,1791351391,1791351393,2
12354154,12354155,1791351393,1791351395,2
12354155,12354156,1791351395,1791351397,2
12354156,12354157,1791351397,1791351399,2
12354157,12354158,1791351399,1791351401,2
12354158,12354159,1791351401,1791351403,2
12354159,12354160,1791351403,1791351405,2
12354160,12354161,1791351405,1791351407,2
12354161,12354162,1791351407,1791351409,2
12354162,12354163,1791351409,1791351411,2
12354163,12354164,1791351411,1791351413,2
12354164,12354165,1791351413,1791351415,2
12354165,12354166,1791351415,1791351417,2
12354166,12354167,1791351417,1791351419,2
12354167,12354168,1791351419,1791351421,2
12354168,12354169,1791351421,1791351423,2
12354169,12354170,1791351423,1791351425,2
12354170,12354171,1791351425,1791351427,2
12354171,12354172,1791351427,1791351429,2
12354172,12354173,1791351429,1791351431,2
12354173,12354174,1791351431,1791351433,2
12354174,12354175,1791351433,1791351435,2
12354175,12354176,1791351435,1791351437,2
12354176,12354177,1791351437,1791351439,2
12354177,12354178,1791351439,1791351441,2
12354178,12354179,1791351441,1791351443,2
12354179,12354180,1791351443,1791351445,2
12354180,12354181,1791351445,1791351447,2
12354181,12354182,1791351447,1791351449,2
12354182,12354183,1791351449,1791351451,2
12354183,12354184,1791351451,1791351453,2
12354184,12354185,1791351453,1791351455,2
12354185,12354186,1791351455,1791351457,2
12354186,12354187,1791351457,1791351459,2
12354187,12354188,1791351459,1791351461,2
12354188,12354189,1791351461,1791351463,2
12354189,12354190,1791351463,1791351465,2
12354190,12354191,1791351465,1791351467,2
12354191,12354192,1791351467,1791351469,2
12354192,12354193,1791351469,1791351471,2
12354193,12354194,1791351471,1791351473,2
12354194,12354195,1791351473,1791351475,2
12354195,12354196,1791351475,1791351477,2
12354196,12354197,1791351477,1791351479,2
12354197,12354198,1791351479,1791351481,2
12354198,12354199,1791351481,1791351483,2
12354199,12354200,1791351483,1791351485,2
12354200,12354201,1791351485,1791351487,2
12354201,12354202,1791351487,1791351489,2
12354202,12354203,1791351489,1791351491,2
12354203,12354204,1791351491,1791351493,2
12354204,12354205,1791351493,1791351495,2
12354205,12354206,1791351495,1791351497,2
12354206,12354207,1791351497,1791351499,2
12354207,12354208,1791351499,1791351501,2
12354208,12354209,1791351501,1791351503,2
12354209,12354210,1791351503,1791351505,2
12354210,12354211,1791351505,1791351507,2
12354211,12354212,1791351507,1791351509,2
12354212,12354213,1791351509,1791351511,2
12354213,12354214,1791351511,1791351513,2
12354214,12354215,1791351513,1791351515,2
12354215,12354216,1791351515,1791351517,2
12354216,12354217,1791351517,1791351519,2
12354217,12354218,1791351519,1791351521,2
12354218,12354219,1791351521,1791351523,2
12354219,12354220,1791351523,1791351525,2
12354220,12354221,1791351525,1791351527,2
12354221,12354222,1791351527,1791351529,2
12354222,12354223,1791351529,1791351531,2
12354223,12354224,1791351531,1791351533,2
12354224,12354225,1791351533,1791351535,2
12354225,12354226,1791351535,1791351537,2
12354226,12354227,1791351537,1791351539,2
12354227,12354228,1791351539,1791351541,2
12354228,12354229,1791351541,1791351543,2
12354229,12354230,1791351543,1791351545,2
12354230,12354231,1791351545,1791351547,2
12354231,12354232,1791351547,1791351549,2
12354232,12354233,1791351549,1791351551,2
12354233,12354234,1791351551,1791351553,2
12354234,12354235,1791351553,1791351555,2
12354235,12354236,1791351555,1791351557,2
12354236,12354237,1791351557,1791351559,2
12354237,12354238,1791351559,1791351561,2
12354238,12354239,1791351561,1791351563,2
12354239,12354240,1791351563,1791351565,2
12354240,12354241,1791351565,1791351567,2
12354241,12354242,1791351567,1791351569,2
12354242,12354243,1791351569,1791351571,2
12354243,12354244,1791351571,1791351573,2
12354244,12354245,1791351573,1791351575,2
12354245,12354246,1791351575,1791351577,2
12354246,12354247,1791351577,1791351579,2
12354247,12354248,1791351579,1791351581,2
12354248,12354249,1791351581,1791351583,2
12354249,12354250,1791351583,1791351585,2
12354250,12354251,1791351585,1791351587,2
12354251,12354252,1791351587,1791351589,2
12354252,12354253,1791351589,1791351591,2
12354253,12354254,1791351591,1791351593,2
12354254,12354255,1791351593,1791351595,2
12354255,12354256,1791351595,1791351597,2
12354256,12354257,1791351597,1791351599,2
12354257,12354258,1791351599,1791351601,2
12354258,12354259,1791351601,1791351603,2
12354259,12354260,1791351603,1791351605,2
12354260,12354261,1791351605,1791351607,2
12354261,12354262,1791351607,1791351609,2
12354262,12354263,1791351609,1791351611,2
12354263,12354264,1791351611,1791351613,2
12354264,12354265,1791351613,1791351615,2
12354265,12354266,1791351615,1791351617,2
12354266,12354267,1791351617,1791351619,2
12354267,12354268,1791351619,1791351621,2
12354268,12354269,1791351621,1791351623,2
12354269,12354270,1791351623,1791351625,2
12354270,12354271,1791351625,1791351627,2
12354271,12354272,1791351627,1791351629,2
12354272,12354273,1791351629,1791351631,2
12354273,12354274,1791351631,1791351633,2
12354274,12354275,1791351633,1791351635,2
12354275,12354276,1791351635,1791351637,2
12354276,12354277,1791351637,1791351639,2
12354277,12354278,1791351639,1791351641,2
12354278,12354279,1791351641,1791351643,2
12354279,12354280,1791351643,1791351645,2
12354280,12354281,1791351645,1791351647,2
12354281,12354282,1791351647,1791351649,2
12354282,12354283,1791351649,1791351651,2
12354283,12354284,1791351651,1791351653,2
12354284,12354285,1791351653,1791351655,2
12354285,12354286,1791351655,1791351657,2
12354286,12354287,1791351657,1791351659,2
12354287,12354288,1791351659,1791351661,2
12354288,12354289,1791351661,1791351663,2
12354289,12354290,1791351663,1791351665,2
12354290,12354291,1791351665,1791351667,2
12354291,12354292,1791351667,1791351669,2
12354292,12354293,1791351669,1791351671,2
12354293,12354294,1791351671,1791351673,2
12354294,12354295,1791351673,1791351675,2
12354295,12354296,1791351675,1791351677,2
12354296,12354297,1791351677,1791351679,2
12354297,12354298,1791351679,1791351681,2
12354298,12354299,1791351681,1791351683,2
12354299,12354300,1791351683,1791351685,2
12354300,12354301,1791351685,1791351687,2
12354301,12354302,1791351687,1791351689,2
12354302,12354303,1791351689,1791351691,2
12354303,12354304,1791351691,1791351693,2
12354304,12354305,1791351693,1791351695,2
12354305,12354306,1791351695,1791351697,2
12354306,12354307,1791351697,1791351699,2
12354307,12354308,1791351699,1791351701,2
12354308,12354309,1791351701,1791351703,2
12354309,12354310,1791351703,1791351705,2
12354310,12354311,1791351705,1791351707,2
12354311,12354312,1791351707,1791351709,2
12354312,12354313,1791351709,1791351711,2
12354313,12354314,1791351711,1791351713,2
12354314,12354315,1791351713,1791351715,2
12354315,12354316,1791351715,1791351717,2
12354316,12354317,1791351717,1791351719,2
12354317,12354318,1791351719,1791351721,2
12354318,12354319,1791351721,1791351723,2
12354319,12354320,1791351723,1791351725,2
12354320,12354321,1791351725,1791351727,2
12354321,12354322,1791351727,1791351729,2
12354322,12354323,1791351729,1791351731,2
12354323,12354324,1791351731,1791351733,2
12354324,12354325,1791351733,1791351735,2
12354325,12354326,1791351735,1791351737,2
12354326,12354327,1791351737,1791351739,2
12354327,12354328,1791351739,1791351741,2
12354328,12354329,1791351741,1791351743,2
12354329,12354330,1791351743,1791351745,2
12354330,12354331,1791351745,1791351747,2
12354331,12354332,1791351747,1791351749,2
12354332,12354333,1791351749,1791351751,2
12354333,12354334,1791351751,1791351753,2
12354334,12354335,1791351753,1791351755,2
12354335,12354336,1791351755,1791351757,2
12354336,12354337,1791351757,1791351759,2
12354337,12354338,1791351759,1791351761,2
12354338,12354339,1791351761,1791351763,2
12354339,12354340,1791351763,1791351765,2
12354340,12354341,1791351765,1791351767,2
12354341,12354342,1791351767,1791351769,2
12354342,12354343,1791351769,1791351771,2
12354343,12354344,1791351771,1791351773,2
12354344,12354345,1791351773,1791351775,2
12354345,12354346,1791351775,1791351777,2
12354346,12354347,1791351777,1791351779,2
12354347,12354348,1791351779,1791351781,2
12354348,12354349,1791351781,1791351783,2
12354349,12354350,1791351783,1791351785,2
12354350,12354351,1791351785,1791351787,2
12354351,12354352,1791351787,1791351789,2
12354352,12354353,1791351789,1791351791,2
12354353,12354354,1791351791,1791351793,2
12354354,12354355,1791351793,1791351795,2
12354355,12354356,1791351795,1791351797,2
12354356,12354357,1791351797,1791351799,2
12354357,12354358,1791351799,1791351801,2
12354358,12354359,1791351801,1791351803,2
12354359,12354360,1791351803,1791351805,2
12354360,12354361,1791351805,1791351807,2
12354361,12354362,1791351807,1791351809,2
12354362,12354363,1791351809,1791351811,2
12354363,12354364,1791351811,1791351813,2
12354364,12354365,1791351813,1791351815,2
12354365,12354366,1791351815,1791351817,2
12354366,12354367,1791351817,1791351819,2
12354367,12354368,1791351819,1791351821,2
12354368,12354369,1791351821,1791351823,2
12354369,12354370,1791351823,1791351825,2
12354370,12354371,1791351825,1791351827,2
12354371,12354372,1791351827,1791351829,2
12354372,12354373,1791351829,1791351831,2
12354373,12354374,1791351831,1791351833,2
12354374,12354375,1791351833,1791351835,2
12354375,12354376,1791351835,1791351837,2
12354376,12354377,1791351837,1791351839,2
12354377,12354378,1791351839,1791351841,2
12354378,12354379,1791351841,1791351843,2
12354379,12354380,1791351843,1791351845,2
12354380,12354381,1791351845,1791351847,2
12354381,12354382,1791351847,1791351849,2
12354382,12354383,1791351849,1791351851,2
12354383,12354384,1791351851,1791351853,2
12354384,12354385,1791351853,1791351855,2
12354385,12354386,1791351855,1791351857,2
12354386,12354387,1791351857,1791351859,2
12354387,12354388,1791351859,1791351861,2
12354388,12354389,1791351861,1791351863,2
12354389,12354390,1791351863,1791351865,2
12354390,12354391,1791351865,1791351867,2
12354391,12354392,1791351867,1791351869,2
12354392,12354393,1791351869,1791351871,2
12354393,12354394,1791351871,1791351873,2
12354394,12354395,1791351873,1791351875,2
12354395,12354396,1791351875,1791351877,2
12354396,12354397,1791351877,1791351879,2
12354397,12354398,1791351879,1791351881,2
12354398,12354399,1791351881,1791351883,2
12354399,12354400,1791351883,1791351885,2
12354400,12354401,1791351885,1791351887,2
12354401,12354402,1791351887,1791351889,2
12354402,12354403,1791351889,1791351891,2
12354403,12354404,1791351891,1791351893,2
12354404,12354405,1791351893,1791351895,2
12354405,12354406,1791351895,1791351897,2
12354406,12354407,1791351897,1791351899,2
12354407,12354408,1791351899,1791351901,2
12354408,12354409,1791351901,1791351903,2
12354409,12354410,1791351903,1791351905,2
12354410,12354411,1791351905,1791351907,2
12354411,12354412,1791351907,1791351909,2
12354412,12354413,1791351909,1791351911,2
12354413,12354414,1791351911,1791351913,2
12354414,12354415,1791351913,1791351915,2
12354415,12354416,1791351915,1791351917,2
12354416,12354417,1791351917,1791351919,2
12354417,12354418,1791351919,1791351921,2
12354418,12354419,1791351921,1791351923,2
12354419,12354420,1791351923,1791351925,2
12354420,12354421,1791351925,1791351927,2
12354421,12354422,1791351927,1791351929,2
12354422,12354423,1791351929,1791351931,2
12354423,12354424,1791351931,1791351933,2
12354424,12354425,1791351933,1791351935,2
12354425,12354426,1791351935,1791351937,2
12354426,12354427,1791351937,1791351939,2
12354427,12354428,1791351939,1791351941,2
12354428,12354429,1791351941,1791351943,2
12354429,12354430,1791351943,1791351945,2
12354430,12354431,1791351945,1791351947,2
12354431,12354432,1791351947,1791351949,2
12354432,12354433,1791351949,1791351951,2
12354433,12354434,1791351951,1791351953,2
12354434,12354435,1791351953,1791351955,2
12354435,12354436,1791351955,1791351957,2
12354436,12354437,1791351957,1791351959,2
12354437,12354438,1791351959,1791351961,2
12354438,12354439,1791351961,1791351963,2
12354439,12354440,1791351963,1791351965,2
12354440,12354441,1791351965,1791351967,2
12354441,12354442,1791351967,1791351969,2
12354442,12354443,1791351969,1791351971,2
12354443,12354444,1791351971,1791351973,2
12354444,12354445,1791351973,1791351975,2
12354445,12354446,1791351975,1791351977,2
12354446,12354447,1791351977,1791351979,2
12354447,12354448,1791351979,1791351981,2
12354448,12354449,1791351981,1791351983,2
12354449,12354450,1791351983,1791351985,2
12354450,12354451,1791351985,1791351987,2
12354451,12354452,1791351987,1791351989,2
12354452,12354453,1791351989,1791351991,2
12354453,12354454,1791351991,1791351993,2
12354454,12354455,1791351993,1791351995,2
12354455,12354456,1791351995,1791351997,2
12354456,12354457,1791351997,1791351999,2
12354457,12354458,1791351999,1791352001,2
12354458,12354459,1791352001,1791352003,2
12354459,12354460,1791352003,1791352005,2
12354460,12354461,1791352005,1791352007,2
12354461,12354462,1791352007,1791352009,2
12354462,12354463,1791352009,1791352011,2
12354463,12354464,1791352011,1791352013,2
12354464,12354465,1791352013,1791352015,2
12354465,12354466,1791352015,1791352017,2
12354466,12354467,1791352017,1791352019,2
12354467,12354468,1791352019,1791352021,2
12354468,12354469,1791352021,1791352023,2
12354469,12354470,1791352023,1791352025,2
12354470,12354471,1791352025,1791352027,2
12354471,12354472,1791352027,1791352029,2
12354472,12354473,1791352029,1791352031,2
12354473,12354474,1791352031,1791352033,2
12354474,12354475,1791352033,1791352035,2
12354475,12354476,1791352035,1791352037,2
12354476,12354477,1791352037,1791352039,2
12354477,12354478,1791352039,1791352041,2
12354478,12354479,1791352041,1791352043,2
12354479,12354480,1791352043,1791352045,2
12354480,12354481,1791352045,1791352047,2
12354481,12354482,1791352047,1791352049,2
12354482,12354483,1791352049,1791352051,2
12354483,12354484,1791352051,1791352053,2
12354484,12354485,1791352053,1791352055,2
12354485,12354486,1791352055,1791352057,2
12354486,12354487,1791352057,1791352059,2
12354487,12354488,1791352059,1791352061,2
12354488,12354489,1791352061,1791352063,2
12354489,12354490,1791352063,1791352065,2
12354490,12354491,1791352065,1791352067,2
12354491,12354492,1791352067,1791352069,2
12354492,12354493,1791352069,1791352071,2
12354493,12354494,1791352071,1791352073,2
12354494,12354495,1791352073,1791352075,2
12354495,12354496,1791352075,1791352077,2
12354496,12354497,1791352077,1791352079,2
12354497,12354498,1791352079,1791352081,2
12354498,12354499,1791352081,1791352083,2
12354499,12354500,1791352083,1791352085,2
12354500,12354501,1791352085,1791352087,2
12354501,12354502,1791352087,1791352089,2
12354502,12354503,1791352089,1791352091,2
12354503,12354504,1791352091,1791352093,2
12354504,12354505,1791352093,1791352095,2
12354505,12354506,1791352095,1791352097,2
12354506,12354507,1791352097,1791352099,2
12354507,12354508,1791352099,1791352101,2
12354508,12354509,1791352101,1791352103,2
12354509,12354510,1791352103,1791352105,2
12354510,12354511,1791352105,1791352107,2
12354511,12354512,1791352107,1791352109,2
12354512,12354513,1791352109,1791352111,2
12354513,12354514,1791352111,1791352113,2
12354514,12354515,1791352113,1791352115,2
12354515,12354516,1791352115,1791352117,2
12354516,12354517,1791352117,1791352119,2
12354517,12354518,1791352119,1791352121,2
12354518,12354519,1791352121,1791352123,2
12354519,12354520,1791352123,1791352125,2
12354520,12354521,1791352125,1791352127,2
12354521,12354522,1791352127,1791352129,2
12354522,12354523,1791352129,1791352131,2
12354523,12354524,1791352131,1791352133,2
12354524,12354525,1791352133,1791352135,2
12354525,12354526,1791352135,1791352137,2
12354526,12354527,1791352137,1791352139,2
12354527,12354528,1791352139,1791352141,2
12354528,12354529,1791352141,1791352143,2
12354529,12354530,1791352143,1791352145,2
12354530,12354531,1791352145,1791352147,2
12354531,12354532,1791352147,1791352149,2
12354532,12354533,1791352149,1791352151,2
12354533,12354534,1791352151,1791352153,2
12354534,12354535,1791352153,1791352155,2
12354535,12354536,1791352155,1791352157,2
12354536,12354537,1791352157,1791352159,2
12354537,12354538,1791352159,1791352161,2
12354538,12354539,1791352161,1791352163,2
12354539,12354540,1791352163,1791352165,2
12354540,12354541,1791352165,1791352167,2
12354541,12354542,1791352167,1791352169,2
12354542,12354543,1791352169,1791352171,2
12354543,12354544,1791352171,1791352173,2
12354544,12354545,1791352173,1791352175,2
12354545,12354546,1791352175,1791352177,2
12354546,12354547,1791352177,1791352179,2
12354547,12354548,1791352179,1791352181,2
12354548,12354549,1791352181,1791352183,2
12354549,12354550,1791352183,1791352185,2
12354550,12354551,1791352185,1791352187,2
12354551,12354552,1791352187,1791352189,2
12354552,12354553,1791352189,1791352191,2
12354553,12354554,1791352191,1791352193,2
12354554,12354555,1791352193,1791352195,2
12354555,12354556,1791352195,1791352197,2
12354556,12354557,1791352197,1791352199,2
12354557,12354558,1791352199,1791352201,2
12354558,12354559,1791352201,1791352203,2
12354559,12354560,1791352203,1791352205,2
12354560,12354561,1791352205,1791352207,2
12354561,12354562,1791352207,1791352209,2
12354562,12354563,1791352209,1791352211,2
12354563,12354564,1791352211,1791352213,2
12354564,12354565,1791352213,1791352215,2
12354565,12354566,1791352215,1791352217,2
12354566,12354567,1791352217,1791352219,2
12354567,12354568,1791352219,1791352221,2
12354568,12354569,1791352221,1791352223,2
12354569,12354570,1791352223,1791352225,2
12354570,12354571,1791352225,1791352227,2
12354571,12354572,1791352227,1791352229,2
12354572,12354573,1791352229,1791352231,2
12354573,12354574,1791352231,1791352233,2
12354574,12354575,1791352233,1791352235,2
12354575,12354576,1791352235,1791352237,2
12354576,12354577,1791352237,1791352239,2
12354577,12354578,1791352239,1791352241,2
12354578,12354579,1791352241,1791352243,2
12354579,12354580,1791352243,1791352245,2
12354580,12354581,1791352245,1791352247,2
12354581,12354582,1791352247,1791352249,2
12354582,12354583,1791352249,1791352251,2
12354583,12354584,1791352251,1791352253,2
12354584,12354585,1791352253,1791352255,2
12354585,12354586,1791352255,1791352257,2
12354586,12354587,1791352257,1791352259,2
12354587,12354588,1791352259,1791352261,2
12354588,12354589,1791352261,1791352263,2
12354589,12354590,1791352263,1791352265,2
12354590,12354591,1791352265,1791352267,2
12354591,12354592,1791352267,1791352269,2
12354592,12354593,1791352269,1791352271,2
12354593,12354594,1791352271,1791352273,2
12354594,12354595,1791352273,1791352275,2
12354595,12354596,1791352275,1791352277,2
12354596,12354597,1791352277,1791352279,2
12354597,12354598,1791352279,1791352281,2
12354598,12354599,1791352281,1791352283,2
12354599,12354600,1791352283,1791352285,2
12354600,12354601,1791352285,1791352287,2
12354601,12354602,1791352287,1791352289,2
12354602,12354603,1791352289,1791352291,2
12354603,12354604,1791352291,1791352293,2
12354604,12354605,1791352293,1791352295,2
12354605,12354606,1791352295,1791352297,2
12354606,12354607,1791352297,1791352299,2
12354607,12354608,1791352299,1791352301,2
12354608,12354609,1791352301,1791352303,2
12354609,12354610,1791352303,1791352305,2
12354610,12354611,1791352305,1791352307,2
12354611,12354612,1791352307,1791352309,2
12354612,12354613,1791352309,1791352311,2
12354613,12354614,1791352311,1791352313,2
12354614,12354615,1791352313,1791352315,2
12354615,12354616,1791352315,1791352317,2
12354616,12354617,1791352317,1791352319,2
12354617,12354618,1791352319,1791352321,2
12354618,12354619,1791352321,1791352323,2
12354619,12354620,1791352323,1791352325,2
12354620,12354621,1791352325,1791352327,2
12354621,12354622,1791352327,1791352329,2
12354622,12354623,1791352329,1791352331,2
12354623,12354624,1791352331,1791352333,2
12354624,12354625,1791352333,1791352335,2
12354625,12354626,1791352335,1791352337,2
12354626,12354627,1791352337,1791352339,2
12354627,12354628,1791352339,1791352341,2
12354628,12354629,1791352341,1791352343,2
12354629,12354630,1791352343,1791352345,2
12354630,12354631,1791352345,1791352347,2
12354631,12354632,1791352347,1791352349,2
12354632,12354633,1791352349,1791352351,2
12354633,12354634,1791352351,1791352353,2
12354634,12354635,1791352353,1791352355,2
12354635,12354636,1791352355,1791352357,2
12354636,12354637,1791352357,1791352359,2
12354637,12354638,1791352359,1791352361,2
12354638,12354639,1791352361,1791352363,2
12354639,12354640,1791352363,1791352365,2
12354640,12354641,1791352365,1791352367,2
12354641,12354642,1791352367,1791352369,2
12354642,12354643,1791352369,1791352371,2
12354643,12354644,1791352371,1791352373,2
12354644,12354645,1791352373,1791352375,2
12354645,12354646,1791352375,1791352377,2
12354646,12354647,1791352377,1791352379,2
12354647,12354648,1791352379,1791352381,2
12354648,12354649,1791352381,1791352383,2
12354649,12354650,1791352383,1791352385,2
12354650,12354651,1791352385,1791352387,2
12354651,12354652,1791352387,1791352389,2
12354652,12354653,1791352389,1791352391,2
12354653,12354654,1791352391,1791352393,2
12354654,12354655,1791352393,1791352395,2
12354655,12354656,1791352395,1791352397,2
12354656,12354657,1791352397,1791352399,2
12354657,12354658,1791352399,1791352401,2
12354658,12354659,1791352401,1791352403,2
12354659,12354660,1791352403,1791352405,2
12354660,12354661,1791352405,1791352407,2
12354661,12354662,1791352407,1791352409,2
12354662,12354663,1791352409,1791352411,2
12354663,12354664,1791352411,1791352413,2
12354664,12354665,1791352413,1791352415,2
12354665,12354666,1791352415,1791352417,2
12354666,12354667,1791352417,1791352419,2
12354667,12354668,1791352419,1791352421,2
12354668,12354669,1791352421,1791352423,2
12354669,12354670,1791352423,1791352425,2
12354670,12354671,1791352425,1791352427,2
12354671,12354672,1791352427,1791352429,2
12354672,12354673,1791352429,1791352431,2
12354673,12354674,1791352431,1791352433,2
12354674,12354675,1791352433,1791352435,2
12354675,12354676,1791352435,1791352437,2
12354676,12354677,1791352437,1791352439,2
12354677,12354678,1791352439,1791352441,2
12354678,12354679,1791352441,1791352443,2
12354679,12354680,1791352443,1791352445,2
12354680,12354681,1791352445,1791352447,2
12354681,12354682,1791352447,1791352449,2
12354682,12354683,1791352449,1791352451,2
12354683,12354684,1791352451,1791352453,2
12354684,12354685,1791352453,1791352455,2
12354685,12354686,1791352455,1791352457,2
12354686,12354687,1791352457,1791352459,2
12354687,12354688,1791352459,1791352461,2
12354688,12354689,1791352461,1791352463,2
12354689,12354690,1791352463,1791352465,2
12354690,12354691,1791352465,1791352467,2
12354691,12354692,1791352467,1791352469,2
12354692,12354693,1791352469,1791352471,2
12354693,12354694,1791352471,1791352473,2
12354694,12354695,1791352473,1791352475,2
12354695,12354696,1791352475,1791352477,2
12354696,12354697,1791352477,1791352479,2
12354697,12354698,1791352479,1791352481,2
12354698,12354699,1791352481,1791352483,2
12354699,12354700,1791352483,1791352485,2
12354700,12354701,1791352485,1791352487,2
12354701,12354702,1791352487,1791352489,2
12354702,12354703,1791352489,1791352491,2
12354703,12354704,1791352491,1791352493,2
12354704,12354705,1791352493,1791352495,2
12354705,12354706,1791352495,1791352497,2
12354706,12354707,1791352497,1791352499,2
12354707,12354708,1791352499,1791352501,2
12354708,12354709,1791352501,1791352503,2
12354709,12354710,1791352503,1791352505,2
12354710,12354711,1791352505,1791352507,2
12354711,12354712,1791352507,1791352509,2
12354712,12354713,1791352509,1791352511,2
12354713,12354714,1791352511,1791352513,2
12354714,12354715,1791352513,1791352515,2
12354715,12354716,1791352515,1791352517,2
12354716,12354717,1791352517,1791352519,2
12354717,12354718,1791352519,1791352521,2
12354718,12354719,1791352521,1791352523,2
12354719,12354720,1791352523,1791352525,2
12354720,12354721,1791352525,1791352527,2
12354721,12354722,1791352527,1791352529,2
12354722,12354723,1791352529,1791352531,2
12354723,12354724,1791352531,1791352533,2
12354724,12354725,1791352533,1791352535,2
12354725,12354726,1791352535,1791352537,2
12354726,12354727,1791352537,1791352539,2
12354727,12354728,1791352539,1791352541,2
12354728,12354729,1791352541,1791352543,2
12354729,12354730,1791352543,1791352545,2
12354730,12354731,1791352545,1791352547,2
12354731,12354732,1791352547,1791352549,2
12354732,12354733,1791352549,1791352551,2
12354733,12354734,1791352551,1791352553,2
12354734,12354735,1791352553,1791352555,2
12354735,12354736,1791352555,1791352557,2
12354736,12354737,1791352557,1791352559,2
12354737,12354738,1791352559,1791352561,2
12354738,12354739,1791352561,1791352563,2
12354739,12354740,1791352563,1791352565,2
12354740,12354741,1791352565,1791352567,2
12354741,12354742,1791352567,1791352569,2
12354742,12354743,1791352569,1791352571,2
12354743,12354744,1791352571,1791352573,2
12354744,12354745,1791352573,1791352575,2
12354745,12354746,1791352575,1791352577,2
12354746,12354747,1791352577,1791352579,2
12354747,12354748,1791352579,1791352581,2
12354748,12354749,1791352581,1791352583,2
12354749,12354750,1791352583,1791352585,2
12354750,12354751,1791352585,1791352587,2
12354751,12354752,1791352587,1791352589,2
12354752,12354753,1791352589,1791352591,2
12354753,12354754,1791352591,1791352593,2
12354754,12354755,1791352593,1791352595,2
12354755,12354756,1791352595,1791352597,2
12354756,12354757,1791352597,1791352599,2
12354757,12354758,1791352599,1791352601,2
12354758,12354759,1791352601,1791352603,2
12354759,12354760,1791352603,1791352605,2
12354760,12354761,1791352605,1791352607,2
12354761,12354762,1791352607,1791352609,2
12354762,12354763,1791352609,1791352611,2
12354763,12354764,1791352611,1791352613,2
12354764,12354765,1791352613,1791352615,2
12354765,12354766,1791352615,1791352617,2
12354766,12354767,1791352617,1791352619,2
12354767,12354768,1791352619,1791352621,2
12354768,12354769,1791352621,1791352623,2
12354769,12354770,1791352623,1791352625,2
12354770,12354771,1791352625,1791352627,2
12354771,12354772,1791352627,1791352629,2
12354772,12354773,1791352629,1791352631,2
12354773,12354774,1791352631,1791352633,2
12354774,12354775,1791352633,1791352635,2
12354775,12354776,1791352635,1791352637,2
12354776,12354777,1791352637,1791352639,2
12354777,12354778,1791352639,1791352641,2
12354778,12354779,1791352641,1791352643,2
12354779,12354780,1791352643,1791352645,2
12354780,12354781,1791352645,1791352647,2
12354781,12354782,1791352647,1791352649,2
12354782,12354783,1791352649,1791352651,2
12354783,12354784,1791352651,1791352653,2
12354784,12354785,1791352653,1791352655,2
12354785,12354786,1791352655,1791352657,2
12354786,12354787,1791352657,1791352659,2
12354787,12354788,1791352659,1791352661,2
12354788,12354789,1791352661,1791352663,2
12354789,12354790,1791352663,1791352665,2
12354790,12354791,1791352665,1791352667,2
12354791,12354792,1791352667,1791352669,2
12354792,12354793,1791352669,1791352671,2
12354793,12354794,1791352671,1791352673,2
12354794,12354795,1791352673,1791352675,2
12354795,12354796,1791352675,1791352677,2
12354796,12354797,1791352677,1791352679,2
12354797,12354798,1791352679,1791352681,2
12354798,12354799,1791352681,1791352683,2
12354799,12354800,1791352683,1791352685,2
12354800,12354801,1791352685,1791352687,2
12354801,12354802,1791352687,1791352689,2
12354802,12354803,1791352689,1791352691,2
12354803,12354804,1791352691,1791352693,2
12354804,12354805,1791352693,1791352695,2
12354805,12354806,1791352695,1791352697,2
12354806,12354807,1791352697,1791352699,2
12354807,12354808,1791352699,1791352701,2
12354808,12354809,1791352701,1791352703,2
12354809,12354810,1791352703,1791352705,2
12354810,12354811,1791352705,1791352707,2
12354811,12354812,1791352707,1791352709,2
12354812,12354813,1791352709,1791352711,2
12354813,12354814,1791352711,1791352713,2
12354814,12354815,1791352713,1791352715,2
12354815,12354816,1791352715,1791352717,2
12354816,12354817,1791352717,1791352719,2
12354817,12354818,1791352719,1791352721,2
12354818,12354819,1791352721,1791352723,2
12354819,12354820,1791352723,1791352725,2
12354820,12354821,1791352725,1791352727,2
12354821,12354822,1791352727,1791352729,2
12354822,12354823,1791352729,1791352731,2
12354823,12354824,1791352731,1791352733,2
12354824,12354825,1791352733,1791352735,2
12354825,12354826,1791352735,1791352737,2
12354826,12354827,1791352737,1791352739,2
12354827,12354828,1791352739,1791352741,2
12354828,12354829,1791352741,1791352743,2
12354829,12354830,1791352743,1791352745,2
12354830,12354831,1791352745,1791352747,2
12354831,12354832,1791352747,1791352749,2
12354832,12354833,1791352749,1791352751,2
12354833,12354834,1791352751,1791352753,2
12354834,12354835,1791352753,1791352755,2
12354835,12354836,1791352755,1791352757,2
12354836,12354837,1791352757,1791352759,2
12354837,12354838,1791352759,1791352761,2
12354838,12354839,1791352761,1791352763,2
12354839,12354840,1791352763,1791352765,2
12354840,12354841,1791352765,1791352767,2
12354841,12354842,1791352767,1791352769,2
12354842,12354843,1791352769,1791352771,2
12354843,12354844,1791352771,1791352773,2
12354844,12354845,1791352773,1791352775,2
12354845,12354846,1791352775,1791352777,2
12354846,12354847,1791352777,1791352779,2
12354847,12354848,1791352779,1791352781,2
12354848,12354849,1791352781,1791352783,2
12354849,12354850,1791352783,1791352785,2
12354850,12354851,1791352785,1791352787,2
12354851,12354852,1791352787,1791352789,2
12354852,12354853,1791352789,1791352791,2
12354853,12354854,1791352791,1791352793,2
12354854,12354855,1791352793,1791352795,2
12354855,12354856,1791352795,1791352797,2
12354856,12354857,1791352797,1791352799,2
12354857,12354858,1791352799,1791352801,2
12354858,12354859,1791352801,1791352803,2
12354859,12354860,1791352803,1791352805,2
12354860,12354861,1791352805,1791352807,2
12354861,12354862,1791352807,1791352809,2
12354862,12354863,1791352809,1791352811,2
12354863,12354864,1791352811,1791352813,2
12354864,12354865,1791352813,1791352815,2
12354865,12354866,1791352815,1791352817,2
12354866,12354867,1791352817,1791352819,2
12354867,12354868,1791352819,1791352821,2
12354868,12354869,1791352821,1791352823,2
12354869,12354870,1791352823,1791352825,2
12354870,12354871,1791352825,1791352827,2
12354871,12354872,1791352827,1791352829,2
12354872,12354873,1791352829,1791352831,2
12354873,12354874,1791352831,1791352833,2
12354874,12354875,1791352833,1791352835,2
12354875,12354876,1791352835,1791352837,2
12354876,12354877,1791352837,1791352839,2
12354877,12354878,1791352839,1791352841,2
12354878,12354879,1791352841,1791352843,2
12354879,12354880,1791352843,1791352845,2
12354880,12354881,1791352845,1791352847,2
12354881,12354882,1791352847,1791352849,2
12354882,12354883,1791352849,1791352851,2
12354883,12354884,1791352851,1791352853,2
12354884,12354885,1791352853,1791352855,2
12354885,12354886,1791352855,1791352857,2
12354886,12354887,1791352857,1791352859,2
12354887,12354888,1791352859,1791352861,2
12354888,12354889,1791352861,1791352863,2
12354889,12354890,1791352863,1791352865,2
12354890,12354891,1791352865,1791352867,2
12354891,12354892,1791352867,1791352869,2
12354892,12354893,1791352869,1791352871,2
12354893,12354894,1791352871,1791352873,2
12354894,12354895,1791352873,1791352875,2
12354895,12354896,1791352875,1791352877,2
12354896,12354897,1791352877,1791352879,2
12354897,12354898,1791352879,1791352881,2
12354898,12354899,1791352881,1791352883,2
12354899,12354900,1791352883,1791352885,2
12354900,12354901,1791352885,1791352887,2
12354901,12354902,1791352887,1791352889,2
12354902,12354903,1791352889,1791352891,2
12354903,12354904,1791352891,1791352893,2
12354904,12354905,1791352893,1791352895,2
12354905,12354906,1791352895,1791352897,2
12354906,12354907,1791352897,1791352899,2
12354907,12354908,1791352899,1791352901,2
12354908,12354909,1791352901,1791352903,2
12354909,12354910,1791352903,1791352905,2
12354910,12354911,1791352905,1791352907,2
12354911,12354912,1791352907,1791352909,2
12354912,12354913,1791352909,1791352911,2
12354913,12354914,1791352911,1791352913,2
12354914,12354915,1791352913,1791352915,2
12354915,12354916,1791352915,1791352917,2
12354916,12354917,1791352917,1791352919,2
12354917,12354918,1791352919,1791352921,2
12354918,12354919,1791352921,1791352923,2
12354919,12354920,1791352923,1791352925,2
12354920,12354921,1791352925,1791352927,2
12354921,12354922,1791352927,1791352929,2
12354922,12354923,1791352929,1791352931,2
12354923,12354924,1791352931,1791352933,2
12354924,12354925,1791352933,1791352935,2
12354925,12354926,1791352935,1791352937,2
12354926,12354927,1791352937,1791352939,2
12354927,12354928,1791352939,1791352941,2
12354928,12354929,1791352941,1791352943,2
12354929,12354930,1791352943,1791352945,2
12354930,12354931,1791352945,1791352947,2
12354931,12354932,1791352947,1791352949,2
12354932,12354933,1791352949,1791352951,2
12354933,12354934,1791352951,1791352953,2
12354934,12354935,1791352953,1791352955,2
12354935,12354936,1791352955,1791352957,2
12354936,12354937,1791352957,1791352959,2
12354937,12354938,1791352959,1791352961,2
12354938,12354939,1791352961,1791352963,2
12354939,12354940,1791352963,1791352965,2
12354940,12354941,1791352965,1791352967,2
12354941,12354942,1791352967,1791352969,2
12354942,12354943,1791352969,1791352971,2
12354943,12354944,1791352971,1791352973,2
12354944,12354945,1791352973,1791352975,2
12354945,12354946,1791352975,1791352977,2
12354946,12354947,1791352977,1791352979,2
12354947,12354948,1791352979,1791352981,2
12354948,12354949,1791352981,1791352983,2
12354949,12354950,1791352983,1791352985,2
12354950,12354951,1791352985,1791352987,2
12354951,12354952,1791352987,1791352989,2
12354952,12354953,1791352989,1791352991,2
12354953,12354954,1791352991,1791352993,2
12354954,12354955,1791352993,1791352995,2
12354955,12354956,1791352995,1791352997,2
12354956,12354957,1791352997,1791352999,2
12354957,12354958,1791352999,1791353001,2
12354958,12354959,1791353001,1791353003,2
12354959,12354960,1791353003,1791353005,2
12354960,12354961,1791353005,1791353007,2
12354961,12354962,1791353007,1791353009,2
12354962,12354963,1791353009,1791353011,2
12354963,12354964,1791353011,1791353013,2
12354964,12354965,1791353013,1791353015,2
12354965,12354966,1791353015,1791353017,2
12354966,12354967,1791353017,1791353019,2
12354967,12354968,1791353019,1791353021,2
12354968,12354969,1791353021,1791353023,2
12354969,12354970,1791353023,1791353025,2
12354970,12354971,1791353025,1791353027,2
12354971,12354972,1791353027,1791353029,2
12354972,12354973,1791353029,1791353031,2
12354973,12354974,1791353031,1791353033,2
12354974,12354975,1791353033,1791353035,2
12354975,12354976,1791353035,1791353037,2
12354976,12354977,1791353037,1791353039,2
12354977,12354978,1791353039,1791353041,2
12354978,12354979,1791353041,1791353043,2
12354979,12354980,1791353043,1791353045,2
12354980,12354981,1791353045,1791353047,2
12354981,12354982,1791353047,1791353049,2
12354982,12354983,1791353049,1791353051,2
12354983,12354984,1791353051,1791353053,2
12354984,12354985,1791353053,1791353055,2
12354985,12354986,1791353055,1791353057,2
12354986,12354987,1791353057,1791353059,2
12354987,12354988,1791353059,1791353061,2
12354988,12354989,1791353061,1791353063,2
12354989,12354990,1791353063,1791353065,2
12354990,12354991,1791353065,1791353067,2
12354991,12354992,1791353067,1791353069,2
12354992,12354993,1791353069,1791353071,2
12354993,12354994,1791353071,1791353073,2
12354994,12354995,1791353073,1791353075,2
12354995,12354996,1791353075,1791353077,2
12354996,12354997,1791353077,1791353079,2
12354997,12354998,1791353079,1791353081,2
12354998,12354999,1791353081,1791353083,2
12354999,12355000,1791353083,1791353085,2
12355000,12355001,1791353085,1791353087,2
12355001,12355002,1791353087,1791353089,2
12355002,12355003,1791353089,1791353091,2
12355003,12355004,1791353091,1791353093,2
12355004,12355005,1791353093,1791353095,2
12355005,12355006,1791353095,1791353097,2
12355006,12355007,1791353097,1791353099,2
12355007,12355008,1791353099,1791353101,2
12355008,12355009,1791353101,1791353103,2
12355009,12355010,1791353103,1791353105,2
12355010,12355011,1791353105,1791353107,2
12355011,12355012,1791353107,1791353109,2
12355012,12355013,1791353109,1791353111,2
12355013,12355014,1791353111,1791353113,2
12355014,12355015,1791353113,1791353115,2
12355015,12355016,1791353115,1791353117,2
12355016,12355017,1791353117,1791353119,2
12355017,12355018,1791353119,1791353121,2
12355018,12355019,1791353121,1791353123,2
12355019,12355020,1791353123,1791353125,2
12355020,12355021,1791353125,1791353127,2
12355021,12355022,1791353127,1791353129,2
12355022,12355023,1791353129,1791353131,2
12355023,12355024,1791353131,1791353133,2
12355024,12355025,1791353133,1791353135,2
12355025,12355026,1791353135,1791353137,2
12355026,12355027,1791353137,1791353139,2
12355027,12355028,1791353139,1791353141,2
12355028,12355029,1791353141,1791353143,2
12355029,12355030,1791353143,1791353145,2
12355030,12355031,1791353145,1791353147,2
12355031,12355032,1791353147,1791353149,2
12355032,12355033,1791353149,1791353151,2
12355033,12355034,1791353151,1791353153,2
12355034,12355035,1791353153,1791353155,2
12355035,12355036,1791353155,1791353157,2
12355036,12355037,1791353157,1791353159,2
12355037,12355038,1791353159,1791353161,2
12355038,12355039,1791353161,1791353163,2
12355039,12355040,1791353163,1791353165,2
12355040,12355041,1791353165,1791353167,2
12355041,12355042,1791353167,1791353169,2
12355042,12355043,1791353169,1791353171,2
12355043,12355044,1791353171,1791353173,2
12355044,12355045,1791353173,1791353175,2
12355045,12355046,1791353175,1791353177,2
12355046,12355047,1791353177,1791353179,2
12355047,12355048,1791353179,1791353181,2
12355048,12355049,1791353181,1791353183,2
12355049,12355050,1791353183,1791353185,2
12355050,12355051,1791353185,1791353187,2
12355051,12355052,1791353187,1791353189,2
12355052,12355053,1791353189,1791353191,2
12355053,12355054,1791353191,1791353193,2
12355054,12355055,1791353193,1791353195,2
12355055,12355056,1791353195,1791353197,2
12355056,12355057,1791353197,1791353199,2
12355057,12355058,1791353199,1791353201,2
12355058,12355059,1791353201,1791353203,2
12355059,12355060,1791353203,1791353205,2
12355060,12355061,1791353205,1791353207,2
12355061,12355062,1791353207,1791353209,2
12355062,12355063,1791353209,1791353211,2
12355063,12355064,1791353211,1791353213,2
12355064,12355065,1791353213,1791353215,2
12355065,12355066,1791353215,1791353217,2
12355066,12355067,1791353217,1791353219,2
12355067,12355068,1791353219,1791353221,2
12355068,12355069,1791353221,1791353223,2
12355069,12355070,1791353223,1791353225,2
12355070,12355071,1791353225,1791353227,2
12355071,12355072,1791353227,1791353229,2
12355072,12355073,1791353229,1791353231,2
12355073,12355074,1791353231,1791353233,2
12355074,12355075,1791353233,1791353235,2
12355075,12355076,1791353235,1791353237,2
12355076,12355077,1791353237,1791353239,2
12355077,12355078,1791353239,1791353241,2
12355078,12355079,1791353241,1791353243,2
12355079,12355080,1791353243,1791353245,2
12355080,12355081,1791353245,1791353247,2
12355081,12355082,1791353247,1791353249,2
12355082,12355083,1791353249,1791353251,2
12355083,12355084,1791353251,1791353253,2
12355084,12355085,1791353253,1791353255,2
12355085,12355086,1791353255,1791353257,2
12355086,12355087,1791353257,1791353259,2
12355087,12355088,1791353259,1791353261,2
12355088,12355089,1791353261,1791353263,2
12355089,12355090,1791353263,1791353265,2
12355090,12355091,1791353265,1791353267,2
12355091,12355092,1791353267,1791353269,2
12355092,12355093,1791353269,1791353271,2
12355093,12355094,1791353271,1791353273,2
12355094,12355095,1791353273,1791353275,2
12355095,12355096,1791353275,1791353277,2
12355096,12355097,1791353277,1791353279,2
12355097,12355098,1791353279,1791353281,2
12355098,12355099,1791353281,1791353283,2
12355099,12355100,1791353283,1791353285,2
12355100,12355101,1791353285,1791353287,2
12355101,12355102,1791353287,1791353289,2
12355102,12355103,1791353289,1791353291,2
12355103,12355104,1791353291,1791353293,2
12355104,12355105,1791353293,1791353295,2
12355105,12355106,1791353295,1791353297,2
12355106,12355107,1791353297,1791353299,2
12355107,12355108,1791353299,1791353301,2
12355108,12355109,1791353301,1791353303,2
12355109,12355110,1791353303,1791353305,2
12355110,12355111,1791353305,1791353307,2
12355111,12355112,1791353307,1791353309,2
12355112,12355113,1791353309,1791353311,2
12355113,12355114,1791353311,1791353313,2
12355114,12355115,1791353313,1791353315,2
12355115,12355116,1791353315,1791353317,2
12355116,12355117,1791353317,1791353319,2
12355117,12355118,1791353319,1791353321,2
12355118,12355119,1791353321,1791353323,2
12355119,12355120,1791353323,1791353325,2
12355120,12355121,1791353325,1791353327,2
12355121,12355122,1791353327,1791353329,2
12355122,12355123,1791353329,1791353331,2
12355123,12355124,1791353331,1791353333,2
12355124,12355125,1791353333,1791353335,2
12355125,12355126,1791353335,1791353337,2
12355126,12355127,1791353337,1791353339,2
12355127,12355128,1791353339,1791353341,2
12355128,12355129,1791353341,1791353343,2
12355129,12355130,1791353343,1791353345,2
12355130,12355131,1791353345,1791353347,2
12355131,12355132,1791353347,1791353349,2
12355132,12355133,1791353349,1791353351,2
12355133,12355134,1791353351,1791353353,2
12355134,12355135,1791353353,1791353355,2
12355135,12355136,1791353355,1791353357,2
12355136,12355137,1791353357,1791353359,2
12355137,12355138,1791353359,1791353361,2
12355138,12355139,1791353361,1791353363,2
12355139,12355140,1791353363,1791353365,2
12355140,12355141,1791353365,1791353367,2
12355141,12355142,1791353367,1791353369,2
12355142,12355143,1791353369,1791353371,2
12355143,12355144,1791353371,1791353373,2
12355144,12355145,1791353373,1791353375,2
12355145,12355146,1791353375,1791353377,2
12355146,12355147,1791353377,1791353379,2
12355147,12355148,1791353379,1791353381,2
12355148,12355149,1791353381,1791353383,2
12355149,12355150,1791353383,1791353385,2
12355150,12355151,1791353385,1791353387,2
12355151,12355152,1791353387,1791353389,2
12355152,12355153,1791353389,1791353391,2
12355153,12355154,1791353391,1791353393,2
12355154,12355155,1791353393,1791353395,2
12355155,12355156,1791353395,1791353397,2
12355156,12355157,1791353397,1791353399,2
12355157,12355158,1791353399,1791353401,2
12355158,12355159,1791353401,1791353403,2
12355159,12355160,1791353403,1791353405,2
12355160,12355161,1791353405,1791353407,2
12355161,12355162,1791353407,1791353409,2
12355162,12355163,1791353409,1791353411,2
12355163,12355164,1791353411,1791353413,2
12355164,12355165,1791353413,1791353415,2
12355165,12355166,1791353415,1791353417,2
12355166,12355167,1791353417,1791353419,2
12355167,12355168,1791353419,1791353421,2
12355168,12355169,1791353421,1791353423,2
12355169,12355170,1791353423,1791353425,2
12355170,12355171,1791353425,1791353427,2
12355171,12355172,1791353427,1791353429,2
12355172,12355173,1791353429,1791353431,2
12355173,12355174,1791353431,1791353433,2
12355174,12355175,1791353433,1791353435,2
12355175,12355176,1791353435,1791353437,2
12355176,12355177,1791353437,1791353439,2
12355177,12355178,1791353439,1791353441,2
12355178,12355179,1791353441,1791353443,2
12355179,12355180,1791353443,1791353445,2
12355180,12355181,1791353445,1791353447,2
12355181,12355182,1791353447,1791353449,2
12355182,12355183,1791353449,1791353451,2
12355183,12355184,1791353451,1791353453,2
12355184,12355185,1791353453,1791353455,2
12355185,12355186,1791353455,1791353457,2
12355186,12355187,1791353457,1791353459,2
12355187,12355188,1791353459,1791353461,2
12355188,12355189,1791353461,1791353463,2
12355189,12355190,1791353463,1791353465,2
12355190,12355191,1791353465,1791353467,2
12355191,12355192,1791353467,1791353469,2
12355192,12355193,1791353469,1791353471,2
12355193,12355194,1791353471,1791353473,2
12355194,12355195,1791353473,1791353475,2
12355195,12355196,1791353475,1791353477,2
12355196,12355197,1791353477,1791353479,2
12355197,12355198,1791353479,1791353481,2
12355198,12355199,1791353481,1791353483,2
12355199,12355200,1791353483,1791353485,2
12355200,12355201,1791353485,1791353487,2
12355201,12355202,1791353487,1791353489,2
12355202,12355203,1791353489,1791353491,2
12355203,12355204,1791353491,1791353493,2
12355204,12355205,1791353493,1791353495,2
12355205,12355206,1791353495,1791353497,2
12355206,12355207,1791353497,1791353499,2
12355207,12355208,1791353499,1791353501,2
12355208,12355209,1791353501,1791353503,2
12355209,12355210,1791353503,1791353505,2
12355210,12355211,1791353505,1791353507,2
12355211,12355212,1791353507,1791353509,2
12355212,12355213,1791353509,1791353511,2
12355213,12355214,1791353511,1791353513,2
12355214,12355215,1791353513,1791353515,2
12355215,12355216,1791353515,1791353517,2
12355216,12355217,1791353517,1791353519,2
12355217,12355218,1791353519,1791353521,2
12355218,12355219,1791353521,1791353523,2
12355219,12355220,1791353523,1791353525,2
12355220,12355221,1791353525,1791353527,2
12355221,12355222,1791353527,1791353529,2
12355222,12355223,1791353529,1791353531,2
12355223,12355224,1791353531,1791353533,2
12355224,12355225,1791353533,1791353535,2
12355225,12355226,1791353535,1791353537,2
12355226,12355227,1791353537,1791353539,2
12355227,12355228,1791353539,1791353541,2
12355228,12355229,1791353541,1791353543,2
12355229,12355230,1791353543,1791353545,2
12355230,12355231,1791353545,1791353547,2
12355231,12355232,1791353547,1791353549,2
12355232,12355233,1791353549,1791353551,2
12355233,12355234,1791353551,1791353553,2
12355234,12355235,1791353553,1791353555,2
12355235,12355236,1791353555,1791353557,2
12355236,12355237,1791353557,1791353559,2
12355237,12355238,1791353559,1791353561,2
12355238,12355239,1791353561,1791353563,2
12355239,12355240,1791353563,1791353565,2
12355240,12355241,1791353565,1791353567,2
12355241,12355242,1791353567,1791353569,2
12355242,12355243,1791353569,1791353571,2
12355243,12355244,1791353571,1791353573,2
12355244,12355245,1791353573,1791353575,2
12355245,12355246,1791353575,1791353577,2
12355246,12355247,1791353577,1791353579,2
12355247,12355248,1791353579,1791353581,2
12355248,12355249,1791353581,1791353583,2
12355249,12355250,1791353583,1791353585,2
12355250,12355251,1791353585,1791353587,2
12355251,12355252,1791353587,1791353589,2
12355252,12355253,1791353589,1791353591,2
12355253,12355254,1791353591,1791353593,2
12355254,12355255,1791353593,1791353595,2
12355255,12355256,1791353595,1791353597,2
12355256,12355257,1791353597,1791353599,2
12355257,12355258,1791353599,1791353601,2
12355258,12355259,1791353601,1791353603,2
12355259,12355260,1791353603,1791353605,2
12355260,12355261,1791353605,1791353607,2
12355261,12355262,1791353607,1791353609,2
12355262,12355263,1791353609,1791353611,2
12355263,12355264,1791353611,1791353613,2
12355264,12355265,1791353613,1791353615,2
12355265,12355266,1791353615,1791353617,2
12355266,12355267,1791353617,1791353619,2
12355267,12355268,1791353619,1791353621,2
12355268,12355269,1791353621,1791353623,2
12355269,12355270,1791353623,1791353625,2
12355270,12355271,1791353625,1791353627,2
12355271,12355272,1791353627,1791353629,2
12355272,12355273,1791353629,1791353631,2
12355273,12355274,1791353631,1791353633,2
12355274,12355275,1791353633,1791353635,2
12355275,12355276,1791353635,1791353637,2
12355276,12355277,1791353637,1791353639,2
12355277,12355278,1791353639,1791353641,2
12355278,12355279,1791353641,1791353643,2
12355279,12355280,1791353643,1791353645,2
12355280,12355281,1791353645,1791353647,2
12355281,12355282,1791353647,1791353649,2
12355282,12355283,1791353649,1791353651,2
12355283,12355284,1791353651,1791353653,2
12355284,12355285,1791353653,1791353655,2
12355285,12355286,1791353655,1791353657,2
12355286,12355287,1791353657,1791353659,2
12355287,12355288,1791353659,1791353661,2
12355288,12355289,1791353661,1791353663,2
12355289,12355290,1791353663,1791353665,2
12355290,12355291,1791353665,1791353667,2
12355291,12355292,1791353667,1791353669,2
12355292,12355293,1791353669,1791353671,2
12355293,12355294,1791353671,1791353673,2
12355294,12355295,1791353673,1791353675,2
12355295,12355296,1791353675,1791353677,2
12355296,12355297,1791353677,1791353679,2
12355297,12355298,1791353679,1791353681,2
12355298,12355299,1791353681,1791353683,2
12355299,12355300,1791353683,1791353685,2
12355300,12355301,1791353685,1791353687,2
12355301,12355302,1791353687,1791353689,2
12355302,12355303,1791353689,1791353691,2
12355303,12355304,1791353691,1791353693,2
12355304,12355305,1791353693,1791353695,2
12355305,12355306,1791353695,1791353697,2
12355306,12355307,1791353697,1791353699,2
12355307,12355308,1791353699,1791353701,2
12355308,12355309,1791353701,1791353703,2
12355309,12355310,1791353703,1791353705,2
12355310,12355311,1791353705,1791353707,2
12355311,12355312,1791353707,1791353709,2
12355312,12355313,1791353709,1791353711,2
12355313,12355314,1791353711,1791353713,2
12355314,12355315,1791353713,1791353715,2
12355315,12355316,1791353715,1791353717,2
12355316,12355317,1791353717,1791353719,2
12355317,12355318,1791353719,1791353721,2
12355318,12355319,1791353721,1791353723,2
12355319,12355320,1791353723,1791353725,2
12355320,12355321,1791353725,1791353727,2
12355321,12355322,1791353727,1791353729,2
12355322,12355323,1791353729,1791353731,2
12355323,12355324,1791353731,1791353733,2
12355324,12355325,1791353733,1791353735,2
12355325,12355326,1791353735,1791353737,2
12355326,12355327,1791353737,1791353739,2
12355327,12355328,1791353739,1791353741,2
12355328,12355329,1791353741,1791353743,2
12355329,12355330,1791353743,1791353745,2
12355330,12355331,1791353745,1791353747,2
12355331,12355332,1791353747,1791353749,2
12355332,12355333,1791353749,1791353751,2
12355333,12355334,1791353751,1791353753,2
12355334,12355335,1791353753,1791353755,2
12355335,12355336,1791353755,1791353757,2
12355336,12355337,1791353757,1791353759,2
12355337,12355338,1791353759,1791353761,2
12355338,12355339,1791353761,1791353763,2
12355339,12355340,1791353763,1791353765,2
12355340,12355341,1791353765,1791353767,2
12355341,12355342,1791353767,1791353769,2
12355342,12355343,1791353769,1791353771,2
12355343,12355344,1791353771,1791353773,2
12355344,12355345,1791353773,1791353775,2
12355345,12355346,1791353775,1791353777,2
12355346,12355347,1791353777,1791353779,2
12355347,12355348,1791353779,1791353781,2
12355348,12355349,1791353781,1791353783,2
12355349,12355350,1791353783,1791353785,2
12355350,12355351,1791353785,1791353787,2
12355351,12355352,1791353787,1791353789,2
12355352,12355353,1791353789,1791353791,2
12355353,12355354,1791353791,1791353793,2
12355354,12355355,1791353793,1791353795,2
12355355,12355356,1791353795,1791353797,2
12355356,12355357,1791353797,1791353799,2
12355357,12355358,1791353799,1791353801,2
12355358,12355359,1791353801,1791353803,2
12355359,12355360,1791353803,1791353805,2
12355360,12355361,1791353805,1791353807,2
12355361,12355362,1791353807,1791353809,2
12355362,12355363,1791353809,1791353811,2
12355363,12355364,1791353811,1791353813,2
12355364,12355365,1791353813,1791353815,2
12355365,12355366,1791353815,1791353817,2
12355366,12355367,1791353817,1791353819,2
12355367,12355368,1791353819,1791353821,2
12355368,12355369,1791353821,1791353823,2
12355369,12355370,1791353823,1791353825,2
12355370,12355371,1791353825,1791353827,2
12355371,12355372,1791353827,1791353829,2
12355372,12355373,1791353829,1791353831,2
12355373,12355374,1791353831,1791353833,2
12355374,12355375,1791353833,1791353835,2
12355375,12355376,1791353835,1791353837,2
12355376,12355377,1791353837,1791353839,2
12355377,12355378,1791353839,1791353841,2
12355378,12355379,1791353841,1791353843,2
12355379,12355380,1791353843,1791353845,2
12355380,12355381,1791353845,1791353847,2
12355381,12355382,1791353847,1791353849,2
12355382,12355383,1791353849,1791353851,2
12355383,12355384,1791353851,1791353853,2
12355384,12355385,1791353853,1791353855,2
12355385,12355386,1791353855,1791353857,2
12355386,12355387,1791353857,1791353859,2
12355387,12355388,1791353859,1791353861,2
12355388,12355389,1791353861,1791353863,2
12355389,12355390,1791353863,1791353865,2
12355390,12355391,1791353865,1791353867,2
12355391,12355392,1791353867,1791353869,2
12355392,12355393,1791353869,1791353871,2
12355393,12355394,1791353871,1791353873,2
12355394,12355395,1791353873,1791353875,2
12355395,12355396,1791353875,1791353877,2
12355396,12355397,1791353877,1791353879,2
12355397,12355398,1791353879,1791353881,2
12355398,12355399,1791353881,1791353883,2
12355399,12355400,1791353883,1791353885,2
12355400,12355401,1791353885,1791353887,2
12355401,12355402,1791353887,1791353889,2
12355402,12355403,1791353889,1791353891,2
12355403,12355404,1791353891,1791353893,2
12355404,12355405,1791353893,1791353895,2
12355405,12355406,1791353895,1791353897,2
12355406,12355407,1791353897,1791353899,2
12355407,12355408,1791353899,1791353901,2
12355408,12355409,1791353901,1791353903,2
12355409,12355410,1791353903,1791353905,2
12355410,12355411,1791353905,1791353907,2
12355411,12355412,1791353907,1791353909,2
12355412,12355413,1791353909,1791353911,2
12355413,12355414,1791353911,1791353913,2
12355414,12355415,1791353913,1791353915,2
12355415,12355416,1791353915,1791353917,2
12355416,12355417,1791353917,1791353919,2
12355417,12355418,1791353919,1791353921,2
12355418,12355419,1791353921,1791353923,2
12355419,12355420,1791353923,1791353925,2
12355420,12355421,1791353925,1791353927,2
12355421,12355422,1791353927,1791353929,2
12355422,12355423,1791353929,1791353931,2
12355423,12355424,1791353931,1791353933,2
12355424,12355425,1791353933,1791353935,2
12355425,12355426,1791353935,1791353937,2
12355426,12355427,1791353937,1791353939,2
12355427,12355428,1791353939,1791353941,2
12355428,12355429,1791353941,1791353943,2
12355429,12355430,1791353943,1791353945,2
12355430,12355431,1791353945,1791353947,2
12355431,12355432,1791353947,1791353949,2
12355432,12355433,1791353949,1791353951,2
12355433,12355434,1791353951,1791353953,2
12355434,12355435,1791353953,1791353955,2
12355435,12355436,1791353955,1791353957,2
12355436,12355437,1791353957,1791353959,2
12355437,12355438,1791353959,1791353961,2
12355438,12355439,1791353961,1791353963,2
12355439,12355440,1791353963,1791353965,2
12355440,12355441,1791353965,1791353967,2
12355441,12355442,1791353967,1791353969,2
12355442,12355443,1791353969,1791353971,2
12355443,12355444,1791353971,1791353973,2
12355444,12355445,1791353973,1791353975,2
12355445,12355446,1791353975,1791353977,2
12355446,12355447,1791353977,1791353979,2
12355447,12355448,1791353979,1791353981,2
12355448,12355449,1791353981,1791353983,2
12355449,12355450,1791353983,1791353985,2
12355450,12355451,1791353985,1791353987,2
12355451,12355452,1791353987,1791353989,2
12355452,12355453,1791353989,1791353991,2
12355453,12355454,1791353991,1791353993,2
12355454,12355455,1791353993,1791353995,2
12355455,12355456,1791353995,1791353997,2
12355456,12355457,1791353997,1791353999,2
12355457,12355458,1791353999,1791354001,2
12355458,12355459,1791354001,1791354003,2
12355459,12355460,1791354003,1791354005,2
12355460,12355461,1791354005,1791354007,2
12355461,12355462,1791354007,1791354009,2
12355462,12355463,1791354009,1791354011,2
12355463,12355464,1791354011,1791354013,2
12355464,12355465,1791354013,1791354015,2
12355465,12355466,1791354015,1791354017,2
12355466,12355467,1791354017,1791354019,2
12355467,12355468,1791354019,1791354021,2
12355468,12355469,1791354021,1791354023,2
12355469,12355470,1791354023,1791354025,2
12355470,12355471,1791354025,1791354027,2
12355471,12355472,1791354027,1791354029,2
12355472,12355473,1791354029,1791354031,2
12355473,12355474,1791354031,1791354033,2
12355474,12355475,1791354033,1791354035,2
12355475,12355476,1791354035,1791354037,2
12355476,12355477,1791354037,1791354039,2
12355477,12355478,1791354039,1791354041,2
12355478,12355479,1791354041,1791354043,2
12355479,12355480,1791354043,1791354045,2
12355480,12355481,1791354045,1791354047,2
12355481,12355482,1791354047,1791354049,2
12355482,12355483,1791354049,1791354051,2
12355483,12355484,1791354051,1791354053,2
12355484,12355485,1791354053,1791354055,2
12355485,12355486,1791354055,1791354057,2
12355486,12355487,1791354057,1791354059,2
12355487,12355488,1791354059,1791354061,2
12355488,12355489,1791354061,1791354063,2
12355489,12355490,1791354063,1791354065,2
12355490,12355491,1791354065,1791354067,2
12355491,12355492,1791354067,1791354069,2
12355492,12355493,1791354069,1791354071,2
12355493,12355494,1791354071,1791354073,2
12355494,12355495,1791354073,1791354075,2
12355495,12355496,1791354075,1791354077,2
12355496,12355497,1791354077,1791354079,2
12355497,12355498,1791354079,1791354081,2
12355498,12355499,1791354081,1791354083,2
12355499,12355500,1791354083,1791354085,2
12355500,12355501,1791354085,1791354087,2
12355501,12355502,1791354087,1791354089,2
12355502,12355503,1791354089,1791354091,2
12355503,12355504,1791354091,1791354093,2
12355504,12355505,1791354093,1791354095,2
12355505,12355506,1791354095,1791354097,2
12355506,12355507,1791354097,1791354099,2
12355507,12355508,1791354099,1791354101,2
12355508,12355509,1791354101,1791354103,2
12355509,12355510,1791354103,1791354105,2
12355510,12355511,1791354105,1791354107,2
12355511,12355512,1791354107,1791354109,2
12355512,12355513,1791354109,1791354111,2
12355513,12355514,1791354111,1791354113,2
12355514,12355515,1791354113,1791354115,2
12355515,12355516,1791354115,1791354117,2
12355516,12355517,1791354117,1791354119,2
12355517,12355518,1791354119,1791354121,2
12355518,12355519,1791354121,1791354123,2
12355519,12355520,1791354123,1791354125,2
12355520,12355521,1791354125,1791354127,2
12355521,12355522,1791354127,1791354129,2
12355522,12355523,1791354129,1791354131,2
12355523,12355524,1791354131,1791354133,2
12355524,12355525,1791354133,1791354135,2
12355525,12355526,1791354135,1791354137,2
12355526,12355527,1791354137,1791354139,2
12355527,12355528,1791354139,1791354141,2
12355528,12355529,1791354141,1791354143,2
12355529,12355530,1791354143,1791354145,2
12355530,12355531,1791354145,1791354147,2
12355531,12355532,1791354147,1791354149,2
12355532,12355533,1791354149,1791354151,2
12355533,12355534,1791354151,1791354153,2
12355534,12355535,1791354153,1791354155,2
12355535,12355536,1791354155,1791354157,2
12355536,12355537,1791354157,1791354159,2
12355537,12355538,1791354159,1791354161,2
12355538,12355539,1791354161,1791354163,2
12355539,12355540,1791354163,1791354165,2
12355540,12355541,1791354165,1791354167,2
12355541,12355542,1791354167,1791354169,2
12355542,12355543,1791354169,1791354171,2
12355543,12355544,1791354171,1791354173,2
12355544,12355545,1791354173,1791354175,2
12355545,12355546,1791354175,1791354177,2
12355546,12355547,1791354177,1791354179,2
12355547,12355548,1791354179,1791354181,2
12355548,12355549,1791354181,1791354183,2
12355549,12355550,1791354183,1791354185,2
12355550,12355551,1791354185,1791354187,2
12355551,12355552,1791354187,1791354189,2
12355552,12355553,1791354189,1791354191,2
12355553,12355554,1791354191,1791354193,2
12355554,12355555,1791354193,1791354195,2
12355555,12355556,1791354195,1791354197,2
12355556,12355557,1791354197,1791354199,2
12355557,12355558,1791354199,1791354201,2
12355558,12355559,1791354201,1791354203,2
12355559,12355560,1791354203,1791354205,2
12355560,12355561,1791354205,1791354207,2
12355561,12355562,1791354207,1791354209,2
12355562,12355563,1791354209,1791354211,2
12355563,12355564,1791354211,1791354213,2
12355564,12355565,1791354213,1791354215,2
12355565,12355566,1791354215,1791354217,2
12355566,12355567,1791354217,1791354219,2
12355567,12355568,1791354219,1791354221,2
12355568,12355569,1791354221,1791354223,2
12355569,12355570,1791354223,1791354225,2
12355570,12355571,1791354225,1791354227,2
12355571,12355572,1791354227,1791354229,2
12355572,12355573,1791354229,1791354231,2
12355573,12355574,1791354231,1791354233,2
12355574,12355575,1791354233,1791354235,2
12355575,12355576,1791354235,1791354237,2
12355576,12355577,1791354237,1791354239,2
12355577,12355578,1791354239,1791354241,2
12355578,12355579,1791354241,1791354243,2
12355579,12355580,1791354243,1791354245,2
12355580,12355581,1791354245,1791354247,2
12355581,12355582,1791354247,1791354249,2
12355582,12355583,1791354249,1791354251,2
12355583,12355584,1791354251,1791354253,2
12355584,12355585,1791354253,1791354255,2
12355585,12355586,1791354255,1791354257,2
12355586,12355587,1791354257,1791354259,2
12355587,12355588,1791354259,1791354261,2
12355588,12355589,1791354261,1791354263,2
12355589,12355590,1791354263,1791354265,2
12355590,12355591,1791354265,1791354267,2
12355591,12355592,1791354267,1791354269,2
12355592,12355593,1791354269,1791354271,2
12355593,12355594,1791354271,1791354273,2
12355594,12355595,1791354273,1791354275,2
12355595,12355596,1791354275,1791354277,2
12355596,12355597,1791354277,1791354279,2
12355597,12355598,1791354279,1791354281,2
12355598,12355599,1791354281,1791354283,2
12355599,12355600,1791354283,1791354285,2
12355600,12355601,1791354285,1791354287,2
12355601,12355602,1791354287,1791354289,2
12355602,12355603,1791354289,1791354291,2
12355603,12355604,1791354291,1791354293,2
12355604,12355605,1791354293,1791354295,2
12355605,12355606,1791354295,1791354297,2
12355606,12355607,1791354297,1791354299,2
12355607,12355608,1791354299,1791354301,2
12355608,12355609,1791354301,1791354303,2
12355609,12355610,1791354303,1791354305,2
12355610,12355611,1791354305,1791354307,2
12355611,12355612,1791354307,1791354309,2
12355612,12355613,1791354309,1791354311,2
12355613,12355614,1791354311,1791354313,2
12355614,12355615,1791354313,1791354315,2
12355615,12355616,1791354315,1791354317,2
12355616,12355617,1791354317,1791354319,2
12355617,12355618,1791354319,1791354321,2
12355618,12355619,1791354321,1791354323,2
12355619,12355620,1791354323,1791354325,2
12355620,12355621,1791354325,1791354327,2
12355621,12355622,1791354327,1791354329,2
12355622,12355623,1791354329,1791354331,2
12355623,12355624,1791354331,1791354333,2
12355624,12355625,1791354333,1791354335,2
12355625,12355626,1791354335,1791354337,2
12355626,12355627,1791354337,1791354339,2
12355627,12355628,1791354339,1791354341,2
12355628,12355629,1791354341,1791354343,2
12355629,12355630,1791354343,1791354345,2
12355630,12355631,1791354345,1791354347,2
12355631,12355632,1791354347,1791354349,2
12355632,12355633,1791354349,1791354351,2
12355633,12355634,1791354351,1791354353,2
12355634,12355635,1791354353,1791354355,2
12355635,12355636,1791354355,1791354357,2
12355636,12355637,1791354357,1791354359,2
12355637,12355638,1791354359,1791354361,2
12355638,12355639,1791354361,1791354363,2
12355639,12355640,1791354363,1791354365,2
12355640,12355641,1791354365,1791354367,2
12355641,12355642,1791354367,1791354369,2
12355642,12355643,1791354369,1791354371,2
12355643,12355644,1791354371,1791354373,2
12355644,12355645,1791354373,1791354375,2
12355645,12355646,1791354375,1791354377,2
12355646,12355647,1791354377,1791354379,2
12355647,12355648,1791354379,1791354381,2
12355648,12355649,1791354381,1791354383,2
12355649,12355650,1791354383,1791354385,2
12355650,12355651,1791354385,1791354387,2
12355651,12355652,1791354387,1791354389,2
12355652,12355653,1791354389,1791354391,2
12355653,12355654,1791354391,1791354393,2
12355654,12355655,1791354393,1791354395,2
12355655,12355656,1791354395,1791354397,2
12355656,12355657,1791354397,1791354399,2
12355657,12355658,1791354399,1791354401,2
12355658,12355659,1791354401,1791354403,2
12355659,12355660,1791354403,1791354405,2
12355660,12355661,1791354405,1791354407,2
12355661,12355662,1791354407,1791354409,2
12355662,12355663,1791354409,1791354411,2
12355663,12355664,1791354411,1791354413,2
12355664,12355665,1791354413,1791354415,2
12355665,12355666,1791354415,1791354417,2
12355666,12355667,1791354417,1791354419,2
12355667,12355668,1791354419,1791354421,2
12355668,12355669,1791354421,1791354423,2
12355669,12355670,1791354423,1791354425,2
12355670,12355671,1791354425,1791354427,2
12355671,12355672,1791354427,1791354429,2
12355672,12355673,1791354429,1791354431,2
12355673,12355674,1791354431,1791354433,2
12355674,12355675,1791354433,1791354435,2
12355675,12355676,1791354435,1791354437,2
12355676,12355677,1791354437,1791354439,2
12355677,12355678,1791354439,1791354441,2
12355678,12355679,1791354441,1791354443,2
12355679,12355680,1791354443,1791354445,2
12355680,12355681,1791354445,1791354447,2
12355681,12355682,1791354447,1791354449,2
12355682,12355683,1791354449,1791354451,2
12355683,12355684,1791354451,1791354453,2
12355684,12355685,1791354453,1791354455,2
12355685,12355686,1791354455,1791354457,2
12355686,12355687,1791354457,1791354459,2
12355687,12355688,1791354459,1791354461,2
12355688,12355689,1791354461,1791354463,2
12355689,12355690,1791354463,1791354465,2
12355690,12355691,1791354465,1791354467,2
12355691,12355692,1791354467,1791354469,2
12355692,12355693,1791354469,1791354471,2
12355693,12355694,1791354471,1791354473,2
12355694,12355695,1791354473,1791354475,2
12355695,12355696,1791354475,1791354477,2
12355696,12355697,1791354477,1791354479,2
12355697,12355698,1791354479,1791354481,2
12355698,12355699,1791354481,1791354483,2
12355699,12355700,1791354483,1791354485,2
12355700,12355701,1791354485,1791354487,2
12355701,12355702,1791354487,1791354489,2
12355702,12355703,1791354489,1791354491,2
12355703,12355704,1791354491,1791354493,2
12355704,12355705,1791354493,1791354495,2
12355705,12355706,1791354495,1791354497,2
12355706,12355707,1791354497,1791354499,2
12355707,12355708,1791354499,1791354501,2
12355708,12355709,1791354501,1791354503,2
12355709,12355710,1791354503,1791354505,2
12355710,12355711,1791354505,1791354507,2
12355711,12355712,1791354507,1791354509,2
12355712,12355713,1791354509,1791354511,2
12355713,12355714,1791354511,1791354513,2
12355714,12355715,1791354513,1791354515,2
12355715,12355716,1791354515,1791354517,2
12355716,12355717,1791354517,1791354519,2
12355717,12355718,1791354519,1791354521,2
12355718,12355719,1791354521,1791354523,2
12355719,12355720,1791354523,1791354525,2
12355720,12355721,1791354525,1791354527,2
12355721,12355722,1791354527,1791354529,2
12355722,12355723,1791354529,1791354531,2
12355723,12355724,1791354531,1791354533,2
12355724,12355725,1791354533,1791354535,2
12355725,12355726,1791354535,1791354537,2
12355726,12355727,1791354537,1791354539,2
12355727,12355728,1791354539,1791354541,2
12355728,12355729,1791354541,1791354543,2
12355729,12355730,1791354543,1791354545,2
12355730,12355731,1791354545,1791354547,2
12355731,12355732,1791354547,1791354549,2
12355732,12355733,1791354549,1791354551,2
12355733,12355734,1791354551,1791354553,2
12355734,12355735,1791354553,1791354555,2
12355735,12355736,1791354555,1791354557,2
12355736,12355737,1791354557,1791354559,2
12355737,12355738,1791354559,1791354561,2
12355738,12355739,1791354561,1791354563,2
12355739,12355740,1791354563,1791354565,2
12355740,12355741,1791354565,1791354567,2
12355741,12355742,1791354567,1791354569,2
12355742,12355743,1791354569,1791354571,2
12355743,12355744,1791354571,1791354573,2
12355744,12355745,1791354573,1791354575,2
12355745,12355746,1791354575,1791354577,2
12355746,12355747,1791354577,1791354579,2
12355747,12355748,1791354579,1791354581,2
12355748,12355749,1791354581,1791354583,2
12355749,12355750,1791354583,1791354585,2
12355750,12355751,1791354585,1791354587,2
12355751,12355752,1791354587,1791354589,2
12355752,12355753,1791354589,1791354591,2
12355753,12355754,1791354591,1791354593,2
12355754,12355755,1791354593,1791354595,2
12355755,12355756,1791354595,1791354597,2
12355756,12355757,1791354597,1791354599,2
12355757,12355758,1791354599,1791354601,2
12355758,12355759,1791354601,1791354603,2
12355759,12355760,1791354603,1791354605,2
12355760,12355761,1791354605,1791354607,2
12355761,12355762,1791354607,1791354609,2
12355762,12355763,1791354609,1791354611,2
12355763,12355764,1791354611,1791354613,2
12355764,12355765,1791354613,1791354615,2
12355765,12355766,1791354615,1791354617,2
12355766,12355767,1791354617,1791354619,2
12355767,12355768,1791354619,1791354621,2
12355768,12355769,1791354621,1791354623,2
12355769,12355770,1791354623,1791354625,2
12355770,12355771,1791354625,1791354627,2
12355771,12355772,1791354627,1791354629,2
12355772,12355773,1791354629,1791354631,2
12355773,12355774,1791354631,1791354633,2
12355774,12355775,1791354633,1791354635,2
12355775,12355776,1791354635,1791354637,2
12355776,12355777,1791354637,1791354639,2
12355777,12355778,1791354639,1791354641,2
12355778,12355779,1791354641,1791354643,2
12355779,12355780,1791354643,1791354645,2
12355780,12355781,1791354645,1791354647,2
12355781,12355782,1791354647,1791354649,2
12355782,12355783,1791354649,1791354651,2
12355783,12355784,1791354651,1791354653,2
12355784,12355785,1791354653,1791354655,2
12355785,12355786,1791354655,1791354657,2
12355786,12355787,1791354657,1791354659,2
12355787,12355788,1791354659,1791354661,2
12355788,12355789,1791354661,1791354663,2
12355789,12355790,1791354663,1791354665,2
12355790,12355791,1791354665,1791354667,2
12355791,12355792,1791354667,1791354669,2
12355792,12355793,1791354669,1791354671,2
12355793,12355794,1791354671,1791354673,2
12355794,12355795,1791354673,1791354675,2
12355795,12355796,1791354675,1791354677,2
12355796,12355797,1791354677,1791354679,2
12355797,12355798,1791354679,1791354681,2
12355798,12355799,1791354681,1791354683,2
12355799,12355800,1791354683,1791354685,2
12355800,12355801,1791354685,1791354687,2
12355801,12355802,1791354687,1791354689,2
12355802,12355803,1791354689,1791354691,2
12355803,12355804,1791354691,1791354693,2
12355804,12355805,1791354693,1791354695,2
12355805,12355806,1791354695,1791354697,2
12355806,12355807,1791354697,1791354699,2
12355807,12355808,1791354699,1791354701,2
12355808,12355809,1791354701,1791354703,2
12355809,12355810,1791354703,1791354705,2
12355810,12355811,1791354705,1791354707,2
12355811,12355812,1791354707,1791354709,2
12355812,12355813,1791354709,1791354711,2
12355813,12355814,1791354711,1791354713,2
12355814,12355815,1791354713,1791354715,2
12355815,12355816,1791354715,1791354717,2
12355816,12355817,1791354717,1791354719,2
12355817,12355818,1791354719,1791354721,2
12355818,12355819,1791354721,1791354723,2
12355819,12355820,1791354723,1791354725,2
12355820,12355821,1791354725,1791354727,2
12355821,12355822,1791354727,1791354729,2
12355822,12355823,1791354729,1791354731,2
12355823,12355824,1791354731,1791354733,2
12355824,12355825,1791354733,1791354735,2
12355825,12355826,1791354735,1791354737,2
12355826,12355827,1791354737,1791354739,2
12355827,12355828,1791354739,1791354741,2
12355828,12355829,1791354741,1791354743,2
12355829,12355830,1791354743,1791354745,2
12355830,12355831,1791354745,1791354747,2
12355831,12355832,1791354747,1791354749,2
12355832,12355833,1791354749,1791354751,2
12355833,12355834,1791354751,1791354753,2
12355834,12355835,1791354753,1791354755,2
12355835,12355836,1791354755,1791354757,2
12355836,12355837,1791354757,1791354759,2
12355837,12355838,1791354759,1791354761,2
12355838,12355839,1791354761,1791354763,2
12355839,12355840,1791354763,1791354765,2
12355840,12355841,1791354765,1791354767,2
12355841,12355842,1791354767,1791354769,2
12355842,12355843,1791354769,1791354771,2
12355843,12355844,1791354771,1791354773,2
12355844,12355845,1791354773,1791354775,2
12355845,12355846,1791354775,1791354777,2
12355846,12355847,1791354777,1791354779,2
12355847,12355848,1791354779,1791354781,2
12355848,12355849,1791354781,1791354783,2
12355849,12355850,1791354783,1791354785,2
12355850,12355851,1791354785,1791354787,2
12355851,12355852,1791354787,1791354789,2
12355852,12355853,1791354789,1791354791,2
12355853,12355854,1791354791,1791354793,2
12355854,12355855,1791354793,1791354795,2
12355855,12355856,1791354795,1791354797,2
12355856,12355857,1791354797,1791354799,2
12355857,12355858,1791354799,1791354801,2
12355858,12355859,1791354801,1791354803,2
12355859,12355860,1791354803,1791354805,2
12355860,12355861,1791354805,1791354807,2
12355861,12355862,1791354807,1791354809,2
12355862,12355863,1791354809,1791354811,2
12355863,12355864,1791354811,1791354813,2
12355864,12355865,1791354813,1791354815,2
12355865,12355866,1791354815,1791354817,2
12355866,12355867,1791354817,1791354819,2
12355867,12355868,1791354819,1791354821,2
12355868,12355869,1791354821,1791354823,2
12355869,12355870,1791354823,1791354825,2
12355870,12355871,1791354825,1791354827,2
12355871,12355872,1791354827,1791354829,2
12355872,12355873,1791354829,1791354831,2
12355873,12355874,1791354831,1791354833,2
12355874,12355875,1791354833,1791354835,2
12355875,12355876,1791354835,1791354837,2
12355876,12355877,1791354837,1791354839,2
12355877,12355878,1791354839,1791354841,2
12355878,12355879,1791354841,1791354843,2
12355879,12355880,1791354843,1791354845,2
12355880,12355881,1791354845,1791354847,2
12355881,12355882,1791354847,1791354849,2
12355882,12355883,1791354849,1791354851,2
12355883,12355884,1791354851,1791354853,2
12355884,12355885,1791354853,1791354855,2
12355885,12355886,1791354855,1791354857,2
12355886,12355887,1791354857,1791354859,2
12355887,12355888,1791354859,1791354861,2
12355888,12355889,1791354861,1791354863,2
12355889,12355890,1791354863,1791354865,2
12355890,12355891,1791354865,1791354867,2
12355891,12355892,1791354867,1791354869,2
12355892,12355893,1791354869,1791354871,2
12355893,12355894,1791354871,1791354873,2
12355894,12355895,1791354873,1791354875,2
12355895,12355896,1791354875,1791354877,2
12355896,12355897,1791354877,1791354879,2
12355897,12355898,1791354879,1791354881,2
12355898,12355899,1791354881,1791354883,2
12355899,12355900,1791354883,1791354885,2
12355900,12355901,1791354885,1791354887,2
12355901,12355902,1791354887,1791354889,2
12355902,12355903,1791354889,1791354891,2
12355903,12355904,1791354891,1791354893,2
12355904,12355905,1791354893,1791354895,2
12355905,12355906,1791354895,1791354897,2
12355906,12355907,1791354897,1791354899,2
12355907,12355908,1791354899,1791354901,2
12355908,12355909,1791354901,1791354903,2
12355909,12355910,1791354903,1791354905,2
12355910,12355911,1791354905,1791354907,2
12355911,12355912,1791354907,1791354909,2
12355912,12355913,1791354909,1791354911,2
12355913,12355914,1791354911,1791354913,2
12355914,12355915,1791354913,1791354915,2
12355915,12355916,1791354915,1791354917,2
12355916,12355917,1791354917,1791354919,2
12355917,12355918,1791354919,1791354921,2
12355918,12355919,1791354921,1791354923,2
12355919,12355920,1791354923,1791354925,2
12355920,12355921,1791354925,1791354927,2
12355921,12355922,1791354927,1791354929,2
12355922,12355923,1791354929,1791354931,2
12355923,12355924,1791354931,1791354933,2
12355924,12355925,1791354933,1791354935,2
12355925,12355926,1791354935,1791354937,2
12355926,12355927,1791354937,1791354939,2
12355927,12355928,1791354939,1791354941,2
12355928,12355929,1791354941,1791354943,2
12355929,12355930,1791354943,1791354945,2
12355930,12355931,1791354945,1791354947,2
12355931,12355932,1791354947,1791354949,2
12355932,12355933,1791354949,1791354951,2
12355933,12355934,1791354951,1791354953,2
12355934,12355935,1791354953,1791354955,2
12355935,12355936,1791354955,1791354957,2
12355936,12355937,1791354957,1791354959,2
12355937,12355938,1791354959,1791354961,2
12355938,12355939,1791354961,1791354963,2
12355939,12355940,1791354963,1791354965,2
12355940,12355941,1791354965,1791354967,2
12355941,12355942,1791354967,1791354969,2
12355942,12355943,1791354969,1791354971,2
12355943,12355944,1791354971,1791354973,2
12355944,12355945,1791354973,1791354975,2
12355945,12355946,1791354975,1791354977,2
12355946,12355947,1791354977,1791354979,2
12355947,12355948,1791354979,1791354981,2
12355948,12355949,1791354981,1791354983,2
12355949,12355950,1791354983,1791354985,2
12355950,12355951,1791354985,1791354987,2
12355951,12355952,1791354987,1791354989,2
12355952,12355953,1791354989,1791354991,2
12355953,12355954,1791354991,1791354993,2
12355954,12355955,1791354993,1791354995,2
12355955,12355956,1791354995,1791354997,2
12355956,12355957,1791354997,1791354999,2
12355957,12355958,1791354999,1791355001,2
12355958,12355959,1791355001,1791355003,2
12355959,12355960,1791355003,1791355005,2
12355960,12355961,1791355005,1791355007,2
12355961,12355962,1791355007,1791355009,2
12355962,12355963,1791355009,1791355011,2
12355963,12355964,1791355011,1791355013,2
12355964,12355965,1791355013,1791355015,2
12355965,12355966,1791355015,1791355017,2
12355966,12355967,1791355017,1791355019,2
12355967,12355968,1791355019,1791355021,2
12355968,12355969,1791355021,1791355023,2
12355969,12355970,1791355023,1791355025,2
12355970,12355971,1791355025,1791355027,2
12355971,12355972,1791355027,1791355029,2
12355972,12355973,1791355029,1791355031,2
12355973,12355974,1791355031,1791355033,2
12355974,12355975,1791355033,1791355035,2
12355975,12355976,1791355035,1791355037,2
12355976,12355977,1791355037,1791355039,2
12355977,12355978,1791355039,1791355041,2
12355978,12355979,1791355041,1791355043,2
12355979,12355980,1791355043,1791355045,2
12355980,12355981,1791355045,1791355047,2
12355981,12355982,1791355047,1791355049,2
12355982,12355983,1791355049,1791355051,2
12355983,12355984,1791355051,1791355053,2
12355984,12355985,1791355053,1791355055,2
12355985,12355986,1791355055,1791355057,2
12355986,12355987,1791355057,1791355059,2
12355987,12355988,1791355059,1791355061,2
12355988,12355989,1791355061,1791355063,2
12355989,12355990,1791355063,1791355065,2
12355990,12355991,1791355065,1791355067,2
12355991,12355992,1791355067,1791355069,2
12355992,12355993,1791355069,1791355071,2
12355993,12355994,1791355071,1791355073,2
12355994,12355995,1791355073,1791355075,2
12355995,12355996,1791355075,1791355077,2
12355996,12355997,1791355077,1791355079,2
12355997,12355998,1791355079,1791355081,2
12355998,12355999,1791355081,1791355083,2
12355999,12356000,1791355083,1791355085,2
12356000,12356001,1791355085,1791355087,2
12356001,12356002,1791355087,1791355089,2
12356002,12356003,1791355089,1791355091,2
12356003,12356004,1791355091,1791355093,2
12356004,12356005,1791355093,1791355095,2
12356005,12356006,1791355095,1791355097,2
12356006,12356007,1791355097,1791355099,2
12356007,12356008,1791355099,1791355101,2
12356008,12356009,1791355101,1791355103,2
12356009,12356010,1791355103,1791355105,2
12356010,12356011,1791355105,1791355107,2
12356011,12356012,1791355107,1791355109,2
12356012,12356013,1791355109,1791355111,2
12356013,12356014,1791355111,1791355113,2
12356014,12356015,1791355113,1791355115,2
12356015,12356016,1791355115,1791355117,2
12356016,12356017,1791355117,1791355119,2
12356017,12356018,1791355119,1791355121,2
12356018,12356019,1791355121,1791355123,2
12356019,12356020,1791355123,1791355125,2
12356020,12356021,1791355125,1791355127,2
12356021,12356022,1791355127,1791355129,2
12356022,12356023,1791355129,1791355131,2
12356023,12356024,1791355131,1791355133,2
12356024,12356025,1791355133,1791355135,2
12356025,12356026,1791355135,1791355137,2
12356026,12356027,1791355137,1791355139,2
12356027,12356028,1791355139,1791355141,2
12356028,12356029,1791355141,1791355143,2
12356029,12356030,1791355143,1791355145,2
12356030,12356031,1791355145,1791355147,2
12356031,12356032,1791355147,1791355149,2
12356032,12356033,1791355149,1791355151,2
12356033,12356034,1791355151,1791355153,2
12356034,12356035,1791355153,1791355155,2
12356035,12356036,1791355155,1791355157,2
12356036,12356037,1791355157,1791355159,2
12356037,12356038,1791355159,1791355161,2
12356038,12356039,1791355161,1791355163,2
12356039,12356040,1791355163,1791355165,2
12356040,12356041,1791355165,1791355167,2
12356041,12356042,1791355167,1791355169,2
12356042,12356043,1791355169,1791355171,2
12356043,12356044,1791355171,1791355173,2
12356044,12356045,1791355173,1791355175,2
12356045,12356046,1791355175,1791355177,2
12356046,12356047,1791355177,1791355179,2
12356047,12356048,1791355179,1791355181,2
12356048,12356049,1791355181,1791355183,2
12356049,12356050,1791355183,1791355185,2
12356050,12356051,1791355185,1791355187,2
12356051,12356052,1791355187,1791355189,2
12356052,12356053,1791355189,1791355191,2
12356053,12356054,1791355191,1791355193,2
12356054,12356055,1791355193,1791355195,2
12356055,12356056,1791355195,1791355197,2
12356056,12356057,1791355197,1791355199,2
12356057,12356058,1791355199,1791355201,2
12356058,12356059,1791355201,1791355203,2
12356059,12356060,1791355203,1791355205,2
12356060,12356061,1791355205,1791355207,2
12356061,12356062,1791355207,1791355209,2
12356062,12356063,1791355209,1791355211,2
12356063,12356064,1791355211,1791355213,2
12356064,12356065,1791355213,1791355215,2
12356065,12356066,1791355215,1791355217,2
12356066,12356067,1791355217,1791355219,2
12356067,12356068,1791355219,1791355221,2
12356068,12356069,1791355221,1791355223,2
12356069,12356070,1791355223,1791355225,2
12356070,12356071,1791355225,1791355227,2
12356071,12356072,1791355227,1791355229,2
12356072,12356073,1791355229,1791355231,2
12356073,12356074,1791355231,1791355233,2
12356074,12356075,1791355233,1791355235,2
12356075,12356076,1791355235,1791355237,2
12356076,12356077,1791355237,1791355239,2
12356077,12356078,1791355239,1791355241,2
12356078,12356079,1791355241,1791355243,2
12356079,12356080,1791355243,1791355245,2
12356080,12356081,1791355245,1791355247,2
12356081,12356082,1791355247,1791355249,2
12356082,12356083,1791355249,1791355251,2
12356083,12356084,1791355251,1791355253,2
12356084,12356085,1791355253,1791355255,2
12356085,12356086,1791355255,1791355257,2
12356086,12356087,1791355257,1791355259,2
12356087,12356088,1791355259,1791355261,2
12356088,12356089,1791355261,1791355263,2
12356089,12356090,1791355263,1791355265,2
12356090,12356091,1791355265,1791355267,2
12356091,12356092,1791355267,1791355269,2
12356092,12356093,1791355269,1791355271,2
12356093,12356094,1791355271,1791355273,2
12356094,12356095,1791355273,1791355275,2
12356095,12356096,1791355275,1791355277,2
12356096,12356097,1791355277,1791355279,2
12356097,12356098,1791355279,1791355281,2
12356098,12356099,1791355281,1791355283,2
12356099,12356100,1791355283,1791355285,2
12356100,12356101,1791355285,1791355287,2
12356101,12356102,1791355287,1791355289,2
12356102,12356103,1791355289,1791355291,2
12356103,12356104,1791355291,1791355293,2
12356104,12356105,1791355293,1791355295,2
12356105,12356106,1791355295,1791355297,2
12356106,12356107,1791355297,1791355299,2
12356107,12356108,1791355299,1791355301,2
12356108,12356109,1791355301,1791355303,2
12356109,12356110,1791355303,1791355305,2
12356110,12356111,1791355305,1791355307,2
12356111,12356112,1791355307,1791355309,2
12356112,12356113,1791355309,1791355311,2
12356113,12356114,1791355311,1791355313,2
12356114,12356115,1791355313,1791355315,2
12356115,12356116,1791355315,1791355317,2
12356116,12356117,1791355317,1791355319,2
12356117,12356118,1791355319,1791355321,2
12356118,12356119,1791355321,1791355323,2
12356119,12356120,1791355323,1791355325,2
12356120,12356121,1791355325,1791355327,2
12356121,12356122,1791355327,1791355329,2
12356122,12356123,1791355329,1791355331,2
12356123,12356124,1791355331,1791355333,2
12356124,12356125,1791355333,1791355335,2
12356125,12356126,1791355335,1791355337,2
12356126,12356127,1791355337,1791355339,2
12356127,12356128,1791355339,1791355341,2
12356128,12356129,1791355341,1791355343,2
12356129,12356130,1791355343,1791355345,2
12356130,12356131,1791355345,1791355347,2
12356131,12356132,1791355347,1791355349,2
12356132,12356133,1791355349,1791355351,2
12356133,12356134,1791355351,1791355353,2
12356134,12356135,1791355353,1791355355,2
12356135,12356136,1791355355,1791355357,2
12356136,12356137,1791355357,1791355359,2
12356137,12356138,1791355359,1791355361,2
12356138,12356139,1791355361,1791355363,2
12356139,12356140,1791355363,1791355365,2
12356140,12356141,1791355365,1791355367,2
12356141,12356142,1791355367,1791355369,2
12356142,12356143,1791355369,1791355371,2
12356143,12356144,1791355371,1791355373,2
12356144,12356145,1791355373,1791355375,2
12356145,12356146,1791355375,1791355377,2
12356146,12356147,1791355377,1791355379,2
12356147,12356148,1791355379,1791355381,2
12356148,12356149,1791355381,1791355383,2
12356149,12356150,1791355383,1791355385,2
12356150,12356151,1791355385,1791355387,2
12356151,12356152,1791355387,1791355389,2
12356152,12356153,1791355389,1791355391,2
12356153,12356154,1791355391,1791355393,2
12356154,12356155,1791355393,1791355395,2
12356155,12356156,1791355395,1791355397,2
12356156,12356157,1791355397,1791355399,2
12356157,12356158,1791355399,1791355401,2
12356158,12356159,1791355401,1791355403,2
12356159,12356160,1791355403,1791355405,2
12356160,12356161,1791355405,1791355407,2
12356161,12356162,1791355407,1791355409,2
12356162,12356163,1791355409,1791355411,2
12356163,12356164,1791355411,1791355413,2
12356164,12356165,1791355413,1791355415,2
12356165,12356166,1791355415,1791355417,2
12356166,12356167,1791355417,1791355419,2
12356167,12356168,1791355419,1791355421,2
12356168,12356169,1791355421,1791355423,2
12356169,12356170,1791355423,1791355425,2
12356170,12356171,1791355425,1791355427,2
12356171,12356172,1791355427,1791355429,2
12356172,12356173,1791355429,1791355431,2
12356173,12356174,1791355431,1791355433,2
12356174,12356175,1791355433,1791355435,2
12356175,12356176,1791355435,1791355437,2
12356176,12356177,1791355437,1791355439,2
12356177,12356178,1791355439,1791355441,2
12356178,12356179,1791355441,1791355443,2
12356179,12356180,1791355443,1791355445,2
12356180,12356181,1791355445,1791355447,2
12356181,12356182,1791355447,1791355449,2
12356182,12356183,1791355449,1791355451,2
12356183,12356184,1791355451,1791355453,2
12356184,12356185,1791355453,1791355455,2
12356185,12356186,1791355455,1791355457,2
12356186,12356187,1791355457,1791355459,2
12356187,12356188,1791355459,1791355461,2
12356188,12356189,1791355461,1791355463,2
12356189,12356190,1791355463,1791355465,2
12356190,12356191,1791355465,1791355467,2
12356191,12356192,1791355467,1791355469,2
12356192,12356193,1791355469,1791355471,2
12356193,12356194,1791355471,1791355473,2
12356194,12356195,1791355473,1791355475,2
12356195,12356196,1791355475,1791355477,2
12356196,12356197,1791355477,1791355479,2
12356197,12356198,1791355479,1791355481,2
12356198,12356199,1791355481,1791355483,2
12356199,12356200,1791355483,1791355485,2
12356200,12356201,1791355485,1791355487,2
12356201,12356202,1791355487,1791355489,2
12356202,12356203,1791355489,1791355491,2
12356203,12356204,1791355491,1791355493,2
12356204,12356205,1791355493,1791355495,2
12356205,12356206,1791355495,1791355497,2
12356206,12356207,1791355497,1791355499,2
12356207,12356208,1791355499,1791355501,2
12356208,12356209,1791355501,1791355503,2
12356209,12356210,1791355503,1791355505,2
12356210,12356211,1791355505,1791355507,2
12356211,12356212,1791355507,1791355509,2
12356212,12356213,1791355509,1791355513,4
12356213,12356214,1791355513,1791355515,2
12356214,12356215,1791355515,1791355517,2
12356215,12356216,1791355517,1791355519,2
12356216,12356217,1791355519,1791355521,2
12356217,12356218,1791355521,1791355523,2
12356218,12356219,1791355523,1791355525,2
12356219,12356220,1791355525,1791355527,2
12356220,12356221,1791355527,1791355529,2
12356221,12356222,1791355529,1791355531,2
12356222,12356223,1791355531,1791355533,2
12356223,12356224,1791355533,1791355535,2
12356224,12356225,1791355535,1791355537,2
12356225,12356226,1791355537,1791355539,2
12356226,12356227,1791355539,1791355541,2
12356227,12356228,1791355541,1791355543,2
12356228,12356229,1791355543,1791355545,2
12356229,12356230,1791355545,1791355547,2
12356230,12356231,1791355547,1791355549,2
12356231,12356232,1791355549,1791355551,2
12356232,12356233,1791355551,1791355553,2
12356233,12356234,1791355553,1791355555,2
12356234,12356235,1791355555,1791355557,2
12356235,12356236,1791355557,1791355559,2
12356236,12356237,1791355559,1791355561,2
12356237,12356238,1791355561,1791355563,2
12356238,12356239,1791355563,1791355565,2
12356239,12356240,1791355565,1791355567,2
12356240,12356241,1791355567,1791355569,2
12356241,12356242,1791355569,1791355571,2
12356242,12356243,1791355571,1791355573,2
12356243,12356244,1791355573,1791355575,2
12356244,12356245,1791355575,1791355577,2
12356245,12356246,1791355577,1791355579,2
12356246,12356247,1791355579,1791355581,2
12356247,12356248,1791355581,1791355583,2
12356248,12356249,1791355583,1791355585,2
12356249,12356250,1791355585,1791355587,2
12356250,12356251,1791355587,1791355589,2
12356251,12356252,1791355589,1791355591,2
12356252,12356253,1791355591,1791355593,2
12356253,12356254,1791355593,1791355595,2
12356254,12356255,1791355595,1791355597,2
12356255,12356256,1791355597,1791355599,2
12356256,12356257,1791355599,1791355601,2
12356257,12356258,1791355601,1791355603,2
12356258,12356259,1791355603,1791355605,2
12356259,12356260,1791355605,1791355607,2
12356260,12356261,1791355607,1791355609,2
12356261,12356262,1791355609,1791355611,2
12356262,12356263,1791355611,1791355613,2
12356263,12356264,1791355613,1791355615,2
12356264,12356265,1791355615,1791355617,2
12356265,12356266,1791355617,1791355619,2
12356266,12356267,1791355619,1791355621,2
12356267,12356268,1791355621,1791355623,2
12356268,12356269,1791355623,1791355625,2
12356269,12356270,1791355625,1791355627,2
12356270,12356271,1791355627,1791355629,2
12356271,12356272,1791355629,1791355631,2
12356272,12356273,1791355631,1791355633,2
12356273,12356274,1791355633,1791355635,2
12356274,12356275,1791355635,1791355637,2
12356275,12356276,1791355637,1791355639,2
12356276,12356277,1791355639,1791355641,2
12356277,12356278,1791355641,1791355643,2
12356278,12356279,1791355643,1791355645,2
12356279,12356280,1791355645,1791355647,2
12356280,12356281,1791355647,1791355649,2
12356281,12356282,1791355649,1791355651,2
12356282,12356283,1791355651,1791355653,2
12356283,12356284,1791355653,1791355655,2
12356284,12356285,1791355655,1791355657,2
12356285,12356286,1791355657,1791355659,2
12356286,12356287,1791355659,1791355661,2
12356287,12356288,1791355661,1791355663,2
12356288,12356289,1791355663,1791355665,2
12356289,12356290,1791355665,1791355667,2
12356290,12356291,1791355667,1791355669,2
12356291,12356292,1791355669,1791355671,2
12356292,12356293,1791355671,1791355673,2
12356293,12356294,1791355673,1791355675,2
12356294,12356295,1791355675,1791355677,2
12356295,12356296,1791355677,1791355679,2
12356296,12356297,1791355679,1791355681,2
12356297,12356298,1791355681,1791355683,2
12356298,12356299,1791355683,1791355685,2
12356299,12356300,1791355685,1791355687,2
12356300,12356301,1791355687,1791355689,2
12356301,12356302,1791355689,1791355691,2
12356302,12356303,1791355691,1791355693,2
12356303,12356304,1791355693,1791355695,2
12356304,12356305,1791355695,1791355697,2
12356305,12356306,1791355697,1791355699,2
12356306,12356307,1791355699,1791355701,2
12356307,12356308,1791355701,1791355703,2
12356308,12356309,1791355703,1791355705,2
12356309,12356310,1791355705,1791355707,2
12356310,12356311,1791355707,1791355709,2
12356311,12356312,1791355709,1791355711,2
12356312,12356313,1791355711,1791355713,2
12356313,12356314,1791355713,1791355715,2
12356314,12356315,1791355715,1791355717,2
12356315,12356316,1791355717,1791355719,2
12356316,12356317,1791355719,1791355721,2
12356317,12356318,1791355721,1791355723,2
12356318,12356319,1791355723,1791355725,2
12356319,12356320,1791355725,1791355727,2
12356320,12356321,1791355727,1791355729,2
12356321,12356322,1791355729,1791355731,2
12356322,12356323,1791355731,1791355733,2
12356323,12356324,1791355733,1791355735,2
12356324,12356325,1791355735,1791355737,2
12356325,12356326,1791355737,1791355739,2
12356326,12356327,1791355739,1791355741,2
12356327,12356328,1791355741,1791355743,2
12356328,12356329,1791355743,1791355745,2
12356329,12356330,1791355745,1791355747,2
12356330,12356331,1791355747,1791355749,2
12356331,12356332,1791355749,1791355751,2
12356332,12356333,1791355751,1791355753,2
12356333,12356334,1791355753,1791355755,2
12356334,12356335,1791355755,1791355757,2
12356335,12356336,1791355757,1791355759,2
12356336,12356337,1791355759,1791355761,2
12356337,12356338,1791355761,1791355763,2
12356338,12356339,1791355763,1791355765,2
12356339,12356340,1791355765,1791355767,2
12356340,12356341,1791355767,1791355769,2
12356341,12356342,1791355769,1791355771,2
12356342,12356343,1791355771,1791355773,2
12356343,12356344,1791355773,1791355775,2
12356344,12356345,1791355775,1791355777,2
12356345,12356346,1791355777,1791355779,2
12356346,12356347,1791355779,1791355781,2
12356347,12356348,1791355781,1791355783,2
12356348,12356349,1791355783,1791355785,2
12356349,12356350,1791355785,1791355787,2
12356350,12356351,1791355787,1791355789,2
12356351,12356352,1791355789,1791355791,2
12356352,12356353,1791355791,1791355793,2
12356353,12356354,1791355793,1791355795,2
12356354,12356355,1791355795,1791355797,2
12356355,12356356,1791355797,1791355799,2
12356356,12356357,1791355799,1791355801,2
12356357,12356358,1791355801,1791355803,2
12356358,12356359,1791355803,1791355805,2
12356359,12356360,1791355805,1791355807,2
12356360,12356361,1791355807,1791355809,2
12356361,12356362,1791355809,1791355811,2
12356362,12356363,1791355811,1791355813,2
12356363,12356364,1791355813,1791355815,2
12356364,12356365,1791355815,1791355817,2
12356365,12356366,1791355817,1791355819,2
12356366,12356367,1791355819,1791355821,2
12356367,12356368,1791355821,1791355823,2
12356368,12356369,1791355823,1791355825,2
12356369,12356370,1791355825,1791355827,2
12356370,12356371,1791355827,1791355829,2
12356371,12356372,1791355829,1791355831,2
12356372,12356373,1791355831,1791355833,2
12356373,12356374,1791355833,1791355835,2
12356374,12356375,1791355835,1791355837,2
12356375,12356376,1791355837,1791355839,2
12356376,12356377,1791355839,1791355841,2
12356377,12356378,1791355841,1791355843,2
12356378,12356379,1791355843,1791355845,2
12356379,12356380,1791355845,1791355847,2
12356380,12356381,1791355847,1791355849,2
12356381,12356382,1791355849,1791355851,2
12356382,12356383,1791355851,1791355853,2
12356383,12356384,1791355853,1791355855,2
12356384,12356385,1791355855,1791355857,2
12356385,12356386,1791355857,1791355859,2
12356386,12356387,1791355859,1791355861,2
12356387,12356388,1791355861,1791355863,2
12356388,12356389,1791355863,1791355865,2
12356389,12356390,1791355865,1791355867,2
12356390,12356391,1791355867,1791355869,2
12356391,12356392,1791355869,1791355871,2
12356392,12356393,1791355871,1791355873,2
12356393,12356394,1791355873,1791355875,2
12356394,12356395,1791355875,1791355877,2
12356395,12356396,1791355877,1791355879,2
12356396,12356397,1791355879,1791355881,2
12356397,12356398,1791355881,1791355883,2
12356398,12356399,1791355883,1791355885,2
12356399,12356400,1791355885,1791355887,2
12356400,12356401,1791355887,1791355889,2
12356401,12356402,1791355889,1791355891,2
12356402,12356403,1791355891,1791355893,2
12356403,12356404,1791355893,1791355895,2
12356404,12356405,1791355895,1791355897,2
12356405,12356406,1791355897,1791355899,2
12356406,12356407,1791355899,1791355901,2
12356407,12356408,1791355901,1791355903,2
12356408,12356409,1791355903,1791355905,2
12356409,12356410,1791355905,1791355907,2
12356410,12356411,1791355907,1791355909,2
12356411,12356412,1791355909,1791355911,2
12356412,12356413,1791355911,1791355913,2
12356413,12356414,1791355913,1791355915,2
12356414,12356415,1791355915,1791355917,2
12356415,12356416,1791355917,1791355919,2
12356416,12356417,1791355919,1791355921,2
12356417,12356418,1791355921,1791355923,2
12356418,12356419,1791355923,1791355925,2
12356419,12356420,1791355925,1791355927,2
12356420,12356421,1791355927,1791355929,2
12356421,12356422,1791355929,1791355931,2
12356422,12356423,1791355931,1791355933,2
12356423,12356424,1791355933,1791355935,2
12356424,12356425,1791355935,1791355937,2
12356425,12356426,1791355937,1791355939,2
12356426,12356427,1791355939,1791355941,2
12356427,12356428,1791355941,1791355943,2
12356428,12356429,1791355943,1791355945,2
12356429,12356430,1791355945,1791355947,2
12356430,12356431,1791355947,1791355949,2
12356431,12356432,1791355949,1791355951,2
12356432,12356433,1791355951,1791355953,2
12356433,12356434,1791355953,1791355955,2
12356434,12356435,1791355955,1791355957,2
12356435,12356436,1791355957,1791355959,2
12356436,12356437,1791355959,1791355961,2
12356437,12356438,1791355961,1791355963,2
12356438,12356439,1791355963,1791355965,2
12356439,12356440,1791355965,1791355967,2
12356440,12356441,1791355967,1791355969,2
12356441,12356442,1791355969,1791355971,2
12356442,12356443,1791355971,1791355973,2
12356443,12356444,1791355973,1791355975,2
12356444,12356445,1791355975,1791355977,2
12356445,12356446,1791355977,1791355979,2
12356446,12356447,1791355979,1791355981,2
12356447,12356448,1791355981,1791355983,2
12356448,12356449,1791355983,1791355985,2
12356449,12356450,1791355985,1791355987,2
12356450,12356451,1791355987,1791355989,2
12356451,12356452,1791355989,1791355991,2
12356452,12356453,1791355991,1791355993,2
12356453,12356454,1791355993,1791355995,2
12356454,12356455,1791355995,1791355997,2
12356455,12356456,1791355997,1791355999,2
12356456,12356457,1791355999,1791356001,2
12356457,12356458,1791356001,1791356003,2
12356458,12356459,1791356003,1791356005,2
12356459,12356460,1791356005,1791356007,2
12356460,12356461,1791356007,1791356009,2
12356461,12356462,1791356009,1791356011,2
12356462,12356463,1791356011,1791356013,2
12356463,12356464,1791356013,1791356015,2
12356464,12356465,1791356015,1791356017,2
12356465,12356466,1791356017,1791356019,2
12356466,12356467,1791356019,1791356021,2
12356467,12356468,1791356021,1791356023,2
12356468,12356469,1791356023,1791356025,2
12356469,12356470,1791356025,1791356027,2
12356470,12356471,1791356027,1791356029,2
12356471,12356472,1791356029,1791356031,2
12356472,12356473,1791356031,1791356033,2
12356473,12356474,1791356033,1791356035,2
12356474,12356475,1791356035,1791356037,2
12356475,12356476,1791356037,1791356039,2
12356476,12356477,1791356039,1791356041,2
12356477,12356478,1791356041,1791356043,2
12356478,12356479,1791356043,1791356045,2
12356479,12356480,1791356045,1791356047,2
12356480,12356481,1791356047,1791356049,2
12356481,12356482,1791356049,1791356051,2
12356482,12356483,1791356051,1791356053,2
12356483,12356484,1791356053,1791356055,2
12356484,12356485,1791356055,1791356057,2
12356485,12356486,1791356057,1791356059,2
12356486,12356487,1791356059,1791356061,2
12356487,12356488,1791356061,1791356063,2
12356488,12356489,1791356063,1791356065,2
12356489,12356490,1791356065,1791356067,2
12356490,12356491,1791356067,1791356069,2
12356491,12356492,1791356069,1791356071,2
12356492,12356493,1791356071,1791356073,2
12356493,12356494,1791356073,1791356075,2
12356494,12356495,1791356075,1791356077,2
12356495,12356496,1791356077,1791356079,2
12356496,12356497,1791356079,1791356081,2
12356497,12356498,1791356081,1791356083,2
12356498,12356499,1791356083,1791356085,2
12356499,12356500,1791356085,1791356087,2
12356500,12356501,1791356087,1791356089,2
12356501,12356502,1791356089,1791356091,2
12356502,12356503,1791356091,1791356093,2
12356503,12356504,1791356093,1791356095,2
12356504,12356505,1791356095,1791356097,2
12356505,12356506,1791356097,1791356099,2
12356506,12356507,1791356099,1791356101,2
12356507,12356508,1791356101,1791356103,2
12356508,12356509,1791356103,1791356105,2
12356509,12356510,1791356105,1791356107,2
12356510,12356511,1791356107,1791356109,2
12356511,12356512,1791356109,1791356111,2
12356512,12356513,1791356111,1791356113,2
12356513,12356514,1791356113,1791356115,2
12356514,12356515,1791356115,1791356117,2
12356515,12356516,1791356117,1791356119,2
12356516,12356517,1791356119,1791356121,2
12356517,12356518,1791356121,1791356123,2
12356518,12356519,1791356123,1791356125,2
12356519,12356520,1791356125,1791356127,2
12356520,12356521,1791356127,1791356129,2
12356521,12356522,1791356129,1791356131,2
12356522,12356523,1791356131,1791356133,2
12356523,12356524,1791356133,1791356135,2
12356524,12356525,1791356135,1791356137,2
12356525,12356526,1791356137,1791356139,2
12356526,12356527,1791356139,1791356141,2
12356527,12356528,1791356141,1791356143,2
12356528,12356529,1791356143,1791356145,2
12356529,12356530,1791356145,1791356147,2
12356530,12356531,1791356147,1791356149,2
12356531,12356532,1791356149,1791356151,2
12356532,12356533,1791356151,1791356153,2
12356533,12356534,1791356153,1791356155,2
12356534,12356535,1791356155,1791356157,2
12356535,12356536,1791356157,1791356159,2
12356536,12356537,1791356159,1791356161,2
12356537,12356538,1791356161,1791356163,2
12356538,12356539,1791356163,1791356165,2
12356539,12356540,1791356165,1791356167,2
12356540,12356541,1791356167,1791356169,2
12356541,12356542,1791356169,1791356171,2
12356542,12356543,1791356171,1791356173,2
12356543,12356544,1791356173,1791356175,2
12356544,12356545,1791356175,1791356177,2
12356545,12356546,1791356177,1791356179,2
12356546,12356547,1791356179,1791356181,2
12356547,12356548,1791356181,1791356183,2
12356548,12356549,1791356183,1791356185,2
12356549,12356550,1791356185,1791356187,2
12356550,12356551,1791356187,1791356189,2
12356551,12356552,1791356189,1791356191,2
12356552,12356553,1791356191,1791356193,2
12356553,12356554,1791356193,1791356195,2
12356554,12356555,1791356195,1791356197,2
12356555,12356556,1791356197,1791356199,2
12356556,12356557,1791356199,1791356201,2
12356557,12356558,1791356201,1791356203,2
12356558,12356559,1791356203,1791356205,2
12356559,12356560,1791356205,1791356207,2
12356560,12356561,1791356207,1791356209,2
12356561,12356562,1791356209,1791356211,2
12356562,12356563,1791356211,1791356213,2
12356563,12356564,1791356213,1791356215,2
12356564,12356565,1791356215,1791356217,2
12356565,12356566,1791356217,1791356219,2
12356566,12356567,1791356219,1791356221,2
12356567,12356568,1791356221,1791356223,2
12356568,12356569,1791356223,1791356225,2
12356569,12356570,1791356225,1791356227,2
12356570,12356571,1791356227,1791356229,2
12356571,12356572,1791356229,1791356231,2
12356572,12356573,1791356231,1791356233,2
12356573,12356574,1791356233,1791356235,2
12356574,12356575,1791356235,1791356237,2
12356575,12356576,1791356237,1791356239,2
12356576,12356577,1791356239,1791356241,2
12356577,12356578,1791356241,1791356243,2
12356578,12356579,1791356243,1791356245,2
12356579,12356580,1791356245,1791356247,2
12356580,12356581,1791356247,1791356249,2
12356581,12356582,1791356249,1791356251,2
12356582,12356583,1791356251,1791356253,2
12356583,12356584,1791356253,1791356255,2
12356584,12356585,1791356255,1791356257,2
12356585,12356586,1791356257,1791356259,2
12356586,12356587,1791356259,1791356261,2
12356587,12356588,1791356261,1791356263,2
12356588,12356589,1791356263,1791356265,2
12356589,12356590,1791356265,1791356267,2
12356590,12356591,1791356267,1791356269,2
12356591,12356592,1791356269,1791356271,2
12356592,12356593,1791356271,1791356273,2
12356593,12356594,1791356273,1791356275,2
12356594,12356595,1791356275,1791356277,2
12356595,12356596,1791356277,1791356279,2
12356596,12356597,1791356279,1791356281,2
12356597,12356598,1791356281,1791356283,2
12356598,12356599,1791356283,1791356285,2
12356599,12356600,1791356285,1791356287,2
12356600,12356601,1791356287,1791356289,2
12356601,12356602,1791356289,1791356291,2
12356602,12356603,1791356291,1791356293,2
12356603,12356604,1791356293,1791356295,2
12356604,12356605,1791356295,1791356297,2
12356605,12356606,1791356297,1791356299,2
12356606,12356607,1791356299,1791356301,2
12356607,12356608,1791356301,1791356303,2
12356608,12356609,1791356303,1791356305,2
12356609,12356610,1791356305,1791356307,2
12356610,12356611,1791356307,1791356309,2
12356611,12356612,1791356309,1791356311,2
12356612,12356613,1791356311,1791356313,2
12356613,12356614,1791356313,1791356315,2
12356614,12356615,1791356315,1791356317,2
12356615,12356616,1791356317,1791356319,2
12356616,12356617,1791356319,1791356321,2
12356617,12356618,1791356321,1791356323,2
12356618,12356619,1791356323,1791356325,2
12356619,12356620,1791356325,1791356327,2
12356620,12356621,1791356327,1791356329,2
12356621,12356622,1791356329,1791356331,2
12356622,12356623,1791356331,1791356333,2
12356623,12356624,1791356333,1791356335,2
12356624,12356625,1791356335,1791356337,2
12356625,12356626,1791356337,1791356339,2
12356626,12356627,1791356339,1791356341,2
12356627,12356628,1791356341,1791356343,2
12356628,12356629,1791356343,1791356345,2
12356629,12356630,1791356345,1791356347,2
12356630,12356631,1791356347,1791356349,2
12356631,12356632,1791356349,1791356351,2
12356632,12356633,1791356351,1791356353,2
12356633,12356634,1791356353,1791356355,2
12356634,12356635,1791356355,1791356357,2
12356635,12356636,1791356357,1791356359,2
12356636,12356637,1791356359,1791356361,2
12356637,12356638,1791356361,1791356363,2
12356638,12356639,1791356363,1791356365,2
12356639,12356640,1791356365,1791356367,2
12356640,12356641,1791356367,1791356369,2
12356641,12356642,1791356369,1791356371,2
12356642,12356643,1791356371,1791356373,2
12356643,12356644,1791356373,1791356375,2
12356644,12356645,1791356375,1791356377,2
12356645,12356646,1791356377,1791356379,2
12356646,12356647,1791356379,1791356381,2
12356647,12356648,1791356381,1791356383,2
12356648,12356649,1791356383,1791356385,2
12356649,12356650,1791356385,1791356387,2
12356650,12356651,1791356387,1791356389,2
12356651,12356652,1791356389,1791356391,2
12356652,12356653,1791356391,1791356393,2
12356653,12356654,1791356393,1791356395,2
12356654,12356655,1791356395,1791356397,2
12356655,12356656,1791356397,1791356399,2
12356656,12356657,1791356399,1791356401,2
12356657,12356658,1791356401,1791356403,2
12356658,12356659,1791356403,1791356405,2
12356659,12356660,1791356405,1791356407,2
12356660,12356661,1791356407,1791356409,2
12356661,12356662,1791356409,1791356411,2
12356662,12356663,1791356411,1791356413,2
12356663,12356664,1791356413,1791356415,2
12356664,12356665,1791356415,1791356417,2
12356665,12356666,1791356417,1791356419,2
12356666,12356667,1791356419,1791356421,2
12356667,12356668,1791356421,1791356423,2
12356668,12356669,1791356423,1791356425,2
12356669,12356670,1791356425,1791356427,2
12356670,12356671,1791356427,1791356429,2
12356671,12356672,1791356429,1791356431,2
12356672,12356673,1791356431,1791356433,2
12356673,12356674,1791356433,1791356435,2
12356674,12356675,1791356435,1791356437,2
12356675,12356676,1791356437,1791356439,2
12356676,12356677,1791356439,1791356441,2
12356677,12356678,1791356441,1791356443,2
12356678,12356679,1791356443,1791356445,2
12356679,12356680,1791356445,1791356447,2
12356680,12356681,1791356447,1791356449,2
12356681,12356682,1791356449,1791356451,2
12356682,12356683,1791356451,1791356453,2
12356683,12356684,1791356453,1791356455,2
12356684,12356685,1791356455,1791356457,2
12356685,12356686,1791356457,1791356459,2
12356686,12356687,1791356459,1791356461,2
12356687,12356688,1791356461,1791356463,2
12356688,12356689,1791356463,1791356465,2
12356689,12356690,1791356465,1791356467,2
12356690,12356691,1791356467,1791356469,2
12356691,12356692,1791356469,1791356471,2
12356692,12356693,1791356471,1791356473,2
12356693,12356694,1791356473,1791356475,2
12356694,12356695,1791356475,1791356477,2
12356695,12356696,1791356477,1791356479,2
12356696,12356697,1791356479,1791356481,2
12356697,12356698,1791356481,1791356483,2
12356698,12356699,1791356483,1791356485,2
12356699,12356700,1791356485,1791356487,2
12356700,12356701,1791356487,1791356489,2
12356701,12356702,1791356489,1791356491,2
12356702,12356703,1791356491,1791356493,2
12356703,12356704,1791356493,1791356495,2
12356704,12356705,1791356495,1791356497,2
12356705,12356706,1791356497,1791356499,2
12356706,12356707,1791356499,1791356501,2
12356707,12356708,1791356501,1791356503,2
12356708,12356709,1791356503,1791356505,2
12356709,12356710,1791356505,1791356507,2
12356710,12356711,1791356507,1791356509,2
12356711,12356712,1791356509,1791356511,2
12356712,12356713,1791356511,1791356513,2
12356713,12356714,1791356513,1791356515,2
12356714,12356715,1791356515,1791356517,2
12356715,12356716,1791356517,1791356519,2
12356716,12356717,1791356519,1791356521,2
12356717,12356718,1791356521,1791356523,2
12356718,12356719,1791356523,1791356525,2
12356719,12356720,1791356525,1791356527,2
12356720,12356721,1791356527,1791356529,2
12356721,12356722,1791356529,1791356531,2
12356722,12356723,1791356531,1791356533,2
12356723,12356724,1791356533,1791356535,2
12356724,12356725,1791356535,1791356537,2
12356725,12356726,1791356537,1791356539,2
12356726,12356727,1791356539,1791356541,2
12356727,12356728,1791356541,1791356543,2
12356728,12356729,1791356543,1791356545,2
12356729,12356730,1791356545,1791356547,2
12356730,12356731,1791356547,1791356549,2
12356731,12356732,1791356549,1791356551,2
12356732,12356733,1791356551,1791356553,2
12356733,12356734,1791356553,1791356555,2
12356734,12356735,1791356555,1791356557,2
12356735,12356736,1791356557,1791356559,2
12356736,12356737,1791356559,1791356561,2
12356737,12356738,1791356561,1791356563,2
12356738,12356739,1791356563,1791356565,2
12356739,12356740,1791356565,1791356567,2
12356740,12356741,1791356567,1791356569,2
12356741,12356742,1791356569,1791356571,2
12356742,12356743,1791356571,1791356573,2
12356743,12356744,1791356573,1791356575,2
12356744,12356745,1791356575,1791356577,2
12356745,12356746,1791356577,1791356579,2
12356746,12356747,1791356579,1791356581,2
12356747,12356748,1791356581,1791356583,2
12356748,12356749,1791356583,1791356585,2
12356749,12356750,1791356585,1791356587,2
12356750,12356751,1791356587,1791356589,2
12356751,12356752,1791356589,1791356591,2
12356752,12356753,1791356591,1791356593,2
12356753,12356754,1791356593,1791356595,2
12356754,12356755,1791356595,1791356597,2
12356755,12356756,1791356597,1791356599,2
12356756,12356757,1791356599,1791356601,2
12356757,12356758,1791356601,1791356603,2
12356758,12356759,1791356603,1791356605,2
12356759,12356760,1791356605,1791356607,2
12356760,12356761,1791356607,1791356609,2
12356761,12356762,1791356609,1791356611,2
12356762,12356763,1791356611,1791356613,2
12356763,12356764,1791356613,1791356615,2
12356764,12356765,1791356615,1791356617,2
12356765,12356766,1791356617,1791356619,2
12356766,12356767,1791356619,1791356621,2
12356767,12356768,1791356621,1791356623,2
12356768,12356769,1791356623,1791356625,2
12356769,12356770,1791356625,1791356627,2
12356770,12356771,1791356627,1791356629,2
12356771,12356772,1791356629,1791356631,2
12356772,12356773,1791356631,1791356633,2
12356773,12356774,1791356633,1791356635,2
12356774,12356775,1791356635,1791356637,2
12356775,12356776,1791356637,1791356639,2
12356776,12356777,1791356639,1791356641,2
12356777,12356778,1791356641,1791356643,2
12356778,12356779,1791356643,1791356645,2
12356779,12356780,1791356645,1791356647,2
12356780,12356781,1791356647,1791356649,2
12356781,12356782,1791356649,1791356651,2
12356782,12356783,1791356651,1791356653,2
12356783,12356784,1791356653,1791356655,2
12356784,12356785,1791356655,1791356657,2
12356785,12356786,1791356657,1791356659,2
12356786,12356787,1791356659,1791356661,2
12356787,12356788,1791356661,1791356663,2
12356788,12356789,1791356663,1791356665,2
12356789,12356790,1791356665,1791356667,2
12356790,12356791,1791356667,1791356669,2
12356791,12356792,1791356669,1791356671,2
12356792,12356793,1791356671,1791356673,2
12356793,12356794,1791356673,1791356675,2
12356794,12356795,1791356675,1791356677,2
12356795,12356796,1791356677,1791356679,2
12356796,12356797,1791356679,1791356681,2
12356797,12356798,1791356681,1791356683,2
12356798,12356799,1791356683,1791356685,2
12356799,12356800,1791356685,1791356687,2
12356800,12356801,1791356687,1791356689,2
12356801,12356802,1791356689,1791356691,2
12356802,12356803,1791356691,1791356693,2
12356803,12356804,1791356693,1791356695,2
12356804,12356805,1791356695,1791356697,2
12356805,12356806,1791356697,1791356699,2
12356806,12356807,1791356699,1791356701,2
12356807,12356808,1791356701,1791356703,2
12356808,12356809,1791356703,1791356705,2
12356809,12356810,1791356705,1791356707,2
12356810,12356811,1791356707,1791356709,2
12356811,12356812,1791356709,1791356711,2
12356812,12356813,1791356711,1791356713,2
12356813,12356814,1791356713,1791356715,2
12356814,12356815,1791356715,1791356717,2
12356815,12356816,1791356717,1791356719,2
12356816,12356817,1791356719,1791356721,2
12356817,12356818,1791356721,1791356723,2
12356818,12356819,1791356723,1791356725,2
12356819,12356820,1791356725,1791356727,2
12356820,12356821,1791356727,1791356729,2
12356821,12356822,1791356729,1791356731,2
12356822,12356823,1791356731,1791356733,2
12356823,12356824,1791356733,1791356735,2
12356824,12356825,1791356735,1791356737,2
12356825,12356826,1791356737,1791356739,2
12356826,12356827,1791356739,1791356741,2
12356827,12356828,1791356741,1791356743,2
12356828,12356829,1791356743,1791356745,2
12356829,12356830,1791356745,1791356747,2
12356830,12356831,1791356747,1791356749,2
12356831,12356832,1791356749,1791356751,2
12356832,12356833,1791356751,1791356753,2
12356833,12356834,1791356753,1791356755,2
12356834,12356835,1791356755,1791356757,2
12356835,12356836,1791356757,1791356759,2
12356836,12356837,1791356759,1791356761,2
12356837,12356838,1791356761,1791356763,2
12356838,12356839,1791356763,1791356765,2
12356839,12356840,1791356765,1791356767,2
12356840,12356841,1791356767,1791356769,2
12356841,12356842,1791356769,1791356771,2
12356842,12356843,1791356771,1791356773,2
12356843,12356844,1791356773,1791356775,2
12356844,12356845,1791356775,1791356777,2
12356845,12356846,1791356777,1791356779,2
12356846,12356847,1791356779,1791356781,2
12356847,12356848,1791356781,1791356783,2
12356848,12356849,1791356783,1791356785,2
12356849,12356850,1791356785,1791356787,2
12356850,12356851,1791356787,1791356789,2
12356851,12356852,1791356789,1791356791,2
12356852,12356853,1791356791,1791356793,2
12356853,12356854,1791356793,1791356795,2
12356854,12356855,1791356795,1791356797,2
12356855,12356856,1791356797,1791356799,2
12356856,12356857,1791356799,1791356801,2
12356857,12356858,1791356801,1791356803,2
12356858,12356859,1791356803,1791356805,2
12356859,12356860,1791356805,1791356807,2
12356860,12356861,1791356807,1791356809,2
12356861,12356862,1791356809,1791356811,2
12356862,12356863,1791356811,1791356813,2
12356863,12356864,1791356813,1791356815,2
12356864,12356865,1791356815,1791356817,2
12356865,12356866,1791356817,1791356819,2
12356866,12356867,1791356819,1791356821,2
12356867,12356868,1791356821,1791356823,2
12356868,12356869,1791356823,1791356825,2
12356869,12356870,1791356825,1791356827,2
12356870,12356871,1791356827,1791356829,2
12356871,12356872,1791356829,1791356831,2
12356872,12356873,1791356831,1791356833,2
12356873,12356874,1791356833,1791356835,2
12356874,12356875,1791356835,1791356837,2
12356875,12356876,1791356837,1791356839,2
12356876,12356877,1791356839,1791356841,2
12356877,12356878,1791356841,1791356843,2
12356878,12356879,1791356843,1791356845,2
12356879,12356880,1791356845,1791356847,2
12356880,12356881,1791356847,1791356849,2
12356881,12356882,1791356849,1791356851,2
12356882,12356883,1791356851,1791356853,2
12356883,12356884,1791356853,1791356855,2
12356884,12356885,1791356855,1791356857,2
12356885,12356886,1791356857,1791356859,2
12356886,12356887,1791356859,1791356861,2
12356887,12356888,1791356861,1791356863,2
12356888,12356889,1791356863,1791356865,2
12356889,12356890,1791356865,1791356867,2
12356890,12356891,1791356867,1791356869,2
12356891,12356892,1791356869,1791356871,2
12356892,12356893,1791356871,1791356873,2
12356893,12356894,1791356873,1791356875,2
12356894,12356895,1791356875,1791356877,2
12356895,12356896,1791356877,1791356879,2
12356896,12356897,1791356879,1791356881,2
12356897,12356898,1791356881,1791356883,2
12356898,12356899,1791356883,1791356885,2
12356899,12356900,1791356885,1791356887,2
12356900,12356901,1791356887,1791356889,2
12356901,12356902,1791356889,1791356891,2
12356902,12356903,1791356891,1791356893,2
12356903,12356904,1791356893,1791356895,2
12356904,12356905,1791356895,1791356897,2
12356905,12356906,1791356897,1791356899,2
12356906,12356907,1791356899,1791356901,2
12356907,12356908,1791356901,1791356903,2
12356908,12356909,1791356903,1791356905,2
12356909,12356910,1791356905,1791356907,2
12356910,12356911,1791356907,1791356909,2
12356911,12356912,1791356909,1791356911,2
12356912,12356913,1791356911,1791356913,2
12356913,12356914,1791356913,1791356915,2
12356914,12356915,1791356915,1791356917,2
12356915,12356916,1791356917,1791356919,2
12356916,12356917,1791356919,1791356921,2
12356917,12356918,1791356921,1791356923,2
12356918,12356919,1791356923,1791356925,2
12356919,12356920,1791356925,1791356927,2
12356920,12356921,1791356927,1791356929,2
12356921,12356922,1791356929,1791356931,2
12356922,12356923,1791356931,1791356933,2
12356923,12356924,1791356933,1791356935,2
12356924,12356925,1791356935,1791356937,2
12356925,12356926,1791356937,1791356939,2
12356926,12356927,1791356939,1791356941,2
12356927,12356928,1791356941,1791356943,2
12356928,12356929,1791356943,1791356945,2
12356929,12356930,1791356945,1791356947,2
12356930,12356931,1791356947,1791356949,2
12356931,12356932,1791356949,1791356951,2
12356932,12356933,1791356951,1791356953,2
12356933,12356934,1791356953,1791356955,2
12356934,12356935,1791356955,1791356957,2
12356935,12356936,1791356957,1791356959,2
12356936,12356937,1791356959,1791356961,2
12356937,12356938,1791356961,1791356963,2
12356938,12356939,1791356963,1791356965,2
12356939,12356940,1791356965,1791356967,2
12356940,12356941,1791356967,1791356969,2
12356941,12356942,1791356969,1791356971,2
12356942,12356943,1791356971,1791356973,2
12356943,12356944,1791356973,1791356975,2
12356944,12356945,1791356975,1791356977,2
12356945,12356946,1791356977,1791356979,2
12356946,12356947,1791356979,1791356981,2
12356947,12356948,1791356981,1791356983,2
12356948,12356949,1791356983,1791356985,2
12356949,12356950,1791356985,1791356987,2
12356950,12356951,1791356987,1791356989,2
12356951,12356952,1791356989,1791356991,2
12356952,12356953,1791356991,1791356993,2
12356953,12356954,1791356993,1791356995,2
12356954,12356955,1791356995,1791356997,2
12356955,12356956,1791356997,1791356999,2
12356956,12356957,1791356999,1791357001,2
12356957,12356958,1791357001,1791357003,2
12356958,12356959,1791357003,1791357005,2
12356959,12356960,1791357005,1791357007,2
12356960,12356961,1791357007,1791357009,2
12356961,12356962,1791357009,1791357011,2
12356962,12356963,1791357011,1791357013,2
12356963,12356964,1791357013,1791357015,2
12356964,12356965,1791357015,1791357017,2
12356965,12356966,1791357017,1791357019,2
12356966,12356967,1791357019,1791357021,2
12356967,12356968,1791357021,1791357023,2
12356968,12356969,1791357023,1791357025,2
12356969,12356970,1791357025,1791357027,2
12356970,12356971,1791357027,1791357029,2
12356971,12356972,1791357029,1791357031,2
12356972,12356973,1791357031,1791357033,2
12356973,12356974,1791357033,1791357035,2
12356974,12356975,1791357035,1791357037,2
12356975,12356976,1791357037,1791357039,2
12356976,12356977,1791357039,1791357041,2
12356977,12356978,1791357041,1791357043,2
12356978,12356979,1791357043,1791357045,2
12356979,12356980,1791357045,1791357047,2
12356980,12356981,1791357047,1791357049,2
12356981,12356982,1791357049,1791357051,2
12356982,12356983,1791357051,1791357053,2
12356983,12356984,1791357053,1791357055,2
12356984,12356985,1791357055,1791357057,2
12356985,12356986,1791357057,1791357059,2
12356986,12356987,1791357059,1791357061,2
12356987,12356988,1791357061,1791357063,2
12356988,12356989,1791357063,1791357065,2
12356989,12356990,1791357065,1791357067,2
12356990,12356991,1791357067,1791357069,2
12356991,12356992,1791357069,1791357071,2
12356992,12356993,1791357071,1791357073,2
12356993,12356994,1791357073,1791357075,2
12356994,12356995,1791357075,1791357077,2
12356995,12356996,1791357077,1791357079,2
12356996,12356997,1791357079,1791357081,2
12356997,12356998,1791357081,1791357083,2
12356998,12356999,1791357083,1791357085,2
12356999,12357000,1791357085,1791357087,2
12357000,12357001,1791357087,1791357089,2
12357001,12357002,1791357089,1791357091,2
12357002,12357003,1791357091,1791357093,2
12357003,12357004,1791357093,1791357095,2
12357004,12357005,1791357095,1791357097,2
12357005,12357006,1791357097,1791357099,2
12357006,12357007,1791357099,1791357101,2
12357007,12357008,1791357101,1791357103,2
12357008,12357009,1791357103,1791357105,2
12357009,12357010,1791357105,1791357107,2
12357010,12357011,1791357107,1791357109,2
12357011,12357012,1791357109,1791357111,2
12357012,12357013,1791357111,1791357113,2
12357013,12357014,1791357113,1791357115,2
12357014,12357015,1791357115,1791357117,2
12357015,12357016,1791357117,1791357119,2
12357016,12357017,1791357119,1791357121,2
12357017,12357018,1791357121,1791357123,2
12357018,12357019,1791357123,1791357125,2
12357019,12357020,1791357125,1791357127,2
12357020,12357021,1791357127,1791357129,2
12357021,12357022,1791357129,1791357131,2
12357022,12357023,1791357131,1791357133,2
12357023,12357024,1791357133,1791357135,2
12357024,12357025,1791357135,1791357137,2
12357025,12357026,1791357137,1791357139,2
12357026,12357027,1791357139,1791357141,2
12357027,12357028,1791357141,1791357143,2
12357028,12357029,1791357143,1791357145,2
12357029,12357030,1791357145,1791357147,2
12357030,12357031,1791357147,1791357149,2
12357031,12357032,1791357149,1791357151,2
12357032,12357033,1791357151,1791357153,2
12357033,12357034,1791357153,1791357155,2
12357034,12357035,1791357155,1791357157,2
12357035,12357036,1791357157,1791357159,2
12357036,12357037,1791357159,1791357161,2
12357037,12357038,1791357161,1791357163,2
12357038,12357039,1791357163,1791357165,2
12357039,12357040,1791357165,1791357167,2
12357040,12357041,1791357167,1791357169,2
12357041,12357042,1791357169,1791357171,2
12357042,12357043,1791357171,1791357173,2
12357043,12357044,1791357173,1791357175,2
12357044,12357045,1791357175,1791357177,2
12357045,12357046,1791357177,1791357179,2
12357046,12357047,1791357179,1791357181,2
12357047,12357048,1791357181,1791357183,2
12357048,12357049,1791357183,1791357185,2
12357049,12357050,1791357185,1791357187,2
12357050,12357051,1791357187,1791357189,2
12357051,12357052,1791357189,1791357191,2
12357052,12357053,1791357191,1791357193,2
12357053,12357054,1791357193,1791357195,2
12357054,12357055,1791357195,1791357197,2
12357055,12357056,1791357197,1791357199,2
12357056,12357057,1791357199,1791357201,2
12357057,12357058,1791357201,1791357203,2
12357058,12357059,1791357203,1791357205,2
12357059,12357060,1791357205,1791357207,2
12357060,12357061,1791357207,1791357209,2
12357061,12357062,1791357209,1791357211,2
12357062,12357063,1791357211,1791357213,2
12357063,12357064,1791357213,1791357215,2
12357064,12357065,1791357215,1791357217,2
12357065,12357066,1791357217,1791357219,2
12357066,12357067,1791357219,1791357221,2
12357067,12357068,1791357221,1791357223,2
12357068,12357069,1791357223,1791357225,2
12357069,12357070,1791357225,1791357227,2
12357070,12357071,1791357227,1791357229,2
12357071,12357072,1791357229,1791357231,2
12357072,12357073,1791357231,1791357233,2
12357073,12357074,1791357233,1791357235,2
12357074,12357075,1791357235,1791357237,2
12357075,12357076,1791357237,1791357239,2
12357076,12357077,1791357239,1791357241,2
12357077,12357078,1791357241,1791357243,2
12357078,12357079,1791357243,1791357245,2
12357079,12357080,1791357245,1791357247,2
12357080,12357081,1791357247,1791357249,2
12357081,12357082,1791357249,1791357251,2
12357082,12357083,1791357251,1791357253,2
12357083,12357084,1791357253,1791357255,2
12357084,12357085,1791357255,1791357257,2
12357085,12357086,1791357257,1791357259,2
12357086,12357087,1791357259,1791357261,2
12357087,12357088,1791357261,1791357263,2
12357088,12357089,1791357263,1791357265,2
12357089,12357090,1791357265,1791357267,2
12357090,12357091,1791357267,1791357269,2
12357091,12357092,1791357269,1791357271,2
12357092,12357093,1791357271,1791357273,2
12357093,12357094,1791357273,1791357275,2
12357094,12357095,1791357275,1791357277,2
12357095,12357096,1791357277,1791357279,2
12357096,12357097,1791357279,1791357281,2
12357097,12357098,1791357281,1791357283,2
12357098,12357099,1791357283,1791357285,2
12357099,12357100,1791357285,1791357287,2
12357100,12357101,1791357287,1791357289,2
12357101,12357102,1791357289,1791357291,2
12357102,12357103,1791357291,1791357293,2
12357103,12357104,1791357293,1791357295,2
12357104,12357105,1791357295,1791357297,2
12357105,12357106,1791357297,1791357299,2
12357106,12357107,1791357299,1791357301,2
12357107,12357108,1791357301,1791357303,2
12357108,12357109,1791357303,1791357305,2
12357109,12357110,1791357305,1791357307,2
12357110,12357111,1791357307,1791357309,2
12357111,12357112,1791357309,1791357311,2
12357112,12357113,1791357311,1791357313,2
12357113,12357114,1791357313,1791357315,2
12357114,12357115,1791357315,1791357317,2
12357115,12357116,1791357317,1791357319,2
12357116,12357117,1791357319,1791357321,2
12357117,12357118,1791357321,1791357323,2
12357118,12357119,1791357323,1791357325,2
12357119,12357120,1791357325,1791357327,2
12357120,12357121,1791357327,1791357329,2
12357121,12357122,1791357329,1791357331,2
12357122,12357123,1791357331,1791357333,2
12357123,12357124,1791357333,1791357335,2
12357124,12357125,1791357335,1791357337,2
12357125,12357126,1791357337,1791357339,2
12357126,12357127,1791357339,1791357341,2
12357127,12357128,1791357341,1791357343,2
12357128,12357129,1791357343,1791357345,2
12357129,12357130,1791357345,1791357347,2
12357130,12357131,1791357347,1791357349,2
12357131,12357132,1791357349,1791357351,2
12357132,12357133,1791357351,1791357353,2
12357133,12357134,1791357353,1791357355,2
12357134,12357135,1791357355,1791357357,2
12357135,12357136,1791357357,1791357359,2
12357136,12357137,1791357359,1791357361,2
12357137,12357138,1791357361,1791357363,2
12357138,12357139,1791357363,1791357365,2
12357139,12357140,1791357365,1791357367,2
12357140,12357141,1791357367,1791357369,2
12357141,12357142,1791357369,1791357371,2
12357142,12357143,1791357371,1791357373,2
12357143,12357144,1791357373,1791357375,2
12357144,12357145,1791357375,1791357377,2
12357145,12357146,1791357377,1791357379,2
12357146,12357147,1791357379,1791357381,2
12357147,12357148,1791357381,1791357383,2
12357148,12357149,1791357383,1791357385,2
12357149,12357150,1791357385,1791357387,2
12357150,12357151,1791357387,1791357389,2
12357151,12357152,1791357389,1791357391,2
12357152,12357153,1791357391,1791357393,2
12357153,12357154,1791357393,1791357395,2
12357154,12357155,1791357395,1791357397,2
12357155,12357156,1791357397,1791357399,2
12357156,12357157,1791357399,1791357401,2
12357157,12357158,1791357401,1791357403,2
12357158,12357159,1791357403,1791357405,2
12357159,12357160,1791357405,1791357407,2
12357160,12357161,1791357407,1791357409,2
12357161,12357162,1791357409,1791357411,2
12357162,12357163,1791357411,1791357413,2
12357163,12357164,1791357413,1791357415,2
12357164,12357165,1791357415,1791357417,2
12357165,12357166,1791357417,1791357419,2
12357166,12357167,1791357419,1791357421,2
12357167,12357168,1791357421,1791357423,2
12357168,12357169,1791357423,1791357425,2
12357169,12357170,1791357425,1791357427,2
12357170,12357171,1791357427,1791357429,2
12357171,12357172,1791357429,1791357431,2
12357172,12357173,1791357431,1791357433,2
12357173,12357174,1791357433,1791357435,2
12357174,12357175,1791357435,1791357437,2
12357175,12357176,1791357437,1791357439,2
12357176,12357177,1791357439,1791357441,2
12357177,12357178,1791357441,1791357443,2
12357178,12357179,1791357443,1791357445,2
12357179,12357180,1791357445,1791357447,2
12357180,12357181,1791357447,1791357449,2
12357181,12357182,1791357449,1791357451,2
12357182,12357183,1791357451,1791357453,2
12357183,12357184,1791357453,1791357455,2
12357184,12357185,1791357455,1791357457,2
12357185,12357186,1791357457,1791357459,2
12357186,12357187,1791357459,1791357461,2
12357187,12357188,1791357461,1791357463,2
12357188,12357189,1791357463,1791357465,2
12357189,12357190,1791357465,1791357467,2
12357190,12357191,1791357467,1791357469,2
12357191,12357192,1791357469,1791357471,2
12357192,12357193,1791357471,1791357473,2
12357193,12357194,1791357473,1791357475,2
12357194,12357195,1791357475,1791357477,2
12357195,12357196,1791357477,1791357479,2
12357196,12357197,1791357479,1791357481,2
12357197,12357198,1791357481,1791357483,2
12357198,12357199,1791357483,1791357485,2
12357199,12357200,1791357485,1791357487,2
12357200,12357201,1791357487,1791357489,2
12357201,12357202,1791357489,1791357491,2
12357202,12357203,1791357491,1791357493,2
12357203,12357204,1791357493,1791357495,2
12357204,12357205,1791357495,1791357497,2
12357205,12357206,1791357497,1791357499,2
12357206,12357207,1791357499,1791357501,2
12357207,12357208,1791357501,1791357503,2
12357208,12357209,1791357503,1791357505,2
12357209,12357210,1791357505,1791357507,2
12357210,12357211,1791357507,1791357509,2
12357211,12357212,1791357509,1791357511,2
12357212,12357213,1791357511,1791357513,2
12357213,12357214,1791357513,1791357515,2
12357214,12357215,1791357515,1791357517,2
12357215,12357216,1791357517,1791357519,2
12357216,12357217,1791357519,1791357521,2
12357217,12357218,1791357521,1791357523,2
12357218,12357219,1791357523,1791357525,2
12357219,12357220,1791357525,1791357527,2
12357220,12357221,1791357527,1791357529,2
12357221,12357222,1791357529,1791357531,2
12357222,12357223,1791357531,1791357533,2
12357223,12357224,1791357533,1791357535,2
12357224,12357225,1791357535,1791357537,2
12357225,12357226,1791357537,1791357539,2
12357226,12357227,1791357539,1791357541,2
12357227,12357228,1791357541,1791357543,2
12357228,12357229,1791357543,1791357545,2
12357229,12357230,1791357545,1791357547,2
12357230,12357231,1791357547,1791357549,2
12357231,12357232,1791357549,1791357551,2
12357232,12357233,1791357551,1791357553,2
12357233,12357234,1791357553,1791357555,2
12357234,12357235,1791357555,1791357557,2
12357235,12357236,1791357557,1791357559,2
12357236,12357237,1791357559,1791357561,2
12357237,12357238,1791357561,1791357563,2
12357238,12357239,1791357563,1791357565,2
12357239,12357240,1791357565,1791357567,2
12357240,12357241,1791357567,1791357569,2
12357241,12357242,1791357569,1791357571,2
12357242,12357243,1791357571,1791357573,2
12357243,12357244,1791357573,1791357575,2
12357244,12357245,1791357575,1791357577,2
12357245,12357246,1791357577,1791357579,2
12357246,12357247,1791357579,1791357581,2
12357247,12357248,1791357581,1791357583,2
12357248,12357249,1791357583,1791357585,2
12357249,12357250,1791357585,1791357587,2
12357250,12357251,1791357587,1791357589,2
12357251,12357252,1791357589,1791357591,2
12357252,12357253,1791357591,1791357593,2
12357253,12357254,1791357593,1791357595,2
12357254,12357255,1791357595,1791357597,2
12357255,12357256,1791357597,1791357599,2
12357256,12357257,1791357599,1791357601,2
12357257,12357258,1791357601,1791357603,2
12357258,12357259,1791357603,1791357605,2
12357259,12357260,1791357605,1791357607,2
12357260,12357261,1791357607,1791357609,2
12357261,12357262,1791357609,1791357611,2
12357262,12357263,1791357611,1791357613,2
12357263,12357264,1791357613,1791357615,2
12357264,12357265,1791357615,1791357617,2
12357265,12357266,1791357617,1791357619,2
12357266,12357267,1791357619,1791357621,2
12357267,12357268,1791357621,1791357623,2
12357268,12357269,1791357623,1791357625,2
12357269,12357270,1791357625,1791357627,2
12357270,12357271,1791357627,1791357629,2
12357271,12357272,1791357629,1791357631,2
12357272,12357273,1791357631,1791357633,2
12357273,12357274,1791357633,1791357635,2
12357274,12357275,1791357635,1791357637,2
12357275,12357276,1791357637,1791357639,2
12357276,12357277,1791357639,1791357641,2
12357277,12357278,1791357641,1791357643,2
12357278,12357279,1791357643,1791357645,2
12357279,12357280,1791357645,1791357647,2
12357280,12357281,1791357647,1791357649,2
12357281,12357282,1791357649,1791357651,2
12357282,12357283,1791357651,1791357653,2
12357283,12357284,1791357653,1791357655,2
12357284,12357285,1791357655,1791357657,2
12357285,12357286,1791357657,1791357659,2
12357286,12357287,1791357659,1791357661,2
12357287,12357288,1791357661,1791357663,2
12357288,12357289,1791357663,1791357665,2
12357289,12357290,1791357665,1791357667,2
12357290,12357291,1791357667,1791357669,2
12357291,12357292,1791357669,1791357671,2
12357292,12357293,1791357671,1791357673,2
12357293,12357294,1791357673,1791357675,2
12357294,12357295,1791357675,1791357677,2
12357295,12357296,1791357677,1791357679,2
12357296,12357297,1791357679,1791357681,2
12357297,12357298,1791357681,1791357683,2
12357298,12357299,1791357683,1791357685,2
12357299,12357300,1791357685,1791357687,2
12357300,12357301,1791357687,1791357689,2
12357301,12357302,1791357689,1791357691,2
12357302,12357303,1791357691,1791357693,2
12357303,12357304,1791357693,1791357695,2
12357304,12357305,1791357695,1791357697,2
12357305,12357306,1791357697,1791357699,2
12357306,12357307,1791357699,1791357701,2
12357307,12357308,1791357701,1791357703,2
12357308,12357309,1791357703,1791357705,2
12357309,12357310,1791357705,1791357707,2
12357310,12357311,1791357707,1791357709,2
12357311,12357312,1791357709,1791357711,2
12357312,12357313,1791357711,1791357713,2
12357313,12357314,1791357713,1791357715,2
12357314,12357315,1791357715,1791357717,2
12357315,12357316,1791357717,1791357719,2
12357316,12357317,1791357719,1791357721,2
12357317,12357318,1791357721,1791357723,2
12357318,12357319,1791357723,1791357725,2
12357319,12357320,1791357725,1791357727,2
12357320,12357321,1791357727,1791357729,2
12357321,12357322,1791357729,1791357731,2
12357322,12357323,1791357731,1791357733,2
12357323,12357324,1791357733,1791357735,2
12357324,12357325,1791357735,1791357737,2
12357325,12357326,1791357737,1791357739,2
12357326,12357327,1791357739,1791357741,2
12357327,12357328,1791357741,1791357743,2
12357328,12357329,1791357743,1791357745,2
12357329,12357330,1791357745,1791357747,2
12357330,12357331,1791357747,1791357749,2
12357331,12357332,1791357749,1791357751,2
12357332,12357333,1791357751,1791357753,2
12357333,12357334,1791357753,1791357755,2
12357334,12357335,1791357755,1791357757,2
12357335,12357336,1791357757,1791357759,2
12357336,12357337,1791357759,1791357761,2
12357337,12357338,1791357761,1791357763,2
12357338,12357339,1791357763,1791357765,2
12357339,12357340,1791357765,1791357767,2
12357340,12357341,1791357767,1791357769,2
12357341,12357342,1791357769,1791357771,2
12357342,12357343,1791357771,1791357773,2
12357343,12357344,1791357773,1791357775,2
12357344,12357345,1791357775,1791357777,2
12357345,12357346,1791357777,1791357779,2
12357346,12357347,1791357779,1791357781,2
12357347,12357348,1791357781,1791357783,2
12357348,12357349,1791357783,1791357785,2
12357349,12357350,1791357785,1791357787,2
12357350,12357351,1791357787,1791357789,2
12357351,12357352,1791357789,1791357791,2
12357352,12357353,1791357791,1791357793,2
12357353,12357354,1791357793,1791357795,2
12357354,12357355,1791357795,1791357797,2
12357355,12357356,1791357797,1791357799,2
12357356,12357357,1791357799,1791357801,2
12357357,12357358,1791357801,1791357803,2
12357358,12357359,1791357803,1791357805,2
12357359,12357360,1791357805,1791357807,2
12357360,12357361,1791357807,1791357809,2
12357361,12357362,1791357809,1791357811,2
12357362,12357363,1791357811,1791357813,2
12357363,12357364,1791357813,1791357815,2
12357364,12357365,1791357815,1791357817,2
12357365,12357366,1791357817,1791357819,2
12357366,12357367,1791357819,1791357821,2
12357367,12357368,1791357821,1791357823,2
12357368,12357369,1791357823,1791357825,2
12357369,12357370,1791357825,1791357827,2
12357370,12357371,1791357827,1791357829,2
12357371,12357372,1791357829,1791357831,2
12357372,12357373,1791357831,1791357833,2
12357373,12357374,1791357833,1791357835,2
12357374,12357375,1791357835,1791357837,2
12357375,12357376,1791357837,1791357839,2
12357376,12357377,1791357839,1791357841,2
12357377,12357378,1791357841,1791357843,2
12357378,12357379,1791357843,1791357845,2
12357379,12357380,1791357845,1791357847,2
12357380,12357381,1791357847,1791357849,2
12357381,12357382,1791357849,1791357851,2
12357382,12357383,1791357851,1791357853,2
12357383,12357384,1791357853,1791357855,2
12357384,12357385,1791357855,1791357857,2
12357385,12357386,1791357857,1791357859,2
12357386,12357387,1791357859,1791357861,2
12357387,12357388,1791357861,1791357863,2
12357388,12357389,1791357863,1791357865,2
12357389,12357390,1791357865,1791357867,2
12357390,12357391,1791357867,1791357869,2
12357391,12357392,1791357869,1791357871,2
12357392,12357393,1791357871,1791357873,2
12357393,12357394,1791357873,1791357875,2
12357394,12357395,1791357875,1791357877,2
12357395,12357396,1791357877,1791357879,2
12357396,12357397,1791357879,1791357881,2
12357397,12357398,1791357881,1791357883,2
12357398,12357399,1791357883,1791357885,2
12357399,12357400,1791357885,1791357887,2
12357400,12357401,1791357887,1791357889,2
12357401,12357402,1791357889,1791357891,2
12357402,12357403,1791357891,1791357893,2
12357403,12357404,1791357893,1791357895,2
12357404,12357405,1791357895,1791357897,2
12357405,12357406,1791357897,1791357899,2
12357406,12357407,1791357899,1791357901,2
12357407,12357408,1791357901,1791357903,2
12357408,12357409,1791357903,1791357905,2
12357409,12357410,1791357905,1791357907,2
12357410,12357411,1791357907,1791357909,2
12357411,12357412,1791357909,1791357911,2
12357412,12357413,1791357911,1791357913,2
12357413,12357414,1791357913,1791357915,2
12357414,12357415,1791357915,1791357917,2
12357415,12357416,1791357917,1791357919,2
12357416,12357417,1791357919,1791357921,2
12357417,12357418,1791357921,1791357923,2
12357418,12357419,1791357923,1791357925,2
12357419,12357420,1791357925,1791357927,2
12357420,12357421,1791357927,1791357929,2
12357421,12357422,1791357929,1791357931,2
12357422,12357423,1791357931,1791357933,2
12357423,12357424,1791357933,1791357935,2
12357424,12357425,1791357935,1791357937,2
12357425,12357426,1791357937,1791357939,2
12357426,12357427,1791357939,1791357941,2
12357427,12357428,1791357941,1791357943,2
12357428,12357429,1791357943,1791357945,2
12357429,12357430,1791357945,1791357947,2
12357430,12357431,1791357947,1791357949,2
12357431,12357432,1791357949,1791357951,2
12357432,12357433,1791357951,1791357953,2
12357433,12357434,1791357953,1791357955,2
12357434,12357435,1791357955,1791357957,2
12357435,12357436,1791357957,1791357959,2
12357436,12357437,1791357959,1791357961,2
12357437,12357438,1791357961,1791357963,2
12357438,12357439,1791357963,1791357965,2
12357439,12357440,1791357965,1791357967,2
12357440,12357441,1791357967,1791357969,2
12357441,12357442,1791357969,1791357971,2
12357442,12357443,1791357971,1791357973,2
12357443,12357444,1791357973,1791357975,2
12357444,12357445,1791357975,1791357977,2
12357445,12357446,1791357977,1791357979,2
12357446,12357447,1791357979,1791357981,2
12357447,12357448,1791357981,1791357983,2
12357448,12357449,1791357983,1791357985,2
12357449,12357450,1791357985,1791357987,2
12357450,12357451,1791357987,1791357989,2
12357451,12357452,1791357989,1791357991,2
12357452,12357453,1791357991,1791357993,2
12357453,12357454,1791357993,1791357995,2
12357454,12357455,1791357995,1791357997,2
12357455,12357456,1791357997,1791357999,2
12357456,12357457,1791357999,1791358001,2
12357457,12357458,1791358001,1791358003,2
12357458,12357459,1791358003,1791358005,2
12357459,12357460,1791358005,1791358007,2
12357460,12357461,1791358007,1791358009,2
12357461,12357462,1791358009,1791358011,2
12357462,12357463,1791358011,1791358013,2
12357463,12357464,1791358013,1791358015,2
12357464,12357465,1791358015,1791358017,2
12357465,12357466,1791358017,1791358019,2
12357466,12357467,1791358019,1791358021,2
12357467,12357468,1791358021,1791358023,2
12357468,12357469,1791358023,1791358025,2
12357469,12357470,1791358025,1791358027,2
12357470,12357471,1791358027,1791358029,2
12357471,12357472,1791358029,1791358031,2
12357472,12357473,1791358031,1791358033,2
12357473,12357474,1791358033,1791358035,2
12357474,12357475,1791358035,1791358037,2
12357475,12357476,1791358037,1791358039,2
12357476,12357477,1791358039,1791358041,2
12357477,12357478,1791358041,1791358043,2
12357478,12357479,1791358043,1791358045,2
12357479,12357480,1791358045,1791358047,2
12357480,12357481,1791358047,1791358049,2
12357481,12357482,1791358049,1791358051,2
12357482,12357483,1791358051,1791358053,2
12357483,12357484,1791358053,1791358055,2
12357484,12357485,1791358055,1791358057,2
12357485,12357486,1791358057,1791358059,2
12357486,12357487,1791358059,1791358061,2
12357487,12357488,1791358061,1791358063,2
12357488,12357489,1791358063,1791358065,2
12357489,12357490,1791358065,1791358067,2
12357490,12357491,1791358067,1791358069,2
12357491,12357492,1791358069,1791358071,2
12357492,12357493,1791358071,1791358073,2
12357493,12357494,1791358073,1791358075,2
12357494,12357495,1791358075,1791358077,2
12357495,12357496,1791358077,1791358079,2
12357496,12357497,1791358079,1791358081,2
12357497,12357498,1791358081,1791358083,2
12357498,12357499,1791358083,1791358085,2
12357499,12357500,1791358085,1791358087,2
12357500,12357501,1791358087,1791358089,2
12357501,12357502,1791358089,1791358091,2
12357502,12357503,1791358091,1791358093,2
12357503,12357504,1791358093,1791358095,2
12357504,12357505,1791358095,1791358097,2
12357505,12357506,1791358097,1791358099,2
12357506,12357507,1791358099,1791358101,2
12357507,12357508,1791358101,1791358103,2
12357508,12357509,1791358103,1791358105,2
12357509,12357510,1791358105,1791358107,2
12357510,12357511,1791358107,1791358109,2
12357511,12357512,1791358109,1791358111,2
12357512,12357513,1791358111,1791358113,2
12357513,12357514,1791358113,1791358115,2
12357514,12357515,1791358115,1791358117,2
12357515,12357516,1791358117,1791358119,2
12357516,12357517,1791358119,1791358121,2
12357517,12357518,1791358121,1791358123,2
12357518,12357519,1791358123,1791358125,2
12357519,12357520,1791358125,1791358127,2
12357520,12357521,1791358127,1791358129,2
12357521,12357522,1791358129,1791358131,2
12357522,12357523,1791358131,1791358133,2
12357523,12357524,1791358133,1791358135,2
12357524,12357525,1791358135,1791358137,2
12357525,12357526,1791358137,1791358139,2
12357526,12357527,1791358139,1791358141,2
12357527,12357528,1791358141,1791358143,2
12357528,12357529,1791358143,1791358145,2
12357529,12357530,1791358145,1791358147,2
12357530,12357531,1791358147,1791358149,2
12357531,12357532,1791358149,1791358151,2
12357532,12357533,1791358151,1791358153,2
12357533,12357534,1791358153,1791358155,2
12357534,12357535,1791358155,1791358157,2
12357535,12357536,1791358157,1791358159,2
12357536,12357537,1791358159,1791358161,2
12357537,12357538,1791358161,1791358163,2
12357538,12357539,1791358163,1791358165,2
12357539,12357540,1791358165,1791358167,2
12357540,12357541,1791358167,1791358169,2
12357541,12357542,1791358169,1791358171,2
12357542,12357543,1791358171,1791358173,2
12357543,12357544,1791358173,1791358175,2
12357544,12357545,1791358175,1791358177,2
12357545,12357546,1791358177,1791358179,2
12357546,12357547,1791358179,1791358181,2
12357547,12357548,1791358181,1791358183,2
12357548,12357549,1791358183,1791358185,2
12357549,12357550,1791358185,1791358187,2
12357550,12357551,1791358187,1791358189,2
12357551,12357552,1791358189,1791358191,2
12357552,12357553,1791358191,1791358193,2
12357553,12357554,1791358193,1791358195,2
12357554,12357555,1791358195,1791358197,2
12357555,12357556,1791358197,1791358199,2
12357556,12357557,1791358199,1791358201,2
12357557,12357558,1791358201,1791358203,2
12357558,12357559,1791358203,1791358205,2
12357559,12357560,1791358205,1791358207,2
12357560,12357561,1791358207,1791358209,2
12357561,12357562,1791358209,1791358211,2
12357562,12357563,1791358211,1791358213,2
12357563,12357564,1791358213,1791358215,2
12357564,12357565,1791358215,1791358217,2
12357565,12357566,1791358217,1791358219,2
12357566,12357567,1791358219,1791358221,2
12357567,12357568,1791358221,1791358223,2
12357568,12357569,1791358223,1791358225,2
12357569,12357570,1791358225,1791358227,2
12357570,12357571,1791358227,1791358229,2
12357571,12357572,1791358229,1791358231,2
12357572,12357573,1791358231,1791358233,2
12357573,12357574,1791358233,1791358235,2
12357574,12357575,1791358235,1791358237,2
12357575,12357576,1791358237,1791358239,2
12357576,12357577,1791358239,1791358241,2
12357577,12357578,1791358241,1791358243,2
12357578,12357579,1791358243,1791358245,2
12357579,12357580,1791358245,1791358247,2
12357580,12357581,1791358247,1791358249,2
12357581,12357582,1791358249,1791358251,2
12357582,12357583,1791358251,1791358253,2
12357583,12357584,1791358253,1791358255,2
12357584,12357585,1791358255,1791358257,2
12357585,12357586,1791358257,1791358259,2
12357586,12357587,1791358259,1791358261,2
12357587,12357588,1791358261,1791358263,2
12357588,12357589,1791358263,1791358265,2
12357589,12357590,1791358265,1791358267,2
12357590,12357591,1791358267,1791358269,2
12357591,12357592,1791358269,1791358271,2
12357592,12357593,1791358271,1791358273,2
12357593,12357594,1791358273,1791358275,2
12357594,12357595,1791358275,1791358277,2
12357595,12357596,1791358277,1791358279,2
12357596,12357597,1791358279,1791358281,2
12357597,12357598,1791358281,1791358283,2
12357598,12357599,1791358283,1791358285,2
12357599,12357600,1791358285,1791358287,2
12357600,12357601,1791358287,1791358289,2
12357601,12357602,1791358289,1791358291,2
12357602,12357603,1791358291,1791358293,2
12357603,12357604,1791358293,1791358295,2
12357604,12357605,1791358295,1791358297,2
12357605,12357606,1791358297,1791358299,2
12357606,12357607,1791358299,1791358301,2
12357607,12357608,1791358301,1791358303,2
12357608,12357609,1791358303,1791358305,2
12357609,12357610,1791358305,1791358307,2
12357610,12357611,1791358307,1791358309,2
12357611,12357612,1791358309,1791358311,2
12357612,12357613,1791358311,1791358313,2
12357613,12357614,1791358313,1791358315,2
12357614,12357615,1791358315,1791358317,2
12357615,12357616,1791358317,1791358319,2
12357616,12357617,1791358319,1791358321,2
12357617,12357618,1791358321,1791358323,2
12357618,12357619,1791358323,1791358325,2
12357619,12357620,1791358325,1791358327,2
12357620,12357621,1791358327,1791358329,2
12357621,12357622,1791358329,1791358331,2
12357622,12357623,1791358331,1791358333,2
12357623,12357624,1791358333,1791358335,2
12357624,12357625,1791358335,1791358337,2
12357625,12357626,1791358337,1791358339,2
12357626,12357627,1791358339,1791358341,2
12357627,12357628,1791358341,1791358343,2
12357628,12357629,1791358343,1791358345,2
12357629,12357630,1791358345,1791358347,2
12357630,12357631,1791358347,1791358349,2
12357631,12357632,1791358349,1791358351,2
12357632,12357633,1791358351,1791358353,2
12357633,12357634,1791358353,1791358355,2
12357634,12357635,1791358355,1791358357,2
12357635,12357636,1791358357,1791358359,2
12357636,12357637,1791358359,1791358361,2
12357637,12357638,1791358361,1791358363,2
12357638,12357639,1791358363,1791358365,2
12357639,12357640,1791358365,1791358367,2
12357640,12357641,1791358367,1791358369,2
12357641,12357642,1791358369,1791358371,2
12357642,12357643,1791358371,1791358373,2
12357643,12357644,1791358373,1791358375,2
12357644,12357645,1791358375,1791358377,2
12357645,12357646,1791358377,1791358379,2
12357646,12357647,1791358379,1791358381,2
12357647,12357648,1791358381,1791358383,2
12357648,12357649,1791358383,1791358385,2
12357649,12357650,1791358385,1791358387,2
12357650,12357651,1791358387,1791358389,2
12357651,12357652,1791358389,1791358391,2
12357652,12357653,1791358391,1791358393,2
12357653,12357654,1791358393,1791358395,2
12357654,12357655,1791358395,1791358397,2
12357655,12357656,1791358397,1791358399,2
12357656,12357657,1791358399,1791358401,2
12357657,12357658,1791358401,1791358403,2
12357658,12357659,1791358403,1791358405,2
12357659,12357660,1791358405,1791358407,2
12357660,12357661,1791358407,1791358409,2
12357661,12357662,1791358409,1791358411,2
12357662,12357663,1791358411,1791358413,2
12357663,12357664,1791358413,1791358415,2
12357664,12357665,1791358415,1791358417,2
12357665,12357666,1791358417,1791358419,2
12357666,12357667,1791358419,1791358421,2
12357667,12357668,1791358421,1791358423,2
12357668,12357669,1791358423,1791358425,2
12357669,12357670,1791358425,1791358427,2
12357670,12357671,1791358427,1791358429,2
12357671,12357672,1791358429,1791358431,2
12357672,12357673,1791358431,1791358433,2
12357673,12357674,1791358433,1791358435,2
12357674,12357675,1791358435,1791358437,2
12357675,12357676,1791358437,1791358439,2
12357676,12357677,1791358439,1791358441,2
12357677,12357678,1791358441,1791358443,2
12357678,12357679,1791358443,1791358445,2
12357679,12357680,1791358445,1791358447,2
12357680,12357681,1791358447,1791358449,2
12357681,12357682,1791358449,1791358451,2
12357682,12357683,1791358451,1791358453,2
12357683,12357684,1791358453,1791358455,2
12357684,12357685,1791358455,1791358457,2
12357685,12357686,1791358457,1791358459,2
12357686,12357687,1791358459,1791358461,2
12357687,12357688,1791358461,1791358463,2
12357688,12357689,1791358463,1791358465,2
12357689,12357690,1791358465,1791358467,2
12357690,12357691,1791358467,1791358469,2
12357691,12357692,1791358469,1791358471,2
12357692,12357693,1791358471,1791358473,2
12357693,12357694,1791358473,1791358475,2
12357694,12357695,1791358475,1791358477,2
12357695,12357696,1791358477,1791358479,2
12357696,12357697,1791358479,1791358481,2
12357697,12357698,1791358481,1791358483,2
12357698,12357699,1791358483,1791358485,2
12357699,12357700,1791358485,1791358487,2
12357700,12357701,1791358487,1791358489,2
12357701,12357702,1791358489,1791358491,2
12357702,12357703,1791358491,1791358493,2
12357703,12357704,1791358493,1791358495,2
12357704,12357705,1791358495,1791358497,2
12357705,12357706,1791358497,1791358499,2
12357706,12357707,1791358499,1791358501,2
12357707,12357708,1791358501,1791358503,2
12357708,12357709,1791358503,1791358505,2
12357709,12357710,1791358505,1791358507,2
12357710,12357711,1791358507,1791358509,2
12357711,12357712,1791358509,1791358511,2
12357712,12357713,1791358511,1791358513,2
12357713,12357714,1791358513,1791358515,2
12357714,12357715,1791358515,1791358517,2
12357715,12357716,1791358517,1791358519,2
12357716,12357717,1791358519,1791358521,2
12357717,12357718,1791358521,1791358523,2
12357718,12357719,1791358523,1791358525,2
12357719,12357720,1791358525,1791358527,2
12357720,12357721,1791358527,1791358529,2
12357721,12357722,1791358529,1791358531,2
12357722,12357723,1791358531,1791358533,2
12357723,12357724,1791358533,1791358535,2
12357724,12357725,1791358535,1791358537,2
12357725,12357726,1791358537,1791358539,2
12357726,12357727,1791358539,1791358541,2
12357727,12357728,1791358541,1791358543,2
12357728,12357729,1791358543,1791358545,2
12357729,12357730,1791358545,1791358547,2
12357730,12357731,1791358547,1791358549,2
12357731,12357732,1791358549,1791358551,2
12357732,12357733,1791358551,1791358553,2
12357733,12357734,1791358553,1791358555,2
12357734,12357735,1791358555,1791358557,2
12357735,12357736,1791358557,1791358559,2
12357736,12357737,1791358559,1791358561,2
12357737,12357738,1791358561,1791358563,2
12357738,12357739,1791358563,1791358565,2
12357739,12357740,1791358565,1791358567,2
12357740,12357741,1791358567,1791358569,2
12357741,12357742,1791358569,1791358571,2
12357742,12357743,1791358571,1791358573,2
12357743,12357744,1791358573,1791358575,2
12357744,12357745,1791358575,1791358577,2
12357745,12357746,1791358577,1791358579,2
12357746,12357747,1791358579,1791358581,2
12357747,12357748,1791358581,1791358583,2
12357748,12357749,1791358583,1791358585,2
12357749,12357750,1791358585,1791358587,2
12357750,12357751,1791358587,1791358589,2
12357751,12357752,1791358589,1791358591,2
12357752,12357753,1791358591,1791358593,2
12357753,12357754,1791358593,1791358595,2
12357754,12357755,1791358595,1791358597,2
12357755,12357756,1791358597,1791358599,2
12357756,12357757,1791358599,1791358601,2
12357757,12357758,1791358601,1791358603,2
12357758,12357759,1791358603,1791358605,2
12357759,12357760,1791358605,1791358607,2
12357760,12357761,1791358607,1791358609,2
12357761,12357762,1791358609,1791358611,2
12357762,12357763,1791358611,1791358613,2
12357763,12357764,1791358613,1791358615,2
12357764,12357765,1791358615,1791358617,2
12357765,12357766,1791358617,1791358619,2
12357766,12357767,1791358619,1791358621,2
12357767,12357768,1791358621,1791358623,2
12357768,12357769,1791358623,1791358625,2
12357769,12357770,1791358625,1791358627,2
12357770,12357771,1791358627,1791358629,2
12357771,12357772,1791358629,1791358631,2
12357772,12357773,1791358631,1791358633,2
12357773,12357774,1791358633,1791358635,2
12357774,12357775,1791358635,1791358637,2
12357775,12357776,1791358637,1791358639,2
12357776,12357777,1791358639,1791358641,2
12357777,12357778,1791358641,1791358643,2
12357778,12357779,1791358643,1791358645,2
12357779,12357780,1791358645,1791358647,2
12357780,12357781,1791358647,1791358649,2
12357781,12357782,1791358649,1791358651,2
12357782,12357783,1791358651,1791358653,2
12357783,12357784,1791358653,1791358655,2
12357784,12357785,1791358655,1791358657,2
12357785,12357786,1791358657,1791358659,2
12357786,12357787,1791358659,1791358661,2
12357787,12357788,1791358661,1791358663,2
12357788,12357789,1791358663,1791358665,2
12357789,12357790,1791358665,1791358667,2
12357790,12357791,1791358667,1791358669,2
12357791,12357792,1791358669,1791358671,2
12357792,12357793,1791358671,1791358673,2
12357793,12357794,1791358673,1791358675,2
12357794,12357795,1791358675,1791358677,2
12357795,12357796,1791358677,1791358679,2
12357796,12357797,1791358679,1791358681,2
12357797,12357798,1791358681,1791358683,2
12357798,12357799,1791358683,1791358685,2
12357799,12357800,1791358685,1791358687,2
12357800,12357801,1791358687,1791358689,2
12357801,12357802,1791358689,1791358691,2
12357802,12357803,1791358691,1791358693,2
12357803,12357804,1791358693,1791358695,2
12357804,12357805,1791358695,1791358697,2
12357805,12357806,1791358697,1791358699,2
12357806,12357807,1791358699,1791358701,2
12357807,12357808,1791358701,1791358703,2
12357808,12357809,1791358703,1791358705,2
12357809,12357810,1791358705,1791358707,2
12357810,12357811,1791358707,1791358709,2
12357811,12357812,1791358709,1791358711,2
12357812,12357813,1791358711,1791358713,2
12357813,12357814,1791358713,1791358715,2
12357814,12357815,1791358715,1791358717,2
12357815,12357816,1791358717,1791358719,2
12357816,12357817,1791358719,1791358721,2
12357817,12357818,1791358721,1791358723,2
12357818,12357819,1791358723,1791358725,2
12357819,12357820,1791358725,1791358727,2
12357820,12357821,1791358727,1791358729,2
12357821,12357822,1791358729,1791358731,2
12357822,12357823,1791358731,1791358733,2
12357823,12357824,1791358733,1791358735,2
12357824,12357825,1791358735,1791358737,2
12357825,12357826,1791358737,1791358739,2
12357826,12357827,1791358739,1791358741,2
12357827,12357828,1791358741,1791358743,2
12357828,12357829,1791358743,1791358745,2
12357829,12357830,1791358745,1791358747,2
12357830,12357831,1791358747,1791358749,2
12357831,12357832,1791358749,1791358751,2
12357832,12357833,1791358751,1791358753,2
12357833,12357834,1791358753,1791358755,2
12357834,12357835,1791358755,1791358757,2
12357835,12357836,1791358757,1791358759,2
12357836,12357837,1791358759,1791358761,2
12357837,12357838,1791358761,1791358763,2
12357838,12357839,1791358763,1791358765,2
12357839,12357840,1791358765,1791358767,2
12357840,12357841,1791358767,1791358769,2
12357841,12357842,1791358769,1791358771,2
12357842,12357843,1791358771,1791358773,2
12357843,12357844,1791358773,1791358775,2
12357844,12357845,1791358775,1791358777,2
12357845,12357846,1791358777,1791358779,2
12357846,12357847,1791358779,1791358781,2
12357847,12357848,1791358781,1791358783,2
12357848,12357849,1791358783,1791358785,2
12357849,12357850,1791358785,1791358787,2
12357850,12357851,1791358787,1791358789,2
12357851,12357852,1791358789,1791358791,2
12357852,12357853,1791358791,1791358793,2
12357853,12357854,1791358793,1791358795,2
12357854,12357855,1791358795,1791358797,2
12357855,12357856,1791358797,1791358799,2
12357856,12357857,1791358799,1791358801,2
12357857,12357858,1791358801,1791358803,2
12357858,12357859,1791358803,1791358805,2
12357859,12357860,1791358805,1791358807,2
12357860,12357861,1791358807,1791358809,2
12357861,12357862,1791358809,1791358811,2
12357862,12357863,1791358811,1791358813,2
12357863,12357864,1791358813,1791358815,2
12357864,12357865,1791358815,1791358817,2
12357865,12357866,1791358817,1791358819,2
12357866,12357867,1791358819,1791358821,2
12357867,12357868,1791358821,1791358823,2
12357868,12357869,1791358823,1791358825,2
12357869,12357870,1791358825,1791358827,2
12357870,12357871,1791358827,1791358829,2
12357871,12357872,1791358829,1791358831,2
12357872,12357873,1791358831,1791358833,2
12357873,12357874,1791358833,1791358835,2
12357874,12357875,1791358835,1791358837,2
12357875,12357876,1791358837,1791358839,2
12357876,12357877,1791358839,1791358841,2
12357877,12357878,1791358841,1791358843,2
12357878,12357879,1791358843,1791358845,2
12357879,12357880,1791358845,1791358847,2
12357880,12357881,1791358847,1791358849,2
12357881,12357882,1791358849,1791358851,2
12357882,12357883,1791358851,1791358853,2
12357883,12357884,1791358853,1791358855,2
12357884,12357885,1791358855,1791358857,2
12357885,12357886,1791358857,1791358859,2
12357886,12357887,1791358859,1791358861,2
12357887,12357888,1791358861,1791358863,2
12357888,12357889,1791358863,1791358865,2
12357889,12357890,1791358865,1791358867,2
12357890,12357891,1791358867,1791358869,2
12357891,12357892,1791358869,1791358871,2
12357892,12357893,1791358871,1791358873,2
12357893,12357894,1791358873,1791358875,2
12357894,12357895,1791358875,1791358877,2
12357895,12357896,1791358877,1791358879,2
12357896,12357897,1791358879,1791358881,2
12357897,12357898,1791358881,1791358883,2
12357898,12357899,1791358883,1791358885,2
12357899,12357900,1791358885,1791358887,2
12357900,12357901,1791358887,1791358889,2
12357901,12357902,1791358889,1791358891,2
12357902,12357903,1791358891,1791358893,2
12357903,12357904,1791358893,1791358895,2
12357904,12357905,1791358895,1791358897,2
12357905,12357906,1791358897,1791358899,2
12357906,12357907,1791358899,1791358901,2
12357907,12357908,1791358901,1791358903,2
12357908,12357909,1791358903,1791358905,2
12357909,12357910,1791358905,1791358907,2
12357910,12357911,1791358907,1791358909,2
12357911,12357912,1791358909,1791358911,2
12357912,12357913,1791358911,1791358913,2
12357913,12357914,1791358913,1791358915,2
12357914,12357915,1791358915,1791358917,2
12357915,12357916,1791358917,1791358919,2
12357916,12357917,1791358919,1791358921,2
12357917,12357918,1791358921,1791358923,2
12357918,12357919,1791358923,1791358925,2
12357919,12357920,1791358925,1791358927,2
12357920,12357921,1791358927,1791358929,2
12357921,12357922,1791358929,1791358931,2
12357922,12357923,1791358931,1791358933,2
12357923,12357924,1791358933,1791358935,2
12357924,12357925,1791358935,1791358937,2
12357925,12357926,1791358937,1791358939,2
12357926,12357927,1791358939,1791358941,2
12357927,12357928,1791358941,1791358943,2
12357928,12357929,1791358943,1791358945,2
12357929,12357930,1791358945,1791358947,2
12357930,12357931,1791358947,1791358949,2
12357931,12357932,1791358949,1791358951,2
12357932,12357933,1791358951,1791358953,2
12357933,12357934,1791358953,1791358955,2
12357934,12357935,1791358955,1791358957,2
12357935,12357936,1791358957,1791358959,2
12357936,12357937,1791358959,1791358961,2
12357937,12357938,1791358961,1791358963,2
12357938,12357939,1791358963,1791358965,2
12357939,12357940,1791358965,1791358967,2
12357940,12357941,1791358967,1791358969,2
12357941,12357942,1791358969,1791358971,2
12357942,12357943,1791358971,1791358973,2
12357943,12357944,1791358973,1791358975,2
12357944,12357945,1791358975,1791358977,2
12357945,12357946,1791358977,1791358979,2
12357946,12357947,1791358979,1791358981,2
12357947,12357948,1791358981,1791358983,2
12357948,12357949,1791358983,1791358985,2
12357949,12357950,1791358985,1791358987,2
12357950,12357951,1791358987,1791358989,2
12357951,12357952,1791358989,1791358991,2
12357952,12357953,1791358991,1791358993,2
12357953,12357954,1791358993,1791358995,2
12357954,12357955,1791358995,1791358997,2
12357955,12357956,1791358997,1791358999,2
12357956,12357957,1791358999,1791359001,2
12357957,12357958,1791359001,1791359003,2
12357958,12357959,1791359003,1791359005,2
12357959,12357960,1791359005,1791359007,2
12357960,12357961,1791359007,1791359009,2
12357961,12357962,1791359009,1791359011,2
12357962,12357963,1791359011,1791359013,2
12357963,12357964,1791359013,1791359015,2
12357964,12357965,1791359015,1791359017,2
12357965,12357966,1791359017,1791359019,2
12357966,12357967,1791359019,1791359021,2
12357967,12357968,1791359021,1791359023,2
12357968,12357969,1791359023,1791359025,2
12357969,12357970,1791359025,1791359027,2
12357970,12357971,1791359027,1791359029,2
12357971,12357972,1791359029,1791359031,2
12357972,12357973,1791359031,1791359033,2
12357973,12357974,1791359033,1791359035,2
12357974,12357975,1791359035,1791359037,2
12357975,12357976,1791359037,1791359039,2
12357976,12357977,1791359039,1791359041,2
12357977,12357978,1791359041,1791359043,2
12357978,12357979,1791359043,1791359045,2
12357979,12357980,1791359045,1791359047,2
12357980,12357981,1791359047,1791359049,2
12357981,12357982,1791359049,1791359051,2
12357982,12357983,1791359051,1791359053,2
12357983,12357984,1791359053,1791359055,2
12357984,12357985,1791359055,1791359057,2
12357985,12357986,1791359057,1791359059,2
12357986,12357987,1791359059,1791359061,2
12357987,12357988,1791359061,1791359063,2
12357988,12357989,1791359063,1791359065,2
12357989,12357990,1791359065,1791359067,2
12357990,12357991,1791359067,1791359069,2
12357991,12357992,1791359069,1791359071,2
12357992,12357993,1791359071,1791359073,2
12357993,12357994,1791359073,1791359075,2
12357994,12357995,1791359075,1791359077,2
12357995,12357996,1791359077,1791359079,2
12357996,12357997,1791359079,1791359081,2
12357997,12357998,1791359081,1791359083,2
12357998,12357999,1791359083,1791359085,2
12357999,12358000,1791359085,1791359087,2
12358000,12358001,1791359087,1791359089,2
12358001,12358002,1791359089,1791359091,2
12358002,12358003,1791359091,1791359093,2
12358003,12358004,1791359093,1791359095,2
12358004,12358005,1791359095,1791359097,2
12358005,12358006,1791359097,1791359099,2
12358006,12358007,1791359099,1791359101,2
12358007,12358008,1791359101,1791359103,2
12358008,12358009,1791359103,1791359105,2
12358009,12358010,1791359105,1791359107,2
12358010,12358011,1791359107,1791359109,2
12358011,12358012,1791359109,1791359111,2
12358012,12358013,1791359111,1791359113,2
12358013,12358014,1791359113,1791359115,2
12358014,12358015,1791359115,1791359117,2
12358015,12358016,1791359117,1791359119,2
12358016,12358017,1791359119,1791359121,2
12358017,12358018,1791359121,1791359123,2
12358018,12358019,1791359123,1791359125,2
12358019,12358020,1791359125,1791359127,2
12358020,12358021,1791359127,1791359129,2
12358021,12358022,1791359129,1791359131,2
12358022,12358023,1791359131,1791359133,2
12358023,12358024,1791359133,1791359135,2
12358024,12358025,1791359135,1791359137,2
12358025,12358026,1791359137,1791359139,2
12358026,12358027,1791359139,1791359141,2
12358027,12358028,1791359141,1791359143,2
12358028,12358029,1791359143,1791359145,2
12358029,12358030,1791359145,1791359147,2
12358030,12358031,1791359147,1791359149,2
12358031,12358032,1791359149,1791359151,2
12358032,12358033,1791359151,1791359153,2
12358033,12358034,1791359153,1791359155,2
12358034,12358035,1791359155,1791359157,2
12358035,12358036,1791359157,1791359159,2
12358036,12358037,1791359159,1791359161,2
12358037,12358038,1791359161,1791359163,2
12358038,12358039,1791359163,1791359165,2
12358039,12358040,1791359165,1791359167,2
12358040,12358041,1791359167,1791359169,2
12358041,12358042,1791359169,1791359171,2
12358042,12358043,1791359171,1791359173,2
12358043,12358044,1791359173,1791359175,2
12358044,12358045,1791359175,1791359177,2
12358045,12358046,1791359177,1791359179,2
12358046,12358047,1791359179,1791359181,2
12358047,12358048,1791359181,1791359183,2
12358048,12358049,1791359183,1791359185,2
12358049,12358050,1791359185,1791359187,2
12358050,12358051,1791359187,1791359189,2
12358051,12358052,1791359189,1791359191,2
12358052,12358053,1791359191,1791359193,2
12358053,12358054,1791359193,1791359195,2
12358054,12358055,1791359195,1791359197,2
12358055,12358056,1791359197,1791359199,2
12358056,12358057,1791359199,1791359201,2
12358057,12358058,1791359201,1791359203,2
12358058,12358059,1791359203,1791359205,2
12358059,12358060,1791359205,1791359207,2
12358060,12358061,1791359207,1791359209,2
12358061,12358062,1791359209,1791359211,2
12358062,12358063,1791359211,1791359213,2
12358063,12358064,1791359213,1791359215,2
12358064,12358065,1791359215,1791359217,2
12358065,12358066,1791359217,1791359219,2
12358066,12358067,1791359219,1791359221,2
12358067,12358068,1791359221,1791359223,2
12358068,12358069,1791359223,1791359225,2
12358069,12358070,1791359225,1791359227,2
12358070,12358071,1791359227,1791359229,2
12358071,12358072,1791359229,1791359231,2
12358072,12358073,1791359231,1791359233,2
12358073,12358074,1791359233,1791359235,2
12358074,12358075,1791359235,1791359237,2
12358075,12358076,1791359237,1791359239,2
12358076,12358077,1791359239,1791359241,2
12358077,12358078,1791359241,1791359243,2
12358078,12358079,1791359243,1791359245,2
12358079,12358080,1791359245,1791359247,2
12358080,12358081,1791359247,1791359249,2
12358081,12358082,1791359249,1791359251,2
12358082,12358083,1791359251,1791359253,2
12358083,12358084,1791359253,1791359255,2
12358084,12358085,1791359255,1791359257,2
12358085,12358086,1791359257,1791359259,2
12358086,12358087,1791359259,1791359261,2
12358087,12358088,1791359261,1791359263,2
12358088,12358089,1791359263,1791359265,2
12358089,12358090,1791359265,1791359267,2
12358090,12358091,1791359267,1791359269,2
12358091,12358092,1791359269,1791359271,2
12358092,12358093,1791359271,1791359273,2
12358093,12358094,1791359273,1791359275,2
12358094,12358095,1791359275,1791359277,2
12358095,12358096,1791359277,1791359279,2
12358096,12358097,1791359279,1791359281,2
12358097,12358098,1791359281,1791359283,2
12358098,12358099,1791359283,1791359285,2
12358099,12358100,1791359285,1791359287,2
12358100,12358101,1791359287,1791359289,2
12358101,12358102,1791359289,1791359291,2
12358102,12358103,1791359291,1791359293,2
12358103,12358104,1791359293,1791359295,2
12358104,12358105,1791359295,1791359297,2
12358105,12358106,1791359297,1791359299,2
12358106,12358107,1791359299,1791359301,2
12358107,12358108,1791359301,1791359303,2
12358108,12358109,1791359303,1791359305,2
12358109,12358110,1791359305,1791359307,2
12358110,12358111,1791359307,1791359309,2
12358111,12358112,1791359309,1791359311,2
12358112,12358113,1791359311,1791359313,2
12358113,12358114,1791359313,1791359315,2
12358114,12358115,1791359315,1791359317,2
12358115,12358116,1791359317,1791359319,2
12358116,12358117,1791359319,1791359321,2
12358117,12358118,1791359321,1791359323,2
12358118,12358119,1791359323,1791359325,2
12358119,12358120,1791359325,1791359327,2
12358120,12358121,1791359327,1791359329,2
12358121,12358122,1791359329,1791359331,2
12358122,12358123,1791359331,1791359333,2
12358123,12358124,1791359333,1791359335,2
12358124,12358125,1791359335,1791359337,2
12358125,12358126,1791359337,1791359339,2
12358126,12358127,1791359339,1791359341,2
12358127,12358128,1791359341,1791359343,2
12358128,12358129,1791359343,1791359345,2
12358129,12358130,1791359345,1791359347,2
12358130,12358131,1791359347,1791359349,2
12358131,12358132,1791359349,1791359351,2
12358132,12358133,1791359351,1791359353,2
12358133,12358134,1791359353,1791359355,2
12358134,12358135,1791359355,1791359357,2
12358135,12358136,1791359357,1791359359,2
12358136,12358137,1791359359,1791359361,2
12358137,12358138,1791359361,1791359363,2
12358138,12358139,1791359363,1791359365,2
12358139,12358140,1791359365,1791359367,2
12358140,12358141,1791359367,1791359369,2
12358141,12358142,1791359369,1791359371,2
12358142,12358143,1791359371,1791359373,2
12358143,12358144,1791359373,1791359375,2
12358144,12358145,1791359375,1791359377,2
12358145,12358146,1791359377,1791359379,2
12358146,12358147,1791359379,1791359381,2
12358147,12358148,1791359381,1791359383,2
12358148,12358149,1791359383,1791359385,2
12358149,12358150,1791359385,1791359387,2
12358150,12358151,1791359387,1791359389,2
12358151,12358152,1791359389,1791359391,2
12358152,12358153,1791359391,1791359393,2
12358153,12358154,1791359393,1791359395,2
12358154,12358155,1791359395,1791359397,2
12358155,12358156,1791359397,1791359399,2
12358156,12358157,1791359399,1791359401,2
12358157,12358158,1791359401,1791359403,2
12358158,12358159,1791359403,1791359405,2
12358159,12358160,1791359405,1791359407,2
12358160,12358161,1791359407,1791359409,2
12358161,12358162,1791359409,1791359411,2
12358162,12358163,1791359411,1791359413,2
12358163,12358164,1791359413,1791359415,2
12358164,12358165,1791359415,1791359417,2
12358165,12358166,1791359417,1791359419,2
12358166,12358167,1791359419,1791359421,2
12358167,12358168,1791359421,1791359423,2
12358168,12358169,1791359423,1791359425,2
12358169,12358170,1791359425,1791359427,2
12358170,12358171,1791359427,1791359429,2
12358171,12358172,1791359429,1791359431,2
12358172,12358173,1791359431,1791359433,2
12358173,12358174,1791359433,1791359435,2
12358174,12358175,1791359435,1791359437,2
12358175,12358176,1791359437,1791359439,2
12358176,12358177,1791359439,1791359441,2
12358177,12358178,1791359441,1791359443,2
12358178,12358179,1791359443,1791359445,2
12358179,12358180,1791359445,1791359447,2
12358180,12358181,1791359447,1791359449,2
12358181,12358182,1791359449,1791359451,2
12358182,12358183,1791359451,1791359453,2
12358183,12358184,1791359453,1791359455,2
12358184,12358185,1791359455,1791359457,2
12358185,12358186,1791359457,1791359459,2
12358186,12358187,1791359459,1791359461,2
12358187,12358188,1791359461,1791359463,2
12358188,12358189,1791359463,1791359465,2
12358189,12358190,1791359465,1791359467,2
12358190,12358191,1791359467,1791359469,2
12358191,12358192,1791359469,1791359471,2
12358192,12358193,1791359471,1791359473,2
12358193,12358194,1791359473,1791359475,2
12358194,12358195,1791359475,1791359477,2
12358195,12358196,1791359477,1791359479,2
12358196,12358197,1791359479,1791359481,2
12358197,12358198,1791359481,1791359483,2
12358198,12358199,1791359483,1791359485,2
12358199,12358200,1791359485,1791359487,2
12358200,12358201,1791359487,1791359489,2
12358201,12358202,1791359489,1791359491,2
12358202,12358203,1791359491,1791359493,2
12358203,12358204,1791359493,1791359495,2
12358204,12358205,1791359495,1791359497,2
12358205,12358206,1791359497,1791359499,2
12358206,12358207,1791359499,1791359501,2
12358207,12358208,1791359501,1791359503,2
12358208,12358209,1791359503,1791359505,2
12358209,12358210,1791359505,1791359507,2
12358210,12358211,1791359507,1791359509,2
12358211,12358212,1791359509,1791359511,2
12358212,12358213,1791359511,1791359513,2
12358213,12358214,1791359513,1791359515,2
12358214,12358215,1791359515,1791359517,2
12358215,12358216,1791359517,1791359519,2
12358216,12358217,1791359519,1791359521,2
12358217,12358218,1791359521,1791359523,2
12358218,12358219,1791359523,1791359525,2
12358219,12358220,1791359525,1791359527,2
12358220,12358221,1791359527,1791359529,2
12358221,12358222,1791359529,1791359531,2
12358222,12358223,1791359531,1791359533,2
12358223,12358224,1791359533,1791359535,2
12358224,12358225,1791359535,1791359537,2
12358225,12358226,1791359537,1791359539,2
12358226,12358227,1791359539,1791359541,2
12358227,12358228,1791359541,1791359543,2
12358228,12358229,1791359543,1791359545,2
12358229,12358230,1791359545,1791359547,2
12358230,12358231,1791359547,1791359549,2
12358231,12358232,1791359549,1791359551,2
12358232,12358233,1791359551,1791359553,2
12358233,12358234,1791359553,1791359555,2
12358234,12358235,1791359555,1791359557,2
12358235,12358236,1791359557,1791359559,2
12358236,12358237,1791359559,1791359561,2
12358237,12358238,1791359561,1791359563,2
12358238,12358239,1791359563,1791359565,2
12358239,12358240,1791359565,1791359567,2
12358240,12358241,1791359567,1791359569,2
12358241,12358242,1791359569,1791359571,2
12358242,12358243,1791359571,1791359573,2
12358243,12358244,1791359573,1791359575,2
12358244,12358245,1791359575,1791359577,2
12358245,12358246,1791359577,1791359579,2
12358246,12358247,1791359579,1791359581,2
12358247,12358248,1791359581,1791359583,2
12358248,12358249,1791359583,1791359585,2
12358249,12358250,1791359585,1791359587,2
12358250,12358251,1791359587,1791359589,2
12358251,12358252,1791359589,1791359591,2
12358252,12358253,1791359591,1791359593,2
12358253,12358254,1791359593,1791359595,2
12358254,12358255,1791359595,1791359597,2
12358255,12358256,1791359597,1791359599,2
12358256,12358257,1791359599,1791359601,2
12358257,12358258,1791359601,1791359603,2
12358258,12358259,1791359603,1791359605,2
12358259,12358260,1791359605,1791359607,2
12358260,12358261,1791359607,1791359609,2
12358261,12358262,1791359609,1791359611,2
12358262,12358263,1791359611,1791359613,2
12358263,12358264,1791359613,1791359615,2
12358264,12358265,1791359615,1791359617,2
12358265,12358266,1791359617,1791359619,2
12358266,12358267,1791359619,1791359621,2
12358267,12358268,1791359621,1791359623,2
12358268,12358269,1791359623,1791359625,2
12358269,12358270,1791359625,1791359627,2
12358270,12358271,1791359627,1791359629,2
12358271,12358272,1791359629,1791359631,2
12358272,12358273,1791359631,1791359633,2
12358273,12358274,1791359633,1791359635,2
12358274,12358275,1791359635,1791359637,2
12358275,12358276,1791359637,1791359639,2
12358276,12358277,1791359639,1791359641,2
12358277,12358278,1791359641,1791359643,2
12358278,12358279,1791359643,1791359645,2
12358279,12358280,1791359645,1791359647,2
12358280,12358281,1791359647,1791359649,2
12358281,12358282,1791359649,1791359651,2
12358282,12358283,1791359651,1791359653,2
12358283,12358284,1791359653,1791359655,2
12358284,12358285,1791359655,1791359657,2
12358285,12358286,1791359657,1791359659,2
12358286,12358287,1791359659,1791359661,2
12358287,12358288,1791359661,1791359663,2
12358288,12358289,1791359663,1791359665,2
12358289,12358290,1791359665,1791359667,2
12358290,12358291,1791359667,1791359669,2
12358291,12358292,1791359669,1791359671,2
12358292,12358293,1791359671,1791359673,2
12358293,12358294,1791359673,1791359675,2
12358294,12358295,1791359675,1791359677,2
12358295,12358296,1791359677,1791359679,2
12358296,12358297,1791359679,1791359681,2
12358297,12358298,1791359681,1791359683,2
12358298,12358299,1791359683,1791359685,2
12358299,12358300,1791359685,1791359687,2
12358300,12358301,1791359687,1791359689,2
12358301,12358302,1791359689,1791359691,2
12358302,12358303,1791359691,1791359693,2
12358303,12358304,1791359693,1791359695,2
12358304,12358305,1791359695,1791359697,2
12358305,12358306,1791359697,1791359699,2
12358306,12358307,1791359699,1791359701,2
12358307,12358308,1791359701,1791359703,2
12358308,12358309,1791359703,1791359705,2
12358309,12358310,1791359705,1791359707,2
12358310,12358311,1791359707,1791359709,2
12358311,12358312,1791359709,1791359711,2
12358312,12358313,1791359711,1791359713,2
12358313,12358314,1791359713,1791359715,2
12358314,12358315,1791359715,1791359717,2
12358315,12358316,1791359717,1791359719,2
12358316,12358317,1791359719,1791359721,2
12358317,12358318,1791359721,1791359723,2
12358318,12358319,1791359723,1791359725,2
12358319,12358320,1791359725,1791359727,2
12358320,12358321,1791359727,1791359729,2
12358321,12358322,1791359729,1791359731,2
12358322,12358323,1791359731,1791359733,2
12358323,12358324,1791359733,1791359735,2
12358324,12358325,1791359735,1791359737,2
12358325,12358326,1791359737,1791359739,2
12358326,12358327,1791359739,1791359741,2
12358327,12358328,1791359741,1791359743,2
12358328,12358329,1791359743,1791359745,2
12358329,12358330,1791359745,1791359747,2
12358330,12358331,1791359747,1791359749,2
12358331,12358332,1791359749,1791359751,2
12358332,12358333,1791359751,1791359753,2
12358333,12358334,1791359753,1791359755,2
12358334,12358335,1791359755,1791359757,2
12358335,12358336,1791359757,1791359759,2
12358336,12358337,1791359759,1791359761,2
12358337,12358338,1791359761,1791359763,2
12358338,12358339,1791359763,1791359765,2
12358339,12358340,1791359765,1791359767,2
12358340,12358341,1791359767,1791359769,2
12358341,12358342,1791359769,1791359771,2
12358342,12358343,1791359771,1791359773,2
12358343,12358344,1791359773,1791359775,2
12358344,12358345,1791359775,1791359777,2
12358345,12358346,1791359777,1791359779,2
12358346,12358347,1791359779,1791359781,2
12358347,12358348,1791359781,1791359783,2
12358348,12358349,1791359783,1791359785,2
12358349,12358350,1791359785,1791359787,2
12358350,12358351,1791359787,1791359789,2
12358351,12358352,1791359789,1791359791,2
12358352,12358353,1791359791,1791359793,2
12358353,12358354,1791359793,1791359795,2
12358354,12358355,1791359795,1791359797,2
12358355,12358356,1791359797,1791359799,2
12358356,12358357,1791359799,1791359801,2
12358357,12358358,1791359801,1791359803,2
12358358,12358359,1791359803,1791359805,2
12358359,12358360,1791359805,1791359807,2
12358360,12358361,1791359807,1791359809,2
12358361,12358362,1791359809,1791359811,2
12358362,12358363,1791359811,1791359813,2
12358363,12358364,1791359813,1791359815,2
12358364,12358365,1791359815,1791359817,2
12358365,12358366,1791359817,1791359819,2
12358366,12358367,1791359819,1791359821,2
12358367,12358368,1791359821,1791359823,2
12358368,12358369,1791359823,1791359825,2
12358369,12358370,1791359825,1791359827,2
12358370,12358371,1791359827,1791359829,2
12358371,12358372,1791359829,1791359831,2
12358372,12358373,1791359831,1791359833,2
12358373,12358374,1791359833,1791359835,2
12358374,12358375,1791359835,1791359837,2
12358375,12358376,1791359837,1791359839,2
12358376,12358377,1791359839,1791359841,2
12358377,12358378,1791359841,1791359843,2
12358378,12358379,1791359843,1791359845,2
12358379,12358380,1791359845,1791359847,2
12358380,12358381,1791359847,1791359849,2
12358381,12358382,1791359849,1791359851,2
12358382,12358383,1791359851,1791359853,2
12358383,12358384,1791359853,1791359855,2
12358384,12358385,1791359855,1791359857,2
12358385,12358386,1791359857,1791359859,2
12358386,12358387,1791359859,1791359861,2
12358387,12358388,1791359861,1791359863,2
12358388,12358389,1791359863,1791359865,2
12358389,12358390,1791359865,1791359867,2
12358390,12358391,1791359867,1791359869,2
12358391,12358392,1791359869,1791359871,2
12358392,12358393,1791359871,1791359873,2
12358393,12358394,1791359873,1791359875,2
12358394,12358395,1791359875,1791359877,2
12358395,12358396,1791359877,1791359879,2
12358396,12358397,1791359879,1791359881,2
12358397,12358398,1791359881,1791359883,2
12358398,12358399,1791359883,1791359885,2
12358399,12358400,1791359885,1791359887,2
12358400,12358401,1791359887,1791359889,2
12358401,12358402,1791359889,1791359891,2
12358402,12358403,1791359891,1791359893,2
12358403,12358404,1791359893,1791359895,2
12358404,12358405,1791359895,1791359897,2
12358405,12358406,1791359897,1791359899,2
12358406,12358407,1791359899,1791359901,2
12358407,12358408,1791359901,1791359903,2
12358408,12358409,1791359903,1791359905,2
12358409,12358410,1791359905,1791359907,2
12358410,12358411,1791359907,1791359909,2
12358411,12358412,1791359909,1791359911,2
12358412,12358413,1791359911,1791359913,2
12358413,12358414,1791359913,1791359915,2
12358414,12358415,1791359915,1791359917,2
12358415,12358416,1791359917,1791359919,2
12358416,12358417,1791359919,1791359921,2
12358417,12358418,1791359921,1791359923,2
12358418,12358419,1791359923,1791359925,2
12358419,12358420,1791359925,1791359927,2
12358420,12358421,1791359927,1791359929,2
12358421,12358422,1791359929,1791359931,2
12358422,12358423,1791359931,1791359933,2
12358423,12358424,1791359933,1791359935,2
12358424,12358425,1791359935,1791359937,2
12358425,12358426,1791359937,1791359939,2
12358426,12358427,1791359939,1791359941,2
12358427,12358428,1791359941,1791359943,2
12358428,12358429,1791359943,1791359945,2
12358429,12358430,1791359945,1791359947,2
12358430,12358431,1791359947,1791359949,2
12358431,12358432,1791359949,1791359951,2
12358432,12358433,1791359951,1791359953,2
12358433,12358434,1791359953,1791359955,2
12358434,12358435,1791359955,1791359957,2
12358435,12358436,1791359957,1791359959,2
12358436,12358437,1791359959,1791359961,2
12358437,12358438,1791359961,1791359963,2
12358438,12358439,1791359963,1791359965,2
12358439,12358440,1791359965,1791359967,2
12358440,12358441,1791359967,1791359969,2
12358441,12358442,1791359969,1791359971,2
12358442,12358443,1791359971,1791359973,2
12358443,12358444,1791359973,1791359975,2
12358444,12358445,1791359975,1791359977,2
12358445,12358446,1791359977,1791359979,2
12358446,12358447,1791359979,1791359981,2
12358447,12358448,1791359981,1791359983,2
12358448,12358449,1791359983,1791359985,2
12358449,12358450,1791359985,1791359987,2
12358450,12358451,1791359987,1791359989,2
12358451,12358452,1791359989,1791359991,2
12358452,12358453,1791359991,1791359993,2
12358453,12358454,1791359993,1791359995,2
12358454,12358455,1791359995,1791359997,2
12358455,12358456,1791359997,1791359999,2
12358456,12358457,1791359999,1791360001,2
12358457,12358458,1791360001,1791360003,2
12358458,12358459,1791360003,1791360005,2
12358459,12358460,1791360005,1791360007,2
12358460,12358461,1791360007,1791360009,2
12358461,12358462,1791360009,1791360011,2
12358462,12358463,1791360011,1791360013,2
12358463,12358464,1791360013,1791360015,2
12358464,12358465,1791360015,1791360017,2
12358465,12358466,1791360017,1791360019,2
12358466,12358467,1791360019,1791360021,2
12358467,12358468,1791360021,1791360023,2
12358468,12358469,1791360023,1791360025,2
12358469,12358470,1791360025,1791360027,2
12358470,12358471,1791360027,1791360029,2
12358471,12358472,1791360029,1791360031,2
12358472,12358473,1791360031,1791360033,2
12358473,12358474,1791360033,1791360035,2
12358474,12358475,1791360035,1791360037,2
12358475,12358476,1791360037,1791360039,2
12358476,12358477,1791360039,1791360041,2
12358477,12358478,1791360041,1791360043,2
12358478,12358479,1791360043,1791360045,2
12358479,12358480,1791360045,1791360047,2
12358480,12358481,1791360047,1791360049,2
12358481,12358482,1791360049,1791360051,2
12358482,12358483,1791360051,1791360053,2
12358483,12358484,1791360053,1791360055,2
12358484,12358485,1791360055,1791360057,2
12358485,12358486,1791360057,1791360059,2
12358486,12358487,1791360059,1791360061,2
12358487,12358488,1791360061,1791360063,2
12358488,12358489,1791360063,1791360065,2
12358489,12358490,1791360065,1791360067,2
12358490,12358491,1791360067,1791360069,2
12358491,12358492,1791360069,1791360071,2
12358492,12358493,1791360071,1791360073,2
12358493,12358494,1791360073,1791360075,2
12358494,12358495,1791360075,1791360077,2
12358495,12358496,1791360077,1791360079,2
12358496,12358497,1791360079,1791360081,2
12358497,12358498,1791360081,1791360083,2
12358498,12358499,1791360083,1791360085,2
12358499,12358500,1791360085,1791360087,2
12358500,12358501,1791360087,1791360089,2
12358501,12358502,1791360089,1791360091,2
12358502,12358503,1791360091,1791360093,2
12358503,12358504,1791360093,1791360095,2
12358504,12358505,1791360095,1791360097,2
12358505,12358506,1791360097,1791360099,2
12358506,12358507,1791360099,1791360101,2
12358507,12358508,1791360101,1791360103,2
12358508,12358509,1791360103,1791360105,2
12358509,12358510,1791360105,1791360107,2
12358510,12358511,1791360107,1791360109,2
12358511,12358512,1791360109,1791360111,2
12358512,12358513,1791360111,1791360113,2
12358513,12358514,1791360113,1791360115,2
12358514,12358515,1791360115,1791360117,2
12358515,12358516,1791360117,1791360119,2
12358516,12358517,1791360119,1791360121,2
12358517,12358518,1791360121,1791360123,2
12358518,12358519,1791360123,1791360125,2
12358519,12358520,1791360125,1791360127,2
12358520,12358521,1791360127,1791360129,2
12358521,12358522,1791360129,1791360131,2
12358522,12358523,1791360131,1791360133,2
12358523,12358524,1791360133,1791360135,2
12358524,12358525,1791360135,1791360137,2
12358525,12358526,1791360137,1791360139,2
12358526,12358527,1791360139,1791360141,2
12358527,12358528,1791360141,1791360143,2
12358528,12358529,1791360143,1791360145,2
12358529,12358530,1791360145,1791360147,2
12358530,12358531,1791360147,1791360149,2
12358531,12358532,1791360149,1791360151,2
12358532,12358533,1791360151,1791360153,2
12358533,12358534,1791360153,1791360155,2
12358534,12358535,1791360155,1791360157,2
12358535,12358536,1791360157,1791360159,2
12358536,12358537,1791360159,1791360161,2
12358537,12358538,1791360161,1791360163,2
12358538,12358539,1791360163,1791360165,2
12358539,12358540,1791360165,1791360167,2
12358540,12358541,1791360167,1791360169,2
12358541,12358542,1791360169,1791360171,2
12358542,12358543,1791360171,1791360173,2
12358543,12358544,1791360173,1791360175,2
12358544,12358545,1791360175,1791360177,2
12358545,12358546,1791360177,1791360179,2
12358546,12358547,1791360179,1791360181,2
12358547,12358548,1791360181,1791360183,2
12358548,12358549,1791360183,1791360185,2
12358549,12358550,1791360185,1791360187,2
12358550,12358551,1791360187,1791360189,2
12358551,12358552,1791360189,1791360191,2
12358552,12358553,1791360191,1791360193,2
12358553,12358554,1791360193,1791360195,2
12358554,12358555,1791360195,1791360197,2
12358555,12358556,1791360197,1791360199,2
12358556,12358557,1791360199,1791360201,2
12358557,12358558,1791360201,1791360203,2
12358558,12358559,1791360203,1791360205,2
12358559,12358560,1791360205,1791360207,2
12358560,12358561,1791360207,1791360209,2
12358561,12358562,1791360209,1791360211,2
12358562,12358563,1791360211,1791360213,2
12358563,12358564,1791360213,1791360215,2
12358564,12358565,1791360215,1791360217,2
12358565,12358566,1791360217,1791360219,2
12358566,12358567,1791360219,1791360221,2
12358567,12358568,1791360221,1791360223,2
12358568,12358569,1791360223,1791360225,2
12358569,12358570,1791360225,1791360227,2
12358570,12358571,1791360227,1791360229,2
12358571,12358572,1791360229,1791360231,2
12358572,12358573,1791360231,1791360233,2
12358573,12358574,1791360233,1791360235,2
12358574,12358575,1791360235,1791360237,2
12358575,12358576,1791360237,1791360239,2
12358576,12358577,1791360239,1791360241,2
12358577,12358578,1791360241,1791360243,2
12358578,12358579,1791360243,1791360245,2
12358579,12358580,1791360245,1791360247,2
12358580,12358581,1791360247,1791360249,2
12358581,12358582,1791360249,1791360251,2
12358582,12358583,1791360251,1791360253,2
12358583,12358584,1791360253,1791360255,2
12358584,12358585,1791360255,1791360257,2
12358585,12358586,1791360257,1791360259,2
12358586,12358587,1791360259,1791360261,2
12358587,12358588,1791360261,1791360263,2
12358588,12358589,1791360263,1791360265,2
12358589,12358590,1791360265,1791360267,2
12358590,12358591,1791360267,1791360269,2
12358591,12358592,1791360269,1791360271,2
12358592,12358593,1791360271,1791360273,2
12358593,12358594,1791360273,1791360275,2
12358594,12358595,1791360275,1791360277,2
12358595,12358596,1791360277,1791360279,2
12358596,12358597,1791360279,1791360281,2
12358597,12358598,1791360281,1791360283,2
12358598,12358599,1791360283,1791360285,2
12358599,12358600,1791360285,1791360287,2
12358600,12358601,1791360287,1791360289,2
12358601,12358602,1791360289,1791360291,2
12358602,12358603,1791360291,1791360293,2
12358603,12358604,1791360293,1791360295,2
12358604,12358605,1791360295,1791360297,2
12358605,12358606,1791360297,1791360299,2
12358606,12358607,1791360299,1791360301,2
12358607,12358608,1791360301,1791360303,2
12358608,12358609,1791360303,1791360305,2
12358609,12358610,1791360305,1791360307,2
12358610,12358611,1791360307,1791360309,2
12358611,12358612,1791360309,1791360311,2
12358612,12358613,1791360311,1791360313,2
12358613,12358614,1791360313,1791360315,2
12358614,12358615,1791360315,1791360317,2
12358615,12358616,1791360317,1791360319,2
12358616,12358617,1791360319,1791360321,2
12358617,12358618,1791360321,1791360323,2
12358618,12358619,1791360323,1791360325,2
12358619,12358620,1791360325,1791360327,2
12358620,12358621,1791360327,1791360329,2
12358621,12358622,1791360329,1791360331,2
12358622,12358623,1791360331,1791360333,2
12358623,12358624,1791360333,1791360335,2
12358624,12358625,1791360335,1791360337,2
12358625,12358626,1791360337,1791360339,2
12358626,12358627,1791360339,1791360341,2
12358627,12358628,1791360341,1791360343,2
12358628,12358629,1791360343,1791360345,2
12358629,12358630,1791360345,1791360347,2
12358630,12358631,1791360347,1791360349,2
12358631,12358632,1791360349,1791360351,2
12358632,12358633,1791360351,1791360353,2
12358633,12358634,1791360353,1791360355,2
12358634,12358635,1791360355,1791360357,2
12358635,12358636,1791360357,1791360359,2
12358636,12358637,1791360359,1791360361,2
12358637,12358638,1791360361,1791360363,2
12358638,12358639,1791360363,1791360365,2
12358639,12358640,1791360365,1791360367,2
12358640,12358641,1791360367,1791360369,2
12358641,12358642,1791360369,1791360371,2
12358642,12358643,1791360371,1791360373,2
12358643,12358644,1791360373,1791360375,2
12358644,12358645,1791360375,1791360377,2
12358645,12358646,1791360377,1791360379,2
12358646,12358647,1791360379,1791360381,2
12358647,12358648,1791360381,1791360383,2
12358648,12358649,1791360383,1791360385,2
12358649,12358650,1791360385,1791360387,2
12358650,12358651,1791360387,1791360389,2
12358651,12358652,1791360389,1791360391,2
12358652,12358653,1791360391,1791360393,2
12358653,12358654,1791360393,1791360395,2
12358654,12358655,1791360395,1791360397,2
12358655,12358656,1791360397,1791360399,2
12358656,12358657,1791360399,1791360401,2
12358657,12358658,1791360401,1791360403,2
12358658,12358659,1791360403,1791360405,2
12358659,12358660,1791360405,1791360407,2
12358660,12358661,1791360407,1791360409,2
12358661,12358662,1791360409,1791360411,2
12358662,12358663,1791360411,1791360413,2
12358663,12358664,1791360413,1791360415,2
12358664,12358665,1791360415,1791360417,2
12358665,12358666,1791360417,1791360419,2
12358666,12358667,1791360419,1791360421,2
12358667,12358668,1791360421,1791360423,2
12358668,12358669,1791360423,1791360425,2
12358669,12358670,1791360425,1791360427,2
12358670,12358671,1791360427,1791360429,2
12358671,12358672,1791360429,1791360431,2
12358672,12358673,1791360431,1791360433,2
12358673,12358674,1791360433,1791360435,2
12358674,12358675,1791360435,1791360437,2
12358675,12358676,1791360437,1791360439,2
12358676,12358677,1791360439,1791360441,2
12358677,12358678,1791360441,1791360443,2
12358678,12358679,1791360443,1791360445,2
12358679,12358680,1791360445,1791360447,2
12358680,12358681,1791360447,1791360449,2
12358681,12358682,1791360449,1791360451,2
12358682,12358683,1791360451,1791360453,2
12358683,12358684,1791360453,1791360455,2
12358684,12358685,1791360455,1791360457,2
12358685,12358686,1791360457,1791360459,2
12358686,12358687,1791360459,1791360461,2
12358687,12358688,1791360461,1791360463,2
12358688,12358689,1791360463,1791360465,2
12358689,12358690,1791360465,1791360467,2
12358690,12358691,1791360467,1791360469,2
12358691,12358692,1791360469,1791360471,2
12358692,12358693,1791360471,1791360473,2
12358693,12358694,1791360473,1791360475,2
12358694,12358695,1791360475,1791360477,2
12358695,12358696,1791360477,1791360479,2
12358696,12358697,1791360479,1791360481,2
12358697,12358698,1791360481,1791360483,2
12358698,12358699,1791360483,1791360485,2
12358699,12358700,1791360485,1791360487,2
12358700,12358701,1791360487,1791360489,2
12358701,12358702,1791360489,1791360491,2
12358702,12358703,1791360491,1791360493,2
12358703,12358704,1791360493,1791360495,2
12358704,12358705,1791360495,1791360497,2
12358705,12358706,1791360497,1791360499,2
12358706,12358707,1791360499,1791360501,2
12358707,12358708,1791360501,1791360503,2
12358708,12358709,1791360503,1791360505,2
12358709,12358710,1791360505,1791360507,2
12358710,12358711,1791360507,1791360509,2
12358711,12358712,1791360509,1791360511,2
12358712,12358713,1791360511,1791360513,2
12358713,12358714,1791360513,1791360515,2
12358714,12358715,1791360515,1791360517,2
12358715,12358716,1791360517,1791360519,2
12358716,12358717,1791360519,1791360521,2
12358717,12358718,1791360521,1791360523,2
12358718,12358719,1791360523,1791360525,2
12358719,12358720,1791360525,1791360527,2
12358720,12358721,1791360527,1791360529,2
12358721,12358722,1791360529,1791360531,2
12358722,12358723,1791360531,1791360533,2
12358723,12358724,1791360533,1791360535,2
12358724,12358725,1791360535,1791360537,2
12358725,12358726,1791360537,1791360539,2
12358726,12358727,1791360539,1791360541,2
12358727,12358728,1791360541,1791360543,2
12358728,12358729,1791360543,1791360545,2
12358729,12358730,1791360545,1791360547,2
12358730,12358731,1791360547,1791360549,2
12358731,12358732,1791360549,1791360551,2
12358732,12358733,1791360551,1791360553,2
12358733,12358734,1791360553,1791360555,2
12358734,12358735,1791360555,1791360557,2
12358735,12358736,1791360557,1791360559,2
12358736,12358737,1791360559,1791360561,2
12358737,12358738,1791360561,1791360563,2
12358738,12358739,1791360563,1791360565,2
12358739,12358740,1791360565,1791360567,2
12358740,12358741,1791360567,1791360569,2
12358741,12358742,1791360569,1791360571,2
12358742,12358743,1791360571,1791360573,2
12358743,12358744,1791360573,1791360575,2
12358744,12358745,1791360575,1791360577,2
12358745,12358746,1791360577,1791360579,2
12358746,12358747,1791360579,1791360581,2
12358747,12358748,1791360581,1791360583,2
12358748,12358749,1791360583,1791360585,2
12358749,12358750,1791360585,1791360587,2
12358750,12358751,1791360587,1791360589,2
12358751,12358752,1791360589,1791360591,2
12358752,12358753,1791360591,1791360593,2
12358753,12358754,1791360593,1791360595,2
12358754,12358755,1791360595,1791360597,2
12358755,12358756,1791360597,1791360599,2
12358756,12358757,1791360599,1791360601,2
12358757,12358758,1791360601,1791360603,2
12358758,12358759,1791360603,1791360605,2
12358759,12358760,1791360605,1791360607,2
12358760,12358761,1791360607,1791360609,2
12358761,12358762,1791360609,1791360611,2
12358762,12358763,1791360611,1791360613,2
12358763,12358764,1791360613,1791360615,2
12358764,12358765,1791360615,1791360617,2
12358765,12358766,1791360617,1791360619,2
12358766,12358767,1791360619,1791360621,2
12358767,12358768,1791360621,1791360623,2
12358768,12358769,1791360623,1791360625,2
12358769,12358770,1791360625,1791360627,2
12358770,12358771,1791360627,1791360629,2
12358771,12358772,1791360629,1791360631,2
12358772,12358773,1791360631,1791360633,2
12358773,12358774,1791360633,1791360635,2
12358774,12358775,1791360635,1791360637,2
12358775,12358776,1791360637,1791360639,2
12358776,12358777,1791360639,1791360641,2
12358777,12358778,1791360641,1791360643,2
12358778,12358779,1791360643,1791360645,2
12358779,12358780,1791360645,1791360647,2
12358780,12358781,1791360647,1791360649,2
12358781,12358782,1791360649,1791360651,2
12358782,12358783,1791360651,1791360653,2
12358783,12358784,1791360653,1791360655,2
12358784,12358785,1791360655,1791360657,2
12358785,12358786,1791360657,1791360659,2
12358786,12358787,1791360659,1791360661,2
12358787,12358788,1791360661,1791360663,2
12358788,12358789,1791360663,1791360665,2
12358789,12358790,1791360665,1791360667,2
12358790,12358791,1791360667,1791360669,2
12358791,12358792,1791360669,1791360671,2
12358792,12358793,1791360671,1791360673,2
12358793,12358794,1791360673,1791360675,2
12358794,12358795,1791360675,1791360677,2
12358795,12358796,1791360677,1791360679,2
12358796,12358797,1791360679,1791360681,2
12358797,12358798,1791360681,1791360683,2
12358798,12358799,1791360683,1791360685,2
12358799,12358800,1791360685,1791360687,2
12358800,12358801,1791360687,1791360689,2
12358801,12358802,1791360689,1791360691,2
12358802,12358803,1791360691,1791360693,2
12358803,12358804,1791360693,1791360695,2
12358804,12358805,1791360695,1791360697,2
12358805,12358806,1791360697,1791360699,2
12358806,12358807,1791360699,1791360701,2
12358807,12358808,1791360701,1791360703,2
12358808,12358809,1791360703,1791360705,2
12358809,12358810,1791360705,1791360707,2
12358810,12358811,1791360707,1791360709,2
12358811,12358812,1791360709,1791360711,2
12358812,12358813,1791360711,1791360713,2
12358813,12358814,1791360713,1791360715,2
12358814,12358815,1791360715,1791360717,2
12358815,12358816,1791360717,1791360719,2
12358816,12358817,1791360719,1791360721,2
12358817,12358818,1791360721,1791360723,2
12358818,12358819,1791360723,1791360725,2
12358819,12358820,1791360725,1791360727,2
12358820,12358821,1791360727,1791360729,2
12358821,12358822,1791360729,1791360731,2
12358822,12358823,1791360731,1791360733,2
12358823,12358824,1791360733,1791360735,2
12358824,12358825,1791360735,1791360737,2
12358825,12358826,1791360737,1791360739,2
12358826,12358827,1791360739,1791360741,2
12358827,12358828,1791360741,1791360743,2
12358828,12358829,1791360743,1791360745,2
12358829,12358830,1791360745,1791360747,2
12358830,12358831,1791360747,1791360749,2
12358831,12358832,1791360749,1791360751,2
12358832,12358833,1791360751,1791360753,2
12358833,12358834,1791360753,1791360755,2
12358834,12358835,1791360755,1791360757,2
12358835,12358836,1791360757,1791360759,2
12358836,12358837,1791360759,1791360761,2
12358837,12358838,1791360761,1791360763,2
12358838,12358839,1791360763,1791360765,2
12358839,12358840,1791360765,1791360767,2
12358840,12358841,1791360767,1791360769,2
12358841,12358842,1791360769,1791360771,2
12358842,12358843,1791360771,1791360773,2
12358843,12358844,1791360773,1791360775,2
12358844,12358845,1791360775,1791360777,2
12358845,12358846,1791360777,1791360779,2
12358846,12358847,1791360779,1791360781,2
12358847,12358848,1791360781,1791360783,2
12358848,12358849,1791360783,1791360785,2
12358849,12358850,1791360785,1791360787,2
12358850,12358851,1791360787,1791360789,2
12358851,12358852,1791360789,1791360791,2
12358852,12358853,1791360791,1791360793,2
12358853,12358854,1791360793,1791360795,2
12358854,12358855,1791360795,1791360797,2
12358855,12358856,1791360797,1791360799,2
12358856,12358857,1791360799,1791360801,2
12358857,12358858,1791360801,1791360803,2
12358858,12358859,1791360803,1791360805,2
12358859,12358860,1791360805,1791360807,2
12358860,12358861,1791360807,1791360809,2
12358861,12358862,1791360809,1791360811,2
12358862,12358863,1791360811,1791360813,2
12358863,12358864,1791360813,1791360815,2
12358864,12358865,1791360815,1791360817,2
12358865,12358866,1791360817,1791360819,2
12358866,12358867,1791360819,1791360821,2
12358867,12358868,1791360821,1791360823,2
12358868,12358869,1791360823,1791360825,2
12358869,12358870,1791360825,1791360827,2
12358870,12358871,1791360827,1791360829,2
12358871,12358872,1791360829,1791360831,2
12358872,12358873,1791360831,1791360833,2
12358873,12358874,1791360833,1791360835,2
12358874,12358875,1791360835,1791360837,2
12358875,12358876,1791360837,1791360839,2
12358876,12358877,1791360839,1791360841,2
12358877,12358878,1791360841,1791360843,2
12358878,12358879,1791360843,1791360845,2
12358879,12358880,1791360845,1791360847,2
12358880,12358881,1791360847,1791360849,2
12358881,12358882,1791360849,1791360851,2
12358882,12358883,1791360851,1791360853,2
12358883,12358884,1791360853,1791360855,2
12358884,12358885,1791360855,1791360857,2
12358885,12358886,1791360857,1791360859,2
12358886,12358887,1791360859,1791360861,2
12358887,12358888,1791360861,1791360863,2
12358888,12358889,1791360863,1791360865,2
12358889,12358890,1791360865,1791360867,2
12358890,12358891,1791360867,1791360869,2
12358891,12358892,1791360869,1791360871,2
12358892,12358893,1791360871,1791360873,2
12358893,12358894,1791360873,1791360875,2
12358894,12358895,1791360875,1791360877,2
12358895,12358896,1791360877,1791360879,2
12358896,12358897,1791360879,1791360881,2
12358897,12358898,1791360881,1791360883,2
12358898,12358899,1791360883,1791360885,2
12358899,12358900,1791360885,1791360887,2
12358900,12358901,1791360887,1791360889,2
12358901,12358902,1791360889,1791360891,2
12358902,12358903,1791360891,1791360893,2
12358903,12358904,1791360893,1791360895,2
12358904,12358905,1791360895,1791360897,2
12358905,12358906,1791360897,1791360899,2
12358906,12358907,1791360899,1791360901,2
12358907,12358908,1791360901,1791360903,2
12358908,12358909,1791360903,1791360905,2
12358909,12358910,1791360905,1791360907,2
12358910,12358911,1791360907,1791360909,2
12358911,12358912,1791360909,1791360911,2
12358912,12358913,1791360911,1791360913,2
12358913,12358914,1791360913,1791360915,2
12358914,12358915,1791360915,1791360917,2
12358915,12358916,1791360917,1791360919,2
12358916,12358917,1791360919,1791360921,2
12358917,12358918,1791360921,1791360923,2
12358918,12358919,1791360923,1791360925,2
12358919,12358920,1791360925,1791360927,2
12358920,12358921,1791360927,1791360929,2
12358921,12358922,1791360929,1791360931,2
12358922,12358923,1791360931,1791360933,2
12358923,12358924,1791360933,1791360935,2
12358924,12358925,1791360935,1791360937,2
12358925,12358926,1791360937,1791360939,2
12358926,12358927,1791360939,1791360941,2
12358927,12358928,1791360941,1791360943,2
12358928,12358929,1791360943,1791360945,2
12358929,12358930,1791360945,1791360947,2
12358930,12358931,1791360947,1791360949,2
12358931,12358932,1791360949,1791360951,2
12358932,12358933,1791360951,1791360953,2
12358933,12358934,1791360953,1791360955,2
12358934,12358935,1791360955,1791360957,2
12358935,12358936,1791360957,1791360959,2
12358936,12358937,1791360959,1791360961,2
12358937,12358938,1791360961,1791360963,2
12358938,12358939,1791360963,1791360965,2
12358939,12358940,1791360965,1791360967,2
12358940,12358941,1791360967,1791360969,2
12358941,12358942,1791360969,1791360971,2
12358942,12358943,1791360971,1791360973,2
12358943,12358944,1791360973,1791360975,2
12358944,12358945,1791360975,1791360977,2
12358945,12358946,1791360977,1791360979,2
12358946,12358947,1791360979,1791360981,2
12358947,12358948,1791360981,1791360983,2
12358948,12358949,1791360983,1791360985,2
12358949,12358950,1791360985,1791360987,2
12358950,12358951,1791360987,1791360989,2
12358951,12358952,1791360989,1791360991,2
12358952,12358953,1791360991,1791360993,2
12358953,12358954,1791360993,1791360995,2
12358954,12358955,1791360995,1791360997,2
12358955,12358956,1791360997,1791360999,2
12358956,12358957,1791360999,1791361001,2
12358957,12358958,1791361001,1791361003,2
12358958,12358959,1791361003,1791361005,2
12358959,12358960,1791361005,1791361007,2
12358960,12358961,1791361007,1791361009,2
12358961,12358962,1791361009,1791361011,2
12358962,12358963,1791361011,1791361013,2
12358963,12358964,1791361013,1791361015,2
12358964,12358965,1791361015,1791361017,2
12358965,12358966,1791361017,1791361019,2
12358966,12358967,1791361019,1791361021,2
12358967,12358968,1791361021,1791361023,2
12358968,12358969,1791361023,1791361025,2
12358969,12358970,1791361025,1791361027,2
12358970,12358971,1791361027,1791361029,2
12358971,12358972,1791361029,1791361031,2
12358972,12358973,1791361031,1791361033,2
12358973,12358974,1791361033,1791361035,2
12358974,12358975,1791361035,1791361037,2
12358975,12358976,1791361037,1791361039,2
12358976,12358977,1791361039,1791361041,2
12358977,12358978,1791361041,1791361043,2
12358978,12358979,1791361043,1791361045,2
12358979,12358980,1791361045,1791361047,2
12358980,12358981,1791361047,1791361049,2
12358981,12358982,1791361049,1791361051,2
12358982,12358983,1791361051,1791361053,2
12358983,12358984,1791361053,1791361055,2
12358984,12358985,1791361055,1791361057,2
12358985,12358986,1791361057,1791361059,2
12358986,12358987,1791361059,1791361061,2
12358987,12358988,1791361061,1791361063,2
12358988,12358989,1791361063,1791361065,2
12358989,12358990,1791361065,1791361067,2
12358990,12358991,1791361067,1791361069,2
12358991,12358992,1791361069,1791361071,2
12358992,12358993,1791361071,1791361073,2
12358993,12358994,1791361073,1791361075,2
12358994,12358995,1791361075,1791361077,2
12358995,12358996,1791361077,1791361079,2
12358996,12358997,1791361079,1791361081,2
12358997,12358998,1791361081,1791361083,2
12358998,12358999,1791361083,1791361085,2
12358999,12359000,1791361085,1791361087,2
12359000,12359001,1791361087,1791361089,2
12359001,12359002,1791361089,1791361091,2
12359002,12359003,1791361091,1791361093,2
12359003,12359004,1791361093,1791361095,2
12359004,12359005,1791361095,1791361097,2
12359005,12359006,1791361097,1791361099,2
12359006,12359007,1791361099,1791361101,2
12359007,12359008,1791361101,1791361103,2
12359008,12359009,1791361103,1791361105,2
12359009,12359010,1791361105,1791361107,2
12359010,12359011,1791361107,1791361109,2
12359011,12359012,1791361109,1791361111,2
12359012,12359013,1791361111,1791361113,2
12359013,12359014,1791361113,1791361115,2
12359014,12359015,1791361115,1791361117,2
12359015,12359016,1791361117,1791361119,2
12359016,12359017,1791361119,1791361121,2
12359017,12359018,1791361121,1791361123,2
12359018,12359019,1791361123,1791361125,2
12359019,12359020,1791361125,1791361127,2
12359020,12359021,1791361127,1791361129,2
12359021,12359022,1791361129,1791361131,2
12359022,12359023,1791361131,1791361133,2
12359023,12359024,1791361133,1791361135,2
12359024,12359025,1791361135,1791361137,2
12359025,12359026,1791361137,1791361139,2
12359026,12359027,1791361139,1791361141,2
12359027,12359028,1791361141,1791361143,2
12359028,12359029,1791361143,1791361145,2
12359029,12359030,1791361145,1791361147,2
12359030,12359031,1791361147,1791361149,2
12359031,12359032,1791361149,1791361151,2
12359032,12359033,1791361151,1791361153,2
12359033,12359034,1791361153,1791361155,2
12359034,12359035,1791361155,1791361157,2
12359035,12359036,1791361157,1791361159,2
12359036,12359037,1791361159,1791361161,2
12359037,12359038,1791361161,1791361163,2
12359038,12359039,1791361163,1791361165,2
12359039,12359040,1791361165,1791361167,2
12359040,12359041,1791361167,1791361169,2
12359041,12359042,1791361169,1791361171,2
12359042,12359043,1791361171,1791361173,2
12359043,12359044,1791361173,1791361175,2
12359044,12359045,1791361175,1791361177,2
12359045,12359046,1791361177,1791361179,2
12359046,12359047,1791361179,1791361181,2
12359047,12359048,1791361181,1791361183,2
12359048,12359049,1791361183,1791361185,2
12359049,12359050,1791361185,1791361187,2
12359050,12359051,1791361187,1791361189,2
12359051,12359052,1791361189,1791361191,2
12359052,12359053,1791361191,1791361193,2
12359053,12359054,1791361193,1791361195,2
12359054,12359055,1791361195,1791361197,2
12359055,12359056,1791361197,1791361199,2
12359056,12359057,1791361199,1791361201,2
12359057,12359058,1791361201,1791361203,2
12359058,12359059,1791361203,1791361205,2
12359059,12359060,1791361205,1791361207,2
12359060,12359061,1791361207,1791361209,2
12359061,12359062,1791361209,1791361211,2
12359062,12359063,1791361211,1791361213,2
12359063,12359064,1791361213,1791361215,2
12359064,12359065,1791361215,1791361217,2
12359065,12359066,1791361217,1791361219,2
12359066,12359067,1791361219,1791361221,2
12359067,12359068,1791361221,1791361223,2
12359068,12359069,1791361223,1791361225,2
12359069,12359070,1791361225,1791361227,2
12359070,12359071,1791361227,1791361229,2
12359071,12359072,1791361229,1791361231,2
12359072,12359073,1791361231,1791361233,2
12359073,12359074,1791361233,1791361235,2
12359074,12359075,1791361235,1791361237,2
12359075,12359076,1791361237,1791361239,2
12359076,12359077,1791361239,1791361241,2
12359077,12359078,1791361241,1791361243,2
12359078,12359079,1791361243,1791361245,2
12359079,12359080,1791361245,1791361247,2
12359080,12359081,1791361247,1791361249,2
12359081,12359082,1791361249,1791361251,2
12359082,12359083,1791361251,1791361253,2
12359083,12359084,1791361253,1791361255,2
12359084,12359085,1791361255,1791361257,2
12359085,12359086,1791361257,1791361259,2
12359086,12359087,1791361259,1791361261,2
12359087,12359088,1791361261,1791361263,2
12359088,12359089,1791361263,1791361265,2
12359089,12359090,1791361265,1791361267,2
12359090,12359091,1791361267,1791361269,2
12359091,12359092,1791361269,1791361271,2
12359092,12359093,1791361271,1791361273,2
12359093,12359094,1791361273,1791361275,2
12359094,12359095,1791361275,1791361277,2
12359095,12359096,1791361277,1791361279,2
12359096,12359097,1791361279,1791361281,2
12359097,12359098,1791361281,1791361283,2
12359098,12359099,1791361283,1791361285,2
12359099,12359100,1791361285,1791361287,2
12359100,12359101,1791361287,1791361289,2
12359101,12359102,1791361289,1791361291,2
12359102,12359103,1791361291,1791361293,2
12359103,12359104,1791361293,1791361295,2
12359104,12359105,1791361295,1791361297,2
12359105,12359106,1791361297,1791361299,2
12359106,12359107,1791361299,1791361301,2
12359107,12359108,1791361301,1791361303,2
12359108,12359109,1791361303,1791361305,2
12359109,12359110,1791361305,1791361307,2
12359110,12359111,1791361307,1791361309,2
12359111,12359112,1791361309,1791361311,2
12359112,12359113,1791361311,1791361313,2
12359113,12359114,1791361313,1791361315,2
12359114,12359115,1791361315,1791361317,2
12359115,12359116,1791361317,1791361319,2
12359116,12359117,1791361319,1791361321,2
12359117,12359118,1791361321,1791361323,2
12359118,12359119,1791361323,1791361325,2
12359119,12359120,1791361325,1791361327,2
12359120,12359121,1791361327,1791361329,2
12359121,12359122,1791361329,1791361331,2
12359122,12359123,1791361331,1791361333,2
12359123,12359124,1791361333,1791361335,2
12359124,12359125,1791361335,1791361337,2
12359125,12359126,1791361337,1791361339,2
12359126,12359127,1791361339,1791361341,2
12359127,12359128,1791361341,1791361343,2
12359128,12359129,1791361343,1791361345,2
12359129,12359130,1791361345,1791361347,2
12359130,12359131,1791361347,1791361349,2
12359131,12359132,1791361349,1791361351,2
12359132,12359133,1791361351,1791361353,2
12359133,12359134,1791361353,1791361355,2
12359134,12359135,1791361355,1791361357,2
12359135,12359136,1791361357,1791361359,2
12359136,12359137,1791361359,1791361361,2
12359137,12359138,1791361361,1791361363,2
12359138,12359139,1791361363,1791361365,2
12359139,12359140,1791361365,1791361367,2
12359140,12359141,1791361367,1791361369,2
12359141,12359142,1791361369,1791361371,2
12359142,12359143,1791361371,1791361373,2
12359143,12359144,1791361373,1791361375,2
12359144,12359145,1791361375,1791361377,2
12359145,12359146,1791361377,1791361379,2
12359146,12359147,1791361379,1791361381,2
12359147,12359148,1791361381,1791361383,2
12359148,12359149,1791361383,1791361385,2
12359149,12359150,1791361385,1791361387,2
12359150,12359151,1791361387,1791361389,2
12359151,12359152,1791361389,1791361391,2
12359152,12359153,1791361391,1791361393,2
12359153,12359154,1791361393,1791361395,2
12359154,12359155,1791361395,1791361397,2
12359155,12359156,1791361397,1791361399,2
12359156,12359157,1791361399,1791361401,2
12359157,12359158,1791361401,1791361403,2
12359158,12359159,1791361403,1791361405,2
12359159,12359160,1791361405,1791361407,2
12359160,12359161,1791361407,1791361409,2
12359161,12359162,1791361409,1791361411,2
12359162,12359163,1791361411,1791361413,2
12359163,12359164,1791361413,1791361415,2
12359164,12359165,1791361415,1791361417,2
12359165,12359166,1791361417,1791361419,2
12359166,12359167,1791361419,1791361421,2
12359167,12359168,1791361421,1791361423,2
12359168,12359169,1791361423,1791361425,2
12359169,12359170,1791361425,1791361427,2
12359170,12359171,1791361427,1791361429,2
12359171,12359172,1791361429,1791361431,2
12359172,12359173,1791361431,1791361433,2
12359173,12359174,1791361433,1791361435,2
12359174,12359175,1791361435,1791361437,2
12359175,12359176,1791361437,1791361439,2
12359176,12359177,1791361439,1791361441,2
12359177,12359178,1791361441,1791361443,2
12359178,12359179,1791361443,1791361445,2
12359179,12359180,1791361445,1791361447,2
12359180,12359181,1791361447,1791361449,2
12359181,12359182,1791361449,1791361451,2
12359182,12359183,1791361451,1791361453,2
12359183,12359184,1791361453,1791361455,2
12359184,12359185,1791361455,1791361457,2
12359185,12359186,1791361457,1791361459,2
12359186,12359187,1791361459,1791361461,2
12359187,12359188,1791361461,1791361463,2
12359188,12359189,1791361463,1791361465,2
12359189,12359190,1791361465,1791361467,2
12359190,12359191,1791361467,1791361469,2
12359191,12359192,1791361469,1791361471,2
12359192,12359193,1791361471,1791361473,2
12359193,12359194,1791361473,1791361475,2
12359194,12359195,1791361475,1791361477,2
12359195,12359196,1791361477,1791361479,2
12359196,12359197,1791361479,1791361481,2
12359197,12359198,1791361481,1791361483,2
12359198,12359199,1791361483,1791361485,2
12359199,12359200,1791361485,1791361487,2
12359200,12359201,1791361487,1791361489,2
12359201,12359202,1791361489,1791361491,2
12359202,12359203,1791361491,1791361493,2
12359203,12359204,1791361493,1791361495,2
12359204,12359205,1791361495,1791361497,2
12359205,12359206,1791361497,1791361499,2
12359206,12359207,1791361499,1791361501,2
12359207,12359208,1791361501,1791361503,2
12359208,12359209,1791361503,1791361505,2
12359209,12359210,1791361505,1791361507,2
12359210,12359211,1791361507,1791361509,2
12359211,12359212,1791361509,1791361511,2
12359212,12359213,1791361511,1791361513,2
12359213,12359214,1791361513,1791361515,2
12359214,12359215,1791361515,1791361517,2
12359215,12359216,1791361517,1791361519,2
12359216,12359217,1791361519,1791361521,2
12359217,12359218,1791361521,1791361523,2
12359218,12359219,1791361523,1791361525,2
12359219,12359220,1791361525,1791361527,2
12359220,12359221,1791361527,1791361529,2
12359221,12359222,1791361529,1791361531,2
12359222,12359223,1791361531,1791361533,2
12359223,12359224,1791361533,1791361535,2
12359224,12359225,1791361535,1791361537,2
12359225,12359226,1791361537,1791361539,2
12359226,12359227,1791361539,1791361541,2
12359227,12359228,1791361541,1791361543,2
12359228,12359229,1791361543,1791361545,2
12359229,12359230,1791361545,1791361547,2
12359230,12359231,1791361547,1791361549,2
12359231,12359232,1791361549,1791361551,2
12359232,12359233,1791361551,1791361553,2
12359233,12359234,1791361553,1791361555,2
12359234,12359235,1791361555,1791361557,2
12359235,12359236,1791361557,1791361559,2
12359236,12359237,1791361559,1791361561,2
12359237,12359238,1791361561,1791361563,2
12359238,12359239,1791361563,1791361565,2
12359239,12359240,1791361565,1791361567,2
12359240,12359241,1791361567,1791361569,2
12359241,12359242,1791361569,1791361571,2
12359242,12359243,1791361571,1791361573,2
12359243,12359244,1791361573,1791361575,2
12359244,12359245,1791361575,1791361577,2
12359245,12359246,1791361577,1791361579,2
12359246,12359247,1791361579,1791361581,2
12359247,12359248,1791361581,1791361583,2
12359248,12359249,1791361583,1791361585,2
12359249,12359250,1791361585,1791361587,2
12359250,12359251,1791361587,1791361589,2
12359251,12359252,1791361589,1791361591,2
12359252,12359253,1791361591,1791361593,2
12359253,12359254,1791361593,1791361595,2
12359254,12359255,1791361595,1791361597,2
12359255,12359256,1791361597,1791361599,2
12359256,12359257,1791361599,1791361601,2
12359257,12359258,1791361601,1791361603,2
12359258,12359259,1791361603,1791361605,2
12359259,12359260,1791361605,1791361607,2
12359260,12359261,1791361607,1791361609,2
12359261,12359262,1791361609,1791361611,2
12359262,12359263,1791361611,1791361613,2
12359263,12359264,1791361613,1791361615,2
12359264,12359265,1791361615,1791361617,2
12359265,12359266,1791361617,1791361619,2
12359266,12359267,1791361619,1791361621,2
12359267,12359268,1791361621,1791361623,2
12359268,12359269,1791361623,1791361625,2
12359269,12359270,1791361625,1791361627,2
12359270,12359271,1791361627,1791361629,2
12359271,12359272,1791361629,1791361631,2
12359272,12359273,1791361631,1791361633,2
12359273,12359274,1791361633,1791361635,2
12359274,12359275,1791361635,1791361637,2
12359275,12359276,1791361637,1791361639,2
12359276,12359277,1791361639,1791361641,2
12359277,12359278,1791361641,1791361643,2
12359278,12359279,1791361643,1791361645,2
12359279,12359280,1791361645,1791361647,2
12359280,12359281,1791361647,1791361649,2
12359281,12359282,1791361649,1791361651,2
12359282,12359283,1791361651,1791361653,2
12359283,12359284,1791361653,1791361655,2
12359284,12359285,1791361655,1791361657,2
12359285,12359286,1791361657,1791361659,2
12359286,12359287,1791361659,1791361661,2
12359287,12359288,1791361661,1791361663,2
12359288,12359289,1791361663,1791361665,2
12359289,12359290,1791361665,1791361667,2
12359290,12359291,1791361667,1791361669,2
12359291,12359292,1791361669,1791361671,2
12359292,12359293,1791361671,1791361673,2
12359293,12359294,1791361673,1791361675,2
12359294,12359295,1791361675,1791361677,2
12359295,12359296,1791361677,1791361679,2
12359296,12359297,1791361679,1791361681,2
12359297,12359298,1791361681,1791361683,2
12359298,12359299,1791361683,1791361685,2
12359299,12359300,1791361685,1791361687,2
12359300,12359301,1791361687,1791361689,2
12359301,12359302,1791361689,1791361691,2
12359302,12359303,1791361691,1791361693,2
12359303,12359304,1791361693,1791361695,2
12359304,12359305,1791361695,1791361697,2
12359305,12359306,1791361697,1791361699,2
12359306,12359307,1791361699,1791361701,2
12359307,12359308,1791361701,1791361703,2
12359308,12359309,1791361703,1791361705,2
12359309,12359310,1791361705,1791361707,2
12359310,12359311,1791361707,1791361709,2
12359311,12359312,1791361709,1791361711,2
12359312,12359313,1791361711,1791361713,2
12359313,12359314,1791361713,1791361715,2
12359314,12359315,1791361715,1791361717,2
12359315,12359316,1791361717,1791361719,2
12359316,12359317,1791361719,1791361721,2
12359317,12359318,1791361721,1791361723,2
12359318,12359319,1791361723,1791361725,2
12359319,12359320,1791361725,1791361727,2
12359320,12359321,1791361727,1791361729,2
12359321,12359322,1791361729,1791361731,2
12359322,12359323,1791361731,1791361733,2
12359323,12359324,1791361733,1791361735,2
12359324,12359325,1791361735,1791361737,2
12359325,12359326,1791361737,1791361739,2
12359326,12359327,1791361739,1791361741,2
12359327,12359328,1791361741,1791361743,2
12359328,12359329,1791361743,1791361745,2
12359329,12359330,1791361745,1791361747,2
12359330,12359331,1791361747,1791361749,2
12359331,12359332,1791361749,1791361751,2
12359332,12359333,1791361751,1791361753,2
12359333,12359334,1791361753,1791361755,2
12359334,12359335,1791361755,1791361757,2
12359335,12359336,1791361757,1791361759,2
12359336,12359337,1791361759,1791361761,2
12359337,12359338,1791361761,1791361763,2
12359338,12359339,1791361763,1791361765,2
12359339,12359340,1791361765,1791361767,2
12359340,12359341,1791361767,1791361769,2
12359341,12359342,1791361769,1791361771,2
12359342,12359343,1791361771,1791361773,2
12359343,12359344,1791361773,1791361775,2
12359344,12359345,1791361775,1791361777,2
12359345,12359346,1791361777,1791361779,2
12359346,12359347,1791361779,1791361781,2
12359347,12359348,1791361781,1791361783,2
12359348,12359349,1791361783,1791361785,2
12359349,12359350,1791361785,1791361787,2
12359350,12359351,1791361787,1791361789,2
12359351,12359352,1791361789,1791361791,2
12359352,12359353,1791361791,1791361793,2
12359353,12359354,1791361793,1791361795,2
12359354,12359355,1791361795,1791361797,2
12359355,12359356,1791361797,1791361799,2
12359356,12359357,1791361799,1791361801,2
12359357,12359358,1791361801,1791361803,2
12359358,12359359,1791361803,1791361805,2
12359359,12359360,1791361805,1791361807,2
12359360,12359361,1791361807,1791361809,2
12359361,12359362,1791361809,1791361811,2
12359362,12359363,1791361811,1791361813,2
12359363,12359364,1791361813,1791361815,2
12359364,12359365,1791361815,1791361817,2
12359365,12359366,1791361817,1791361819,2
12359366,12359367,1791361819,1791361821,2
12359367,12359368,1791361821,1791361823,2
12359368,12359369,1791361823,1791361825,2
12359369,12359370,1791361825,1791361827,2
12359370,12359371,1791361827,1791361829,2
12359371,12359372,1791361829,1791361831,2
12359372,12359373,1791361831,1791361833,2
12359373,12359374,1791361833,1791361835,2
12359374,12359375,1791361835,1791361837,2
12359375,12359376,1791361837,1791361839,2
12359376,12359377,1791361839,1791361841,2
12359377,12359378,1791361841,1791361843,2
12359378,12359379,1791361843,1791361845,2
12359379,12359380,1791361845,1791361847,2
12359380,12359381,1791361847,1791361849,2
12359381,12359382,1791361849,1791361851,2
12359382,12359383,1791361851,1791361853,2
12359383,12359384,1791361853,1791361855,2
12359384,12359385,1791361855,1791361857,2
12359385,12359386,1791361857,1791361859,2
12359386,12359387,1791361859,1791361861,2
12359387,12359388,1791361861,1791361863,2
12359388,12359389,1791361863,1791361865,2
12359389,12359390,1791361865,1791361867,2
12359390,12359391,1791361867,1791361869,2
12359391,12359392,1791361869,1791361871,2
12359392,12359393,1791361871,1791361873,2
12359393,12359394,1791361873,1791361875,2
12359394,12359395,1791361875,1791361877,2
12359395,12359396,1791361877,1791361879,2
12359396,12359397,1791361879,1791361881,2
12359397,12359398,1791361881,1791361883,2
12359398,12359399,1791361883,1791361885,2
12359399,12359400,1791361885,1791361887,2
12359400,12359401,1791361887,1791361889,2
12359401,12359402,1791361889,1791361891,2
12359402,12359403,1791361891,1791361893,2
12359403,12359404,1791361893,1791361895,2
12359404,12359405,1791361895,1791361897,2
12359405,12359406,1791361897,1791361899,2
12359406,12359407,1791361899,1791361901,2
12359407,12359408,1791361901,1791361903,2
12359408,12359409,1791361903,1791361905,2
12359409,12359410,1791361905,1791361907,2
12359410,12359411,1791361907,1791361909,2
12359411,12359412,1791361909,1791361911,2
12359412,12359413,1791361911,1791361913,2
12359413,12359414,1791361913,1791361915,2
12359414,12359415,1791361915,1791361917,2
12359415,12359416,1791361917,1791361919,2
12359416,12359417,1791361919,1791361921,2
12359417,12359418,1791361921,1791361923,2
12359418,12359419,1791361923,1791361925,2
12359419,12359420,1791361925,1791361927,2
12359420,12359421,1791361927,1791361929,2
12359421,12359422,1791361929,1791361931,2
12359422,12359423,1791361931,1791361933,2
12359423,12359424,1791361933,1791361935,2
12359424,12359425,1791361935,1791361937,2
12359425,12359426,1791361937,1791361939,2
12359426,12359427,1791361939,1791361941,2
12359427,12359428,1791361941,1791361943,2
12359428,12359429,1791361943,1791361945,2
12359429,12359430,1791361945,1791361947,2
12359430,12359431,1791361947,1791361949,2
12359431,12359432,1791361949,1791361951,2
12359432,12359433,1791361951,1791361953,2
12359433,12359434,1791361953,1791361955,2
12359434,12359435,1791361955,1791361957,2
12359435,12359436,1791361957,1791361959,2
12359436,12359437,1791361959,1791361961,2
12359437,12359438,1791361961,1791361963,2
12359438,12359439,1791361963,1791361965,2
12359439,12359440,1791361965,1791361967,2
12359440,12359441,1791361967,1791361969,2
12359441,12359442,1791361969,1791361971,2
12359442,12359443,1791361971,1791361973,2
12359443,12359444,1791361973,1791361975,2
12359444,12359445,1791361975,1791361977,2
12359445,12359446,1791361977,1791361979,2
12359446,12359447,1791361979,1791361981,2
12359447,12359448,1791361981,1791361983,2
12359448,12359449,1791361983,1791361985,2
12359449,12359450,1791361985,1791361987,2
12359450,12359451,1791361987,1791361989,2
12359451,12359452,1791361989,1791361991,2
12359452,12359453,1791361991,1791361993,2
12359453,12359454,1791361993,1791361995,2
12359454,12359455,1791361995,1791361997,2
12359455,12359456,1791361997,1791361999,2
12359456,12359457,1791361999,1791362001,2
12359457,12359458,1791362001,1791362003,2
12359458,12359459,1791362003,1791362005,2
12359459,12359460,1791362005,1791362007,2
12359460,12359461,1791362007,1791362009,2
12359461,12359462,1791362009,1791362011,2
12359462,12359463,1791362011,1791362013,2
12359463,12359464,1791362013,1791362015,2
12359464,12359465,1791362015,1791362017,2
12359465,12359466,1791362017,1791362019,2
12359466,12359467,1791362019,1791362021,2
12359467,12359468,1791362021,1791362023,2
12359468,12359469,1791362023,1791362025,2
12359469,12359470,1791362025,1791362027,2
12359470,12359471,1791362027,1791362029,2
12359471,12359472,1791362029,1791362031,2
12359472,12359473,1791362031,1791362033,2
12359473,12359474,1791362033,1791362035,2
12359474,12359475,1791362035,1791362037,2
12359475,12359476,1791362037,1791362039,2
12359476,12359477,1791362039,1791362041,2
12359477,12359478,1791362041,1791362043,2
12359478,12359479,1791362043,1791362045,2
12359479,12359480,1791362045,1791362047,2
12359480,12359481,1791362047,1791362049,2
12359481,12359482,1791362049,1791362051,2
12359482,12359483,1791362051,1791362053,2
12359483,12359484,1791362053,1791362055,2
12359484,12359485,1791362055,1791362057,2
12359485,12359486,1791362057,1791362059,2
12359486,12359487,1791362059,1791362061,2
12359487,12359488,1791362061,1791362063,2
12359488,12359489,1791362063,1791362065,2
12359489,12359490,1791362065,1791362067,2
12359490,12359491,1791362067,1791362069,2
12359491,12359492,1791362069,1791362071,2
12359492,12359493,1791362071,1791362073,2
12359493,12359494,1791362073,1791362075,2
12359494,12359495,1791362075,1791362077,2
12359495,12359496,1791362077,1791362079,2
12359496,12359497,1791362079,1791362081,2
12359497,12359498,1791362081,1791362083,2
12359498,12359499,1791362083,1791362085,2
12359499,12359500,1791362085,1791362087,2
12359500,12359501,1791362087,1791362089,2
12359501,12359502,1791362089,1791362091,2
12359502,12359503,1791362091,1791362093,2
12359503,12359504,1791362093,1791362095,2
12359504,12359505,1791362095,1791362097,2
12359505,12359506,1791362097,1791362099,2
12359506,12359507,1791362099,1791362101,2
12359507,12359508,1791362101,1791362103,2
12359508,12359509,1791362103,1791362105,2
12359509,12359510,1791362105,1791362107,2
12359510,12359511,1791362107,1791362109,2
12359511,12359512,1791362109,1791362111,2
12359512,12359513,1791362111,1791362113,2
12359513,12359514,1791362113,1791362115,2
12359514,12359515,1791362115,1791362117,2
12359515,12359516,1791362117,1791362119,2
12359516,12359517,1791362119,1791362121,2
12359517,12359518,1791362121,1791362123,2
12359518,12359519,1791362123,1791362125,2
12359519,12359520,1791362125,1791362127,2
12359520,12359521,1791362127,1791362129,2
12359521,12359522,1791362129,1791362131,2
12359522,12359523,1791362131,1791362133,2
12359523,12359524,1791362133,1791362135,2
12359524,12359525,1791362135,1791362137,2
12359525,12359526,1791362137,1791362139,2
12359526,12359527,1791362139,1791362141,2
12359527,12359528,1791362141,1791362143,2
12359528,12359529,1791362143,1791362145,2
12359529,12359530,1791362145,1791362147,2
12359530,12359531,1791362147,1791362149,2
12359531,12359532,1791362149,1791362151,2
12359532,12359533,1791362151,1791362153,2
12359533,12359534,1791362153,1791362155,2
12359534,12359535,1791362155,1791362157,2
12359535,12359536,1791362157,1791362159,2
12359536,12359537,1791362159,1791362161,2
12359537,12359538,1791362161,1791362163,2
12359538,12359539,1791362163,1791362165,2
12359539,12359540,1791362165,1791362167,2
12359540,12359541,1791362167,1791362169,2
12359541,12359542,1791362169,1791362171,2
12359542,12359543,1791362171,1791362173,2
12359543,12359544,1791362173,1791362175,2
12359544,12359545,1791362175,1791362177,2
12359545,12359546,1791362177,1791362179,2
12359546,12359547,1791362179,1791362181,2
12359547,12359548,1791362181,1791362183,2
12359548,12359549,1791362183,1791362185,2
12359549,12359550,1791362185,1791362187,2
12359550,12359551,1791362187,1791362189,2
12359551,12359552,1791362189,1791362191,2
12359552,12359553,1791362191,1791362193,2
12359553,12359554,1791362193,1791362195,2
12359554,12359555,1791362195,1791362197,2
12359555,12359556,1791362197,1791362199,2
12359556,12359557,1791362199,1791362201,2
12359557,12359558,1791362201,1791362203,2
12359558,12359559,1791362203,1791362205,2
12359559,12359560,1791362205,1791362207,2
12359560,12359561,1791362207,1791362209,2
12359561,12359562,1791362209,1791362211,2
12359562,12359563,1791362211,1791362213,2
12359563,12359564,1791362213,1791362215,2
12359564,12359565,1791362215,1791362217,2
12359565,12359566,1791362217,1791362219,2
12359566,12359567,1791362219,1791362221,2
12359567,12359568,1791362221,1791362223,2
12359568,12359569,1791362223,1791362225,2
12359569,12359570,1791362225,1791362227,2
12359570,12359571,1791362227,1791362229,2
12359571,12359572,1791362229,1791362231,2
12359572,12359573,1791362231,1791362233,2
12359573,12359574,1791362233,1791362235,2
12359574,12359575,1791362235,1791362237,2
12359575,12359576,1791362237,1791362239,2
12359576,12359577,1791362239,1791362241,2
12359577,12359578,1791362241,1791362243,2
12359578,12359579,1791362243,1791362245,2
12359579,12359580,1791362245,1791362247,2
12359580,12359581,1791362247,1791362249,2
12359581,12359582,1791362249,1791362251,2
12359582,12359583,1791362251,1791362253,2
12359583,12359584,1791362253,1791362255,2
12359584,12359585,1791362255,1791362257,2
12359585,12359586,1791362257,1791362259,2
12359586,12359587,1791362259,1791362261,2
12359587,12359588,1791362261,1791362263,2
12359588,12359589,1791362263,1791362265,2
12359589,12359590,1791362265,1791362267,2
12359590,12359591,1791362267,1791362269,2
12359591,12359592,1791362269,1791362271,2
12359592,12359593,1791362271,1791362273,2
12359593,12359594,1791362273,1791362275,2
12359594,12359595,1791362275,1791362277,2
12359595,12359596,1791362277,1791362279,2
12359596,12359597,1791362279,1791362281,2
12359597,12359598,1791362281,1791362283,2
12359598,12359599,1791362283,1791362285,2
12359599,12359600,1791362285,1791362287,2
12359600,12359601,1791362287,1791362289,2
12359601,12359602,1791362289,1791362291,2
12359602,12359603,1791362291,1791362293,2
12359603,12359604,1791362293,1791362295,2
12359604,12359605,1791362295,1791362297,2
12359605,12359606,1791362297,1791362299,2
12359606,12359607,1791362299,1791362301,2
12359607,12359608,1791362301,1791362303,2
12359608,12359609,1791362303,1791362305,2
12359609,12359610,1791362305,1791362307,2
12359610,12359611,1791362307,1791362309,2
12359611,12359612,1791362309,1791362311,2
12359612,12359613,1791362311,1791362313,2
12359613,12359614,1791362313,1791362315,2
12359614,12359615,1791362315,1791362317,2
12359615,12359616,1791362317,1791362319,2
12359616,12359617,1791362319,1791362321,2
12359617,12359618,1791362321,1791362323,2
12359618,12359619,1791362323,1791362325,2
12359619,12359620,1791362325,1791362327,2
12359620,12359621,1791362327,1791362329,2
12359621,12359622,1791362329,1791362331,2
12359622,12359623,1791362331,1791362333,2
12359623,12359624,1791362333,1791362335,2
12359624,12359625,1791362335,1791362337,2
12359625,12359626,1791362337,1791362339,2
12359626,12359627,1791362339,1791362341,2
12359627,12359628,1791362341,1791362343,2
12359628,12359629,1791362343,1791362345,2
12359629,12359630,1791362345,1791362347,2
12359630,12359631,1791362347,1791362349,2
12359631,12359632,1791362349,1791362351,2
12359632,12359633,1791362351,1791362353,2
12359633,12359634,1791362353,1791362355,2
12359634,12359635,1791362355,1791362357,2
12359635,12359636,1791362357,1791362359,2
12359636,12359637,1791362359,1791362361,2
12359637,12359638,1791362361,1791362363,2
12359638,12359639,1791362363,1791362365,2
12359639,12359640,1791362365,1791362367,2
12359640,12359641,1791362367,1791362369,2
12359641,12359642,1791362369,1791362371,2
12359642,12359643,1791362371,1791362373,2
12359643,12359644,1791362373,1791362375,2
12359644,12359645,1791362375,1791362377,2
12359645,12359646,1791362377,1791362379,2
12359646,12359647,1791362379,1791362381,2
12359647,12359648,1791362381,1791362383,2
12359648,12359649,1791362383,1791362385,2
12359649,12359650,1791362385,1791362387,2
12359650,12359651,1791362387,1791362389,2
12359651,12359652,1791362389,1791362391,2
12359652,12359653,1791362391,1791362393,2
12359653,12359654,1791362393,1791362395,2
12359654,12359655,1791362395,1791362397,2
12359655,12359656,1791362397,1791362399,2
12359656,12359657,1791362399,1791362401,2
12359657,12359658,1791362401,1791362403,2
12359658,12359659,1791362403,1791362405,2
12359659,12359660,1791362405,1791362407,2
12359660,12359661,1791362407,1791362409,2
12359661,12359662,1791362409,1791362411,2
12359662,12359663,1791362411,1791362413,2
12359663,12359664,1791362413,1791362415,2
12359664,12359665,1791362415,1791362417,2
12359665,12359666,1791362417,1791362419,2
12359666,12359667,1791362419,1791362421,2
12359667,12359668,1791362421,1791362423,2
12359668,12359669,1791362423,1791362425,2
12359669,12359670,1791362425,1791362427,2
12359670,12359671,1791362427,1791362429,2
12359671,12359672,1791362429,1791362431,2
12359672,12359673,1791362431,1791362433,2
12359673,12359674,1791362433,1791362435,2
12359674,12359675,1791362435,1791362437,2
12359675,12359676,1791362437,1791362439,2
12359676,12359677,1791362439,1791362441,2
12359677,12359678,1791362441,1791362443,2
12359678,12359679,1791362443,1791362445,2
12359679,12359680,1791362445,1791362447,2
12359680,12359681,1791362447,1791362449,2
12359681,12359682,1791362449,1791362451,2
12359682,12359683,1791362451,1791362453,2
12359683,12359684,1791362453,1791362455,2
12359684,12359685,1791362455,1791362457,2
12359685,12359686,1791362457,1791362459,2
12359686,12359687,1791362459,1791362461,2
12359687,12359688,1791362461,1791362463,2
12359688,12359689,1791362463,1791362465,2
12359689,12359690,1791362465,1791362467,2
12359690,12359691,1791362467,1791362469,2
12359691,12359692,1791362469,1791362471,2
12359692,12359693,1791362471,1791362473,2
12359693,12359694,1791362473,1791362475,2
12359694,12359695,1791362475,1791362477,2
12359695,12359696,1791362477,1791362479,2
12359696,12359697,1791362479,1791362481,2
12359697,12359698,1791362481,1791362483,2
12359698,12359699,1791362483,1791362485,2
12359699,12359700,1791362485,1791362487,2
12359700,12359701,1791362487,1791362489,2
12359701,12359702,1791362489,1791362491,2
12359702,12359703,1791362491,1791362493,2
12359703,12359704,1791362493,1791362495,2
12359704,12359705,1791362495,1791362497,2
12359705,12359706,1791362497,1791362499,2
12359706,12359707,1791362499,1791362501,2
12359707,12359708,1791362501,1791362503,2
12359708,12359709,1791362503,1791362505,2
12359709,12359710,1791362505,1791362507,2
12359710,12359711,1791362507,1791362509,2
12359711,12359712,1791362509,1791362511,2
12359712,12359713,1791362511,1791362513,2
12359713,12359714,1791362513,1791362515,2
12359714,12359715,1791362515,1791362517,2
12359715,12359716,1791362517,1791362519,2
12359716,12359717,1791362519,1791362521,2
12359717,12359718,1791362521,1791362523,2
12359718,12359719,1791362523,1791362525,2
12359719,12359720,1791362525,1791362527,2
12359720,12359721,1791362527,1791362529,2
12359721,12359722,1791362529,1791362531,2
12359722,12359723,1791362531,1791362533,2
12359723,12359724,1791362533,1791362535,2
12359724,12359725,1791362535,1791362537,2
12359725,12359726,1791362537,1791362539,2
12359726,12359727,1791362539,1791362541,2
12359727,12359728,1791362541,1791362543,2
12359728,12359729,1791362543,1791362545,2
12359729,12359730,1791362545,1791362547,2
12359730,12359731,1791362547,1791362549,2
12359731,12359732,1791362549,1791362551,2
12359732,12359733,1791362551,1791362553,2
12359733,12359734,1791362553,1791362555,2
12359734,12359735,1791362555,1791362557,2
12359735,12359736,1791362557,1791362559,2
12359736,12359737,1791362559,1791362561,2
12359737,12359738,1791362561,1791362563,2
12359738,12359739,1791362563,1791362565,2
12359739,12359740,1791362565,1791362567,2
12359740,12359741,1791362567,1791362569,2
12359741,12359742,1791362569,1791362571,2
12359742,12359743,1791362571,1791362573,2
12359743,12359744,1791362573,1791362575,2
12359744,12359745,1791362575,1791362577,2
12359745,12359746,1791362577,1791362579,2
12359746,12359747,1791362579,1791362581,2
12359747,12359748,1791362581,1791362583,2
12359748,12359749,1791362583,1791362585,2
12359749,12359750,1791362585,1791362587,2
12359750,12359751,1791362587,1791362589,2
12359751,12359752,1791362589,1791362591,2
12359752,12359753,1791362591,1791362593,2
12359753,12359754,1791362593,1791362595,2
12359754,12359755,1791362595,1791362597,2
12359755,12359756,1791362597,1791362599,2
12359756,12359757,1791362599,1791362601,2
12359757,12359758,1791362601,1791362603,2
12359758,12359759,1791362603,1791362605,2
12359759,12359760,1791362605,1791362607,2
12359760,12359761,1791362607,1791362609,2
12359761,12359762,1791362609,1791362611,2
12359762,12359763,1791362611,1791362613,2
12359763,12359764,1791362613,1791362615,2
12359764,12359765,1791362615,1791362617,2
12359765,12359766,1791362617,1791362619,2
12359766,12359767,1791362619,1791362621,2
12359767,12359768,1791362621,1791362623,2
12359768,12359769,1791362623,1791362625,2
12359769,12359770,1791362625,1791362627,2
12359770,12359771,1791362627,1791362629,2
12359771,12359772,1791362629,1791362631,2
12359772,12359773,1791362631,1791362633,2
12359773,12359774,1791362633,1791362635,2
12359774,12359775,1791362635,1791362637,2
12359775,12359776,1791362637,1791362639,2
12359776,12359777,1791362639,1791362641,2
12359777,12359778,1791362641,1791362643,2
12359778,12359779,1791362643,1791362645,2
12359779,12359780,1791362645,1791362647,2
12359780,12359781,1791362647,1791362649,2
12359781,12359782,1791362649,1791362651,2
12359782,12359783,1791362651,1791362653,2
12359783,12359784,1791362653,1791362655,2
12359784,12359785,1791362655,1791362657,2
12359785,12359786,1791362657,1791362659,2
12359786,12359787,1791362659,1791362661,2
12359787,12359788,1791362661,1791362663,2
12359788,12359789,1791362663,1791362665,2
12359789,12359790,1791362665,1791362667,2
12359790,12359791,1791362667,1791362669,2
12359791,12359792,1791362669,1791362671,2
12359792,12359793,1791362671,1791362673,2
12359793,12359794,1791362673,1791362675,2
12359794,12359795,1791362675,1791362677,2
12359795,12359796,1791362677,1791362679,2
12359796,12359797,1791362679,1791362681,2
12359797,12359798,1791362681,1791362683,2
12359798,12359799,1791362683,1791362685,2
12359799,12359800,1791362685,1791362687,2
12359800,12359801,1791362687,1791362689,2
12359801,12359802,1791362689,1791362691,2
12359802,12359803,1791362691,1791362693,2
12359803,12359804,1791362693,1791362695,2
12359804,12359805,1791362695,1791362697,2
12359805,12359806,1791362697,1791362699,2
12359806,12359807,1791362699,1791362701,2
12359807,12359808,1791362701,1791362703,2
12359808,12359809,1791362703,1791362705,2
12359809,12359810,1791362705,1791362707,2
12359810,12359811,1791362707,1791362709,2
12359811,12359812,1791362709,1791362711,2
12359812,12359813,1791362711,1791362713,2
12359813,12359814,1791362713,1791362715,2
12359814,12359815,1791362715,1791362717,2
12359815,12359816,1791362717,1791362719,2
12359816,12359817,1791362719,1791362721,2
12359817,12359818,1791362721,1791362723,2
12359818,12359819,1791362723,1791362725,2
12359819,12359820,1791362725,1791362727,2
12359820,12359821,1791362727,1791362729,2
12359821,12359822,1791362729,1791362731,2
12359822,12359823,1791362731,1791362733,2
12359823,12359824,1791362733,1791362735,2
12359824,12359825,1791362735,1791362737,2
12359825,12359826,1791362737,1791362739,2
12359826,12359827,1791362739,1791362741,2
12359827,12359828,1791362741,1791362743,2
12359828,12359829,1791362743,1791362745,2
12359829,12359830,1791362745,1791362747,2
12359830,12359831,1791362747,1791362749,2
12359831,12359832,1791362749,1791362751,2
12359832,12359833,1791362751,1791362753,2
12359833,12359834,1791362753,1791362755,2
12359834,12359835,1791362755,1791362757,2
12359835,12359836,1791362757,1791362759,2
12359836,12359837,1791362759,1791362761,2
12359837,12359838,1791362761,1791362763,2
12359838,12359839,1791362763,1791362765,2
12359839,12359840,1791362765,1791362767,2
12359840,12359841,1791362767,1791362769,2
12359841,12359842,1791362769,1791362771,2
12359842,12359843,1791362771,1791362773,2
12359843,12359844,1791362773,1791362775,2
12359844,12359845,1791362775,1791362777,2
12359845,12359846,1791362777,1791362779,2
12359846,12359847,1791362779,1791362781,2
12359847,12359848,1791362781,1791362783,2
12359848,12359849,1791362783,1791362785,2
12359849,12359850,1791362785,1791362787,2
12359850,12359851,1791362787,1791362789,2
12359851,12359852,1791362789,1791362791,2
12359852,12359853,1791362791,1791362793,2
12359853,12359854,1791362793,1791362795,2
12359854,12359855,1791362795,1791362797,2
12359855,12359856,1791362797,1791362799,2
12359856,12359857,1791362799,1791362801,2
12359857,12359858,1791362801,1791362803,2
12359858,12359859,1791362803,1791362805,2
12359859,12359860,1791362805,1791362807,2
12359860,12359861,1791362807,1791362809,2
12359861,12359862,1791362809,1791362811,2
12359862,12359863,1791362811,1791362813,2
12359863,12359864,1791362813,1791362815,2
12359864,12359865,1791362815,1791362817,2
12359865,12359866,1791362817,1791362819,2
12359866,12359867,1791362819,1791362821,2
12359867,12359868,1791362821,1791362823,2
12359868,12359869,1791362823,1791362825,2
12359869,12359870,1791362825,1791362827,2
12359870,12359871,1791362827,1791362829,2
12359871,12359872,1791362829,1791362831,2
12359872,12359873,1791362831,1791362833,2
12359873,12359874,1791362833,1791362835,2
12359874,12359875,1791362835,1791362837,2
12359875,12359876,1791362837,1791362839,2
12359876,12359877,1791362839,1791362841,2
12359877,12359878,1791362841,1791362843,2
12359878,12359879,1791362843,1791362845,2
12359879,12359880,1791362845,1791362847,2
12359880,12359881,1791362847,1791362849,2
12359881,12359882,1791362849,1791362851,2
12359882,12359883,1791362851,1791362853,2
12359883,12359884,1791362853,1791362855,2
12359884,12359885,1791362855,1791362857,2
12359885,12359886,1791362857,1791362859,2
12359886,12359887,1791362859,1791362861,2
12359887,12359888,1791362861,1791362863,2
12359888,12359889,1791362863,1791362865,2
12359889,12359890,1791362865,1791362867,2
12359890,12359891,1791362867,1791362869,2
12359891,12359892,1791362869,1791362871,2
12359892,12359893,1791362871,1791362873,2
12359893,12359894,1791362873,1791362875,2
12359894,12359895,1791362875,1791362877,2
12359895,12359896,1791362877,1791362879,2
12359896,12359897,1791362879,1791362881,2
12359897,12359898,1791362881,1791362883,2
12359898,12359899,1791362883,1791362885,2
12359899,12359900,1791362885,1791362887,2
12359900,12359901,1791362887,1791362889,2
12359901,12359902,1791362889,1791362891,2
12359902,12359903,1791362891,1791362893,2
12359903,12359904,1791362893,1791362895,2
12359904,12359905,1791362895,1791362897,2
12359905,12359906,1791362897,1791362899,2
12359906,12359907,1791362899,1791362901,2
12359907,12359908,1791362901,1791362903,2
12359908,12359909,1791362903,1791362905,2
12359909,12359910,1791362905,1791362907,2
12359910,12359911,1791362907,1791362909,2
12359911,12359912,1791362909,1791362911,2
12359912,12359913,1791362911,1791362913,2
12359913,12359914,1791362913,1791362915,2
12359914,12359915,1791362915,1791362917,2
12359915,12359916,1791362917,1791362919,2
12359916,12359917,1791362919,1791362921,2
12359917,12359918,1791362921,1791362923,2
12359918,12359919,1791362923,1791362925,2
12359919,12359920,1791362925,1791362927,2
12359920,12359921,1791362927,1791362929,2
12359921,12359922,1791362929,1791362931,2
12359922,12359923,1791362931,1791362933,2
12359923,12359924,1791362933,1791362935,2
12359924,12359925,1791362935,1791362937,2
12359925,12359926,1791362937,1791362939,2
12359926,12359927,1791362939,1791362941,2
12359927,12359928,1791362941,1791362943,2
12359928,12359929,1791362943,1791362945,2
12359929,12359930,1791362945,1791362947,2
12359930,12359931,1791362947,1791362949,2
12359931,12359932,1791362949,1791362951,2
12359932,12359933,1791362951,1791362953,2
12359933,12359934,1791362953,1791362955,2
12359934,12359935,1791362955,1791362957,2
12359935,12359936,1791362957,1791362959,2
12359936,12359937,1791362959,1791362961,2
12359937,12359938,1791362961,1791362963,2
12359938,12359939,1791362963,1791362965,2
12359939,12359940,1791362965,1791362967,2
12359940,12359941,1791362967,1791362969,2
12359941,12359942,1791362969,1791362971,2
12359942,12359943,1791362971,1791362973,2
12359943,12359944,1791362973,1791362975,2
12359944,12359945,1791362975,1791362977,2
12359945,12359946,1791362977,1791362979,2
12359946,12359947,1791362979,1791362981,2
12359947,12359948,1791362981,1791362983,2
12359948,12359949,1791362983,1791362985,2
12359949,12359950,1791362985,1791362987,2
12359950,12359951,1791362987,1791362989,2
12359951,12359952,1791362989,1791362991,2
12359952,12359953,1791362991,1791362993,2
12359953,12359954,1791362993,1791362995,2
12359954,12359955,1791362995,1791362997,2
12359955,12359956,1791362997,1791362999,2
12359956,12359957,1791362999,1791363001,2
12359957,12359958,1791363001,1791363003,2
12359958,12359959,1791363003,1791363005,2
12359959,12359960,1791363005,1791363007,2
12359960,12359961,1791363007,1791363009,2
12359961,12359962,1791363009,1791363011,2
12359962,12359963,1791363011,1791363013,2
12359963,12359964,1791363013,1791363015,2
12359964,12359965,1791363015,1791363017,2
12359965,12359966,1791363017,1791363019,2
12359966,12359967,1791363019,1791363021,2
12359967,12359968,1791363021,1791363023,2
12359968,12359969,1791363023,1791363025,2
12359969,12359970,1791363025,1791363027,2
12359970,12359971,1791363027,1791363029,2
12359971,12359972,1791363029,1791363031,2
12359972,12359973,1791363031,1791363033,2
12359973,12359974,1791363033,1791363035,2
12359974,12359975,1791363035,1791363037,2
12359975,12359976,1791363037,1791363039,2
12359976,12359977,1791363039,1791363041,2
12359977,12359978,1791363041,1791363043,2
12359978,12359979,1791363043,1791363045,2
12359979,12359980,1791363045,1791363047,2
12359980,12359981,1791363047,1791363049,2
12359981,12359982,1791363049,1791363051,2
12359982,12359983,1791363051,1791363053,2
12359983,12359984,1791363053,1791363055,2
12359984,12359985,1791363055,1791363057,2
12359985,12359986,1791363057,1791363059,2
12359986,12359987,1791363059,1791363061,2
12359987,12359988,1791363061,1791363063,2
12359988,12359989,1791363063,1791363065,2
12359989,12359990,1791363065,1791363067,2
12359990,12359991,1791363067,1791363069,2
12359991,12359992,1791363069,1791363071,2
12359992,12359993,1791363071,1791363073,2
12359993,12359994,1791363073,1791363075,2
12359994,12359995,1791363075,1791363077,2
12359995,12359996,1791363077,1791363079,2
12359996,12359997,1791363079,1791363081,2
12359997,12359998,1791363081,1791363083,2
12359998,12359999,1791363083,1791363085,2
12359999,12360000,1791363085,1791363087,2
12360000,12360001,1791363087,1791363089,2
12360001,12360002,1791363089,1791363091,2
12360002,12360003,1791363091,1791363093,2
12360003,12360004,1791363093,1791363095,2
12360004,12360005,1791363095,1791363097,2
12360005,12360006,1791363097,1791363099,2
12360006,12360007,1791363099,1791363101,2
12360007,12360008,1791363101,1791363103,2
12360008,12360009,1791363103,1791363105,2
12360009,12360010,1791363105,1791363107,2
12360010,12360011,1791363107,1791363109,2
12360011,12360012,1791363109,1791363111,2
12360012,12360013,1791363111,1791363113,2
12360013,12360014,1791363113,1791363115,2
12360014,12360015,1791363115,1791363117,2
12360015,12360016,1791363117,1791363119,2
12360016,12360017,1791363119,1791363121,2
12360017,12360018,1791363121,1791363123,2
12360018,12360019,1791363123,1791363125,2
12360019,12360020,1791363125,1791363127,2
12360020,12360021,1791363127,1791363129,2
12360021,12360022,1791363129,1791363131,2
12360022,12360023,1791363131,1791363133,2
12360023,12360024,1791363133,1791363135,2
12360024,12360025,1791363135,1791363137,2
12360025,12360026,1791363137,1791363139,2
12360026,12360027,1791363139,1791363141,2
12360027,12360028,1791363141,1791363143,2
12360028,12360029,1791363143,1791363145,2
12360029,12360030,1791363145,1791363147,2
12360030,12360031,1791363147,1791363149,2
12360031,12360032,1791363149,1791363151,2
12360032,12360033,1791363151,1791363153,2
12360033,12360034,1791363153,1791363155,2
12360034,12360035,1791363155,1791363157,2
12360035,12360036,1791363157,1791363159,2
12360036,12360037,1791363159,1791363161,2
12360037,12360038,1791363161,1791363163,2
12360038,12360039,1791363163,1791363165,2
12360039,12360040,1791363165,1791363167,2
12360040,12360041,1791363167,1791363169,2
12360041,12360042,1791363169,1791363171,2
12360042,12360043,1791363171,1791363173,2
12360043,12360044,1791363173,1791363175,2
12360044,12360045,1791363175,1791363177,2
12360045,12360046,1791363177,1791363179,2
12360046,12360047,1791363179,1791363181,2
12360047,12360048,1791363181,1791363183,2
12360048,12360049,1791363183,1791363185,2
12360049,12360050,1791363185,1791363187,2
12360050,12360051,1791363187,1791363189,2
12360051,12360052,1791363189,1791363191,2
12360052,12360053,1791363191,1791363193,2
12360053,12360054,1791363193,1791363195,2
12360054,12360055,1791363195,1791363197,2
12360055,12360056,1791363197,1791363199,2
12360056,12360057,1791363199,1791363201,2
12360057,12360058,1791363201,1791363203,2
12360058,12360059,1791363203,1791363205,2
12360059,12360060,1791363205,1791363207,2
12360060,12360061,1791363207,1791363209,2
12360061,12360062,1791363209,1791363211,2
12360062,12360063,1791363211,1791363213,2
12360063,12360064,1791363213,1791363215,2
12360064,12360065,1791363215,1791363217,2
12360065,12360066,1791363217,1791363219,2
12360066,12360067,1791363219,1791363221,2
12360067,12360068,1791363221,1791363223,2
12360068,12360069,1791363223,1791363225,2
12360069,12360070,1791363225,1791363227,2
12360070,12360071,1791363227,1791363229,2
12360071,12360072,1791363229,1791363231,2
12360072,12360073,1791363231,1791363233,2
12360073,12360074,1791363233,1791363235,2
12360074,12360075,1791363235,1791363237,2
12360075,12360076,1791363237,1791363239,2
12360076,12360077,1791363239,1791363241,2
12360077,12360078,1791363241,1791363243,2
12360078,12360079,1791363243,1791363245,2
12360079,12360080,1791363245,1791363247,2
12360080,12360081,1791363247,1791363249,2
12360081,12360082,1791363249,1791363251,2
12360082,12360083,1791363251,1791363253,2
12360083,12360084,1791363253,1791363255,2
12360084,12360085,1791363255,1791363257,2
12360085,12360086,1791363257,1791363259,2
12360086,12360087,1791363259,1791363261,2
12360087,12360088,1791363261,1791363263,2
12360088,12360089,1791363263,1791363265,2
12360089,12360090,1791363265,1791363267,2
12360090,12360091,1791363267,1791363269,2
12360091,12360092,1791363269,1791363271,2
12360092,12360093,1791363271,1791363273,2
12360093,12360094,1791363273,1791363275,2
12360094,12360095,1791363275,1791363277,2
12360095,12360096,1791363277,1791363279,2
12360096,12360097,1791363279,1791363281,2
12360097,12360098,1791363281,1791363283,2
12360098,12360099,1791363283,1791363285,2
12360099,12360100,1791363285,1791363287,2
12360100,12360101,1791363287,1791363289,2
12360101,12360102,1791363289,1791363291,2
12360102,12360103,1791363291,1791363293,2
12360103,12360104,1791363293,1791363295,2
12360104,12360105,1791363295,1791363297,2
12360105,12360106,1791363297,1791363299,2
12360106,12360107,1791363299,1791363301,2
12360107,12360108,1791363301,1791363303,2
12360108,12360109,1791363303,1791363305,2
12360109,12360110,1791363305,1791363307,2
12360110,12360111,1791363307,1791363309,2
12360111,12360112,1791363309,1791363311,2
12360112,12360113,1791363311,1791363313,2
12360113,12360114,1791363313,1791363315,2
12360114,12360115,1791363315,1791363317,2
12360115,12360116,1791363317,1791363319,2
12360116,12360117,1791363319,1791363321,2
12360117,12360118,1791363321,1791363323,2
12360118,12360119,1791363323,1791363325,2
12360119,12360120,1791363325,1791363327,2
12360120,12360121,1791363327,1791363329,2
12360121,12360122,1791363329,1791363331,2
12360122,12360123,1791363331,1791363333,2
12360123,12360124,1791363333,1791363335,2
12360124,12360125,1791363335,1791363337,2
12360125,12360126,1791363337,1791363339,2
12360126,12360127,1791363339,1791363341,2
12360127,12360128,1791363341,1791363343,2
12360128,12360129,1791363343,1791363345,2
12360129,12360130,1791363345,1791363347,2
12360130,12360131,1791363347,1791363349,2
12360131,12360132,1791363349,1791363351,2
12360132,12360133,1791363351,1791363353,2
12360133,12360134,1791363353,1791363355,2
12360134,12360135,1791363355,1791363357,2
12360135,12360136,1791363357,1791363359,2
12360136,12360137,1791363359,1791363361,2
12360137,12360138,1791363361,1791363363,2
12360138,12360139,1791363363,1791363365,2
12360139,12360140,1791363365,1791363367,2
12360140,12360141,1791363367,1791363369,2
12360141,12360142,1791363369,1791363371,2
12360142,12360143,1791363371,1791363373,2
12360143,12360144,1791363373,1791363375,2
12360144,12360145,1791363375,1791363377,2
12360145,12360146,1791363377,1791363379,2
12360146,12360147,1791363379,1791363381,2
12360147,12360148,1791363381,1791363383,2
12360148,12360149,1791363383,1791363385,2
12360149,12360150,1791363385,1791363387,2
12360150,12360151,1791363387,1791363389,2
12360151,12360152,1791363389,1791363391,2
12360152,12360153,1791363391,1791363393,2
12360153,12360154,1791363393,1791363395,2
12360154,12360155,1791363395,1791363397,2
12360155,12360156,1791363397,1791363399,2
12360156,12360157,1791363399,1791363401,2
12360157,12360158,1791363401,1791363403,2
12360158,12360159,1791363403,1791363405,2
12360159,12360160,1791363405,1791363407,2
12360160,12360161,1791363407,1791363409,2
12360161,12360162,1791363409,1791363411,2
12360162,12360163,1791363411,1791363413,2
12360163,12360164,1791363413,1791363415,2
12360164,12360165,1791363415,1791363417,2
12360165,12360166,1791363417,1791363419,2
12360166,12360167,1791363419,1791363421,2
12360167,12360168,1791363421,1791363423,2
12360168,12360169,1791363423,1791363425,2
12360169,12360170,1791363425,1791363427,2
12360170,12360171,1791363427,1791363429,2
12360171,12360172,1791363429,1791363431,2
12360172,12360173,1791363431,1791363433,2
12360173,12360174,1791363433,1791363435,2
12360174,12360175,1791363435,1791363437,2
12360175,12360176,1791363437,1791363439,2
12360176,12360177,1791363439,1791363441,2
12360177,12360178,1791363441,1791363443,2
12360178,12360179,1791363443,1791363445,2
12360179,12360180,1791363445,1791363447,2
12360180,12360181,1791363447,1791363449,2
12360181,12360182,1791363449,1791363451,2
12360182,12360183,1791363451,1791363453,2
12360183,12360184,1791363453,1791363455,2
12360184,12360185,1791363455,1791363457,2
12360185,12360186,1791363457,1791363459,2
12360186,12360187,1791363459,1791363461,2
12360187,12360188,1791363461,1791363463,2
12360188,12360189,1791363463,1791363465,2
12360189,12360190,1791363465,1791363467,2
12360190,12360191,1791363467,1791363469,2
12360191,12360192,1791363469,1791363471,2
12360192,12360193,1791363471,1791363473,2
12360193,12360194,1791363473,1791363475,2
12360194,12360195,1791363475,1791363477,2
12360195,12360196,1791363477,1791363479,2
12360196,12360197,1791363479,1791363481,2
12360197,12360198,1791363481,1791363483,2
12360198,12360199,1791363483,1791363485,2
12360199,12360200,1791363485,1791363487,2
12360200,12360201,1791363487,1791363489,2
12360201,12360202,1791363489,1791363491,2
12360202,12360203,1791363491,1791363493,2
12360203,12360204,1791363493,1791363495,2
12360204,12360205,1791363495,1791363497,2
12360205,12360206,1791363497,1791363499,2
12360206,12360207,1791363499,1791363501,2
12360207,12360208,1791363501,1791363503,2
12360208,12360209,1791363503,1791363505,2
12360209,12360210,1791363505,1791363507,2
12360210,12360211,1791363507,1791363509,2
12360211,12360212,1791363509,1791363511,2
12360212,12360213,1791363511,1791363513,2
12360213,12360214,1791363513,1791363515,2
12360214,12360215,1791363515,1791363517,2
12360215,12360216,1791363517,1791363519,2
12360216,12360217,1791363519,1791363521,2
12360217,12360218,1791363521,1791363523,2
12360218,12360219,1791363523,1791363525,2
12360219,12360220,1791363525,1791363527,2
12360220,12360221,1791363527,1791363529,2
12360221,12360222,1791363529,1791363531,2
12360222,12360223,1791363531,1791363533,2
12360223,12360224,1791363533,1791363535,2
12360224,12360225,1791363535,1791363537,2
12360225,12360226,1791363537,1791363539,2
12360226,12360227,1791363539,1791363541,2
12360227,12360228,1791363541,1791363543,2
12360228,12360229,1791363543,1791363545,2
12360229,12360230,1791363545,1791363547,2
12360230,12360231,1791363547,1791363549,2
12360231,12360232,1791363549,1791363551,2
12360232,12360233,1791363551,1791363553,2
12360233,12360234,1791363553,1791363555,2
12360234,12360235,1791363555,1791363557,2
12360235,12360236,1791363557,1791363559,2
12360236,12360237,1791363559,1791363561,2
12360237,12360238,1791363561,1791363563,2
12360238,12360239,1791363563,1791363565,2
12360239,12360240,1791363565,1791363567,2
12360240,12360241,1791363567,1791363569,2
12360241,12360242,1791363569,1791363571,2
12360242,12360243,1791363571,1791363573,2
12360243,12360244,1791363573,1791363575,2
12360244,12360245,1791363575,1791363577,2
12360245,12360246,1791363577,1791363579,2
12360246,12360247,1791363579,1791363581,2
12360247,12360248,1791363581,1791363583,2
12360248,12360249,1791363583,1791363585,2
12360249,12360250,1791363585,1791363587,2
12360250,12360251,1791363587,1791363589,2
12360251,12360252,1791363589,1791363591,2
12360252,12360253,1791363591,1791363593,2
12360253,12360254,1791363593,1791363595,2
12360254,12360255,1791363595,1791363597,2
12360255,12360256,1791363597,1791363599,2
12360256,12360257,1791363599,1791363601,2
12360257,12360258,1791363601,1791363603,2
12360258,12360259,1791363603,1791363605,2
12360259,12360260,1791363605,1791363607,2
12360260,12360261,1791363607,1791363609,2
12360261,12360262,1791363609,1791363611,2
12360262,12360263,1791363611,1791363613,2
12360263,12360264,1791363613,1791363615,2
12360264,12360265,1791363615,1791363617,2
12360265,12360266,1791363617,1791363619,2
12360266,12360267,1791363619,1791363621,2
12360267,12360268,1791363621,1791363623,2
12360268,12360269,1791363623,1791363625,2
12360269,12360270,1791363625,1791363627,2
12360270,12360271,1791363627,1791363629,2
12360271,12360272,1791363629,1791363631,2
12360272,12360273,1791363631,1791363633,2
12360273,12360274,1791363633,1791363635,2
12360274,12360275,1791363635,1791363637,2
12360275,12360276,1791363637,1791363639,2
12360276,12360277,1791363639,1791363641,2
12360277,12360278,1791363641,1791363643,2
12360278,12360279,1791363643,1791363645,2
12360279,12360280,1791363645,1791363647,2
12360280,12360281,1791363647,1791363649,2
12360281,12360282,1791363649,1791363651,2
12360282,12360283,1791363651,1791363653,2
12360283,12360284,1791363653,1791363655,2
12360284,12360285,1791363655,1791363657,2
12360285,12360286,1791363657,1791363659,2
12360286,12360287,1791363659,1791363661,2
12360287,12360288,1791363661,1791363663,2
12360288,12360289,1791363663,1791363665,2
12360289,12360290,1791363665,1791363667,2
12360290,12360291,1791363667,1791363669,2
12360291,12360292,1791363669,1791363671,2
12360292,12360293,1791363671,1791363673,2
12360293,12360294,1791363673,1791363675,2
12360294,12360295,1791363675,1791363677,2
12360295,12360296,1791363677,1791363679,2
12360296,12360297,1791363679,1791363681,2
12360297,12360298,1791363681,1791363683,2
12360298,12360299,1791363683,1791363685,2
12360299,12360300,1791363685,1791363687,2
12360300,12360301,1791363687,1791363689,2
12360301,12360302,1791363689,1791363691,2
12360302,12360303,1791363691,1791363693,2
12360303,12360304,1791363693,1791363695,2
12360304,12360305,1791363695,1791363697,2
12360305,12360306,1791363697,1791363699,2
12360306,12360307,1791363699,1791363701,2
12360307,12360308,1791363701,1791363703,2
12360308,12360309,1791363703,1791363705,2
12360309,12360310,1791363705,1791363707,2
12360310,12360311,1791363707,1791363709,2
12360311,12360312,1791363709,1791363711,2
12360312,12360313,1791363711,1791363713,2
12360313,12360314,1791363713,1791363715,2
12360314,12360315,1791363715,1791363717,2
12360315,12360316,1791363717,1791363719,2
12360316,12360317,1791363719,1791363721,2
12360317,12360318,1791363721,1791363723,2
12360318,12360319,1791363723,1791363725,2
12360319,12360320,1791363725,1791363727,2
12360320,12360321,1791363727,1791363729,2
12360321,12360322,1791363729,1791363731,2
12360322,12360323,1791363731,1791363733,2
12360323,12360324,1791363733,1791363735,2
12360324,12360325,1791363735,1791363737,2
12360325,12360326,1791363737,1791363739,2
12360326,12360327,1791363739,1791363741,2
12360327,12360328,1791363741,1791363743,2
12360328,12360329,1791363743,1791363745,2
12360329,12360330,1791363745,1791363747,2
12360330,12360331,1791363747,1791363749,2
12360331,12360332,1791363749,1791363751,2
12360332,12360333,1791363751,1791363753,2
12360333,12360334,1791363753,1791363755,2
12360334,12360335,1791363755,1791363757,2
12360335,12360336,1791363757,1791363759,2
12360336,12360337,1791363759,1791363761,2
12360337,12360338,1791363761,1791363763,2
12360338,12360339,1791363763,1791363765,2
12360339,12360340,1791363765,1791363767,2
12360340,12360341,1791363767,1791363769,2
12360341,12360342,1791363769,1791363771,2
12360342,12360343,1791363771,1791363773,2
12360343,12360344,1791363773,1791363775,2
12360344,12360345,1791363775,1791363777,2
12360345,12360346,1791363777,1791363779,2
12360346,12360347,1791363779,1791363781,2
12360347,12360348,1791363781,1791363783,2
12360348,12360349,1791363783,1791363785,2
12360349,12360350,1791363785,1791363787,2
12360350,12360351,1791363787,1791363789,2
12360351,12360352,1791363789,1791363791,2
12360352,12360353,1791363791,1791363793,2
12360353,12360354,1791363793,1791363795,2
12360354,12360355,1791363795,1791363797,2
12360355,12360356,1791363797,1791363799,2
12360356,12360357,1791363799,1791363801,2
12360357,12360358,1791363801,1791363803,2
12360358,12360359,1791363803,1791363805,2
12360359,12360360,1791363805,1791363807,2
12360360,12360361,1791363807,1791363809,2
12360361,12360362,1791363809,1791363811,2
12360362,12360363,1791363811,1791363813,2
12360363,12360364,1791363813,1791363815,2
12360364,12360365,1791363815,1791363817,2
12360365,12360366,1791363817,1791363819,2
12360366,12360367,1791363819,1791363821,2
12360367,12360368,1791363821,1791363823,2
12360368,12360369,1791363823,1791363825,2
12360369,12360370,1791363825,1791363827,2
12360370,12360371,1791363827,1791363829,2
12360371,12360372,1791363829,1791363831,2
12360372,12360373,1791363831,1791363833,2
12360373,12360374,1791363833,1791363835,2
12360374,12360375,1791363835,1791363837,2
12360375,12360376,1791363837,1791363839,2
12360376,12360377,1791363839,1791363841,2
12360377,12360378,1791363841,1791363843,2
12360378,12360379,1791363843,1791363845,2
12360379,12360380,1791363845,1791363847,2
12360380,12360381,1791363847,1791363849,2
12360381,12360382,1791363849,1791363851,2
12360382,12360383,1791363851,1791363853,2
12360383,12360384,1791363853,1791363855,2
12360384,12360385,1791363855,1791363857,2
12360385,12360386,1791363857,1791363859,2
12360386,12360387,1791363859,1791363861,2
12360387,12360388,1791363861,1791363863,2
12360388,12360389,1791363863,1791363865,2
12360389,12360390,1791363865,1791363867,2
12360390,12360391,1791363867,1791363869,2
12360391,12360392,1791363869,1791363871,2
12360392,12360393,1791363871,1791363873,2
12360393,12360394,1791363873,1791363875,2
12360394,12360395,1791363875,1791363877,2
12360395,12360396,1791363877,1791363879,2
12360396,12360397,1791363879,1791363881,2
12360397,12360398,1791363881,1791363883,2
12360398,12360399,1791363883,1791363885,2
12360399,12360400,1791363885,1791363887,2
12360400,12360401,1791363887,1791363889,2
12360401,12360402,1791363889,1791363891,2
12360402,12360403,1791363891,1791363893,2
12360403,12360404,1791363893,1791363895,2
12360404,12360405,1791363895,1791363897,2
12360405,12360406,1791363897,1791363899,2
12360406,12360407,1791363899,1791363901,2
12360407,12360408,1791363901,1791363903,2
12360408,12360409,1791363903,1791363905,2
12360409,12360410,1791363905,1791363907,2
12360410,12360411,1791363907,1791363909,2
12360411,12360412,1791363909,1791363911,2
12360412,12360413,1791363911,1791363913,2
12360413,12360414,1791363913,1791363915,2
12360414,12360415,1791363915,1791363917,2
12360415,12360416,1791363917,1791363919,2
12360416,12360417,1791363919,1791363921,2
12360417,12360418,1791363921,1791363923,2
12360418,12360419,1791363923,1791363925,2
12360419,12360420,1791363925,1791363927,2
12360420,12360421,1791363927,1791363929,2
12360421,12360422,1791363929,1791363931,2
12360422,12360423,1791363931,1791363933,2
12360423,12360424,1791363933,1791363935,2
12360424,12360425,1791363935,1791363937,2
12360425,12360426,1791363937,1791363939,2
12360426,12360427,1791363939,1791363941,2
12360427,12360428,1791363941,1791363943,2
12360428,12360429,1791363943,1791363945,2
12360429,12360430,1791363945,1791363947,2
12360430,12360431,1791363947,1791363949,2
12360431,12360432,1791363949,1791363951,2
12360432,12360433,1791363951,1791363953,2
12360433,12360434,1791363953,1791363955,2
12360434,12360435,1791363955,1791363957,2
12360435,12360436,1791363957,1791363959,2
12360436,12360437,1791363959,1791363961,2
12360437,12360438,1791363961,1791363963,2
12360438,12360439,1791363963,1791363965,2
12360439,12360440,1791363965,1791363967,2
12360440,12360441,1791363967,1791363969,2
12360441,12360442,1791363969,1791363971,2
12360442,12360443,1791363971,1791363973,2
12360443,12360444,1791363973,1791363975,2
12360444,12360445,1791363975,1791363977,2
12360445,12360446,1791363977,1791363979,2
12360446,12360447,1791363979,1791363981,2
12360447,12360448,1791363981,1791363983,2
12360448,12360449,1791363983,1791363985,2
12360449,12360450,1791363985,1791363987,2
12360450,12360451,1791363987,1791363989,2
12360451,12360452,1791363989,1791363991,2
12360452,12360453,1791363991,1791363993,2
12360453,12360454,1791363993,1791363995,2
12360454,12360455,1791363995,1791363997,2
12360455,12360456,1791363997,1791363999,2
12360456,12360457,1791363999,1791364001,2
12360457,12360458,1791364001,1791364003,2
12360458,12360459,1791364003,1791364005,2
12360459,12360460,1791364005,1791364007,2
12360460,12360461,1791364007,1791364009,2
12360461,12360462,1791364009,1791364011,2
12360462,12360463,1791364011,1791364013,2
12360463,12360464,1791364013,1791364015,2
12360464,12360465,1791364015,1791364017,2
12360465,12360466,1791364017,1791364019,2
12360466,12360467,1791364019,1791364021,2
12360467,12360468,1791364021,1791364023,2
12360468,12360469,1791364023,1791364025,2
12360469,12360470,1791364025,1791364027,2
12360470,12360471,1791364027,1791364029,2
12360471,12360472,1791364029,1791364031,2
12360472,12360473,1791364031,1791364033,2
12360473,12360474,1791364033,1791364035,2
12360474,12360475,1791364035,1791364037,2
12360475,12360476,1791364037,1791364039,2
12360476,12360477,1791364039,1791364041,2
12360477,12360478,1791364041,1791364043,2
12360478,12360479,1791364043,1791364045,2
12360479,12360480,1791364045,1791364047,2
12360480,12360481,1791364047,1791364049,2
12360481,12360482,1791364049,1791364051,2
12360482,12360483,1791364051,1791364053,2
12360483,12360484,1791364053,1791364055,2
12360484,12360485,1791364055,1791364057,2
12360485,12360486,1791364057,1791364059,2
12360486,12360487,1791364059,1791364061,2
12360487,12360488,1791364061,1791364063,2
12360488,12360489,1791364063,1791364065,2
12360489,12360490,1791364065,1791364067,2
12360490,12360491,1791364067,1791364069,2
12360491,12360492,1791364069,1791364071,2
12360492,12360493,1791364071,1791364073,2
12360493,12360494,1791364073,1791364075,2
12360494,12360495,1791364075,1791364077,2
12360495,12360496,1791364077,1791364079,2
12360496,12360497,1791364079,1791364081,2
12360497,12360498,1791364081,1791364083,2
12360498,12360499,1791364083,1791364085,2
12360499,12360500,1791364085,1791364087,2
12360500,12360501,1791364087,1791364089,2
12360501,12360502,1791364089,1791364091,2
12360502,12360503,1791364091,1791364093,2
12360503,12360504,1791364093,1791364095,2
12360504,12360505,1791364095,1791364097,2
12360505,12360506,1791364097,1791364099,2
12360506,12360507,1791364099,1791364101,2
12360507,12360508,1791364101,1791364103,2
12360508,12360509,1791364103,1791364105,2
12360509,12360510,1791364105,1791364107,2
12360510,12360511,1791364107,1791364109,2
12360511,12360512,1791364109,1791364111,2
12360512,12360513,1791364111,1791364113,2
12360513,12360514,1791364113,1791364115,2
12360514,12360515,1791364115,1791364117,2
12360515,12360516,1791364117,1791364119,2
12360516,12360517,1791364119,1791364121,2
12360517,12360518,1791364121,1791364123,2
12360518,12360519,1791364123,1791364125,2
12360519,12360520,1791364125,1791364127,2
12360520,12360521,1791364127,1791364129,2
12360521,12360522,1791364129,1791364131,2
12360522,12360523,1791364131,1791364133,2
12360523,12360524,1791364133,1791364135,2
12360524,12360525,1791364135,1791364137,2
12360525,12360526,1791364137,1791364139,2
12360526,12360527,1791364139,1791364141,2
12360527,12360528,1791364141,1791364143,2
12360528,12360529,1791364143,1791364145,2
12360529,12360530,1791364145,1791364147,2
12360530,12360531,1791364147,1791364149,2
12360531,12360532,1791364149,1791364151,2
12360532,12360533,1791364151,1791364153,2
12360533,12360534,1791364153,1791364155,2
12360534,12360535,1791364155,1791364157,2
12360535,12360536,1791364157,1791364159,2
12360536,12360537,1791364159,1791364161,2
12360537,12360538,1791364161,1791364163,2
12360538,12360539,1791364163,1791364165,2
12360539,12360540,1791364165,1791364167,2
12360540,12360541,1791364167,1791364169,2
12360541,12360542,1791364169,1791364171,2
12360542,12360543,1791364171,1791364173,2
12360543,12360544,1791364173,1791364175,2
12360544,12360545,1791364175,1791364177,2
12360545,12360546,1791364177,1791364179,2
12360546,12360547,1791364179,1791364181,2
12360547,12360548,1791364181,1791364183,2
12360548,12360549,1791364183,1791364185,2
12360549,12360550,1791364185,1791364187,2
12360550,12360551,1791364187,1791364189,2
12360551,12360552,1791364189,1791364191,2
12360552,12360553,1791364191,1791364193,2
12360553,12360554,1791364193,1791364195,2
12360554,12360555,1791364195,1791364197,2
12360555,12360556,1791364197,1791364199,2
12360556,12360557,1791364199,1791364201,2
12360557,12360558,1791364201,1791364203,2
12360558,12360559,1791364203,1791364205,2
12360559,12360560,1791364205,1791364207,2
12360560,12360561,1791364207,1791364209,2
12360561,12360562,1791364209,1791364211,2
12360562,12360563,1791364211,1791364213,2
12360563,12360564,1791364213,1791364215,2
12360564,12360565,1791364215,1791364217,2
12360565,12360566,1791364217,1791364219,2
12360566,12360567,1791364219,1791364221,2
12360567,12360568,1791364221,1791364223,2
12360568,12360569,1791364223,1791364225,2
12360569,12360570,1791364225,1791364227,2
12360570,12360571,1791364227,1791364229,2
12360571,12360572,1791364229,1791364231,2
12360572,12360573,1791364231,1791364233,2
12360573,12360574,1791364233,1791364235,2
12360574,12360575,1791364235,1791364237,2
12360575,12360576,1791364237,1791364239,2
12360576,12360577,1791364239,1791364241,2
12360577,12360578,1791364241,1791364243,2
12360578,12360579,1791364243,1791364245,2
12360579,12360580,1791364245,1791364247,2
12360580,12360581,1791364247,1791364249,2
12360581,12360582,1791364249,1791364251,2
12360582,12360583,1791364251,1791364253,2
12360583,12360584,1791364253,1791364255,2
12360584,12360585,1791364255,1791364257,2
12360585,12360586,1791364257,1791364259,2
12360586,12360587,1791364259,1791364261,2
12360587,12360588,1791364261,1791364263,2
12360588,12360589,1791364263,1791364265,2
12360589,12360590,1791364265,1791364267,2
12360590,12360591,1791364267,1791364269,2
12360591,12360592,1791364269,1791364271,2
12360592,12360593,1791364271,1791364273,2
12360593,12360594,1791364273,1791364275,2
12360594,12360595,1791364275,1791364277,2
12360595,12360596,1791364277,1791364279,2
12360596,12360597,1791364279,1791364281,2
12360597,12360598,1791364281,1791364283,2
12360598,12360599,1791364283,1791364285,2
12360599,12360600,1791364285,1791364287,2
12360600,12360601,1791364287,1791364289,2
12360601,12360602,1791364289,1791364291,2
12360602,12360603,1791364291,1791364293,2
12360603,12360604,1791364293,1791364295,2
12360604,12360605,1791364295,1791364297,2
12360605,12360606,1791364297,1791364299,2
12360606,12360607,1791364299,1791364301,2
12360607,12360608,1791364301,1791364303,2
12360608,12360609,1791364303,1791364305,2
12360609,12360610,1791364305,1791364307,2
12360610,12360611,1791364307,1791364309,2
12360611,12360612,1791364309,1791364311,2
12360612,12360613,1791364311,1791364313,2
12360613,12360614,1791364313,1791364315,2
12360614,12360615,1791364315,1791364317,2
12360615,12360616,1791364317,1791364319,2
12360616,12360617,1791364319,1791364321,2
12360617,12360618,1791364321,1791364323,2
12360618,12360619,1791364323,1791364325,2
12360619,12360620,1791364325,1791364327,2
12360620,12360621,1791364327,1791364329,2
12360621,12360622,1791364329,1791364331,2
12360622,12360623,1791364331,1791364333,2
12360623,12360624,1791364333,1791364335,2
12360624,12360625,1791364335,1791364337,2
12360625,12360626,1791364337,1791364339,2
12360626,12360627,1791364339,1791364341,2
12360627,12360628,1791364341,1791364343,2
12360628,12360629,1791364343,1791364345,2
12360629,12360630,1791364345,1791364347,2
12360630,12360631,1791364347,1791364349,2
12360631,12360632,1791364349,1791364351,2
12360632,12360633,1791364351,1791364353,2
12360633,12360634,1791364353,1791364355,2
12360634,12360635,1791364355,1791364357,2
12360635,12360636,1791364357,1791364359,2
12360636,12360637,1791364359,1791364361,2
12360637,12360638,1791364361,1791364363,2
12360638,12360639,1791364363,1791364365,2
12360639,12360640,1791364365,1791364367,2
12360640,12360641,1791364367,1791364369,2
12360641,12360642,1791364369,1791364371,2
12360642,12360643,1791364371,1791364373,2
12360643,12360644,1791364373,1791364375,2
12360644,12360645,1791364375,1791364377,2
12360645,12360646,1791364377,1791364379,2
12360646,12360647,1791364379,1791364381,2
12360647,12360648,1791364381,1791364383,2
12360648,12360649,1791364383,1791364385,2
12360649,12360650,1791364385,1791364387,2
12360650,12360651,1791364387,1791364389,2
12360651,12360652,1791364389,1791364391,2
12360652,12360653,1791364391,1791364393,2
12360653,12360654,1791364393,1791364395,2
12360654,12360655,1791364395,1791364397,2
12360655,12360656,1791364397,1791364399,2
12360656,12360657,1791364399,1791364401,2
12360657,12360658,1791364401,1791364403,2
12360658,12360659,1791364403,1791364405,2
12360659,12360660,1791364405,1791364407,2
12360660,12360661,1791364407,1791364409,2
12360661,12360662,1791364409,1791364411,2
12360662,12360663,1791364411,1791364413,2
12360663,12360664,1791364413,1791364415,2
12360664,12360665,1791364415,1791364417,2
12360665,12360666,1791364417,1791364419,2
12360666,12360667,1791364419,1791364421,2
12360667,12360668,1791364421,1791364423,2
12360668,12360669,1791364423,1791364425,2
12360669,12360670,1791364425,1791364427,2
12360670,12360671,1791364427,1791364429,2
12360671,12360672,1791364429,1791364431,2
12360672,12360673,1791364431,1791364433,2
12360673,12360674,1791364433,1791364435,2
12360674,12360675,1791364435,1791364437,2
12360675,12360676,1791364437,1791364439,2
12360676,12360677,1791364439,1791364441,2
12360677,12360678,1791364441,1791364443,2
12360678,12360679,1791364443,1791364445,2
12360679,12360680,1791364445,1791364447,2
12360680,12360681,1791364447,1791364449,2
12360681,12360682,1791364449,1791364451,2
12360682,12360683,1791364451,1791364453,2
12360683,12360684,1791364453,1791364455,2
12360684,12360685,1791364455,1791364457,2
12360685,12360686,1791364457,1791364459,2
12360686,12360687,1791364459,1791364461,2
12360687,12360688,1791364461,1791364463,2
12360688,12360689,1791364463,1791364465,2
12360689,12360690,1791364465,1791364467,2
12360690,12360691,1791364467,1791364469,2
12360691,12360692,1791364469,1791364471,2
12360692,12360693,1791364471,1791364473,2
12360693,12360694,1791364473,1791364475,2
12360694,12360695,1791364475,1791364477,2
12360695,12360696,1791364477,1791364479,2
12360696,12360697,1791364479,1791364481,2
12360697,12360698,1791364481,1791364483,2
12360698,12360699,1791364483,1791364485,2
12360699,12360700,1791364485,1791364487,2
12360700,12360701,1791364487,1791364489,2
12360701,12360702,1791364489,1791364491,2
12360702,12360703,1791364491,1791364493,2
12360703,12360704,1791364493,1791364495,2
12360704,12360705,1791364495,1791364497,2
12360705,12360706,1791364497,1791364499,2
12360706,12360707,1791364499,1791364501,2
12360707,12360708,1791364501,1791364503,2
12360708,12360709,1791364503,1791364505,2
12360709,12360710,1791364505,1791364507,2
12360710,12360711,1791364507,1791364509,2
12360711,12360712,1791364509,1791364511,2
12360712,12360713,1791364511,1791364513,2
12360713,12360714,1791364513,1791364515,2
12360714,12360715,1791364515,1791364517,2
12360715,12360716,1791364517,1791364519,2
12360716,12360717,1791364519,1791364521,2
12360717,12360718,1791364521,1791364523,2
12360718,12360719,1791364523,1791364525,2
12360719,12360720,1791364525,1791364527,2
12360720,12360721,1791364527,1791364529,2
12360721,12360722,1791364529,1791364531,2
12360722,12360723,1791364531,1791364533,2
12360723,12360724,1791364533,1791364535,2
12360724,12360725,1791364535,1791364537,2
12360725,12360726,1791364537,1791364539,2
12360726,12360727,1791364539,1791364541,2
12360727,12360728,1791364541,1791364543,2
12360728,12360729,1791364543,1791364545,2
12360729,12360730,1791364545,1791364547,2
12360730,12360731,1791364547,1791364549,2
12360731,12360732,1791364549,1791364551,2
12360732,12360733,1791364551,1791364553,2
12360733,12360734,1791364553,1791364555,2
12360734,12360735,1791364555,1791364557,2
12360735,12360736,1791364557,1791364559,2
12360736,12360737,1791364559,1791364561,2
12360737,12360738,1791364561,1791364563,2
12360738,12360739,1791364563,1791364565,2
12360739,12360740,1791364565,1791364567,2
12360740,12360741,1791364567,1791364569,2
12360741,12360742,1791364569,1791364571,2
12360742,12360743,1791364571,1791364573,2
12360743,12360744,1791364573,1791364575,2
12360744,12360745,1791364575,1791364577,2
12360745,12360746,1791364577,1791364579,2
12360746,12360747,1791364579,1791364581,2
12360747,12360748,1791364581,1791364583,2
12360748,12360749,1791364583,1791364585,2
12360749,12360750,1791364585,1791364587,2
12360750,12360751,1791364587,1791364589,2
12360751,12360752,1791364589,1791364591,2
12360752,12360753,1791364591,1791364593,2
12360753,12360754,1791364593,1791364595,2
12360754,12360755,1791364595,1791364597,2
12360755,12360756,1791364597,1791364599,2
12360756,12360757,1791364599,1791364601,2
12360757,12360758,1791364601,1791364603,2
12360758,12360759,1791364603,1791364605,2
12360759,12360760,1791364605,1791364607,2
12360760,12360761,1791364607,1791364609,2
12360761,12360762,1791364609,1791364611,2
12360762,12360763,1791364611,1791364613,2
12360763,12360764,1791364613,1791364615,2
12360764,12360765,1791364615,1791364617,2
12360765,12360766,1791364617,1791364619,2
12360766,12360767,1791364619,1791364621,2
12360767,12360768,1791364621,1791364623,2
12360768,12360769,1791364623,1791364625,2
12360769,12360770,1791364625,1791364627,2
12360770,12360771,1791364627,1791364629,2
12360771,12360772,1791364629,1791364631,2
12360772,12360773,1791364631,1791364633,2
12360773,12360774,1791364633,1791364635,2
12360774,12360775,1791364635,1791364637,2
12360775,12360776,1791364637,1791364639,2
12360776,12360777,1791364639,1791364641,2
12360777,12360778,1791364641,1791364643,2
12360778,12360779,1791364643,1791364645,2
12360779,12360780,1791364645,1791364647,2
12360780,12360781,1791364647,1791364649,2
12360781,12360782,1791364649,1791364651,2
12360782,12360783,1791364651,1791364653,2
12360783,12360784,1791364653,1791364655,2
12360784,12360785,1791364655,1791364657,2
12360785,12360786,1791364657,1791364659,2
12360786,12360787,1791364659,1791364661,2
12360787,12360788,1791364661,1791364663,2
12360788,12360789,1791364663,1791364665,2
12360789,12360790,1791364665,1791364667,2
12360790,12360791,1791364667,1791364669,2
12360791,12360792,1791364669,1791364671,2
12360792,12360793,1791364671,1791364673,2
12360793,12360794,1791364673,1791364675,2
12360794,12360795,1791364675,1791364677,2
12360795,12360796,1791364677,1791364679,2
12360796,12360797,1791364679,1791364681,2
12360797,12360798,1791364681,1791364683,2
12360798,12360799,1791364683,1791364685,2
12360799,12360800,1791364685,1791364687,2
12360800,12360801,1791364687,1791364689,2
12360801,12360802,1791364689,1791364691,2
12360802,12360803,1791364691,1791364693,2
12360803,12360804,1791364693,1791364695,2
12360804,12360805,1791364695,1791364697,2
12360805,12360806,1791364697,1791364699,2
12360806,12360807,1791364699,1791364701,2
12360807,12360808,1791364701,1791364703,2
12360808,12360809,1791364703,1791364705,2
12360809,12360810,1791364705,1791364707,2
12360810,12360811,1791364707,1791364709,2
12360811,12360812,1791364709,1791364711,2
12360812,12360813,1791364711,1791364713,2
12360813,12360814,1791364713,1791364715,2
12360814,12360815,1791364715,1791364717,2
12360815,12360816,1791364717,1791364719,2
12360816,12360817,1791364719,1791364721,2
12360817,12360818,1791364721,1791364723,2
12360818,12360819,1791364723,1791364725,2
12360819,12360820,1791364725,1791364727,2
12360820,12360821,1791364727,1791364729,2
12360821,12360822,1791364729,1791364731,2
12360822,12360823,1791364731,1791364733,2
12360823,12360824,1791364733,1791364735,2
12360824,12360825,1791364735,1791364737,2
12360825,12360826,1791364737,1791364739,2
12360826,12360827,1791364739,1791364741,2
12360827,12360828,1791364741,1791364743,2
12360828,12360829,1791364743,1791364745,2
12360829,12360830,1791364745,1791364747,2
12360830,12360831,1791364747,1791364749,2
12360831,12360832,1791364749,1791364751,2
12360832,12360833,1791364751,1791364753,2
12360833,12360834,1791364753,1791364755,2
12360834,12360835,1791364755,1791364757,2
12360835,12360836,1791364757,1791364759,2
12360836,12360837,1791364759,1791364761,2
12360837,12360838,1791364761,1791364763,2
12360838,12360839,1791364763,1791364765,2
12360839,12360840,1791364765,1791364767,2
12360840,12360841,1791364767,1791364769,2
12360841,12360842,1791364769,1791364771,2
12360842,12360843,1791364771,1791364773,2
12360843,12360844,1791364773,1791364775,2
12360844,12360845,1791364775,1791364777,2
12360845,12360846,1791364777,1791364779,2
12360846,12360847,1791364779,1791364781,2
12360847,12360848,1791364781,1791364783,2
12360848,12360849,1791364783,1791364785,2
12360849,12360850,1791364785,1791364787,2
12360850,12360851,1791364787,1791364789,2
12360851,12360852,1791364789,1791364791,2
12360852,12360853,1791364791,1791364793,2
12360853,12360854,1791364793,1791364795,2
12360854,12360855,1791364795,1791364797,2
12360855,12360856,1791364797,1791364799,2
12360856,12360857,1791364799,1791364801,2
12360857,12360858,1791364801,1791364803,2
12360858,12360859,1791364803,1791364805,2
12360859,12360860,1791364805,1791364807,2
12360860,12360861,1791364807,1791364809,2
12360861,12360862,1791364809,1791364811,2
12360862,12360863,1791364811,1791364813,2
12360863,12360864,1791364813,1791364815,2
12360864,12360865,1791364815,1791364817,2
12360865,12360866,1791364817,1791364819,2
12360866,12360867,1791364819,1791364821,2
12360867,12360868,1791364821,1791364823,2
12360868,12360869,1791364823,1791364825,2
12360869,12360870,1791364825,1791364827,2
12360870,12360871,1791364827,1791364829,2
12360871,12360872,1791364829,1791364831,2
12360872,12360873,1791364831,1791364833,2
12360873,12360874,1791364833,1791364835,2
12360874,12360875,1791364835,1791364837,2
12360875,12360876,1791364837,1791364839,2
12360876,12360877,1791364839,1791364841,2
12360877,12360878,1791364841,1791364843,2
12360878,12360879,1791364843,1791364845,2
12360879,12360880,1791364845,1791364847,2
12360880,12360881,1791364847,1791364849,2
12360881,12360882,1791364849,1791364851,2
12360882,12360883,1791364851,1791364853,2
12360883,12360884,1791364853,1791364855,2
12360884,12360885,1791364855,1791364857,2
12360885,12360886,1791364857,1791364859,2
12360886,12360887,1791364859,1791364861,2
12360887,12360888,1791364861,1791364863,2
12360888,12360889,1791364863,1791364865,2
12360889,12360890,1791364865,1791364867,2
12360890,12360891,1791364867,1791364869,2
12360891,12360892,1791364869,1791364871,2
12360892,12360893,1791364871,1791364873,2
12360893,12360894,1791364873,1791364875,2
12360894,12360895,1791364875,1791364877,2
12360895,12360896,1791364877,1791364879,2
12360896,12360897,1791364879,1791364881,2
12360897,12360898,1791364881,1791364883,2
12360898,12360899,1791364883,1791364885,2
12360899,12360900,1791364885,1791364887,2
12360900,12360901,1791364887,1791364889,2
12360901,12360902,1791364889,1791364891,2
12360902,12360903,1791364891,1791364893,2
12360903,12360904,1791364893,1791364895,2
12360904,12360905,1791364895,1791364897,2
12360905,12360906,1791364897,1791364899,2
12360906,12360907,1791364899,1791364901,2
12360907,12360908,1791364901,1791364903,2
12360908,12360909,1791364903,1791364905,2
12360909,12360910,1791364905,1791364907,2
12360910,12360911,1791364907,1791364909,2
12360911,12360912,1791364909,1791364911,2
12360912,12360913,1791364911,1791364913,2
12360913,12360914,1791364913,1791364915,2
12360914,12360915,1791364915,1791364917,2
12360915,12360916,1791364917,1791364919,2
12360916,12360917,1791364919,1791364921,2
12360917,12360918,1791364921,1791364923,2
12360918,12360919,1791364923,1791364925,2
12360919,12360920,1791364925,1791364927,2
12360920,12360921,1791364927,1791364929,2
12360921,12360922,1791364929,1791364931,2
12360922,12360923,1791364931,1791364933,2
12360923,12360924,1791364933,1791364935,2
12360924,12360925,1791364935,1791364937,2
12360925,12360926,1791364937,1791364939,2
12360926,12360927,1791364939,1791364941,2
12360927,12360928,1791364941,1791364943,2
12360928,12360929,1791364943,1791364945,2
12360929,12360930,1791364945,1791364947,2
12360930,12360931,1791364947,1791364949,2
12360931,12360932,1791364949,1791364951,2
12360932,12360933,1791364951,1791364953,2
12360933,12360934,1791364953,1791364955,2
12360934,12360935,1791364955,1791364957,2
12360935,12360936,1791364957,1791364959,2
12360936,12360937,1791364959,1791364961,2
12360937,12360938,1791364961,1791364963,2
12360938,12360939,1791364963,1791364965,2
12360939,12360940,1791364965,1791364967,2
12360940,12360941,1791364967,1791364969,2
12360941,12360942,1791364969,1791364971,2
12360942,12360943,1791364971,1791364973,2
12360943,12360944,1791364973,1791364975,2
12360944,12360945,1791364975,1791364977,2
12360945,12360946,1791364977,1791364979,2
12360946,12360947,1791364979,1791364981,2
12360947,12360948,1791364981,1791364983,2
12360948,12360949,1791364983,1791364985,2
12360949,12360950,1791364985,1791364987,2
12360950,12360951,1791364987,1791364989,2
12360951,12360952,1791364989,1791364991,2
12360952,12360953,1791364991,1791364993,2
12360953,12360954,1791364993,1791364995,2
12360954,12360955,1791364995,1791364997,2
12360955,12360956,1791364997,1791364999,2
12360956,12360957,1791364999,1791365001,2
12360957,12360958,1791365001,1791365003,2
12360958,12360959,1791365003,1791365005,2
12360959,12360960,1791365005,1791365007,2
12360960,12360961,1791365007,1791365009,2
12360961,12360962,1791365009,1791365011,2
12360962,12360963,1791365011,1791365013,2
12360963,12360964,1791365013,1791365015,2
12360964,12360965,1791365015,1791365017,2
12360965,12360966,1791365017,1791365019,2
12360966,12360967,1791365019,1791365021,2
12360967,12360968,1791365021,1791365023,2
12360968,12360969,1791365023,1791365025,2
12360969,12360970,1791365025,1791365027,2
12360970,12360971,1791365027,1791365029,2
12360971,12360972,1791365029,1791365031,2
12360972,12360973,1791365031,1791365033,2
12360973,12360974,1791365033,1791365035,2
12360974,12360975,1791365035,1791365037,2
12360975,12360976,1791365037,1791365039,2
12360976,12360977,1791365039,1791365041,2
12360977,12360978,1791365041,1791365043,2
12360978,12360979,1791365043,1791365045,2
12360979,12360980,1791365045,1791365047,2
12360980,12360981,1791365047,1791365049,2
12360981,12360982,1791365049,1791365051,2
12360982,12360983,1791365051,1791365053,2
12360983,12360984,1791365053,1791365055,2
12360984,12360985,1791365055,1791365057,2
12360985,12360986,1791365057,1791365059,2
12360986,12360987,1791365059,1791365061,2
12360987,12360988,1791365061,1791365063,2
12360988,12360989,1791365063,1791365065,2
12360989,12360990,1791365065,1791365067,2
12360990,12360991,1791365067,1791365069,2
12360991,12360992,1791365069,1791365071,2
12360992,12360993,1791365071,1791365073,2
12360993,12360994,1791365073,1791365075,2
12360994,12360995,1791365075,1791365077,2
12360995,12360996,1791365077,1791365079,2
12360996,12360997,1791365079,1791365081,2
12360997,12360998,1791365081,1791365083,2
12360998,12360999,1791365083,1791365085,2
12360999,12361000,1791365085,1791365087,2
12361000,12361001,1791365087,1791365089,2
12361001,12361002,1791365089,1791365091,2
12361002,12361003,1791365091,1791365093,2
12361003,12361004,1791365093,1791365095,2
12361004,12361005,1791365095,1791365097,2
12361005,12361006,1791365097,1791365099,2
12361006,12361007,1791365099,1791365101,2
12361007,12361008,1791365101,1791365103,2
12361008,12361009,1791365103,1791365105,2
12361009,12361010,1791365105,1791365107,2
12361010,12361011,1791365107,1791365109,2
12361011,12361012,1791365109,1791365111,2
12361012,12361013,1791365111,1791365113,2
12361013,12361014,1791365113,1791365115,2
12361014,12361015,1791365115,1791365117,2
12361015,12361016,1791365117,1791365119,2
12361016,12361017,1791365119,1791365121,2
12361017,12361018,1791365121,1791365123,2
12361018,12361019,1791365123,1791365125,2
12361019,12361020,1791365125,1791365127,2
12361020,12361021,1791365127,1791365129,2
12361021,12361022,1791365129,1791365131,2
12361022,12361023,1791365131,1791365133,2
12361023,12361024,1791365133,1791365135,2
12361024,12361025,1791365135,1791365137,2
12361025,12361026,1791365137,1791365139,2
12361026,12361027,1791365139,1791365141,2
12361027,12361028,1791365141,1791365143,2
12361028,12361029,1791365143,1791365145,2
12361029,12361030,1791365145,1791365147,2
12361030,12361031,1791365147,1791365149,2
12361031,12361032,1791365149,1791365151,2
12361032,12361033,1791365151,1791365153,2
12361033,12361034,1791365153,1791365155,2
12361034,12361035,1791365155,1791365157,2
12361035,12361036,1791365157,1791365159,2
12361036,12361037,1791365159,1791365161,2
12361037,12361038,1791365161,1791365163,2
12361038,12361039,1791365163,1791365165,2
12361039,12361040,1791365165,1791365167,2
12361040,12361041,1791365167,1791365169,2
12361041,12361042,1791365169,1791365171,2
12361042,12361043,1791365171,1791365173,2
12361043,12361044,1791365173,1791365175,2
12361044,12361045,1791365175,1791365177,2
12361045,12361046,1791365177,1791365179,2
12361046,12361047,1791365179,1791365181,2
12361047,12361048,1791365181,1791365183,2
12361048,12361049,1791365183,1791365185,2
12361049,12361050,1791365185,1791365187,2
12361050,12361051,1791365187,1791365189,2
12361051,12361052,1791365189,1791365191,2
12361052,12361053,1791365191,1791365193,2
12361053,12361054,1791365193,1791365195,2
12361054,12361055,1791365195,1791365197,2
12361055,12361056,1791365197,1791365199,2
12361056,12361057,1791365199,1791365201,2
12361057,12361058,1791365201,1791365203,2
12361058,12361059,1791365203,1791365205,2
12361059,12361060,1791365205,1791365207,2
12361060,12361061,1791365207,1791365209,2
12361061,12361062,1791365209,1791365211,2
12361062,12361063,1791365211,1791365213,2
12361063,12361064,1791365213,1791365215,2
12361064,12361065,1791365215,1791365217,2
12361065,12361066,1791365217,1791365219,2
12361066,12361067,1791365219,1791365221,2
12361067,12361068,1791365221,1791365223,2
12361068,12361069,1791365223,1791365225,2
12361069,12361070,1791365225,1791365227,2
12361070,12361071,1791365227,1791365229,2
12361071,12361072,1791365229,1791365231,2
12361072,12361073,1791365231,1791365233,2
12361073,12361074,1791365233,1791365235,2
12361074,12361075,1791365235,1791365237,2
12361075,12361076,1791365237,1791365239,2
12361076,12361077,1791365239,1791365241,2
12361077,12361078,1791365241,1791365243,2
12361078,12361079,1791365243,1791365245,2
12361079,12361080,1791365245,1791365247,2
12361080,12361081,1791365247,1791365249,2
12361081,12361082,1791365249,1791365251,2
12361082,12361083,1791365251,1791365253,2
12361083,12361084,1791365253,1791365255,2
12361084,12361085,1791365255,1791365257,2
12361085,12361086,1791365257,1791365259,2
12361086,12361087,1791365259,1791365261,2
12361087,12361088,1791365261,1791365263,2
12361088,12361089,1791365263,1791365265,2
12361089,12361090,1791365265,1791365267,2
12361090,12361091,1791365267,1791365269,2
12361091,12361092,1791365269,1791365271,2
12361092,12361093,1791365271,1791365273,2
12361093,12361094,1791365273,1791365275,2
12361094,12361095,1791365275,1791365277,2
12361095,12361096,1791365277,1791365279,2
12361096,12361097,1791365279,1791365281,2
12361097,12361098,1791365281,1791365283,2
12361098,12361099,1791365283,1791365285,2
12361099,12361100,1791365285,1791365287,2
12361100,12361101,1791365287,1791365289,2
12361101,12361102,1791365289,1791365291,2
12361102,12361103,1791365291,1791365293,2
12361103,12361104,1791365293,1791365295,2
12361104,12361105,1791365295,1791365297,2
12361105,12361106,1791365297,1791365299,2
12361106,12361107,1791365299,1791365301,2
12361107,12361108,1791365301,1791365303,2
12361108,12361109,1791365303,1791365305,2
12361109,12361110,1791365305,1791365307,2
12361110,12361111,1791365307,1791365309,2
12361111,12361112,1791365309,1791365311,2
12361112,12361113,1791365311,1791365313,2
12361113,12361114,1791365313,1791365315,2
12361114,12361115,1791365315,1791365317,2
12361115,12361116,1791365317,1791365319,2
12361116,12361117,1791365319,1791365321,2
12361117,12361118,1791365321,1791365323,2
12361118,12361119,1791365323,1791365325,2
12361119,12361120,1791365325,1791365327,2
12361120,12361121,1791365327,1791365329,2
12361121,12361122,1791365329,1791365331,2
12361122,12361123,1791365331,1791365333,2
12361123,12361124,1791365333,1791365335,2
12361124,12361125,1791365335,1791365337,2
12361125,12361126,1791365337,1791365339,2
12361126,12361127,1791365339,1791365341,2
12361127,12361128,1791365341,1791365343,2
12361128,12361129,1791365343,1791365345,2
12361129,12361130,1791365345,1791365347,2
12361130,12361131,1791365347,1791365349,2
12361131,12361132,1791365349,1791365351,2
12361132,12361133,1791365351,1791365353,2
12361133,12361134,1791365353,1791365355,2
12361134,12361135,1791365355,1791365357,2
12361135,12361136,1791365357,1791365359,2
12361136,12361137,1791365359,1791365361,2
12361137,12361138,1791365361,1791365363,2
12361138,12361139,1791365363,1791365365,2
12361139,12361140,1791365365,1791365367,2
12361140,12361141,1791365367,1791365369,2
12361141,12361142,1791365369,1791365371,2
12361142,12361143,1791365371,1791365373,2
12361143,12361144,1791365373,1791365375,2
12361144,12361145,1791365375,1791365377,2
12361145,12361146,1791365377,1791365379,2
12361146,12361147,1791365379,1791365381,2
12361147,12361148,1791365381,1791365383,2
12361148,12361149,1791365383,1791365385,2
12361149,12361150,1791365385,1791365387,2
12361150,12361151,1791365387,1791365389,2
12361151,12361152,1791365389,1791365391,2
12361152,12361153,1791365391,1791365393,2
12361153,12361154,1791365393,1791365395,2
12361154,12361155,1791365395,1791365397,2
12361155,12361156,1791365397,1791365399,2
12361156,12361157,1791365399,1791365401,2
12361157,12361158,1791365401,1791365403,2
12361158,12361159,1791365403,1791365405,2
12361159,12361160,1791365405,1791365407,2
12361160,12361161,1791365407,1791365409,2
12361161,12361162,1791365409,1791365411,2
12361162,12361163,1791365411,1791365413,2
12361163,12361164,1791365413,1791365415,2
12361164,12361165,1791365415,1791365417,2
12361165,12361166,1791365417,1791365419,2
12361166,12361167,1791365419,1791365421,2
12361167,12361168,1791365421,1791365423,2
12361168,12361169,1791365423,1791365425,2
12361169,12361170,1791365425,1791365427,2
12361170,12361171,1791365427,1791365429,2
12361171,12361172,1791365429,1791365431,2
12361172,12361173,1791365431,1791365433,2
12361173,12361174,1791365433,1791365435,2
12361174,12361175,1791365435,1791365437,2
12361175,12361176,1791365437,1791365439,2
12361176,12361177,1791365439,1791365441,2
12361177,12361178,1791365441,1791365443,2
12361178,12361179,1791365443,1791365445,2
12361179,12361180,1791365445,1791365447,2
12361180,12361181,1791365447,1791365449,2
12361181,12361182,1791365449,1791365451,2
12361182,12361183,1791365451,1791365453,2
12361183,12361184,1791365453,1791365455,2
12361184,12361185,1791365455,1791365457,2
12361185,12361186,1791365457,1791365459,2
12361186,12361187,1791365459,1791365461,2
12361187,12361188,1791365461,1791365463,2
12361188,12361189,1791365463,1791365465,2
12361189,12361190,1791365465,1791365467,2
12361190,12361191,1791365467,1791365469,2
12361191,12361192,1791365469,1791365471,2
12361192,12361193,1791365471,1791365473,2
12361193,12361194,1791365473,1791365475,2
12361194,12361195,1791365475,1791365477,2
12361195,12361196,1791365477,1791365479,2
12361196,12361197,1791365479,1791365481,2
12361197,12361198,1791365481,1791365483,2
12361198,12361199,1791365483,1791365485,2
12361199,12361200,1791365485,1791365487,2
12361200,12361201,1791365487,1791365489,2
12361201,12361202,1791365489,1791365491,2
12361202,12361203,1791365491,1791365493,2
12361203,12361204,1791365493,1791365495,2
12361204,12361205,1791365495,1791365497,2
12361205,12361206,1791365497,1791365499,2
12361206,12361207,1791365499,1791365501,2
12361207,12361208,1791365501,1791365503,2
12361208,12361209,1791365503,1791365505,2
12361209,12361210,1791365505,1791365507,2
12361210,12361211,1791365507,1791365509,2
12361211,12361212,1791365509,1791365511,2
12361212,12361213,1791365511,1791365513,2
12361213,12361214,1791365513,1791365515,2
12361214,12361215,1791365515,1791365517,2
12361215,12361216,1791365517,1791365519,2
12361216,12361217,1791365519,1791365521,2
12361217,12361218,1791365521,1791365523,2
12361218,12361219,1791365523,1791365525,2
12361219,12361220,1791365525,1791365527,2
12361220,12361221,1791365527,1791365529,2
12361221,12361222,1791365529,1791365531,2
12361222,12361223,1791365531,1791365533,2
12361223,12361224,1791365533,1791365535,2
12361224,12361225,1791365535,1791365537,2
12361225,12361226,1791365537,1791365539,2
12361226,12361227,1791365539,1791365541,2
12361227,12361228,1791365541,1791365543,2
12361228,12361229,1791365543,1791365545,2
12361229,12361230,1791365545,1791365547,2
12361230,12361231,1791365547,1791365549,2
12361231,12361232,1791365549,1791365551,2
12361232,12361233,1791365551,1791365553,2
12361233,12361234,1791365553,1791365555,2
12361234,12361235,1791365555,1791365557,2
12361235,12361236,1791365557,1791365559,2
12361236,12361237,1791365559,1791365561,2
12361237,12361238,1791365561,1791365563,2
12361238,12361239,1791365563,1791365565,2
12361239,12361240,1791365565,1791365567,2
12361240,12361241,1791365567,1791365569,2
12361241,12361242,1791365569,1791365571,2
12361242,12361243,1791365571,1791365573,2
12361243,12361244,1791365573,1791365575,2
12361244,12361245,1791365575,1791365577,2
12361245,12361246,1791365577,1791365579,2
12361246,12361247,1791365579,1791365581,2
12361247,12361248,1791365581,1791365583,2
12361248,12361249,1791365583,1791365585,2
12361249,12361250,1791365585,1791365587,2
12361250,12361251,1791365587,1791365589,2
12361251,12361252,1791365589,1791365591,2
12361252,12361253,1791365591,1791365593,2
12361253,12361254,1791365593,1791365595,2
12361254,12361255,1791365595,1791365597,2
12361255,12361256,1791365597,1791365599,2
12361256,12361257,1791365599,1791365601,2
12361257,12361258,1791365601,1791365603,2
12361258,12361259,1791365603,1791365605,2
12361259,12361260,1791365605,1791365607,2
12361260,12361261,1791365607,1791365609,2
12361261,12361262,1791365609,1791365611,2
12361262,12361263,1791365611,1791365613,2
12361263,12361264,1791365613,1791365615,2
12361264,12361265,1791365615,1791365617,2
12361265,12361266,1791365617,1791365619,2
12361266,12361267,1791365619,1791365621,2
12361267,12361268,1791365621,1791365623,2
12361268,12361269,1791365623,1791365625,2
12361269,12361270,1791365625,1791365627,2
12361270,12361271,1791365627,1791365629,2
12361271,12361272,1791365629,1791365631,2
12361272,12361273,1791365631,1791365633,2
12361273,12361274,1791365633,1791365635,2
12361274,12361275,1791365635,1791365637,2
12361275,12361276,1791365637,1791365639,2
12361276,12361277,1791365639,1791365641,2
12361277,12361278,1791365641,1791365643,2
12361278,12361279,1791365643,1791365645,2
12361279,12361280,1791365645,1791365647,2
12361280,12361281,1791365647,1791365649,2
12361281,12361282,1791365649,1791365651,2
12361282,12361283,1791365651,1791365653,2
12361283,12361284,1791365653,1791365655,2
12361284,12361285,1791365655,1791365657,2
12361285,12361286,1791365657,1791365659,2
12361286,12361287,1791365659,1791365661,2
12361287,12361288,1791365661,1791365663,2
12361288,12361289,1791365663,1791365665,2
12361289,12361290,1791365665,1791365667,2
12361290,12361291,1791365667,1791365669,2
12361291,12361292,1791365669,1791365671,2
12361292,12361293,1791365671,1791365673,2
12361293,12361294,1791365673,1791365675,2
12361294,12361295,1791365675,1791365677,2
12361295,12361296,1791365677,1791365679,2
12361296,12361297,1791365679,1791365681,2
12361297,12361298,1791365681,1791365683,2
12361298,12361299,1791365683,1791365685,2
12361299,12361300,1791365685,1791365687,2
12361300,12361301,1791365687,1791365689,2
12361301,12361302,1791365689,1791365691,2
12361302,12361303,1791365691,1791365693,2
12361303,12361304,1791365693,1791365695,2
12361304,12361305,1791365695,1791365697,2
12361305,12361306,1791365697,1791365699,2
12361306,12361307,1791365699,1791365701,2
12361307,12361308,1791365701,1791365703,2
12361308,12361309,1791365703,1791365705,2
12361309,12361310,1791365705,1791365707,2
12361310,12361311,1791365707,1791365709,2
12361311,12361312,1791365709,1791365711,2
12361312,12361313,1791365711,1791365713,2
12361313,12361314,1791365713,1791365715,2
12361314,12361315,1791365715,1791365717,2
12361315,12361316,1791365717,1791365719,2
12361316,12361317,1791365719,1791365721,2
12361317,12361318,1791365721,1791365723,2
12361318,12361319,1791365723,1791365725,2
12361319,12361320,1791365725,1791365727,2
12361320,12361321,1791365727,1791365729,2
12361321,12361322,1791365729,1791365731,2
12361322,12361323,1791365731,1791365733,2
12361323,12361324,1791365733,1791365735,2
12361324,12361325,1791365735,1791365737,2
12361325,12361326,1791365737,1791365739,2
12361326,12361327,1791365739,1791365741,2
12361327,12361328,1791365741,1791365743,2
12361328,12361329,1791365743,1791365745,2
12361329,12361330,1791365745,1791365747,2
12361330,12361331,1791365747,1791365749,2
12361331,12361332,1791365749,1791365751,2
12361332,12361333,1791365751,1791365753,2
12361333,12361334,1791365753,1791365755,2
12361334,12361335,1791365755,1791365757,2
12361335,12361336,1791365757,1791365759,2
12361336,12361337,1791365759,1791365761,2
12361337,12361338,1791365761,1791365763,2
12361338,12361339,1791365763,1791365765,2
12361339,12361340,1791365765,1791365767,2
12361340,12361341,1791365767,1791365769,2
12361341,12361342,1791365769,1791365771,2
12361342,12361343,1791365771,1791365773,2
12361343,12361344,1791365773,1791365775,2
12361344,12361345,1791365775,1791365777,2
12361345,12361346,1791365777,1791365779,2
12361346,12361347,1791365779,1791365781,2
12361347,12361348,1791365781,1791365783,2
12361348,12361349,1791365783,1791365785,2
12361349,12361350,1791365785,1791365787,2
12361350,12361351,1791365787,1791365789,2
12361351,12361352,1791365789,1791365791,2
12361352,12361353,1791365791,1791365793,2
12361353,12361354,1791365793,1791365795,2
12361354,12361355,1791365795,1791365797,2
12361355,12361356,1791365797,1791365799,2
12361356,12361357,1791365799,1791365801,2
12361357,12361358,1791365801,1791365803,2
12361358,12361359,1791365803,1791365805,2
12361359,12361360,1791365805,1791365807,2
12361360,12361361,1791365807,1791365809,2
12361361,12361362,1791365809,1791365811,2
12361362,12361363,1791365811,1791365813,2
12361363,12361364,1791365813,1791365815,2
12361364,12361365,1791365815,1791365817,2
12361365,12361366,1791365817,1791365819,2
12361366,12361367,1791365819,1791365821,2
12361367,12361368,1791365821,1791365823,2
12361368,12361369,1791365823,1791365825,2
12361369,12361370,1791365825,1791365827,2
12361370,12361371,1791365827,1791365829,2
12361371,12361372,1791365829,1791365831,2
12361372,12361373,1791365831,1791365833,2
12361373,12361374,1791365833,1791365835,2
12361374,12361375,1791365835,1791365837,2
12361375,12361376,1791365837,1791365839,2
12361376,12361377,1791365839,1791365841,2
12361377,12361378,1791365841,1791365843,2
12361378,12361379,1791365843,1791365845,2
12361379,12361380,1791365845,1791365847,2
12361380,12361381,1791365847,1791365849,2
12361381,12361382,1791365849,1791365851,2
12361382,12361383,1791365851,1791365853,2
12361383,12361384,1791365853,1791365855,2
12361384,12361385,1791365855,1791365857,2
12361385,12361386,1791365857,1791365859,2
12361386,12361387,1791365859,1791365861,2
12361387,12361388,1791365861,1791365863,2
12361388,12361389,1791365863,1791365865,2
12361389,12361390,1791365865,1791365867,2
12361390,12361391,1791365867,1791365869,2
12361391,12361392,1791365869,1791365871,2
12361392,12361393,1791365871,1791365873,2
12361393,12361394,1791365873,1791365875,2
12361394,12361395,1791365875,1791365877,2
12361395,12361396,1791365877,1791365879,2
12361396,12361397,1791365879,1791365881,2
12361397,12361398,1791365881,1791365883,2
12361398,12361399,1791365883,1791365885,2
12361399,12361400,1791365885,1791365887,2
12361400,12361401,1791365887,1791365889,2
12361401,12361402,1791365889,1791365891,2
12361402,12361403,1791365891,1791365893,2
12361403,12361404,1791365893,1791365895,2
12361404,12361405,1791365895,1791365897,2
12361405,12361406,1791365897,1791365899,2
12361406,12361407,1791365899,1791365901,2
12361407,12361408,1791365901,1791365903,2
12361408,12361409,1791365903,1791365905,2
12361409,12361410,1791365905,1791365907,2
12361410,12361411,1791365907,1791365909,2
12361411,12361412,1791365909,1791365911,2
12361412,12361413,1791365911,1791365913,2
12361413,12361414,1791365913,1791365915,2
12361414,12361415,1791365915,1791365917,2
12361415,12361416,1791365917,1791365919,2
12361416,12361417,1791365919,1791365921,2
12361417,12361418,1791365921,1791365923,2
12361418,12361419,1791365923,1791365925,2
12361419,12361420,1791365925,1791365927,2
12361420,12361421,1791365927,1791365929,2
12361421,12361422,1791365929,1791365931,2
12361422,12361423,1791365931,1791365933,2
12361423,12361424,1791365933,1791365935,2
12361424,12361425,1791365935,1791365937,2
12361425,12361426,1791365937,1791365939,2
12361426,12361427,1791365939,1791365941,2
12361427,12361428,1791365941,1791365943,2
12361428,12361429,1791365943,1791365945,2
12361429,12361430,1791365945,1791365947,2
12361430,12361431,1791365947,1791365949,2
12361431,12361432,1791365949,1791365951,2
12361432,12361433,1791365951,1791365953,2
12361433,12361434,1791365953,1791365955,2
12361434,12361435,1791365955,1791365957,2
12361435,12361436,1791365957,1791365959,2
12361436,12361437,1791365959,1791365961,2
12361437,12361438,1791365961,1791365963,2
12361438,12361439,1791365963,1791365965,2
12361439,12361440,1791365965,1791365967,2
12361440,12361441,1791365967,1791365969,2
12361441,12361442,1791365969,1791365971,2
12361442,12361443,1791365971,1791365973,2
12361443,12361444,1791365973,1791365975,2
12361444,12361445,1791365975,1791365977,2
12361445,12361446,1791365977,1791365979,2
12361446,12361447,1791365979,1791365981,2
12361447,12361448,1791365981,1791365983,2
12361448,12361449,1791365983,1791365985,2
12361449,12361450,1791365985,1791365987,2
12361450,12361451,1791365987,1791365989,2
12361451,12361452,1791365989,1791365991,2
12361452,12361453,1791365991,1791365993,2
12361453,12361454,1791365993,1791365995,2
12361454,12361455,1791365995,1791365997,2
12361455,12361456,1791365997,1791365999,2
12361456,12361457,1791365999,1791366001,2
12361457,12361458,1791366001,1791366003,2
12361458,12361459,1791366003,1791366005,2
12361459,12361460,1791366005,1791366007,2
12361460,12361461,1791366007,1791366009,2
12361461,12361462,1791366009,1791366011,2
12361462,12361463,1791366011,1791366013,2
12361463,12361464,1791366013,1791366015,2
12361464,12361465,1791366015,1791366017,2
12361465,12361466,1791366017,1791366019,2
12361466,12361467,1791366019,1791366021,2
12361467,12361468,1791366021,1791366023,2
12361468,12361469,1791366023,1791366025,2
12361469,12361470,1791366025,1791366027,2
12361470,12361471,1791366027,1791366029,2
12361471,12361472,1791366029,1791366031,2
12361472,12361473,1791366031,1791366033,2
12361473,12361474,1791366033,1791366035,2
12361474,12361475,1791366035,1791366037,2
12361475,12361476,1791366037,1791366039,2
12361476,12361477,1791366039,1791366041,2
12361477,12361478,1791366041,1791366043,2
12361478,12361479,1791366043,1791366045,2
12361479,12361480,1791366045,1791366047,2
12361480,12361481,1791366047,1791366049,2
12361481,12361482,1791366049,1791366051,2
12361482,12361483,1791366051,1791366053,2
12361483,12361484,1791366053,1791366055,2
12361484,12361485,1791366055,1791366057,2
12361485,12361486,1791366057,1791366059,2
12361486,12361487,1791366059,1791366061,2
12361487,12361488,1791366061,1791366063,2
12361488,12361489,1791366063,1791366065,2
12361489,12361490,1791366065,1791366067,2
12361490,12361491,1791366067,1791366069,2
12361491,12361492,1791366069,1791366071,2
12361492,12361493,1791366071,1791366073,2
12361493,12361494,1791366073,1791366075,2
12361494,12361495,1791366075,1791366077,2
12361495,12361496,1791366077,1791366079,2
12361496,12361497,1791366079,1791366081,2
12361497,12361498,1791366081,1791366083,2
12361498,12361499,1791366083,1791366085,2
12361499,12361500,1791366085,1791366087,2
12361500,12361501,1791366087,1791366089,2
12361501,12361502,1791366089,1791366091,2
12361502,12361503,1791366091,1791366093,2
12361503,12361504,1791366093,1791366095,2
12361504,12361505,1791366095,1791366097,2
12361505,12361506,1791366097,1791366099,2
12361506,12361507,1791366099,1791366101,2
12361507,12361508,1791366101,1791366103,2
12361508,12361509,1791366103,1791366105,2
12361509,12361510,1791366105,1791366107,2
12361510,12361511,1791366107,1791366109,2
12361511,12361512,1791366109,1791366111,2
12361512,12361513,1791366111,1791366113,2
12361513,12361514,1791366113,1791366115,2
12361514,12361515,1791366115,1791366117,2
12361515,12361516,1791366117,1791366119,2
12361516,12361517,1791366119,1791366121,2
12361517,12361518,1791366121,1791366123,2
12361518,12361519,1791366123,1791366125,2
12361519,12361520,1791366125,1791366127,2
12361520,12361521,1791366127,1791366129,2
12361521,12361522,1791366129,1791366131,2
12361522,12361523,1791366131,1791366133,2
12361523,12361524,1791366133,1791366135,2
12361524,12361525,1791366135,1791366137,2
12361525,12361526,1791366137,1791366139,2
12361526,12361527,1791366139,1791366141,2
12361527,12361528,1791366141,1791366143,2
12361528,12361529,1791366143,1791366145,2
12361529,12361530,1791366145,1791366147,2
12361530,12361531,1791366147,1791366149,2
12361531,12361532,1791366149,1791366151,2
12361532,12361533,1791366151,1791366153,2
12361533,12361534,1791366153,1791366155,2
12361534,12361535,1791366155,1791366157,2
12361535,12361536,1791366157,1791366159,2
12361536,12361537,1791366159,1791366161,2
12361537,12361538,1791366161,1791366163,2
12361538,12361539,1791366163,1791366165,2
12361539,12361540,1791366165,1791366167,2
12361540,12361541,1791366167,1791366169,2
12361541,12361542,1791366169,1791366171,2
12361542,12361543,1791366171,1791366173,2
12361543,12361544,1791366173,1791366175,2
12361544,12361545,1791366175,1791366177,2
12361545,12361546,1791366177,1791366179,2
12361546,12361547,1791366179,1791366181,2
12361547,12361548,1791366181,1791366183,2
12361548,12361549,1791366183,1791366185,2
12361549,12361550,1791366185,1791366187,2
12361550,12361551,1791366187,1791366189,2
12361551,12361552,1791366189,1791366191,2
12361552,12361553,1791366191,1791366193,2
12361553,12361554,1791366193,1791366195,2
12361554,12361555,1791366195,1791366197,2
12361555,12361556,1791366197,1791366199,2
12361556,12361557,1791366199,1791366201,2
12361557,12361558,1791366201,1791366203,2
12361558,12361559,1791366203,1791366205,2
12361559,12361560,1791366205,1791366207,2
12361560,12361561,1791366207,1791366209,2
12361561,12361562,1791366209,1791366211,2
12361562,12361563,1791366211,1791366213,2
12361563,12361564,1791366213,1791366215,2
12361564,12361565,1791366215,1791366217,2
12361565,12361566,1791366217,1791366219,2
12361566,12361567,1791366219,1791366221,2
12361567,12361568,1791366221,1791366223,2
12361568,12361569,1791366223,1791366225,2
12361569,12361570,1791366225,1791366227,2
12361570,12361571,1791366227,1791366229,2
12361571,12361572,1791366229,1791366231,2
12361572,12361573,1791366231,1791366233,2
12361573,12361574,1791366233,1791366235,2
12361574,12361575,1791366235,1791366237,2
12361575,12361576,1791366237,1791366239,2
12361576,12361577,1791366239,1791366241,2
12361577,12361578,1791366241,1791366243,2
12361578,12361579,1791366243,1791366245,2
12361579,12361580,1791366245,1791366247,2
12361580,12361581,1791366247,1791366249,2
12361581,12361582,1791366249,1791366251,2
12361582,12361583,1791366251,1791366253,2
12361583,12361584,1791366253,1791366255,2
12361584,12361585,1791366255,1791366257,2
12361585,12361586,1791366257,1791366259,2
12361586,12361587,1791366259,1791366261,2
12361587,12361588,1791366261,1791366263,2
12361588,12361589,1791366263,1791366265,2
12361589,12361590,1791366265,1791366267,2
12361590,12361591,1791366267,1791366269,2
12361591,12361592,1791366269,1791366271,2
12361592,12361593,1791366271,1791366273,2
12361593,12361594,1791366273,1791366275,2
12361594,12361595,1791366275,1791366277,2
12361595,12361596,1791366277,1791366279,2
12361596,12361597,1791366279,1791366281,2
12361597,12361598,1791366281,1791366283,2
12361598,12361599,1791366283,1791366285,2
12361599,12361600,1791366285,1791366287,2
12361600,12361601,1791366287,1791366289,2
12361601,12361602,1791366289,1791366291,2
12361602,12361603,1791366291,1791366293,2
12361603,12361604,1791366293,1791366295,2
12361604,12361605,1791366295,1791366297,2
12361605,12361606,1791366297,1791366299,2
12361606,12361607,1791366299,1791366301,2
12361607,12361608,1791366301,1791366303,2
12361608,12361609,1791366303,1791366305,2
12361609,12361610,1791366305,1791366307,2
12361610,12361611,1791366307,1791366309,2
12361611,12361612,1791366309,1791366311,2
12361612,12361613,1791366311,1791366313,2
12361613,12361614,1791366313,1791366315,2
12361614,12361615,1791366315,1791366317,2
12361615,12361616,1791366317,1791366319,2
12361616,12361617,1791366319,1791366321,2
12361617,12361618,1791366321,1791366323,2
12361618,12361619,1791366323,1791366325,2
12361619,12361620,1791366325,1791366327,2
12361620,12361621,1791366327,1791366329,2
12361621,12361622,1791366329,1791366331,2
12361622,12361623,1791366331,1791366333,2
12361623,12361624,1791366333,1791366335,2
12361624,12361625,1791366335,1791366337,2
12361625,12361626,1791366337,1791366339,2
12361626,12361627,1791366339,1791366341,2
12361627,12361628,1791366341,1791366343,2
12361628,12361629,1791366343,1791366345,2
12361629,12361630,1791366345,1791366347,2
12361630,12361631,1791366347,1791366349,2
12361631,12361632,1791366349,1791366351,2
12361632,12361633,1791366351,1791366353,2
12361633,12361634,1791366353,1791366355,2
12361634,12361635,1791366355,1791366357,2
12361635,12361636,1791366357,1791366359,2
12361636,12361637,1791366359,1791366361,2
12361637,12361638,1791366361,1791366363,2
12361638,12361639,1791366363,1791366365,2
12361639,12361640,1791366365,1791366367,2
12361640,12361641,1791366367,1791366369,2
12361641,12361642,1791366369,1791366371,2
12361642,12361643,1791366371,1791366373,2
12361643,12361644,1791366373,1791366375,2
12361644,12361645,1791366375,1791366377,2
12361645,12361646,1791366377,1791366379,2
12361646,12361647,1791366379,1791366381,2
12361647,12361648,1791366381,1791366383,2
12361648,12361649,1791366383,1791366385,2
12361649,12361650,1791366385,1791366387,2
12361650,12361651,1791366387,1791366389,2
12361651,12361652,1791366389,1791366391,2
12361652,12361653,1791366391,1791366393,2
12361653,12361654,1791366393,1791366395,2
12361654,12361655,1791366395,1791366397,2
12361655,12361656,1791366397,1791366399,2
12361656,12361657,1791366399,1791366401,2
12361657,12361658,1791366401,1791366403,2
12361658,12361659,1791366403,1791366405,2
12361659,12361660,1791366405,1791366407,2
12361660,12361661,1791366407,1791366409,2
12361661,12361662,1791366409,1791366411,2
12361662,12361663,1791366411,1791366413,2
12361663,12361664,1791366413,1791366415,2
12361664,12361665,1791366415,1791366417,2
12361665,12361666,1791366417,1791366419,2
12361666,12361667,1791366419,1791366421,2
12361667,12361668,1791366421,1791366423,2
12361668,12361669,1791366423,1791366425,2
12361669,12361670,1791366425,1791366427,2
12361670,12361671,1791366427,1791366429,2
12361671,12361672,1791366429,1791366431,2
12361672,12361673,1791366431,1791366433,2
12361673,12361674,1791366433,1791366435,2
12361674,12361675,1791366435,1791366437,2
12361675,12361676,1791366437,1791366439,2
12361676,12361677,1791366439,1791366441,2
12361677,12361678,1791366441,1791366443,2
12361678,12361679,1791366443,1791366445,2
12361679,12361680,1791366445,1791366447,2
12361680,12361681,1791366447,1791366449,2
12361681,12361682,1791366449,1791366451,2
12361682,12361683,1791366451,1791366453,2
12361683,12361684,1791366453,1791366455,2
12361684,12361685,1791366455,1791366457,2
12361685,12361686,1791366457,1791366459,2
12361686,12361687,1791366459,1791366461,2
12361687,12361688,1791366461,1791366463,2
12361688,12361689,1791366463,1791366465,2
12361689,12361690,1791366465,1791366467,2
12361690,12361691,1791366467,1791366469,2
12361691,12361692,1791366469,1791366471,2
12361692,12361693,1791366471,1791366473,2
12361693,12361694,1791366473,1791366475,2
12361694,12361695,1791366475,1791366477,2
12361695,12361696,1791366477,1791366479,2
12361696,12361697,1791366479,1791366481,2
12361697,12361698,1791366481,1791366483,2
12361698,12361699,1791366483,1791366485,2
12361699,12361700,1791366485,1791366487,2
12361700,12361701,1791366487,1791366489,2
12361701,12361702,1791366489,1791366491,2
12361702,12361703,1791366491,1791366493,2
12361703,12361704,1791366493,1791366495,2
12361704,12361705,1791366495,1791366497,2
12361705,12361706,1791366497,1791366499,2
12361706,12361707,1791366499,1791366501,2
12361707,12361708,1791366501,1791366503,2
12361708,12361709,1791366503,1791366505,2
12361709,12361710,1791366505,1791366507,2
12361710,12361711,1791366507,1791366509,2
12361711,12361712,1791366509,1791366511,2
12361712,12361713,1791366511,1791366513,2
12361713,12361714,1791366513,1791366515,2
12361714,12361715,1791366515,1791366517,2
12361715,12361716,1791366517,1791366519,2
12361716,12361717,1791366519,1791366521,2
12361717,12361718,1791366521,1791366523,2
12361718,12361719,1791366523,1791366525,2
12361719,12361720,1791366525,1791366527,2
12361720,12361721,1791366527,1791366529,2
12361721,12361722,1791366529,1791366531,2
12361722,12361723,1791366531,1791366533,2
12361723,12361724,1791366533,1791366535,2
12361724,12361725,1791366535,1791366537,2
12361725,12361726,1791366537,1791366539,2
12361726,12361727,1791366539,1791366541,2
12361727,12361728,1791366541,1791366543,2
12361728,12361729,1791366543,1791366545,2
12361729,12361730,1791366545,1791366547,2
12361730,12361731,1791366547,1791366549,2
12361731,12361732,1791366549,1791366551,2
12361732,12361733,1791366551,1791366553,2
12361733,12361734,1791366553,1791366555,2
12361734,12361735,1791366555,1791366557,2
12361735,12361736,1791366557,1791366559,2
12361736,12361737,1791366559,1791366561,2
12361737,12361738,1791366561,1791366563,2
12361738,12361739,1791366563,1791366565,2
12361739,12361740,1791366565,1791366567,2
12361740,12361741,1791366567,1791366569,2
12361741,12361742,1791366569,1791366571,2
12361742,12361743,1791366571,1791366573,2
12361743,12361744,1791366573,1791366575,2
12361744,12361745,1791366575,1791366577,2
12361745,12361746,1791366577,1791366579,2
12361746,12361747,1791366579,1791366581,2
12361747,12361748,1791366581,1791366583,2
12361748,12361749,1791366583,1791366585,2
12361749,12361750,1791366585,1791366587,2
12361750,12361751,1791366587,1791366589,2
12361751,12361752,1791366589,1791366591,2
12361752,12361753,1791366591,1791366593,2
12361753,12361754,1791366593,1791366595,2
12361754,12361755,1791366595,1791366597,2
12361755,12361756,1791366597,1791366599,2
12361756,12361757,1791366599,1791366601,2
12361757,12361758,1791366601,1791366603,2
12361758,12361759,1791366603,1791366605,2
12361759,12361760,1791366605,1791366607,2
12361760,12361761,1791366607,1791366609,2
12361761,12361762,1791366609,1791366611,2
12361762,12361763,1791366611,1791366613,2
12361763,12361764,1791366613,1791366615,2
12361764,12361765,1791366615,1791366617,2
12361765,12361766,1791366617,1791366619,2
12361766,12361767,1791366619,1791366621,2
12361767,12361768,1791366621,1791366623,2
12361768,12361769,1791366623,1791366625,2
12361769,12361770,1791366625,1791366627,2
12361770,12361771,1791366627,1791366629,2
12361771,12361772,1791366629,1791366631,2
12361772,12361773,1791366631,1791366633,2
12361773,12361774,1791366633,1791366635,2
12361774,12361775,1791366635,1791366637,2
12361775,12361776,1791366637,1791366639,2
12361776,12361777,1791366639,1791366641,2
12361777,12361778,1791366641,1791366643,2
12361778,12361779,1791366643,1791366645,2
12361779,12361780,1791366645,1791366647,2
12361780,12361781,1791366647,1791366649,2
12361781,12361782,1791366649,1791366651,2
12361782,12361783,1791366651,1791366653,2
12361783,12361784,1791366653,1791366655,2
12361784,12361785,1791366655,1791366657,2
12361785,12361786,1791366657,1791366659,2
12361786,12361787,1791366659,1791366661,2
12361787,12361788,1791366661,1791366663,2
12361788,12361789,1791366663,1791366665,2
12361789,12361790,1791366665,1791366667,2
12361790,12361791,1791366667,1791366669,2
12361791,12361792,1791366669,1791366671,2
12361792,12361793,1791366671,1791366673,2
12361793,12361794,1791366673,1791366675,2
12361794,12361795,1791366675,1791366677,2
12361795,12361796,1791366677,1791366679,2
12361796,12361797,1791366679,1791366681,2
12361797,12361798,1791366681,1791366683,2
12361798,12361799,1791366683,1791366685,2
12361799,12361800,1791366685,1791366687,2
12361800,12361801,1791366687,1791366689,2
12361801,12361802,1791366689,1791366691,2
12361802,12361803,1791366691,1791366693,2
12361803,12361804,1791366693,1791366695,2
12361804,12361805,1791366695,1791366697,2
12361805,12361806,1791366697,1791366699,2
12361806,12361807,1791366699,1791366701,2
12361807,12361808,1791366701,1791366703,2
12361808,12361809,1791366703,1791366705,2
12361809,12361810,1791366705,1791366707,2
12361810,12361811,1791366707,1791366709,2
12361811,12361812,1791366709,1791366711,2
12361812,12361813,1791366711,1791366713,2
12361813,12361814,1791366713,1791366715,2
12361814,12361815,1791366715,1791366717,2
12361815,12361816,1791366717,1791366719,2
12361816,12361817,1791366719,1791366721,2
12361817,12361818,1791366721,1791366723,2
12361818,12361819,1791366723,1791366725,2
12361819,12361820,1791366725,1791366727,2
12361820,12361821,1791366727,1791366729,2
12361821,12361822,1791366729,1791366731,2
12361822,12361823,1791366731,1791366733,2
12361823,12361824,1791366733,1791366735,2
12361824,12361825,1791366735,1791366737,2
12361825,12361826,1791366737,1791366739,2
12361826,12361827,1791366739,1791366741,2
12361827,12361828,1791366741,1791366743,2
12361828,12361829,1791366743,1791366745,2
12361829,12361830,1791366745,1791366747,2
12361830,12361831,1791366747,1791366749,2
12361831,12361832,1791366749,1791366751,2
12361832,12361833,1791366751,1791366753,2
12361833,12361834,1791366753,1791366755,2
12361834,12361835,1791366755,1791366757,2
12361835,12361836,1791366757,1791366759,2
12361836,12361837,1791366759,1791366761,2
12361837,12361838,1791366761,1791366763,2
12361838,12361839,1791366763,1791366765,2
12361839,12361840,1791366765,1791366767,2
12361840,12361841,1791366767,1791366769,2
12361841,12361842,1791366769,1791366771,2
12361842,12361843,1791366771,1791366773,2
12361843,12361844,1791366773,1791366775,2
12361844,12361845,1791366775,1791366777,2
12361845,12361846,1791366777,1791366779,2
12361846,12361847,1791366779,1791366781,2
12361847,12361848,1791366781,1791366783,2
12361848,12361849,1791366783,1791366785,2
12361849,12361850,1791366785,1791366787,2
12361850,12361851,1791366787,1791366789,2
12361851,12361852,1791366789,1791366791,2
12361852,12361853,1791366791,1791366793,2
12361853,12361854,1791366793,1791366795,2
12361854,12361855,1791366795,1791366797,2
12361855,12361856,1791366797,1791366799,2
12361856,12361857,1791366799,1791366801,2
12361857,12361858,1791366801,1791366803,2
12361858,12361859,1791366803,1791366805,2
12361859,12361860,1791366805,1791366807,2
12361860,12361861,1791366807,1791366809,2
12361861,12361862,1791366809,1791366811,2
12361862,12361863,1791366811,1791366813,2
12361863,12361864,1791366813,1791366815,2
12361864,12361865,1791366815,1791366817,2
12361865,12361866,1791366817,1791366819,2
12361866,12361867,1791366819,1791366821,2
12361867,12361868,1791366821,1791366823,2
12361868,12361869,1791366823,1791366825,2
12361869,12361870,1791366825,1791366827,2
12361870,12361871,1791366827,1791366829,2
12361871,12361872,1791366829,1791366831,2
12361872,12361873,1791366831,1791366833,2
12361873,12361874,1791366833,1791366835,2
12361874,12361875,1791366835,1791366837,2
12361875,12361876,1791366837,1791366839,2
12361876,12361877,1791366839,1791366841,2
12361877,12361878,1791366841,1791366843,2
12361878,12361879,1791366843,1791366845,2
12361879,12361880,1791366845,1791366847,2
12361880,12361881,1791366847,1791366849,2
12361881,12361882,1791366849,1791366851,2
12361882,12361883,1791366851,1791366853,2
12361883,12361884,1791366853,1791366855,2
12361884,12361885,1791366855,1791366857,2
12361885,12361886,1791366857,1791366859,2
12361886,12361887,1791366859,1791366861,2
12361887,12361888,1791366861,1791366863,2
12361888,12361889,1791366863,1791366865,2
12361889,12361890,1791366865,1791366867,2
12361890,12361891,1791366867,1791366869,2
12361891,12361892,1791366869,1791366871,2
12361892,12361893,1791366871,1791366873,2
12361893,12361894,1791366873,1791366875,2
12361894,12361895,1791366875,1791366877,2
12361895,12361896,1791366877,1791366879,2
12361896,12361897,1791366879,1791366881,2
12361897,12361898,1791366881,1791366883,2
12361898,12361899,1791366883,1791366885,2
12361899,12361900,1791366885,1791366887,2
12361900,12361901,1791366887,1791366889,2
12361901,12361902,1791366889,1791366891,2
12361902,12361903,1791366891,1791366893,2
12361903,12361904,1791366893,1791366895,2
12361904,12361905,1791366895,1791366897,2
12361905,12361906,1791366897,1791366899,2
12361906,12361907,1791366899,1791366901,2
12361907,12361908,1791366901,1791366903,2
12361908,12361909,1791366903,1791366905,2
12361909,12361910,1791366905,1791366907,2
12361910,12361911,1791366907,1791366909,2
12361911,12361912,1791366909,1791366911,2
12361912,12361913,1791366911,1791366913,2
12361913,12361914,1791366913,1791366915,2
12361914,12361915,1791366915,1791366917,2
12361915,12361916,1791366917,1791366919,2
12361916,12361917,1791366919,1791366921,2
12361917,12361918,1791366921,1791366923,2
12361918,12361919,1791366923,1791366925,2
12361919,12361920,1791366925,1791366927,2
12361920,12361921,1791366927,1791366929,2
12361921,12361922,1791366929,1791366931,2
12361922,12361923,1791366931,1791366933,2
12361923,12361924,1791366933,1791366935,2
12361924,12361925,1791366935,1791366937,2
12361925,12361926,1791366937,1791366939,2
12361926,12361927,1791366939,1791366941,2
12361927,12361928,1791366941,1791366943,2
12361928,12361929,1791366943,1791366945,2
12361929,12361930,1791366945,1791366947,2
12361930,12361931,1791366947,1791366949,2
12361931,12361932,1791366949,1791366951,2
12361932,12361933,1791366951,1791366953,2
12361933,12361934,1791366953,1791366955,2
12361934,12361935,1791366955,1791366957,2
12361935,12361936,1791366957,1791366959,2
12361936,12361937,1791366959,1791366961,2
12361937,12361938,1791366961,1791366963,2
12361938,12361939,1791366963,1791366965,2
12361939,12361940,1791366965,1791366967,2
12361940,12361941,1791366967,1791366969,2
12361941,12361942,1791366969,1791366971,2
12361942,12361943,1791366971,1791366973,2
12361943,12361944,1791366973,1791366975,2
12361944,12361945,1791366975,1791366977,2
12361945,12361946,1791366977,1791366979,2
12361946,12361947,1791366979,1791366981,2
12361947,12361948,1791366981,1791366983,2
12361948,12361949,1791366983,1791366985,2
12361949,12361950,1791366985,1791366987,2
12361950,12361951,1791366987,1791366989,2
12361951,12361952,1791366989,1791366991,2
12361952,12361953,1791366991,1791366993,2
12361953,12361954,1791366993,1791366995,2
12361954,12361955,1791366995,1791366997,2
12361955,12361956,1791366997,1791366999,2
12361956,12361957,1791366999,1791367001,2
12361957,12361958,1791367001,1791367003,2
12361958,12361959,1791367003,1791367005,2
12361959,12361960,1791367005,1791367007,2
12361960,12361961,1791367007,1791367009,2
12361961,12361962,1791367009,1791367011,2
12361962,12361963,1791367011,1791367013,2
12361963,12361964,1791367013,1791367015,2
12361964,12361965,1791367015,1791367017,2
12361965,12361966,1791367017,1791367019,2
12361966,12361967,1791367019,1791367021,2
12361967,12361968,1791367021,1791367023,2
12361968,12361969,1791367023,1791367025,2
12361969,12361970,1791367025,1791367027,2
12361970,12361971,1791367027,1791367029,2
12361971,12361972,1791367029,1791367031,2
12361972,12361973,1791367031,1791367033,2
12361973,12361974,1791367033,1791367035,2
12361974,12361975,1791367035,1791367037,2
12361975,12361976,1791367037,1791367039,2
12361976,12361977,1791367039,1791367041,2
12361977,12361978,1791367041,1791367043,2
12361978,12361979,1791367043,1791367045,2
12361979,12361980,1791367045,1791367047,2
12361980,12361981,1791367047,1791367049,2
12361981,12361982,1791367049,1791367051,2
12361982,12361983,1791367051,1791367053,2
12361983,12361984,1791367053,1791367055,2
12361984,12361985,1791367055,1791367057,2
12361985,12361986,1791367057,1791367059,2
12361986,12361987,1791367059,1791367061,2
12361987,12361988,1791367061,1791367063,2
12361988,12361989,1791367063,1791367065,2
12361989,12361990,1791367065,1791367067,2
12361990,12361991,1791367067,1791367069,2
12361991,12361992,1791367069,1791367071,2
12361992,12361993,1791367071,1791367073,2
12361993,12361994,1791367073,1791367075,2
12361994,12361995,1791367075,1791367077,2
12361995,12361996,1791367077,1791367079,2
12361996,12361997,1791367079,1791367081,2
12361997,12361998,1791367081,1791367083,2
12361998,12361999,1791367083,1791367085,2
12361999,12362000,1791367085,1791367087,2
12362000,12362001,1791367087,1791367089,2
12362001,12362002,1791367089,1791367091,2
12362002,12362003,1791367091,1791367093,2
12362003,12362004,1791367093,1791367095,2
12362004,12362005,1791367095,1791367097,2
12362005,12362006,1791367097,1791367099,2
12362006,12362007,1791367099,1791367101,2
12362007,12362008,1791367101,1791367103,2
12362008,12362009,1791367103,1791367105,2
12362009,12362010,1791367105,1791367107,2
12362010,12362011,1791367107,1791367109,2
12362011,12362012,1791367109,1791367111,2
12362012,12362013,1791367111,1791367113,2
12362013,12362014,1791367113,1791367115,2
12362014,12362015,1791367115,1791367117,2
12362015,12362016,1791367117,1791367119,2
12362016,12362017,1791367119,1791367121,2
12362017,12362018,1791367121,1791367123,2
12362018,12362019,1791367123,1791367125,2
12362019,12362020,1791367125,1791367127,2
12362020,12362021,1791367127,1791367129,2
12362021,12362022,1791367129,1791367131,2
12362022,12362023,1791367131,1791367133,2
12362023,12362024,1791367133,1791367135,2
12362024,12362025,1791367135,1791367137,2
12362025,12362026,1791367137,1791367139,2
12362026,12362027,1791367139,1791367141,2
12362027,12362028,1791367141,1791367143,2
12362028,12362029,1791367143,1791367145,2
12362029,12362030,1791367145,1791367147,2
12362030,12362031,1791367147,1791367149,2
12362031,12362032,1791367149,1791367151,2
12362032,12362033,1791367151,1791367153,2
12362033,12362034,1791367153,1791367155,2
12362034,12362035,1791367155,1791367157,2
12362035,12362036,1791367157,1791367159,2
12362036,12362037,1791367159,1791367161,2
12362037,12362038,1791367161,1791367163,2
12362038,12362039,1791367163,1791367165,2
12362039,12362040,1791367165,1791367167,2
12362040,12362041,1791367167,1791367169,2
12362041,12362042,1791367169,1791367171,2
12362042,12362043,1791367171,1791367173,2
12362043,12362044,1791367173,1791367175,2
12362044,12362045,1791367175,1791367177,2
12362045,12362046,1791367177,1791367179,2
12362046,12362047,1791367179,1791367181,2
12362047,12362048,1791367181,1791367183,2
12362048,12362049,1791367183,1791367185,2
12362049,12362050,1791367185,1791367187,2
12362050,12362051,1791367187,1791367189,2
12362051,12362052,1791367189,1791367191,2
12362052,12362053,1791367191,1791367193,2
12362053,12362054,1791367193,1791367195,2
12362054,12362055,1791367195,1791367197,2
12362055,12362056,1791367197,1791367199,2
12362056,12362057,1791367199,1791367201,2
12362057,12362058,1791367201,1791367203,2
12362058,12362059,1791367203,1791367205,2
12362059,12362060,1791367205,1791367207,2
12362060,12362061,1791367207,1791367209,2
12362061,12362062,1791367209,1791367211,2
12362062,12362063,1791367211,1791367213,2
12362063,12362064,1791367213,1791367215,2
12362064,12362065,1791367215,1791367217,2
12362065,12362066,1791367217,1791367219,2
12362066,12362067,1791367219,1791367221,2
12362067,12362068,1791367221,1791367223,2
12362068,12362069,1791367223,1791367225,2
12362069,12362070,1791367225,1791367227,2
12362070,12362071,1791367227,1791367229,2
12362071,12362072,1791367229,1791367231,2
12362072,12362073,1791367231,1791367233,2
12362073,12362074,1791367233,1791367235,2
12362074,12362075,1791367235,1791367237,2
12362075,12362076,1791367237,1791367239,2
12362076,12362077,1791367239,1791367241,2
12362077,12362078,1791367241,1791367243,2
12362078,12362079,1791367243,1791367245,2
12362079,12362080,1791367245,1791367247,2
12362080,12362081,1791367247,1791367249,2
12362081,12362082,1791367249,1791367251,2
12362082,12362083,1791367251,1791367253,2
12362083,12362084,1791367253,1791367255,2
12362084,12362085,1791367255,1791367257,2
12362085,12362086,1791367257,1791367259,2
12362086,12362087,1791367259,1791367261,2
12362087,12362088,1791367261,1791367263,2
12362088,12362089,1791367263,1791367265,2
12362089,12362090,1791367265,1791367267,2
12362090,12362091,1791367267,1791367269,2
12362091,12362092,1791367269,1791367271,2
12362092,12362093,1791367271,1791367273,2
12362093,12362094,1791367273,1791367275,2
12362094,12362095,1791367275,1791367277,2
12362095,12362096,1791367277,1791367279,2
12362096,12362097,1791367279,1791367281,2
12362097,12362098,1791367281,1791367283,2
12362098,12362099,1791367283,1791367285,2
12362099,12362100,1791367285,1791367287,2
12362100,12362101,1791367287,1791367289,2
12362101,12362102,1791367289,1791367291,2
12362102,12362103,1791367291,1791367293,2
12362103,12362104,1791367293,1791367295,2
12362104,12362105,1791367295,1791367297,2
12362105,12362106,1791367297,1791367299,2
12362106,12362107,1791367299,1791367301,2
12362107,12362108,1791367301,1791367303,2
12362108,12362109,1791367303,1791367305,2
12362109,12362110,1791367305,1791367307,2
12362110,12362111,1791367307,1791367309,2
12362111,12362112,1791367309,1791367311,2
12362112,12362113,1791367311,1791367313,2
12362113,12362114,1791367313,1791367315,2
12362114,12362115,1791367315,1791367317,2
12362115,12362116,1791367317,1791367319,2
12362116,12362117,1791367319,1791367321,2
12362117,12362118,1791367321,1791367323,2
12362118,12362119,1791367323,1791367325,2
12362119,12362120,1791367325,1791367327,2
12362120,12362121,1791367327,1791367329,2
12362121,12362122,1791367329,1791367331,2
12362122,12362123,1791367331,1791367333,2
12362123,12362124,1791367333,1791367335,2
12362124,12362125,1791367335,1791367337,2
12362125,12362126,1791367337,1791367339,2
12362126,12362127,1791367339,1791367341,2
12362127,12362128,1791367341,1791367343,2
12362128,12362129,1791367343,1791367345,2
12362129,12362130,1791367345,1791367347,2
12362130,12362131,1791367347,1791367349,2
12362131,12362132,1791367349,1791367351,2
12362132,12362133,1791367351,1791367353,2
12362133,12362134,1791367353,1791367355,2
12362134,12362135,1791367355,1791367357,2
12362135,12362136,1791367357,1791367359,2
12362136,12362137,1791367359,1791367361,2
12362137,12362138,1791367361,1791367363,2
12362138,12362139,1791367363,1791367365,2
12362139,12362140,1791367365,1791367367,2
12362140,12362141,1791367367,1791367369,2
12362141,12362142,1791367369,1791367371,2
12362142,12362143,1791367371,1791367373,2
12362143,12362144,1791367373,1791367375,2
12362144,12362145,1791367375,1791367377,2
12362145,12362146,1791367377,1791367379,2
12362146,12362147,1791367379,1791367381,2
12362147,12362148,1791367381,1791367383,2
12362148,12362149,1791367383,1791367385,2
12362149,12362150,1791367385,1791367387,2
12362150,12362151,1791367387,1791367389,2
12362151,12362152,1791367389,1791367391,2
12362152,12362153,1791367391,1791367393,2
12362153,12362154,1791367393,1791367395,2
12362154,12362155,1791367395,1791367397,2
12362155,12362156,1791367397,1791367399,2
12362156,12362157,1791367399,1791367401,2
12362157,12362158,1791367401,1791367403,2
12362158,12362159,1791367403,1791367405,2
12362159,12362160,1791367405,1791367407,2
12362160,12362161,1791367407,1791367409,2
12362161,12362162,1791367409,1791367411,2
12362162,12362163,1791367411,1791367413,2
12362163,12362164,1791367413,1791367415,2
12362164,12362165,1791367415,1791367417,2
12362165,12362166,1791367417,1791367419,2
12362166,12362167,1791367419,1791367421,2
12362167,12362168,1791367421,1791367423,2
12362168,12362169,1791367423,1791367425,2
12362169,12362170,1791367425,1791367427,2
12362170,12362171,1791367427,1791367429,2
12362171,12362172,1791367429,1791367431,2
12362172,12362173,1791367431,1791367433,2
12362173,12362174,1791367433,1791367435,2
12362174,12362175,1791367435,1791367437,2
12362175,12362176,1791367437,1791367439,2
12362176,12362177,1791367439,1791367441,2
12362177,12362178,1791367441,1791367443,2
12362178,12362179,1791367443,1791367445,2
12362179,12362180,1791367445,1791367447,2
12362180,12362181,1791367447,1791367449,2
12362181,12362182,1791367449,1791367451,2
12362182,12362183,1791367451,1791367453,2
12362183,12362184,1791367453,1791367455,2
12362184,12362185,1791367455,1791367457,2
12362185,12362186,1791367457,1791367459,2
12362186,12362187,1791367459,1791367461,2
12362187,12362188,1791367461,1791367463,2
12362188,12362189,1791367463,1791367465,2
12362189,12362190,1791367465,1791367467,2
12362190,12362191,1791367467,1791367469,2
12362191,12362192,1791367469,1791367471,2
12362192,12362193,1791367471,1791367473,2
12362193,12362194,1791367473,1791367475,2
12362194,12362195,1791367475,1791367477,2
12362195,12362196,1791367477,1791367479,2
12362196,12362197,1791367479,1791367481,2
12362197,12362198,1791367481,1791367483,2
12362198,12362199,1791367483,1791367485,2
12362199,12362200,1791367485,1791367487,2
12362200,12362201,1791367487,1791367489,2
12362201,12362202,1791367489,1791367491,2
12362202,12362203,1791367491,1791367493,2
12362203,12362204,1791367493,1791367495,2
12362204,12362205,1791367495,1791367497,2
12362205,12362206,1791367497,1791367499,2
12362206,12362207,1791367499,1791367501,2
12362207,12362208,1791367501,1791367503,2
12362208,12362209,1791367503,1791367505,2
12362209,12362210,1791367505,1791367507,2
12362210,12362211,1791367507,1791367509,2
12362211,12362212,1791367509,1791367511,2
12362212,12362213,1791367511,1791367513,2
12362213,12362214,1791367513,1791367515,2
12362214,12362215,1791367515,1791367517,2
12362215,12362216,1791367517,1791367519,2
12362216,12362217,1791367519,1791367521,2
12362217,12362218,1791367521,1791367523,2
12362218,12362219,1791367523,1791367525,2
12362219,12362220,1791367525,1791367527,2
12362220,12362221,1791367527,1791367529,2
12362221,12362222,1791367529,1791367531,2
12362222,12362223,1791367531,1791367533,2
12362223,12362224,1791367533,1791367535,2
12362224,12362225,1791367535,1791367537,2
12362225,12362226,1791367537,1791367539,2
12362226,12362227,1791367539,1791367541,2
12362227,12362228,1791367541,1791367543,2
12362228,12362229,1791367543,1791367545,2
12362229,12362230,1791367545,1791367547,2
12362230,12362231,1791367547,1791367549,2
12362231,12362232,1791367549,1791367551,2
12362232,12362233,1791367551,1791367553,2
12362233,12362234,1791367553,1791367555,2
12362234,12362235,1791367555,1791367557,2
12362235,12362236,1791367557,1791367559,2
12362236,12362237,1791367559,1791367561,2
12362237,12362238,1791367561,1791367563,2
12362238,12362239,1791367563,1791367565,2
12362239,12362240,1791367565,1791367567,2
12362240,12362241,1791367567,1791367569,2
12362241,12362242,1791367569,1791367571,2
12362242,12362243,1791367571,1791367573,2
12362243,12362244,1791367573,1791367575,2
12362244,12362245,1791367575,1791367577,2
12362245,12362246,1791367577,1791367579,2
12362246,12362247,1791367579,1791367581,2
12362247,12362248,1791367581,1791367583,2
12362248,12362249,1791367583,1791367585,2
12362249,12362250,1791367585,1791367587,2
12362250,12362251,1791367587,1791367589,2
12362251,12362252,1791367589,1791367591,2
12362252,12362253,1791367591,1791367593,2
12362253,12362254,1791367593,1791367595,2
12362254,12362255,1791367595,1791367597,2
12362255,12362256,1791367597,1791367599,2
12362256,12362257,1791367599,1791367601,2
12362257,12362258,1791367601,1791367603,2
12362258,12362259,1791367603,1791367605,2
12362259,12362260,1791367605,1791367607,2
12362260,12362261,1791367607,1791367609,2
12362261,12362262,1791367609,1791367611,2
12362262,12362263,1791367611,1791367613,2
12362263,12362264,1791367613,1791367615,2
12362264,12362265,1791367615,1791367617,2
12362265,12362266,1791367617,1791367619,2
12362266,12362267,1791367619,1791367621,2
12362267,12362268,1791367621,1791367623,2
12362268,12362269,1791367623,1791367625,2
12362269,12362270,1791367625,1791367627,2
12362270,12362271,1791367627,1791367629,2
12362271,12362272,1791367629,1791367631,2
12362272,12362273,1791367631,1791367633,2
12362273,12362274,1791367633,1791367635,2
12362274,12362275,1791367635,1791367637,2
12362275,12362276,1791367637,1791367639,2
12362276,12362277,1791367639,1791367641,2
12362277,12362278,1791367641,1791367643,2
12362278,12362279,1791367643,1791367645,2
12362279,12362280,1791367645,1791367647,2
12362280,12362281,1791367647,1791367649,2
12362281,12362282,1791367649,1791367651,2
12362282,12362283,1791367651,1791367653,2
12362283,12362284,1791367653,1791367655,2
12362284,12362285,1791367655,1791367657,2
12362285,12362286,1791367657,1791367659,2
12362286,12362287,1791367659,1791367661,2
12362287,12362288,1791367661,1791367663,2
12362288,12362289,1791367663,1791367665,2
12362289,12362290,1791367665,1791367667,2
12362290,12362291,1791367667,1791367669,2
12362291,12362292,1791367669,1791367671,2
12362292,12362293,1791367671,1791367673,2
12362293,12362294,1791367673,1791367675,2
12362294,12362295,1791367675,1791367677,2
12362295,12362296,1791367677,1791367679,2
12362296,12362297,1791367679,1791367681,2
12362297,12362298,1791367681,1791367683,2
12362298,12362299,1791367683,1791367685,2
12362299,12362300,1791367685,1791367687,2
12362300,12362301,1791367687,1791367689,2
12362301,12362302,1791367689,1791367691,2
12362302,12362303,1791367691,1791367693,2
12362303,12362304,1791367693,1791367695,2
12362304,12362305,1791367695,1791367697,2
12362305,12362306,1791367697,1791367699,2
12362306,12362307,1791367699,1791367701,2
12362307,12362308,1791367701,1791367703,2
12362308,12362309,1791367703,1791367705,2
12362309,12362310,1791367705,1791367707,2
12362310,12362311,1791367707,1791367709,2
12362311,12362312,1791367709,1791367711,2
12362312,12362313,1791367711,1791367713,2
12362313,12362314,1791367713,1791367715,2
12362314,12362315,1791367715,1791367717,2
12362315,12362316,1791367717,1791367719,2
12362316,12362317,1791367719,1791367721,2
12362317,12362318,1791367721,1791367723,2
12362318,12362319,1791367723,1791367725,2
12362319,12362320,1791367725,1791367727,2
12362320,12362321,1791367727,1791367729,2
12362321,12362322,1791367729,1791367731,2
12362322,12362323,1791367731,1791367733,2
12362323,12362324,1791367733,1791367735,2
12362324,12362325,1791367735,1791367737,2
12362325,12362326,1791367737,1791367739,2
12362326,12362327,1791367739,1791367741,2
12362327,12362328,1791367741,1791367743,2
12362328,12362329,1791367743,1791367745,2
12362329,12362330,1791367745,1791367747,2
12362330,12362331,1791367747,1791367749,2
12362331,12362332,1791367749,1791367751,2
12362332,12362333,1791367751,1791367753,2
12362333,12362334,1791367753,1791367755,2
12362334,12362335,1791367755,1791367757,2
12362335,12362336,1791367757,1791367759,2
12362336,12362337,1791367759,1791367761,2
12362337,12362338,1791367761,1791367763,2
12362338,12362339,1791367763,1791367765,2
12362339,12362340,1791367765,1791367767,2
12362340,12362341,1791367767,1791367769,2
12362341,12362342,1791367769,1791367771,2
12362342,12362343,1791367771,1791367773,2
12362343,12362344,1791367773,1791367775,2
12362344,12362345,1791367775,1791367777,2
12362345,12362346,1791367777,1791367779,2
12362346,12362347,1791367779,1791367781,2
12362347,12362348,1791367781,1791367783,2
12362348,12362349,1791367783,1791367785,2
12362349,12362350,1791367785,1791367787,2
12362350,12362351,1791367787,1791367789,2
12362351,12362352,1791367789,1791367791,2
12362352,12362353,1791367791,1791367793,2
12362353,12362354,1791367793,1791367795,2
12362354,12362355,1791367795,1791367797,2
12362355,12362356,1791367797,1791367799,2
12362356,12362357,1791367799,1791367801,2
12362357,12362358,1791367801,1791367803,2
12362358,12362359,1791367803,1791367805,2
12362359,12362360,1791367805,1791367807,2
12362360,12362361,1791367807,1791367809,2
12362361,12362362,1791367809,1791367811,2
12362362,12362363,1791367811,1791367813,2
12362363,12362364,1791367813,1791367815,2
12362364,12362365,1791367815,1791367817,2
12362365,12362366,1791367817,1791367819,2
12362366,12362367,1791367819,1791367821,2
12362367,12362368,1791367821,1791367823,2
12362368,12362369,1791367823,1791367825,2
12362369,12362370,1791367825,1791367827,2
12362370,12362371,1791367827,1791367829,2
12362371,12362372,1791367829,1791367831,2
12362372,12362373,1791367831,1791367833,2
12362373,12362374,1791367833,1791367835,2
12362374,12362375,1791367835,1791367837,2
12362375,12362376,1791367837,1791367839,2
12362376,12362377,1791367839,1791367841,2
12362377,12362378,1791367841,1791367843,2
12362378,12362379,1791367843,1791367845,2
12362379,12362380,1791367845,1791367847,2
12362380,12362381,1791367847,1791367849,2
12362381,12362382,1791367849,1791367851,2
12362382,12362383,1791367851,1791367853,2
12362383,12362384,1791367853,1791367855,2
12362384,12362385,1791367855,1791367857,2
12362385,12362386,1791367857,1791367859,2
12362386,12362387,1791367859,1791367861,2
12362387,12362388,1791367861,1791367863,2
12362388,12362389,1791367863,1791367865,2
12362389,12362390,1791367865,1791367867,2
12362390,12362391,1791367867,1791367869,2
12362391,12362392,1791367869,1791367871,2
12362392,12362393,1791367871,1791367873,2
12362393,12362394,1791367873,1791367875,2
12362394,12362395,1791367875,1791367877,2
12362395,12362396,1791367877,1791367879,2
12362396,12362397,1791367879,1791367881,2
12362397,12362398,1791367881,1791367883,2
12362398,12362399,1791367883,1791367885,2
12362399,12362400,1791367885,1791367887,2
12362400,12362401,1791367887,1791367889,2
12362401,12362402,1791367889,1791367891,2
12362402,12362403,1791367891,1791367893,2
12362403,12362404,1791367893,1791367895,2
12362404,12362405,1791367895,1791367897,2
12362405,12362406,1791367897,1791367899,2
12362406,12362407,1791367899,1791367901,2
12362407,12362408,1791367901,1791367903,2
12362408,12362409,1791367903,1791367905,2
12362409,12362410,1791367905,1791367907,2
12362410,12362411,1791367907,1791367909,2
12362411,12362412,1791367909,1791367911,2
12362412,12362413,1791367911,1791367913,2
12362413,12362414,1791367913,1791367915,2
12362414,12362415,1791367915,1791367917,2
12362415,12362416,1791367917,1791367919,2
12362416,12362417,1791367919,1791367921,2
12362417,12362418,1791367921,1791367923,2
12362418,12362419,1791367923,1791367925,2
12362419,12362420,1791367925,1791367927,2
12362420,12362421,1791367927,1791367929,2
12362421,12362422,1791367929,1791367931,2
12362422,12362423,1791367931,1791367933,2
12362423,12362424,1791367933,1791367935,2
12362424,12362425,1791367935,1791367937,2
12362425,12362426,1791367937,1791367939,2
12362426,12362427,1791367939,1791367941,2
12362427,12362428,1791367941,1791367943,2
12362428,12362429,1791367943,1791367945,2
12362429,12362430,1791367945,1791367947,2
12362430,12362431,1791367947,1791367949,2
12362431,12362432,1791367949,1791367951,2
12362432,12362433,1791367951,1791367953,2
12362433,12362434,1791367953,1791367955,2
12362434,12362435,1791367955,1791367957,2
12362435,12362436,1791367957,1791367959,2
12362436,12362437,1791367959,1791367961,2
12362437,12362438,1791367961,1791367963,2
12362438,12362439,1791367963,1791367965,2
12362439,12362440,1791367965,1791367967,2
12362440,12362441,1791367967,1791367969,2
12362441,12362442,1791367969,1791367971,2
12362442,12362443,1791367971,1791367973,2
12362443,12362444,1791367973,1791367975,2
12362444,12362445,1791367975,1791367977,2
12362445,12362446,1791367977,1791367979,2
12362446,12362447,1791367979,1791367981,2
12362447,12362448,1791367981,1791367983,2
12362448,12362449,1791367983,1791367985,2
12362449,12362450,1791367985,1791367987,2
12362450,12362451,1791367987,1791367989,2
12362451,12362452,1791367989,1791367991,2
12362452,12362453,1791367991,1791367993,2
12362453,12362454,1791367993,1791367995,2
12362454,12362455,1791367995,1791367997,2
12362455,12362456,1791367997,1791367999,2
12362456,12362457,1791367999,1791368001,2
12362457,12362458,1791368001,1791368003,2
12362458,12362459,1791368003,1791368005,2
12362459,12362460,1791368005,1791368007,2
12362460,12362461,1791368007,1791368009,2
12362461,12362462,1791368009,1791368011,2
12362462,12362463,1791368011,1791368013,2
12362463,12362464,1791368013,1791368015,2
12362464,12362465,1791368015,1791368017,2
12362465,12362466,1791368017,1791368019,2
12362466,12362467,1791368019,1791368021,2
12362467,12362468,1791368021,1791368023,2
12362468,12362469,1791368023,1791368025,2
12362469,12362470,1791368025,1791368027,2
12362470,12362471,1791368027,1791368029,2
12362471,12362472,1791368029,1791368031,2
12362472,12362473,1791368031,1791368033,2
12362473,12362474,1791368033,1791368035,2
12362474,12362475,1791368035,1791368037,2
12362475,12362476,1791368037,1791368039,2
12362476,12362477,1791368039,1791368041,2
12362477,12362478,1791368041,1791368043,2
12362478,12362479,1791368043,1791368045,2
12362479,12362480,1791368045,1791368047,2
12362480,12362481,1791368047,1791368049,2
12362481,12362482,1791368049,1791368051,2
12362482,12362483,1791368051,1791368053,2
12362483,12362484,1791368053,1791368055,2
12362484,12362485,1791368055,1791368057,2
12362485,12362486,1791368057,1791368059,2
12362486,12362487,1791368059,1791368061,2
12362487,12362488,1791368061,1791368063,2
12362488,12362489,1791368063,1791368065,2
12362489,12362490,1791368065,1791368067,2
12362490,12362491,1791368067,1791368069,2
12362491,12362492,1791368069,1791368071,2
12362492,12362493,1791368071,1791368073,2
12362493,12362494,1791368073,1791368075,2
12362494,12362495,1791368075,1791368077,2
12362495,12362496,1791368077,1791368079,2
12362496,12362497,1791368079,1791368081,2
12362497,12362498,1791368081,1791368083,2
12362498,12362499,1791368083,1791368085,2
12362499,12362500,1791368085,1791368087,2
12362500,12362501,1791368087,1791368089,2
12362501,12362502,1791368089,1791368091,2
12362502,12362503,1791368091,1791368093,2
12362503,12362504,1791368093,1791368095,2
12362504,12362505,1791368095,1791368097,2
12362505,12362506,1791368097,1791368099,2
12362506,12362507,1791368099,1791368101,2
12362507,12362508,1791368101,1791368103,2
12362508,12362509,1791368103,1791368105,2
12362509,12362510,1791368105,1791368107,2
12362510,12362511,1791368107,1791368109,2
12362511,12362512,1791368109,1791368111,2
12362512,12362513,1791368111,1791368113,2
12362513,12362514,1791368113,1791368115,2
12362514,12362515,1791368115,1791368117,2
12362515,12362516,1791368117,1791368119,2
12362516,12362517,1791368119,1791368121,2
12362517,12362518,1791368121,1791368123,2
12362518,12362519,1791368123,1791368125,2
12362519,12362520,1791368125,1791368127,2
12362520,12362521,1791368127,1791368129,2
12362521,12362522,1791368129,1791368131,2
12362522,12362523,1791368131,1791368133,2
12362523,12362524,1791368133,1791368135,2
12362524,12362525,1791368135,1791368137,2
12362525,12362526,1791368137,1791368139,2
12362526,12362527,1791368139,1791368141,2
12362527,12362528,1791368141,1791368143,2
12362528,12362529,1791368143,1791368145,2
12362529,12362530,1791368145,1791368147,2
12362530,12362531,1791368147,1791368149,2
12362531,12362532,1791368149,1791368151,2
12362532,12362533,1791368151,1791368153,2
12362533,12362534,1791368153,1791368155,2
12362534,12362535,1791368155,1791368157,2
12362535,12362536,1791368157,1791368159,2
12362536,12362537,1791368159,1791368161,2
12362537,12362538,1791368161,1791368163,2
12362538,12362539,1791368163,1791368165,2
12362539,12362540,1791368165,1791368167,2
12362540,12362541,1791368167,1791368169,2
12362541,12362542,1791368169,1791368171,2
12362542,12362543,1791368171,1791368173,2
12362543,12362544,1791368173,1791368175,2
12362544,12362545,1791368175,1791368177,2
12362545,12362546,1791368177,1791368179,2
12362546,12362547,1791368179,1791368181,2
12362547,12362548,1791368181,1791368183,2
12362548,12362549,1791368183,1791368185,2
12362549,12362550,1791368185,1791368187,2
12362550,12362551,1791368187,1791368189,2
12362551,12362552,1791368189,1791368191,2
12362552,12362553,1791368191,1791368193,2
12362553,12362554,1791368193,1791368195,2
12362554,12362555,1791368195,1791368197,2
12362555,12362556,1791368197,1791368199,2
12362556,12362557,1791368199,1791368201,2
12362557,12362558,1791368201,1791368203,2
12362558,12362559,1791368203,1791368205,2
12362559,12362560,1791368205,1791368207,2
12362560,12362561,1791368207,1791368209,2
12362561,12362562,1791368209,1791368211,2
12362562,12362563,1791368211,1791368213,2
12362563,12362564,1791368213,1791368215,2
12362564,12362565,1791368215,1791368217,2
12362565,12362566,1791368217,1791368219,2
12362566,12362567,1791368219,1791368221,2
12362567,12362568,1791368221,1791368223,2
12362568,12362569,1791368223,1791368225,2
12362569,12362570,1791368225,1791368227,2
12362570,12362571,1791368227,1791368229,2
12362571,12362572,1791368229,1791368231,2
12362572,12362573,1791368231,1791368233,2
12362573,12362574,1791368233,1791368235,2
12362574,12362575,1791368235,1791368237,2
12362575,12362576,1791368237,1791368239,2
12362576,12362577,1791368239,1791368241,2
12362577,12362578,1791368241,1791368243,2
12362578,12362579,1791368243,1791368245,2
12362579,12362580,1791368245,1791368247,2
12362580,12362581,1791368247,1791368249,2
12362581,12362582,1791368249,1791368251,2
12362582,12362583,1791368251,1791368253,2
12362583,12362584,1791368253,1791368255,2
12362584,12362585,1791368255,1791368257,2
12362585,12362586,1791368257,1791368259,2
12362586,12362587,1791368259,1791368261,2
12362587,12362588,1791368261,1791368263,2
12362588,12362589,1791368263,1791368265,2
12362589,12362590,1791368265,1791368267,2
12362590,12362591,1791368267,1791368269,2
12362591,12362592,1791368269,1791368271,2
12362592,12362593,1791368271,1791368273,2
12362593,12362594,1791368273,1791368275,2
12362594,12362595,1791368275,1791368277,2
12362595,12362596,1791368277,1791368279,2
12362596,12362597,1791368279,1791368281,2
12362597,12362598,1791368281,1791368283,2
12362598,12362599,1791368283,1791368285,2
12362599,12362600,1791368285,1791368287,2
12362600,12362601,1791368287,1791368289,2
12362601,12362602,1791368289,1791368291,2
12362602,12362603,1791368291,1791368293,2
12362603,12362604,1791368293,1791368295,2
12362604,12362605,1791368295,1791368297,2
12362605,12362606,1791368297,1791368299,2
12362606,12362607,1791368299,1791368301,2
12362607,12362608,1791368301,1791368303,2
12362608,12362609,1791368303,1791368305,2
12362609,12362610,1791368305,1791368307,2
12362610,12362611,1791368307,1791368309,2
12362611,12362612,1791368309,1791368311,2
12362612,12362613,1791368311,1791368313,2
12362613,12362614,1791368313,1791368315,2
12362614,12362615,1791368315,1791368317,2
12362615,12362616,1791368317,1791368319,2
12362616,12362617,1791368319,1791368321,2
12362617,12362618,1791368321,1791368323,2
12362618,12362619,1791368323,1791368325,2
12362619,12362620,1791368325,1791368327,2
12362620,12362621,1791368327,1791368329,2
12362621,12362622,1791368329,1791368331,2
12362622,12362623,1791368331,1791368333,2
12362623,12362624,1791368333,1791368335,2
12362624,12362625,1791368335,1791368337,2
12362625,12362626,1791368337,1791368339,2
12362626,12362627,1791368339,1791368341,2
12362627,12362628,1791368341,1791368343,2
12362628,12362629,1791368343,1791368345,2
12362629,12362630,1791368345,1791368347,2
12362630,12362631,1791368347,1791368349,2
12362631,12362632,1791368349,1791368351,2
12362632,12362633,1791368351,1791368353,2
12362633,12362634,1791368353,1791368355,2
12362634,12362635,1791368355,1791368357,2
12362635,12362636,1791368357,1791368359,2
12362636,12362637,1791368359,1791368361,2
12362637,12362638,1791368361,1791368363,2
12362638,12362639,1791368363,1791368365,2
12362639,12362640,1791368365,1791368367,2
12362640,12362641,1791368367,1791368369,2
12362641,12362642,1791368369,1791368371,2
12362642,12362643,1791368371,1791368373,2
12362643,12362644,1791368373,1791368375,2
12362644,12362645,1791368375,1791368377,2
12362645,12362646,1791368377,1791368379,2
12362646,12362647,1791368379,1791368381,2
12362647,12362648,1791368381,1791368383,2
12362648,12362649,1791368383,1791368385,2
12362649,12362650,1791368385,1791368387,2
12362650,12362651,1791368387,1791368389,2
12362651,12362652,1791368389,1791368391,2
12362652,12362653,1791368391,1791368393,2
12362653,12362654,1791368393,1791368395,2
12362654,12362655,1791368395,1791368397,2
12362655,12362656,1791368397,1791368399,2
12362656,12362657,1791368399,1791368401,2
12362657,12362658,1791368401,1791368403,2
12362658,12362659,1791368403,1791368405,2
12362659,12362660,1791368405,1791368407,2
12362660,12362661,1791368407,1791368409,2
12362661,12362662,1791368409,1791368411,2
12362662,12362663,1791368411,1791368413,2
12362663,12362664,1791368413,1791368415,2
12362664,12362665,1791368415,1791368417,2
12362665,12362666,1791368417,1791368419,2
12362666,12362667,1791368419,1791368421,2
12362667,12362668,1791368421,1791368423,2
12362668,12362669,1791368423,1791368425,2
12362669,12362670,1791368425,1791368427,2
12362670,12362671,1791368427,1791368429,2
12362671,12362672,1791368429,1791368431,2
12362672,12362673,1791368431,1791368433,2
12362673,12362674,1791368433,1791368435,2
12362674,12362675,1791368435,1791368437,2
12362675,12362676,1791368437,1791368439,2
12362676,12362677,1791368439,1791368441,2
12362677,12362678,1791368441,1791368443,2
12362678,12362679,1791368443,1791368445,2
12362679,12362680,1791368445,1791368447,2
12362680,12362681,1791368447,1791368449,2
12362681,12362682,1791368449,1791368451,2
12362682,12362683,1791368451,1791368453,2
12362683,12362684,1791368453,1791368455,2
12362684,12362685,1791368455,1791368457,2
12362685,12362686,1791368457,1791368459,2
12362686,12362687,1791368459,1791368461,2
12362687,12362688,1791368461,1791368463,2
12362688,12362689,1791368463,1791368465,2
12362689,12362690,1791368465,1791368467,2
12362690,12362691,1791368467,1791368469,2
12362691,12362692,1791368469,1791368471,2
12362692,12362693,1791368471,1791368473,2
12362693,12362694,1791368473,1791368475,2
12362694,12362695,1791368475,1791368477,2
12362695,12362696,1791368477,1791368479,2
12362696,12362697,1791368479,1791368481,2
12362697,12362698,1791368481,1791368483,2
12362698,12362699,1791368483,1791368485,2
12362699,12362700,1791368485,1791368487,2
12362700,12362701,1791368487,1791368489,2
12362701,12362702,1791368489,1791368491,2
12362702,12362703,1791368491,1791368493,2
12362703,12362704,1791368493,1791368495,2
12362704,12362705,1791368495,1791368497,2
12362705,12362706,1791368497,1791368499,2
12362706,12362707,1791368499,1791368501,2
12362707,12362708,1791368501,1791368503,2
12362708,12362709,1791368503,1791368505,2
12362709,12362710,1791368505,1791368507,2
12362710,12362711,1791368507,1791368509,2
12362711,12362712,1791368509,1791368511,2
12362712,12362713,1791368511,1791368513,2
12362713,12362714,1791368513,1791368515,2
12362714,12362715,1791368515,1791368517,2
12362715,12362716,1791368517,1791368519,2
12362716,12362717,1791368519,1791368521,2
12362717,12362718,1791368521,1791368523,2
12362718,12362719,1791368523,1791368525,2
12362719,12362720,1791368525,1791368527,2
12362720,12362721,1791368527,1791368529,2
12362721,12362722,1791368529,1791368531,2
12362722,12362723,1791368531,1791368533,2
12362723,12362724,1791368533,1791368535,2
12362724,12362725,1791368535,1791368537,2
12362725,12362726,1791368537,1791368539,2
12362726,12362727,1791368539,1791368541,2
12362727,12362728,1791368541,1791368543,2
12362728,12362729,1791368543,1791368545,2
12362729,12362730,1791368545,1791368547,2
12362730,12362731,1791368547,1791368549,2
12362731,12362732,1791368549,1791368551,2
12362732,12362733,1791368551,1791368553,2
12362733,12362734,1791368553,1791368555,2
12362734,12362735,1791368555,1791368557,2
12362735,12362736,1791368557,1791368559,2
12362736,12362737,1791368559,1791368561,2
12362737,12362738,1791368561,1791368563,2
12362738,12362739,1791368563,1791368565,2
12362739,12362740,1791368565,1791368567,2
12362740,12362741,1791368567,1791368569,2
12362741,12362742,1791368569,1791368571,2
12362742,12362743,1791368571,1791368573,2
12362743,12362744,1791368573,1791368575,2
12362744,12362745,1791368575,1791368577,2
12362745,12362746,1791368577,1791368579,2
12362746,12362747,1791368579,1791368581,2
12362747,12362748,1791368581,1791368583,2
12362748,12362749,1791368583,1791368585,2
12362749,12362750,1791368585,1791368587,2
12362750,12362751,1791368587,1791368589,2
12362751,12362752,1791368589,1791368591,2
12362752,12362753,1791368591,1791368593,2
12362753,12362754,1791368593,1791368595,2
12362754,12362755,1791368595,1791368597,2
12362755,12362756,1791368597,1791368599,2
12362756,12362757,1791368599,1791368601,2
12362757,12362758,1791368601,1791368603,2
12362758,12362759,1791368603,1791368605,2
12362759,12362760,1791368605,1791368607,2
12362760,12362761,1791368607,1791368609,2
12362761,12362762,1791368609,1791368611,2
12362762,12362763,1791368611,1791368613,2
12362763,12362764,1791368613,1791368615,2
12362764,12362765,1791368615,1791368617,2
12362765,12362766,1791368617,1791368619,2
12362766,12362767,1791368619,1791368621,2
12362767,12362768,1791368621,1791368623,2
12362768,12362769,1791368623,1791368625,2
12362769,12362770,1791368625,1791368627,2
12362770,12362771,1791368627,1791368629,2
12362771,12362772,1791368629,1791368631,2
12362772,12362773,1791368631,1791368633,2
12362773,12362774,1791368633,1791368635,2
12362774,12362775,1791368635,1791368637,2
12362775,12362776,1791368637,1791368639,2
12362776,12362777,1791368639,1791368641,2
12362777,12362778,1791368641,1791368643,2
12362778,12362779,1791368643,1791368645,2
12362779,12362780,1791368645,1791368647,2
12362780,12362781,1791368647,1791368649,2
12362781,12362782,1791368649,1791368651,2
12362782,12362783,1791368651,1791368653,2
12362783,12362784,1791368653,1791368655,2
12362784,12362785,1791368655,1791368657,2
12362785,12362786,1791368657,1791368659,2
12362786,12362787,1791368659,1791368661,2
12362787,12362788,1791368661,1791368663,2
12362788,12362789,1791368663,1791368665,2
12362789,12362790,1791368665,1791368667,2
12362790,12362791,1791368667,1791368669,2
12362791,12362792,1791368669,1791368671,2
12362792,12362793,1791368671,1791368673,2
12362793,12362794,1791368673,1791368675,2
12362794,12362795,1791368675,1791368677,2
12362795,12362796,1791368677,1791368679,2
12362796,12362797,1791368679,1791368681,2
12362797,12362798,1791368681,1791368683,2
12362798,12362799,1791368683,1791368685,2
12362799,12362800,1791368685,1791368687,2
12362800,12362801,1791368687,1791368689,2
12362801,12362802,1791368689,1791368691,2
12362802,12362803,1791368691,1791368693,2
12362803,12362804,1791368693,1791368695,2
12362804,12362805,1791368695,1791368697,2
12362805,12362806,1791368697,1791368699,2
12362806,12362807,1791368699,1791368701,2
12362807,12362808,1791368701,1791368703,2
12362808,12362809,1791368703,1791368705,2
12362809,12362810,1791368705,1791368707,2
12362810,12362811,1791368707,1791368709,2
12362811,12362812,1791368709,1791368711,2
12362812,12362813,1791368711,1791368713,2
12362813,12362814,1791368713,1791368715,2
12362814,12362815,1791368715,1791368717,2
12362815,12362816,1791368717,1791368719,2
12362816,12362817,1791368719,1791368721,2
12362817,12362818,1791368721,1791368723,2
12362818,12362819,1791368723,1791368725,2
12362819,12362820,1791368725,1791368727,2
12362820,12362821,1791368727,1791368729,2
12362821,12362822,1791368729,1791368731,2
12362822,12362823,1791368731,1791368733,2
12362823,12362824,1791368733,1791368735,2
12362824,12362825,1791368735,1791368737,2
12362825,12362826,1791368737,1791368739,2
12362826,12362827,1791368739,1791368741,2
12362827,12362828,1791368741,1791368743,2
12362828,12362829,1791368743,1791368745,2
12362829,12362830,1791368745,1791368747,2
12362830,12362831,1791368747,1791368749,2
12362831,12362832,1791368749,1791368751,2
12362832,12362833,1791368751,1791368753,2
12362833,12362834,1791368753,1791368755,2
12362834,12362835,1791368755,1791368757,2
12362835,12362836,1791368757,1791368759,2
12362836,12362837,1791368759,1791368761,2
12362837,12362838,1791368761,1791368763,2
12362838,12362839,1791368763,1791368765,2
12362839,12362840,1791368765,1791368767,2
12362840,12362841,1791368767,1791368769,2
12362841,12362842,1791368769,1791368771,2
12362842,12362843,1791368771,1791368773,2
12362843,12362844,1791368773,1791368775,2
12362844,12362845,1791368775,1791368777,2
12362845,12362846,1791368777,1791368779,2
12362846,12362847,1791368779,1791368781,2
12362847,12362848,1791368781,1791368783,2
12362848,12362849,1791368783,1791368785,2
12362849,12362850,1791368785,1791368787,2
12362850,12362851,1791368787,1791368789,2
12362851,12362852,1791368789,1791368791,2
12362852,12362853,1791368791,1791368793,2
12362853,12362854,1791368793,1791368795,2
12362854,12362855,1791368795,1791368797,2
12362855,12362856,1791368797,1791368799,2
12362856,12362857,1791368799,1791368801,2
12362857,12362858,1791368801,1791368803,2
12362858,12362859,1791368803,1791368805,2
12362859,12362860,1791368805,1791368807,2
12362860,12362861,1791368807,1791368809,2
12362861,12362862,1791368809,1791368811,2
12362862,12362863,1791368811,1791368813,2
12362863,12362864,1791368813,1791368815,2
12362864,12362865,1791368815,1791368817,2
12362865,12362866,1791368817,1791368819,2
12362866,12362867,1791368819,1791368821,2
12362867,12362868,1791368821,1791368823,2
12362868,12362869,1791368823,1791368825,2
12362869,12362870,1791368825,1791368827,2
12362870,12362871,1791368827,1791368829,2
12362871,12362872,1791368829,1791368831,2
12362872,12362873,1791368831,1791368833,2
12362873,12362874,1791368833,1791368835,2
12362874,12362875,1791368835,1791368837,2
12362875,12362876,1791368837,1791368839,2
12362876,12362877,1791368839,1791368841,2
12362877,12362878,1791368841,1791368843,2
12362878,12362879,1791368843,1791368845,2
12362879,12362880,1791368845,1791368847,2
12362880,12362881,1791368847,1791368849,2
12362881,12362882,1791368849,1791368851,2
12362882,12362883,1791368851,1791368853,2
12362883,12362884,1791368853,1791368855,2
12362884,12362885,1791368855,1791368857,2
12362885,12362886,1791368857,1791368859,2
12362886,12362887,1791368859,1791368861,2
12362887,12362888,1791368861,1791368863,2
12362888,12362889,1791368863,1791368865,2
12362889,12362890,1791368865,1791368867,2
12362890,12362891,1791368867,1791368869,2
12362891,12362892,1791368869,1791368871,2
12362892,12362893,1791368871,1791368873,2
12362893,12362894,1791368873,1791368875,2
12362894,12362895,1791368875,1791368877,2
12362895,12362896,1791368877,1791368879,2
12362896,12362897,1791368879,1791368881,2
12362897,12362898,1791368881,1791368883,2
12362898,12362899,1791368883,1791368885,2
12362899,12362900,1791368885,1791368887,2
12362900,12362901,1791368887,1791368889,2
12362901,12362902,1791368889,1791368891,2
12362902,12362903,1791368891,1791368893,2
12362903,12362904,1791368893,1791368895,2
12362904,12362905,1791368895,1791368897,2
12362905,12362906,1791368897,1791368899,2
12362906,12362907,1791368899,1791368901,2
12362907,12362908,1791368901,1791368903,2
12362908,12362909,1791368903,1791368905,2
12362909,12362910,1791368905,1791368907,2
12362910,12362911,1791368907,1791368909,2
12362911,12362912,1791368909,1791368911,2
12362912,12362913,1791368911,1791368913,2
12362913,12362914,1791368913,1791368915,2
12362914,12362915,1791368915,1791368917,2
12362915,12362916,1791368917,1791368919,2
12362916,12362917,1791368919,1791368921,2
12362917,12362918,1791368921,1791368923,2
12362918,12362919,1791368923,1791368925,2
12362919,12362920,1791368925,1791368927,2
12362920,12362921,1791368927,1791368929,2
12362921,12362922,1791368929,1791368931,2
12362922,12362923,1791368931,1791368933,2
12362923,12362924,1791368933,1791368935,2
12362924,12362925,1791368935,1791368937,2
12362925,12362926,1791368937,1791368939,2
12362926,12362927,1791368939,1791368941,2
12362927,12362928,1791368941,1791368943,2
12362928,12362929,1791368943,1791368945,2
12362929,12362930,1791368945,1791368947,2
12362930,12362931,1791368947,1791368949,2
12362931,12362932,1791368949,1791368951,2
12362932,12362933,1791368951,1791368953,2
12362933,12362934,1791368953,1791368955,2
12362934,12362935,1791368955,1791368957,2
12362935,12362936,1791368957,1791368959,2
12362936,12362937,1791368959,1791368961,2
12362937,12362938,1791368961,1791368963,2
12362938,12362939,1791368963,1791368965,2
12362939,12362940,1791368965,1791368967,2
12362940,12362941,1791368967,1791368969,2
12362941,12362942,1791368969,1791368971,2
12362942,12362943,1791368971,1791368973,2
12362943,12362944,1791368973,1791368975,2
12362944,12362945,1791368975,1791368977,2
12362945,12362946,1791368977,1791368979,2
12362946,12362947,1791368979,1791368981,2
12362947,12362948,1791368981,1791368983,2
12362948,12362949,1791368983,1791368985,2
12362949,12362950,1791368985,1791368987,2
12362950,12362951,1791368987,1791368989,2
12362951,12362952,1791368989,1791368991,2
12362952,12362953,1791368991,1791368993,2
12362953,12362954,1791368993,1791368995,2
12362954,12362955,1791368995,1791368997,2
12362955,12362956,1791368997,1791368999,2
12362956,12362957,1791368999,1791369001,2
12362957,12362958,1791369001,1791369003,2
12362958,12362959,1791369003,1791369005,2
12362959,12362960,1791369005,1791369007,2
12362960,12362961,1791369007,1791369009,2
12362961,12362962,1791369009,1791369011,2
12362962,12362963,1791369011,1791369013,2
12362963,12362964,1791369013,1791369015,2
12362964,12362965,1791369015,1791369017,2
12362965,12362966,1791369017,1791369019,2
12362966,12362967,1791369019,1791369021,2
12362967,12362968,1791369021,1791369023,2
12362968,12362969,1791369023,1791369025,2
12362969,12362970,1791369025,1791369027,2
12362970,12362971,1791369027,1791369029,2
12362971,12362972,1791369029,1791369031,2
12362972,12362973,1791369031,1791369033,2
12362973,12362974,1791369033,1791369035,2
12362974,12362975,1791369035,1791369037,2
12362975,12362976,1791369037,1791369039,2
12362976,12362977,1791369039,1791369041,2
12362977,12362978,1791369041,1791369043,2
12362978,12362979,1791369043,1791369045,2
12362979,12362980,1791369045,1791369047,2
12362980,12362981,1791369047,1791369049,2
12362981,12362982,1791369049,1791369051,2
12362982,12362983,1791369051,1791369053,2
12362983,12362984,1791369053,1791369055,2
12362984,12362985,1791369055,1791369057,2
12362985,12362986,1791369057,1791369059,2
12362986,12362987,1791369059,1791369061,2
12362987,12362988,1791369061,1791369063,2
12362988,12362989,1791369063,1791369065,2
12362989,12362990,1791369065,1791369067,2
12362990,12362991,1791369067,1791369069,2
12362991,12362992,1791369069,1791369071,2
12362992,12362993,1791369071,1791369073,2
12362993,12362994,1791369073,1791369075,2
12362994,12362995,1791369075,1791369077,2
12362995,12362996,1791369077,1791369079,2
12362996,12362997,1791369079,1791369081,2
12362997,12362998,1791369081,1791369083,2
12362998,12362999,1791369083,1791369085,2
12362999,12363000,1791369085,1791369087,2
12363000,12363001,1791369087,1791369089,2
12363001,12363002,1791369089,1791369091,2
12363002,12363003,1791369091,1791369093,2
12363003,12363004,1791369093,1791369095,2
12363004,12363005,1791369095,1791369097,2
12363005,12363006,1791369097,1791369099,2
12363006,12363007,1791369099,1791369101,2
12363007,12363008,1791369101,1791369103,2
12363008,12363009,1791369103,1791369105,2
12363009,12363010,1791369105,1791369107,2
12363010,12363011,1791369107,1791369109,2
12363011,12363012,1791369109,1791369111,2
12363012,12363013,1791369111,1791369113,2
12363013,12363014,1791369113,1791369115,2
12363014,12363015,1791369115,1791369117,2
12363015,12363016,1791369117,1791369119,2
12363016,12363017,1791369119,1791369121,2
12363017,12363018,1791369121,1791369123,2
12363018,12363019,1791369123,1791369125,2
12363019,12363020,1791369125,1791369127,2
12363020,12363021,1791369127,1791369129,2
12363021,12363022,1791369129,1791369131,2
12363022,12363023,1791369131,1791369133,2
12363023,12363024,1791369133,1791369135,2
12363024,12363025,1791369135,1791369137,2
12363025,12363026,1791369137,1791369139,2
12363026,12363027,1791369139,1791369141,2
12363027,12363028,1791369141,1791369143,2
12363028,12363029,1791369143,1791369145,2
12363029,12363030,1791369145,1791369147,2
12363030,12363031,1791369147,1791369149,2
12363031,12363032,1791369149,1791369151,2
12363032,12363033,1791369151,1791369153,2
12363033,12363034,1791369153,1791369155,2
12363034,12363035,1791369155,1791369157,2
12363035,12363036,1791369157,1791369159,2
12363036,12363037,1791369159,1791369161,2
12363037,12363038,1791369161,1791369163,2
12363038,12363039,1791369163,1791369165,2
12363039,12363040,1791369165,1791369167,2
12363040,12363041,1791369167,1791369169,2
12363041,12363042,1791369169,1791369171,2
12363042,12363043,1791369171,1791369173,2
12363043,12363044,1791369173,1791369175,2
12363044,12363045,1791369175,1791369177,2
12363045,12363046,1791369177,1791369179,2
12363046,12363047,1791369179,1791369181,2
12363047,12363048,1791369181,1791369183,2
12363048,12363049,1791369183,1791369185,2
12363049,12363050,1791369185,1791369187,2
12363050,12363051,1791369187,1791369189,2
12363051,12363052,1791369189,1791369191,2
12363052,12363053,1791369191,1791369193,2
12363053,12363054,1791369193,1791369195,2
12363054,12363055,1791369195,1791369197,2
12363055,12363056,1791369197,1791369199,2
12363056,12363057,1791369199,1791369201,2
12363057,12363058,1791369201,1791369203,2
12363058,12363059,1791369203,1791369205,2
12363059,12363060,1791369205,1791369207,2
12363060,12363061,1791369207,1791369209,2
12363061,12363062,1791369209,1791369211,2
12363062,12363063,1791369211,1791369213,2
12363063,12363064,1791369213,1791369215,2
12363064,12363065,1791369215,1791369217,2
12363065,12363066,1791369217,1791369219,2
12363066,12363067,1791369219,1791369221,2
12363067,12363068,1791369221,1791369223,2
12363068,12363069,1791369223,1791369225,2
12363069,12363070,1791369225,1791369227,2
12363070,12363071,1791369227,1791369229,2
12363071,12363072,1791369229,1791369231,2
12363072,12363073,1791369231,1791369233,2
12363073,12363074,1791369233,1791369235,2
12363074,12363075,1791369235,1791369237,2
12363075,12363076,1791369237,1791369239,2
12363076,12363077,1791369239,1791369241,2
12363077,12363078,1791369241,1791369243,2
12363078,12363079,1791369243,1791369245,2
12363079,12363080,1791369245,1791369247,2
12363080,12363081,1791369247,1791369249,2
12363081,12363082,1791369249,1791369251,2
12363082,12363083,1791369251,1791369253,2
12363083,12363084,1791369253,1791369255,2
12363084,12363085,1791369255,1791369257,2
12363085,12363086,1791369257,1791369259,2
12363086,12363087,1791369259,1791369261,2
12363087,12363088,1791369261,1791369263,2
12363088,12363089,1791369263,1791369265,2
12363089,12363090,1791369265,1791369267,2
12363090,12363091,1791369267,1791369269,2
12363091,12363092,1791369269,1791369271,2
12363092,12363093,1791369271,1791369273,2
12363093,12363094,1791369273,1791369275,2
12363094,12363095,1791369275,1791369277,2
12363095,12363096,1791369277,1791369279,2
12363096,12363097,1791369279,1791369281,2
12363097,12363098,1791369281,1791369283,2
12363098,12363099,1791369283,1791369285,2
12363099,12363100,1791369285,1791369287,2
12363100,12363101,1791369287,1791369289,2
12363101,12363102,1791369289,1791369291,2
12363102,12363103,1791369291,1791369293,2
12363103,12363104,1791369293,1791369295,2
12363104,12363105,1791369295,1791369297,2
12363105,12363106,1791369297,1791369299,2
12363106,12363107,1791369299,1791369301,2
12363107,12363108,1791369301,1791369303,2
12363108,12363109,1791369303,1791369305,2
12363109,12363110,1791369305,1791369307,2
12363110,12363111,1791369307,1791369309,2
12363111,12363112,1791369309,1791369311,2
12363112,12363113,1791369311,1791369313,2
12363113,12363114,1791369313,1791369315,2
12363114,12363115,1791369315,1791369317,2
12363115,12363116,1791369317,1791369319,2
12363116,12363117,1791369319,1791369321,2
12363117,12363118,1791369321,1791369323,2
12363118,12363119,1791369323,1791369325,2
12363119,12363120,1791369325,1791369327,2
12363120,12363121,1791369327,1791369329,2
12363121,12363122,1791369329,1791369331,2
12363122,12363123,1791369331,1791369333,2
12363123,12363124,1791369333,1791369335,2
12363124,12363125,1791369335,1791369337,2
12363125,12363126,1791369337,1791369339,2
12363126,12363127,1791369339,1791369341,2
12363127,12363128,1791369341,1791369343,2
12363128,12363129,1791369343,1791369345,2
12363129,12363130,1791369345,1791369347,2
12363130,12363131,1791369347,1791369349,2
12363131,12363132,1791369349,1791369351,2
12363132,12363133,1791369351,1791369353,2
12363133,12363134,1791369353,1791369355,2
12363134,12363135,1791369355,1791369357,2
12363135,12363136,1791369357,1791369359,2
12363136,12363137,1791369359,1791369361,2
12363137,12363138,1791369361,1791369363,2
12363138,12363139,1791369363,1791369365,2
12363139,12363140,1791369365,1791369367,2
12363140,12363141,1791369367,1791369369,2
12363141,12363142,1791369369,1791369371,2
12363142,12363143,1791369371,1791369373,2
12363143,12363144,1791369373,1791369375,2
12363144,12363145,1791369375,1791369377,2
12363145,12363146,1791369377,1791369379,2
12363146,12363147,1791369379,1791369381,2
12363147,12363148,1791369381,1791369383,2
12363148,12363149,1791369383,1791369385,2
12363149,12363150,1791369385,1791369387,2
12363150,12363151,1791369387,1791369389,2
12363151,12363152,1791369389,1791369391,2
12363152,12363153,1791369391,1791369393,2
12363153,12363154,1791369393,1791369395,2
12363154,12363155,1791369395,1791369397,2
12363155,12363156,1791369397,1791369399,2
12363156,12363157,1791369399,1791369401,2
12363157,12363158,1791369401,1791369403,2
12363158,12363159,1791369403,1791369405,2
12363159,12363160,1791369405,1791369407,2
12363160,12363161,1791369407,1791369409,2
12363161,12363162,1791369409,1791369411,2
12363162,12363163,1791369411,1791369413,2
12363163,12363164,1791369413,1791369415,2
12363164,12363165,1791369415,1791369417,2
12363165,12363166,1791369417,1791369419,2
12363166,12363167,1791369419,1791369421,2
12363167,12363168,1791369421,1791369423,2
12363168,12363169,1791369423,1791369425,2
12363169,12363170,1791369425,1791369427,2
12363170,12363171,1791369427,1791369429,2
12363171,12363172,1791369429,1791369431,2
12363172,12363173,1791369431,1791369433,2
12363173,12363174,1791369433,1791369435,2
12363174,12363175,1791369435,1791369437,2
12363175,12363176,1791369437,1791369439,2
12363176,12363177,1791369439,1791369441,2
12363177,12363178,1791369441,1791369443,2
12363178,12363179,1791369443,1791369445,2
12363179,12363180,1791369445,1791369447,2
12363180,12363181,1791369447,1791369449,2
12363181,12363182,1791369449,1791369451,2
12363182,12363183,1791369451,1791369453,2
12363183,12363184,1791369453,1791369455,2
12363184,12363185,1791369455,1791369457,2
12363185,12363186,1791369457,1791369459,2
12363186,12363187,1791369459,1791369461,2
12363187,12363188,1791369461,1791369463,2
12363188,12363189,1791369463,1791369465,2
12363189,12363190,1791369465,1791369467,2
12363190,12363191,1791369467,1791369469,2
12363191,12363192,1791369469,1791369471,2
12363192,12363193,1791369471,1791369473,2
12363193,12363194,1791369473,1791369475,2
12363194,12363195,1791369475,1791369477,2
12363195,12363196,1791369477,1791369479,2
12363196,12363197,1791369479,1791369481,2
12363197,12363198,1791369481,1791369483,2
12363198,12363199,1791369483,1791369485,2
12363199,12363200,1791369485,1791369487,2
12363200,12363201,1791369487,1791369489,2
12363201,12363202,1791369489,1791369491,2
12363202,12363203,1791369491,1791369493,2
12363203,12363204,1791369493,1791369495,2
12363204,12363205,1791369495,1791369497,2
12363205,12363206,1791369497,1791369499,2
12363206,12363207,1791369499,1791369501,2
12363207,12363208,1791369501,1791369503,2
12363208,12363209,1791369503,1791369505,2
12363209,12363210,1791369505,1791369507,2
12363210,12363211,1791369507,1791369509,2
12363211,12363212,1791369509,1791369511,2
12363212,12363213,1791369511,1791369513,2
12363213,12363214,1791369513,1791369515,2
12363214,12363215,1791369515,1791369517,2
12363215,12363216,1791369517,1791369519,2
12363216,12363217,1791369519,1791369521,2
12363217,12363218,1791369521,1791369523,2
12363218,12363219,1791369523,1791369525,2
12363219,12363220,1791369525,1791369527,2
12363220,12363221,1791369527,1791369529,2
12363221,12363222,1791369529,1791369531,2
12363222,12363223,1791369531,1791369533,2
12363223,12363224,1791369533,1791369535,2
12363224,12363225,1791369535,1791369537,2
12363225,12363226,1791369537,1791369539,2
12363226,12363227,1791369539,1791369541,2
12363227,12363228,1791369541,1791369543,2
12363228,12363229,1791369543,1791369545,2
12363229,12363230,1791369545,1791369547,2
12363230,12363231,1791369547,1791369549,2
12363231,12363232,1791369549,1791369551,2
12363232,12363233,1791369551,1791369553,2
12363233,12363234,1791369553,1791369555,2
12363234,12363235,1791369555,1791369557,2
12363235,12363236,1791369557,1791369559,2
12363236,12363237,1791369559,1791369561,2
12363237,12363238,1791369561,1791369563,2
12363238,12363239,1791369563,1791369565,2
12363239,12363240,1791369565,1791369567,2
12363240,12363241,1791369567,1791369569,2
12363241,12363242,1791369569,1791369571,2
12363242,12363243,1791369571,1791369573,2
12363243,12363244,1791369573,1791369575,2
12363244,12363245,1791369575,1791369577,2
12363245,12363246,1791369577,1791369579,2
12363246,12363247,1791369579,1791369581,2
12363247,12363248,1791369581,1791369583,2
12363248,12363249,1791369583,1791369585,2
12363249,12363250,1791369585,1791369587,2
12363250,12363251,1791369587,1791369589,2
12363251,12363252,1791369589,1791369591,2
12363252,12363253,1791369591,1791369593,2
12363253,12363254,1791369593,1791369595,2
12363254,12363255,1791369595,1791369597,2
12363255,12363256,1791369597,1791369599,2
12363256,12363257,1791369599,1791369601,2
12363257,12363258,1791369601,1791369603,2
12363258,12363259,1791369603,1791369605,2
12363259,12363260,1791369605,1791369607,2
12363260,12363261,1791369607,1791369609,2
12363261,12363262,1791369609,1791369611,2
12363262,12363263,1791369611,1791369613,2
12363263,12363264,1791369613,1791369615,2
12363264,12363265,1791369615,1791369617,2
12363265,12363266,1791369617,1791369619,2
12363266,12363267,1791369619,1791369621,2
12363267,12363268,1791369621,1791369623,2
12363268,12363269,1791369623,1791369625,2
12363269,12363270,1791369625,1791369627,2
12363270,12363271,1791369627,1791369629,2
12363271,12363272,1791369629,1791369631,2
12363272,12363273,1791369631,1791369633,2
12363273,12363274,1791369633,1791369635,2
12363274,12363275,1791369635,1791369637,2
12363275,12363276,1791369637,1791369639,2
12363276,12363277,1791369639,1791369641,2
12363277,12363278,1791369641,1791369643,2
12363278,12363279,1791369643,1791369645,2
12363279,12363280,1791369645,1791369647,2
12363280,12363281,1791369647,1791369649,2
12363281,12363282,1791369649,1791369651,2
12363282,12363283,1791369651,1791369653,2
12363283,12363284,1791369653,1791369655,2
12363284,12363285,1791369655,1791369657,2
12363285,12363286,1791369657,1791369659,2
12363286,12363287,1791369659,1791369661,2
12363287,12363288,1791369661,1791369663,2
12363288,12363289,1791369663,1791369665,2
12363289,12363290,1791369665,1791369667,2
12363290,12363291,1791369667,1791369669,2
12363291,12363292,1791369669,1791369671,2
12363292,12363293,1791369671,1791369673,2
12363293,12363294,1791369673,1791369675,2
12363294,12363295,1791369675,1791369677,2
12363295,12363296,1791369677,1791369679,2
12363296,12363297,1791369679,1791369681,2
12363297,12363298,1791369681,1791369683,2
12363298,12363299,1791369683,1791369685,2
12363299,12363300,1791369685,1791369687,2
12363300,12363301,1791369687,1791369689,2
12363301,12363302,1791369689,1791369691,2
12363302,12363303,1791369691,1791369693,2
12363303,12363304,1791369693,1791369695,2
12363304,12363305,1791369695,1791369697,2
12363305,12363306,1791369697,1791369699,2
12363306,12363307,1791369699,1791369701,2
12363307,12363308,1791369701,1791369703,2
12363308,12363309,1791369703,1791369705,2
12363309,12363310,1791369705,1791369707,2
12363310,12363311,1791369707,1791369709,2
12363311,12363312,1791369709,1791369711,2
12363312,12363313,1791369711,1791369713,2
12363313,12363314,1791369713,1791369715,2
12363314,12363315,1791369715,1791369717,2
12363315,12363316,1791369717,1791369719,2
12363316,12363317,1791369719,1791369721,2
12363317,12363318,1791369721,1791369723,2
12363318,12363319,1791369723,1791369725,2
12363319,12363320,1791369725,1791369727,2
12363320,12363321,1791369727,1791369729,2
12363321,12363322,1791369729,1791369731,2
12363322,12363323,1791369731,1791369733,2
12363323,12363324,1791369733,1791369735,2
12363324,12363325,1791369735,1791369737,2
12363325,12363326,1791369737,1791369739,2
12363326,12363327,1791369739,1791369741,2
12363327,12363328,1791369741,1791369743,2
12363328,12363329,1791369743,1791369745,2
12363329,12363330,1791369745,1791369747,2
12363330,12363331,1791369747,1791369749,2
12363331,12363332,1791369749,1791369751,2
12363332,12363333,1791369751,1791369753,2
12363333,12363334,1791369753,1791369755,2
12363334,12363335,1791369755,1791369757,2
12363335,12363336,1791369757,1791369759,2
12363336,12363337,1791369759,1791369761,2
12363337,12363338,1791369761,1791369763,2
12363338,12363339,1791369763,1791369765,2
12363339,12363340,1791369765,1791369767,2
12363340,12363341,1791369767,1791369769,2
12363341,12363342,1791369769,1791369771,2
12363342,12363343,1791369771,1791369773,2
12363343,12363344,1791369773,1791369775,2
12363344,12363345,1791369775,1791369777,2
12363345,12363346,1791369777,1791369779,2
12363346,12363347,1791369779,1791369781,2
12363347,12363348,1791369781,1791369783,2
12363348,12363349,1791369783,1791369785,2
12363349,12363350,1791369785,1791369787,2
12363350,12363351,1791369787,1791369789,2
12363351,12363352,1791369789,1791369791,2
12363352,12363353,1791369791,1791369793,2
12363353,12363354,1791369793,1791369795,2
12363354,12363355,1791369795,1791369797,2
12363355,12363356,1791369797,1791369799,2
12363356,12363357,1791369799,1791369801,2
12363357,12363358,1791369801,1791369803,2
12363358,12363359,1791369803,1791369805,2
12363359,12363360,1791369805,1791369807,2
12363360,12363361,1791369807,1791369809,2
12363361,12363362,1791369809,1791369811,2
12363362,12363363,1791369811,1791369813,2
12363363,12363364,1791369813,1791369815,2
12363364,12363365,1791369815,1791369817,2
12363365,12363366,1791369817,1791369819,2
12363366,12363367,1791369819,1791369821,2
12363367,12363368,1791369821,1791369823,2
12363368,12363369,1791369823,1791369825,2
12363369,12363370,1791369825,1791369827,2
12363370,12363371,1791369827,1791369829,2
12363371,12363372,1791369829,1791369831,2
12363372,12363373,1791369831,1791369833,2
12363373,12363374,1791369833,1791369835,2
12363374,12363375,1791369835,1791369837,2
12363375,12363376,1791369837,1791369839,2
12363376,12363377,1791369839,1791369841,2
12363377,12363378,1791369841,1791369843,2
12363378,12363379,1791369843,1791369845,2
12363379,12363380,1791369845,1791369847,2
12363380,12363381,1791369847,1791369849,2
12363381,12363382,1791369849,1791369851,2
12363382,12363383,1791369851,1791369853,2
12363383,12363384,1791369853,1791369855,2
12363384,12363385,1791369855,1791369857,2
12363385,12363386,1791369857,1791369859,2
12363386,12363387,1791369859,1791369861,2
12363387,12363388,1791369861,1791369863,2
12363388,12363389,1791369863,1791369865,2
12363389,12363390,1791369865,1791369867,2
12363390,12363391,1791369867,1791369869,2
12363391,12363392,1791369869,1791369871,2
12363392,12363393,1791369871,1791369873,2
12363393,12363394,1791369873,1791369875,2
12363394,12363395,1791369875,1791369877,2
12363395,12363396,1791369877,1791369879,2
12363396,12363397,1791369879,1791369881,2
12363397,12363398,1791369881,1791369883,2
12363398,12363399,1791369883,1791369885,2
12363399,12363400,1791369885,1791369887,2
12363400,12363401,1791369887,1791369889,2
12363401,12363402,1791369889,1791369891,2
12363402,12363403,1791369891,1791369893,2
12363403,12363404,1791369893,1791369895,2
12363404,12363405,1791369895,1791369897,2
12363405,12363406,1791369897,1791369899,2
12363406,12363407,1791369899,1791369901,2
12363407,12363408,1791369901,1791369903,2
12363408,12363409,1791369903,1791369905,2
12363409,12363410,1791369905,1791369907,2
12363410,12363411,1791369907,1791369909,2
12363411,12363412,1791369909,1791369911,2
12363412,12363413,1791369911,1791369913,2
12363413,12363414,1791369913,1791369915,2
12363414,12363415,1791369915,1791369917,2
12363415,12363416,1791369917,1791369919,2
12363416,12363417,1791369919,1791369921,2
12363417,12363418,1791369921,1791369923,2
12363418,12363419,1791369923,1791369925,2
12363419,12363420,1791369925,1791369927,2
12363420,12363421,1791369927,1791369929,2
12363421,12363422,1791369929,1791369931,2
12363422,12363423,1791369931,1791369933,2
12363423,12363424,1791369933,1791369935,2
12363424,12363425,1791369935,1791369937,2
12363425,12363426,1791369937,1791369939,2
12363426,12363427,1791369939,1791369941,2
12363427,12363428,1791369941,1791369943,2
12363428,12363429,1791369943,1791369945,2
12363429,12363430,1791369945,1791369947,2
12363430,12363431,1791369947,1791369949,2
12363431,12363432,1791369949,1791369951,2
12363432,12363433,1791369951,1791369953,2
12363433,12363434,1791369953,1791369955,2
12363434,12363435,1791369955,1791369957,2
12363435,12363436,1791369957,1791369959,2
12363436,12363437,1791369959,1791369961,2
12363437,12363438,1791369961,1791369963,2
12363438,12363439,1791369963,1791369965,2
12363439,12363440,1791369965,1791369967,2
12363440,12363441,1791369967,1791369969,2
12363441,12363442,1791369969,1791369971,2
12363442,12363443,1791369971,1791369973,2
12363443,12363444,1791369973,1791369975,2
12363444,12363445,1791369975,1791369977,2
12363445,12363446,1791369977,1791369979,2
12363446,12363447,1791369979,1791369981,2
12363447,12363448,1791369981,1791369983,2
12363448,12363449,1791369983,1791369985,2
12363449,12363450,1791369985,1791369987,2
12363450,12363451,1791369987,1791369989,2
12363451,12363452,1791369989,1791369991,2
12363452,12363453,1791369991,1791369993,2
12363453,12363454,1791369993,1791369995,2
12363454,12363455,1791369995,1791369997,2
12363455,12363456,1791369997,1791369999,2
12363456,12363457,1791369999,1791370001,2
12363457,12363458,1791370001,1791370003,2
12363458,12363459,1791370003,1791370005,2
12363459,12363460,1791370005,1791370007,2
12363460,12363461,1791370007,1791370009,2
12363461,12363462,1791370009,1791370011,2
12363462,12363463,1791370011,1791370013,2
12363463,12363464,1791370013,1791370015,2
12363464,12363465,1791370015,1791370017,2
12363465,12363466,1791370017,1791370019,2
12363466,12363467,1791370019,1791370021,2
12363467,12363468,1791370021,1791370023,2
12363468,12363469,1791370023,1791370025,2
12363469,12363470,1791370025,1791370027,2
12363470,12363471,1791370027,1791370029,2
12363471,12363472,1791370029,1791370031,2
12363472,12363473,1791370031,1791370033,2
12363473,12363474,1791370033,1791370035,2
12363474,12363475,1791370035,1791370037,2
12363475,12363476,1791370037,1791370039,2
12363476,12363477,1791370039,1791370041,2
12363477,12363478,1791370041,1791370043,2
12363478,12363479,1791370043,1791370045,2
12363479,12363480,1791370045,1791370047,2
12363480,12363481,1791370047,1791370049,2
12363481,12363482,1791370049,1791370051,2
12363482,12363483,1791370051,1791370053,2
12363483,12363484,1791370053,1791370055,2
12363484,12363485,1791370055,1791370057,2
12363485,12363486,1791370057,1791370059,2
12363486,12363487,1791370059,1791370061,2
12363487,12363488,1791370061,1791370063,2
12363488,12363489,1791370063,1791370065,2
12363489,12363490,1791370065,1791370067,2
12363490,12363491,1791370067,1791370069,2
12363491,12363492,1791370069,1791370071,2
12363492,12363493,1791370071,1791370073,2
12363493,12363494,1791370073,1791370075,2
12363494,12363495,1791370075,1791370077,2
12363495,12363496,1791370077,1791370079,2
12363496,12363497,1791370079,1791370081,2
12363497,12363498,1791370081,1791370083,2
12363498,12363499,1791370083,1791370085,2
12363499,12363500,1791370085,1791370087,2
12363500,12363501,1791370087,1791370089,2
12363501,12363502,1791370089,1791370091,2
12363502,12363503,1791370091,1791370093,2
12363503,12363504,1791370093,1791370095,2
12363504,12363505,1791370095,1791370097,2
12363505,12363506,1791370097,1791370099,2
12363506,12363507,1791370099,1791370101,2
12363507,12363508,1791370101,1791370103,2
12363508,12363509,1791370103,1791370105,2
12363509,12363510,1791370105,1791370107,2
12363510,12363511,1791370107,1791370109,2
12363511,12363512,1791370109,1791370111,2
12363512,12363513,1791370111,1791370113,2
12363513,12363514,1791370113,1791370115,2
12363514,12363515,1791370115,1791370117,2
12363515,12363516,1791370117,1791370119,2
12363516,12363517,1791370119,1791370121,2
12363517,12363518,1791370121,1791370123,2
12363518,12363519,1791370123,1791370125,2
12363519,12363520,1791370125,1791370127,2
12363520,12363521,1791370127,1791370129,2
12363521,12363522,1791370129,1791370131,2
12363522,12363523,1791370131,1791370133,2
12363523,12363524,1791370133,1791370135,2
12363524,12363525,1791370135,1791370137,2
12363525,12363526,1791370137,1791370139,2
12363526,12363527,1791370139,1791370141,2
12363527,12363528,1791370141,1791370143,2
12363528,12363529,1791370143,1791370145,2
12363529,12363530,1791370145,1791370147,2
12363530,12363531,1791370147,1791370149,2
12363531,12363532,1791370149,1791370151,2
12363532,12363533,1791370151,1791370153,2
12363533,12363534,1791370153,1791370155,2
12363534,12363535,1791370155,1791370157,2
12363535,12363536,1791370157,1791370159,2
12363536,12363537,1791370159,1791370161,2
12363537,12363538,1791370161,1791370163,2
12363538,12363539,1791370163,1791370165,2
12363539,12363540,1791370165,1791370167,2
12363540,12363541,1791370167,1791370169,2
12363541,12363542,1791370169,1791370171,2
12363542,12363543,1791370171,1791370173,2
12363543,12363544,1791370173,1791370175,2
12363544,12363545,1791370175,1791370177,2
12363545,12363546,1791370177,1791370179,2
12363546,12363547,1791370179,1791370181,2
12363547,12363548,1791370181,1791370183,2
12363548,12363549,1791370183,1791370185,2
12363549,12363550,1791370185,1791370187,2
12363550,12363551,1791370187,1791370189,2
12363551,12363552,1791370189,1791370191,2
12363552,12363553,1791370191,1791370193,2
12363553,12363554,1791370193,1791370195,2
12363554,12363555,1791370195,1791370197,2
12363555,12363556,1791370197,1791370199,2
12363556,12363557,1791370199,1791370201,2
12363557,12363558,1791370201,1791370203,2
12363558,12363559,1791370203,1791370205,2
12363559,12363560,1791370205,1791370207,2
12363560,12363561,1791370207,1791370209,2
12363561,12363562,1791370209,1791370211,2
12363562,12363563,1791370211,1791370213,2
12363563,12363564,1791370213,1791370215,2
12363564,12363565,1791370215,1791370217,2
12363565,12363566,1791370217,1791370219,2
12363566,12363567,1791370219,1791370221,2
12363567,12363568,1791370221,1791370223,2
12363568,12363569,1791370223,1791370225,2
12363569,12363570,1791370225,1791370227,2
12363570,12363571,1791370227,1791370229,2
12363571,12363572,1791370229,1791370231,2
12363572,12363573,1791370231,1791370233,2
12363573,12363574,1791370233,1791370235,2
12363574,12363575,1791370235,1791370237,2
12363575,12363576,1791370237,1791370239,2
12363576,12363577,1791370239,1791370241,2
12363577,12363578,1791370241,1791370243,2
12363578,12363579,1791370243,1791370245,2
12363579,12363580,1791370245,1791370247,2
12363580,12363581,1791370247,1791370249,2
12363581,12363582,1791370249,1791370251,2
12363582,12363583,1791370251,1791370253,2
12363583,12363584,1791370253,1791370255,2
12363584,12363585,1791370255,1791370257,2
12363585,12363586,1791370257,1791370259,2
12363586,12363587,1791370259,1791370261,2
12363587,12363588,1791370261,1791370263,2
12363588,12363589,1791370263,1791370265,2
12363589,12363590,1791370265,1791370267,2
12363590,12363591,1791370267,1791370269,2
12363591,12363592,1791370269,1791370271,2
12363592,12363593,1791370271,1791370273,2
12363593,12363594,1791370273,1791370275,2
12363594,12363595,1791370275,1791370277,2
12363595,12363596,1791370277,1791370279,2
12363596,12363597,1791370279,1791370281,2
12363597,12363598,1791370281,1791370283,2
12363598,12363599,1791370283,1791370285,2
12363599,12363600,1791370285,1791370287,2
12363600,12363601,1791370287,1791370289,2
12363601,12363602,1791370289,1791370291,2
12363602,12363603,1791370291,1791370293,2
12363603,12363604,1791370293,1791370295,2
12363604,12363605,1791370295,1791370297,2
12363605,12363606,1791370297,1791370299,2
12363606,12363607,1791370299,1791370301,2
12363607,12363608,1791370301,1791370303,2
12363608,12363609,1791370303,1791370305,2
12363609,12363610,1791370305,1791370307,2
12363610,12363611,1791370307,1791370309,2
12363611,12363612,1791370309,1791370311,2
12363612,12363613,1791370311,1791370313,2
12363613,12363614,1791370313,1791370315,2
12363614,12363615,1791370315,1791370317,2
12363615,12363616,1791370317,1791370319,2
12363616,12363617,1791370319,1791370321,2
12363617,12363618,1791370321,1791370323,2
12363618,12363619,1791370323,1791370325,2
12363619,12363620,1791370325,1791370327,2
12363620,12363621,1791370327,1791370329,2
12363621,12363622,1791370329,1791370331,2
12363622,12363623,1791370331,1791370333,2
12363623,12363624,1791370333,1791370335,2
12363624,12363625,1791370335,1791370337,2
12363625,12363626,1791370337,1791370339,2
12363626,12363627,1791370339,1791370341,2
12363627,12363628,1791370341,1791370343,2
12363628,12363629,1791370343,1791370345,2
12363629,12363630,1791370345,1791370347,2
12363630,12363631,1791370347,1791370349,2
12363631,12363632,1791370349,1791370351,2
12363632,12363633,1791370351,1791370353,2
12363633,12363634,1791370353,1791370355,2
12363634,12363635,1791370355,1791370357,2
12363635,12363636,1791370357,1791370359,2
12363636,12363637,1791370359,1791370361,2
12363637,12363638,1791370361,1791370363,2
12363638,12363639,1791370363,1791370365,2
12363639,12363640,1791370365,1791370367,2
12363640,12363641,1791370367,1791370369,2
12363641,12363642,1791370369,1791370371,2
12363642,12363643,1791370371,1791370373,2
12363643,12363644,1791370373,1791370375,2
12363644,12363645,1791370375,1791370377,2
12363645,12363646,1791370377,1791370379,2
12363646,12363647,1791370379,1791370381,2
12363647,12363648,1791370381,1791370383,2
12363648,12363649,1791370383,1791370385,2
12363649,12363650,1791370385,1791370387,2
12363650,12363651,1791370387,1791370389,2
12363651,12363652,1791370389,1791370391,2
12363652,12363653,1791370391,1791370393,2
12363653,12363654,1791370393,1791370395,2
12363654,12363655,1791370395,1791370397,2
12363655,12363656,1791370397,1791370399,2
12363656,12363657,1791370399,1791370401,2
12363657,12363658,1791370401,1791370403,2
12363658,12363659,1791370403,1791370405,2
12363659,12363660,1791370405,1791370407,2
12363660,12363661,1791370407,1791370409,2
12363661,12363662,1791370409,1791370411,2
12363662,12363663,1791370411,1791370413,2
12363663,12363664,1791370413,1791370415,2
12363664,12363665,1791370415,1791370417,2
12363665,12363666,1791370417,1791370419,2
12363666,12363667,1791370419,1791370421,2
12363667,12363668,1791370421,1791370423,2
12363668,12363669,1791370423,1791370425,2
12363669,12363670,1791370425,1791370427,2
12363670,12363671,1791370427,1791370429,2
12363671,12363672,1791370429,1791370431,2
12363672,12363673,1791370431,1791370433,2
12363673,12363674,1791370433,1791370435,2
12363674,12363675,1791370435,1791370437,2
12363675,12363676,1791370437,1791370439,2
12363676,12363677,1791370439,1791370441,2
12363677,12363678,1791370441,1791370443,2
12363678,12363679,1791370443,1791370445,2
12363679,12363680,1791370445,1791370447,2
12363680,12363681,1791370447,1791370449,2
12363681,12363682,1791370449,1791370451,2
12363682,12363683,1791370451,1791370453,2
12363683,12363684,1791370453,1791370455,2
12363684,12363685,1791370455,1791370457,2
12363685,12363686,1791370457,1791370459,2
12363686,12363687,1791370459,1791370461,2
12363687,12363688,1791370461,1791370463,2
12363688,12363689,1791370463,1791370465,2
12363689,12363690,1791370465,1791370467,2
12363690,12363691,1791370467,1791370469,2
12363691,12363692,1791370469,1791370471,2
12363692,12363693,1791370471,1791370473,2
12363693,12363694,1791370473,1791370475,2
12363694,12363695,1791370475,1791370477,2
12363695,12363696,1791370477,1791370479,2
12363696,12363697,1791370479,1791370481,2
12363697,12363698,1791370481,1791370483,2
12363698,12363699,1791370483,1791370485,2
12363699,12363700,1791370485,1791370487,2
12363700,12363701,1791370487,1791370489,2
12363701,12363702,1791370489,1791370491,2
12363702,12363703,1791370491,1791370493,2
12363703,12363704,1791370493,1791370495,2
12363704,12363705,1791370495,1791370497,2
12363705,12363706,1791370497,1791370499,2
12363706,12363707,1791370499,1791370501,2
12363707,12363708,1791370501,1791370503,2
12363708,12363709,1791370503,1791370505,2
12363709,12363710,1791370505,1791370507,2
12363710,12363711,1791370507,1791370509,2
12363711,12363712,1791370509,1791370511,2
12363712,12363713,1791370511,1791370513,2
12363713,12363714,1791370513,1791370515,2
12363714,12363715,1791370515,1791370517,2
12363715,12363716,1791370517,1791370519,2
12363716,12363717,1791370519,1791370521,2
12363717,12363718,1791370521,1791370523,2
12363718,12363719,1791370523,1791370525,2
12363719,12363720,1791370525,1791370527,2
12363720,12363721,1791370527,1791370529,2
12363721,12363722,1791370529,1791370531,2
12363722,12363723,1791370531,1791370533,2
12363723,12363724,1791370533,1791370535,2
12363724,12363725,1791370535,1791370537,2
12363725,12363726,1791370537,1791370539,2
12363726,12363727,1791370539,1791370541,2
12363727,12363728,1791370541,1791370543,2
12363728,12363729,1791370543,1791370545,2
12363729,12363730,1791370545,1791370547,2
12363730,12363731,1791370547,1791370549,2
12363731,12363732,1791370549,1791370551,2
12363732,12363733,1791370551,1791370553,2
12363733,12363734,1791370553,1791370555,2
12363734,12363735,1791370555,1791370557,2
12363735,12363736,1791370557,1791370559,2
12363736,12363737,1791370559,1791370561,2
12363737,12363738,1791370561,1791370563,2
12363738,12363739,1791370563,1791370565,2
12363739,12363740,1791370565,1791370567,2
12363740,12363741,1791370567,1791370569,2
12363741,12363742,1791370569,1791370571,2
12363742,12363743,1791370571,1791370573,2
12363743,12363744,1791370573,1791370575,2
12363744,12363745,1791370575,1791370577,2
12363745,12363746,1791370577,1791370579,2
12363746,12363747,1791370579,1791370581,2
12363747,12363748,1791370581,1791370583,2
12363748,12363749,1791370583,1791370585,2
12363749,12363750,1791370585,1791370587,2
12363750,12363751,1791370587,1791370589,2
12363751,12363752,1791370589,1791370591,2
12363752,12363753,1791370591,1791370593,2
12363753,12363754,1791370593,1791370595,2
12363754,12363755,1791370595,1791370597,2
12363755,12363756,1791370597,1791370599,2
12363756,12363757,1791370599,1791370601,2
12363757,12363758,1791370601,1791370603,2
12363758,12363759,1791370603,1791370605,2
12363759,12363760,1791370605,1791370607,2
12363760,12363761,1791370607,1791370609,2
12363761,12363762,1791370609,1791370611,2
12363762,12363763,1791370611,1791370613,2
12363763,12363764,1791370613,1791370615,2
12363764,12363765,1791370615,1791370617,2
12363765,12363766,1791370617,1791370619,2
12363766,12363767,1791370619,1791370621,2
12363767,12363768,1791370621,1791370623,2
12363768,12363769,1791370623,1791370625,2
12363769,12363770,1791370625,1791370627,2
12363770,12363771,1791370627,1791370629,2
12363771,12363772,1791370629,1791370631,2
12363772,12363773,1791370631,1791370633,2
12363773,12363774,1791370633,1791370635,2
12363774,12363775,1791370635,1791370637,2
12363775,12363776,1791370637,1791370639,2
12363776,12363777,1791370639,1791370641,2
12363777,12363778,1791370641,1791370643,2
12363778,12363779,1791370643,1791370645,2
12363779,12363780,1791370645,1791370647,2
12363780,12363781,1791370647,1791370649,2
12363781,12363782,1791370649,1791370651,2
12363782,12363783,1791370651,1791370653,2
12363783,12363784,1791370653,1791370655,2
12363784,12363785,1791370655,1791370657,2
12363785,12363786,1791370657,1791370659,2
12363786,12363787,1791370659,1791370661,2
12363787,12363788,1791370661,1791370663,2
12363788,12363789,1791370663,1791370665,2
12363789,12363790,1791370665,1791370667,2
12363790,12363791,1791370667,1791370669,2
12363791,12363792,1791370669,1791370671,2
12363792,12363793,1791370671,1791370673,2
12363793,12363794,1791370673,1791370675,2
12363794,12363795,1791370675,1791370677,2
12363795,12363796,1791370677,1791370679,2
12363796,12363797,1791370679,1791370681,2
12363797,12363798,1791370681,1791370683,2
12363798,12363799,1791370683,1791370685,2
12363799,12363800,1791370685,1791370687,2
12363800,12363801,1791370687,1791370689,2
12363801,12363802,1791370689,1791370691,2
12363802,12363803,1791370691,1791370693,2
12363803,12363804,1791370693,1791370695,2
12363804,12363805,1791370695,1791370697,2
12363805,12363806,1791370697,1791370699,2
12363806,12363807,1791370699,1791370701,2
12363807,12363808,1791370701,1791370703,2
12363808,12363809,1791370703,1791370705,2
12363809,12363810,1791370705,1791370707,2
12363810,12363811,1791370707,1791370709,2
12363811,12363812,1791370709,1791370711,2
12363812,12363813,1791370711,1791370713,2
12363813,12363814,1791370713,1791370715,2
12363814,12363815,1791370715,1791370717,2
12363815,12363816,1791370717,1791370719,2
12363816,12363817,1791370719,1791370721,2
12363817,12363818,1791370721,1791370723,2
12363818,12363819,1791370723,1791370725,2
12363819,12363820,1791370725,1791370727,2
12363820,12363821,1791370727,1791370729,2
12363821,12363822,1791370729,1791370731,2
12363822,12363823,1791370731,1791370733,2
12363823,12363824,1791370733,1791370735,2
12363824,12363825,1791370735,1791370737,2
12363825,12363826,1791370737,1791370739,2
12363826,12363827,1791370739,1791370741,2
12363827,12363828,1791370741,1791370743,2
12363828,12363829,1791370743,1791370745,2
12363829,12363830,1791370745,1791370747,2
12363830,12363831,1791370747,1791370749,2
12363831,12363832,1791370749,1791370751,2
12363832,12363833,1791370751,1791370753,2
12363833,12363834,1791370753,1791370755,2
12363834,12363835,1791370755,1791370757,2
12363835,12363836,1791370757,1791370759,2
12363836,12363837,1791370759,1791370761,2
12363837,12363838,1791370761,1791370763,2
12363838,12363839,1791370763,1791370765,2
12363839,12363840,1791370765,1791370767,2
12363840,12363841,1791370767,1791370769,2
12363841,12363842,1791370769,1791370771,2
12363842,12363843,1791370771,1791370773,2
12363843,12363844,1791370773,1791370775,2
12363844,12363845,1791370775,1791370777,2
12363845,12363846,1791370777,1791370779,2
12363846,12363847,1791370779,1791370781,2
12363847,12363848,1791370781,1791370783,2
12363848,12363849,1791370783,1791370785,2
12363849,12363850,1791370785,1791370787,2
12363850,12363851,1791370787,1791370789,2
12363851,12363852,1791370789,1791370791,2
12363852,12363853,1791370791,1791370793,2
12363853,12363854,1791370793,1791370795,2
12363854,12363855,1791370795,1791370797,2
12363855,12363856,1791370797,1791370799,2
12363856,12363857,1791370799,1791370801,2
12363857,12363858,1791370801,1791370803,2
12363858,12363859,1791370803,1791370805,2
12363859,12363860,1791370805,1791370807,2
12363860,12363861,1791370807,1791370809,2
12363861,12363862,1791370809,1791370811,2
12363862,12363863,1791370811,1791370813,2
12363863,12363864,1791370813,1791370815,2
12363864,12363865,1791370815,1791370817,2
12363865,12363866,1791370817,1791370819,2
12363866,12363867,1791370819,1791370821,2
12363867,12363868,1791370821,1791370823,2
12363868,12363869,1791370823,1791370825,2
12363869,12363870,1791370825,1791370827,2
12363870,12363871,1791370827,1791370829,2
12363871,12363872,1791370829,1791370831,2
12363872,12363873,1791370831,1791370833,2
12363873,12363874,1791370833,1791370835,2
12363874,12363875,1791370835,1791370837,2
12363875,12363876,1791370837,1791370839,2
12363876,12363877,1791370839,1791370841,2
12363877,12363878,1791370841,1791370843,2
12363878,12363879,1791370843,1791370845,2
12363879,12363880,1791370845,1791370847,2
12363880,12363881,1791370847,1791370849,2
12363881,12363882,1791370849,1791370851,2
12363882,12363883,1791370851,1791370853,2
12363883,12363884,1791370853,1791370855,2
12363884,12363885,1791370855,1791370857,2
12363885,12363886,1791370857,1791370859,2
12363886,12363887,1791370859,1791370861,2
12363887,12363888,1791370861,1791370863,2
12363888,12363889,1791370863,1791370865,2
12363889,12363890,1791370865,1791370867,2
12363890,12363891,1791370867,1791370869,2
12363891,12363892,1791370869,1791370871,2
12363892,12363893,1791370871,1791370873,2
12363893,12363894,1791370873,1791370875,2
12363894,12363895,1791370875,1791370877,2
12363895,12363896,1791370877,1791370879,2
12363896,12363897,1791370879,1791370881,2
12363897,12363898,1791370881,1791370883,2
12363898,12363899,1791370883,1791370885,2
12363899,12363900,1791370885,1791370887,2
12363900,12363901,1791370887,1791370889,2
12363901,12363902,1791370889,1791370891,2
12363902,12363903,1791370891,1791370893,2
12363903,12363904,1791370893,1791370895,2
12363904,12363905,1791370895,1791370897,2
12363905,12363906,1791370897,1791370899,2
12363906,12363907,1791370899,1791370901,2
12363907,12363908,1791370901,1791370903,2
12363908,12363909,1791370903,1791370905,2
12363909,12363910,1791370905,1791370907,2
12363910,12363911,1791370907,1791370909,2
12363911,12363912,1791370909,1791370911,2
12363912,12363913,1791370911,1791370913,2
12363913,12363914,1791370913,1791370915,2
12363914,12363915,1791370915,1791370917,2
12363915,12363916,1791370917,1791370919,2
12363916,12363917,1791370919,1791370921,2
12363917,12363918,1791370921,1791370923,2
12363918,12363919,1791370923,1791370925,2
12363919,12363920,1791370925,1791370927,2
12363920,12363921,1791370927,1791370929,2
12363921,12363922,1791370929,1791370931,2
12363922,12363923,1791370931,1791370933,2
12363923,12363924,1791370933,1791370935,2
12363924,12363925,1791370935,1791370937,2
12363925,12363926,1791370937,1791370939,2
12363926,12363927,1791370939,1791370941,2
12363927,12363928,1791370941,1791370943,2
12363928,12363929,1791370943,1791370945,2
12363929,12363930,1791370945,1791370947,2
12363930,12363931,1791370947,1791370949,2
12363931,12363932,1791370949,1791370951,2
12363932,12363933,1791370951,1791370953,2
12363933,12363934,1791370953,1791370955,2
12363934,12363935,1791370955,1791370957,2
12363935,12363936,1791370957,1791370959,2
12363936,12363937,1791370959,1791370961,2
12363937,12363938,1791370961,1791370963,2
12363938,12363939,1791370963,1791370965,2
12363939,12363940,1791370965,1791370967,2
12363940,12363941,1791370967,1791370969,2
12363941,12363942,1791370969,1791370971,2
12363942,12363943,1791370971,1791370973,2
12363943,12363944,1791370973,1791370975,2
12363944,12363945,1791370975,1791370977,2
12363945,12363946,1791370977,1791370979,2
12363946,12363947,1791370979,1791370981,2
12363947,12363948,1791370981,1791370983,2
12363948,12363949,1791370983,1791370985,2
12363949,12363950,1791370985,1791370987,2
12363950,12363951,1791370987,1791370989,2
12363951,12363952,1791370989,1791370991,2
12363952,12363953,1791370991,1791370993,2
12363953,12363954,1791370993,1791370995,2
12363954,12363955,1791370995,1791370997,2
12363955,12363956,1791370997,1791370999,2
12363956,12363957,1791370999,1791371001,2
12363957,12363958,1791371001,1791371003,2
12363958,12363959,1791371003,1791371005,2
12363959,12363960,1791371005,1791371007,2
12363960,12363961,1791371007,1791371009,2
12363961,12363962,1791371009,1791371011,2
12363962,12363963,1791371011,1791371013,2
12363963,12363964,1791371013,1791371015,2
12363964,12363965,1791371015,1791371017,2
12363965,12363966,1791371017,1791371019,2
12363966,12363967,1791371019,1791371021,2
12363967,12363968,1791371021,1791371023,2
12363968,12363969,1791371023,1791371025,2
12363969,12363970,1791371025,1791371027,2
12363970,12363971,1791371027,1791371029,2
12363971,12363972,1791371029,1791371031,2
12363972,12363973,1791371031,1791371033,2
12363973,12363974,1791371033,1791371035,2
12363974,12363975,1791371035,1791371037,2
12363975,12363976,1791371037,1791371039,2
12363976,12363977,1791371039,1791371041,2
12363977,12363978,1791371041,1791371043,2
12363978,12363979,1791371043,1791371045,2
12363979,12363980,1791371045,1791371047,2
12363980,12363981,1791371047,1791371049,2
12363981,12363982,1791371049,1791371051,2
12363982,12363983,1791371051,1791371053,2
12363983,12363984,1791371053,1791371055,2
12363984,12363985,1791371055,1791371057,2
12363985,12363986,1791371057,1791371059,2
12363986,12363987,1791371059,1791371061,2
12363987,12363988,1791371061,1791371063,2
12363988,12363989,1791371063,1791371065,2
12363989,12363990,1791371065,1791371067,2
12363990,12363991,1791371067,1791371069,2
12363991,12363992,1791371069,1791371071,2
12363992,12363993,1791371071,1791371073,2
12363993,12363994,1791371073,1791371075,2
12363994,12363995,1791371075,1791371077,2
12363995,12363996,1791371077,1791371079,2
12363996,12363997,1791371079,1791371081,2
12363997,12363998,1791371081,1791371083,2
12363998,12363999,1791371083,1791371085,2
12363999,12364000,1791371085,1791371087,2
12364000,12364001,1791371087,1791371089,2
12364001,12364002,1791371089,1791371091,2
12364002,12364003,1791371091,1791371093,2
12364003,12364004,1791371093,1791371095,2
12364004,12364005,1791371095,1791371097,2
12364005,12364006,1791371097,1791371099,2
12364006,12364007,1791371099,1791371101,2
12364007,12364008,1791371101,1791371103,2
12364008,12364009,1791371103,1791371105,2
12364009,12364010,1791371105,1791371107,2
12364010,12364011,1791371107,1791371109,2
12364011,12364012,1791371109,1791371111,2
12364012,12364013,1791371111,1791371113,2
12364013,12364014,1791371113,1791371115,2
12364014,12364015,1791371115,1791371117,2
12364015,12364016,1791371117,1791371119,2
12364016,12364017,1791371119,1791371121,2
12364017,12364018,1791371121,1791371123,2
12364018,12364019,1791371123,1791371125,2
12364019,12364020,1791371125,1791371127,2
12364020,12364021,1791371127,1791371129,2
12364021,12364022,1791371129,1791371131,2
12364022,12364023,1791371131,1791371133,2
12364023,12364024,1791371133,1791371135,2
12364024,12364025,1791371135,1791371137,2
12364025,12364026,1791371137,1791371139,2
12364026,12364027,1791371139,1791371141,2
12364027,12364028,1791371141,1791371143,2
12364028,12364029,1791371143,1791371145,2
12364029,12364030,1791371145,1791371147,2
12364030,12364031,1791371147,1791371149,2
12364031,12364032,1791371149,1791371151,2
12364032,12364033,1791371151,1791371153,2
12364033,12364034,1791371153,1791371155,2
12364034,12364035,1791371155,1791371157,2
12364035,12364036,1791371157,1791371159,2
12364036,12364037,1791371159,1791371161,2
12364037,12364038,1791371161,1791371163,2
12364038,12364039,1791371163,1791371165,2
12364039,12364040,1791371165,1791371167,2
12364040,12364041,1791371167,1791371169,2
12364041,12364042,1791371169,1791371171,2
12364042,12364043,1791371171,1791371173,2
12364043,12364044,1791371173,1791371175,2
12364044,12364045,1791371175,1791371177,2
12364045,12364046,1791371177,1791371179,2
12364046,12364047,1791371179,1791371181,2
12364047,12364048,1791371181,1791371183,2
12364048,12364049,1791371183,1791371185,2
12364049,12364050,1791371185,1791371187,2
12364050,12364051,1791371187,1791371189,2
12364051,12364052,1791371189,1791371191,2
12364052,12364053,1791371191,1791371193,2
12364053,12364054,1791371193,1791371195,2
12364054,12364055,1791371195,1791371197,2
12364055,12364056,1791371197,1791371199,2
12364056,12364057,1791371199,1791371201,2
12364057,12364058,1791371201,1791371203,2
12364058,12364059,1791371203,1791371205,2
12364059,12364060,1791371205,1791371207,2
12364060,12364061,1791371207,1791371209,2
12364061,12364062,1791371209,1791371211,2
12364062,12364063,1791371211,1791371213,2
12364063,12364064,1791371213,1791371215,2
12364064,12364065,1791371215,1791371217,2
12364065,12364066,1791371217,1791371219,2
12364066,12364067,1791371219,1791371221,2
12364067,12364068,1791371221,1791371223,2
12364068,12364069,1791371223,1791371225,2
12364069,12364070,1791371225,1791371227,2
12364070,12364071,1791371227,1791371229,2
12364071,12364072,1791371229,1791371231,2
12364072,12364073,1791371231,1791371233,2
12364073,12364074,1791371233,1791371235,2
12364074,12364075,1791371235,1791371237,2
12364075,12364076,1791371237,1791371239,2
12364076,12364077,1791371239,1791371241,2
12364077,12364078,1791371241,1791371243,2
12364078,12364079,1791371243,1791371245,2
12364079,12364080,1791371245,1791371247,2
12364080,12364081,1791371247,1791371249,2
12364081,12364082,1791371249,1791371251,2
12364082,12364083,1791371251,1791371253,2
12364083,12364084,1791371253,1791371255,2
12364084,12364085,1791371255,1791371257,2
12364085,12364086,1791371257,1791371259,2
12364086,12364087,1791371259,1791371261,2
12364087,12364088,1791371261,1791371263,2
12364088,12364089,1791371263,1791371265,2
12364089,12364090,1791371265,1791371267,2
12364090,12364091,1791371267,1791371269,2
12364091,12364092,1791371269,1791371271,2
12364092,12364093,1791371271,1791371273,2
12364093,12364094,1791371273,1791371275,2
12364094,12364095,1791371275,1791371277,2
12364095,12364096,1791371277,1791371279,2
12364096,12364097,1791371279,1791371281,2
12364097,12364098,1791371281,1791371283,2
12364098,12364099,1791371283,1791371285,2
12364099,12364100,1791371285,1791371287,2
12364100,12364101,1791371287,1791371289,2
12364101,12364102,1791371289,1791371291,2
12364102,12364103,1791371291,1791371293,2
12364103,12364104,1791371293,1791371295,2
12364104,12364105,1791371295,1791371297,2
12364105,12364106,1791371297,1791371299,2
12364106,12364107,1791371299,1791371301,2
12364107,12364108,1791371301,1791371303,2
12364108,12364109,1791371303,1791371305,2
12364109,12364110,1791371305,1791371307,2
12364110,12364111,1791371307,1791371309,2
12364111,12364112,1791371309,1791371311,2
12364112,12364113,1791371311,1791371313,2
12364113,12364114,1791371313,1791371315,2
12364114,12364115,1791371315,1791371317,2
12364115,12364116,1791371317,1791371319,2
12364116,12364117,1791371319,1791371321,2
12364117,12364118,1791371321,1791371323,2
12364118,12364119,1791371323,1791371325,2
12364119,12364120,1791371325,1791371327,2
12364120,12364121,1791371327,1791371329,2
12364121,12364122,1791371329,1791371331,2
12364122,12364123,1791371331,1791371333,2
12364123,12364124,1791371333,1791371335,2
12364124,12364125,1791371335,1791371337,2
12364125,12364126,1791371337,1791371339,2
12364126,12364127,1791371339,1791371341,2
12364127,12364128,1791371341,1791371343,2
12364128,12364129,1791371343,1791371345,2
12364129,12364130,1791371345,1791371347,2
12364130,12364131,1791371347,1791371349,2
12364131,12364132,1791371349,1791371351,2
12364132,12364133,1791371351,1791371353,2
12364133,12364134,1791371353,1791371355,2
12364134,12364135,1791371355,1791371357,2
12364135,12364136,1791371357,1791371359,2
12364136,12364137,1791371359,1791371361,2
12364137,12364138,1791371361,1791371363,2
12364138,12364139,1791371363,1791371365,2
12364139,12364140,1791371365,1791371367,2
12364140,12364141,1791371367,1791371369,2
12364141,12364142,1791371369,1791371371,2
12364142,12364143,1791371371,1791371373,2
12364143,12364144,1791371373,1791371375,2
12364144,12364145,1791371375,1791371377,2
12364145,12364146,1791371377,1791371379,2
12364146,12364147,1791371379,1791371381,2
12364147,12364148,1791371381,1791371383,2
12364148,12364149,1791371383,1791371385,2
12364149,12364150,1791371385,1791371387,2
12364150,12364151,1791371387,1791371389,2
12364151,12364152,1791371389,1791371391,2
12364152,12364153,1791371391,1791371393,2
12364153,12364154,1791371393,1791371395,2
12364154,12364155,1791371395,1791371397,2
12364155,12364156,1791371397,1791371399,2
12364156,12364157,1791371399,1791371401,2
12364157,12364158,1791371401,1791371403,2
12364158,12364159,1791371403,1791371405,2
12364159,12364160,1791371405,1791371407,2
12364160,12364161,1791371407,1791371409,2
12364161,12364162,1791371409,1791371411,2
12364162,12364163,1791371411,1791371413,2
12364163,12364164,1791371413,1791371415,2
12364164,12364165,1791371415,1791371417,2
12364165,12364166,1791371417,1791371419,2
12364166,12364167,1791371419,1791371421,2
12364167,12364168,1791371421,1791371423,2
12364168,12364169,1791371423,1791371425,2
12364169,12364170,1791371425,1791371427,2
12364170,12364171,1791371427,1791371429,2
12364171,12364172,1791371429,1791371431,2
12364172,12364173,1791371431,1791371433,2
12364173,12364174,1791371433,1791371435,2
12364174,12364175,1791371435,1791371437,2
12364175,12364176,1791371437,1791371439,2
12364176,12364177,1791371439,1791371441,2
12364177,12364178,1791371441,1791371443,2
12364178,12364179,1791371443,1791371445,2
12364179,12364180,1791371445,1791371447,2
12364180,12364181,1791371447,1791371449,2
12364181,12364182,1791371449,1791371451,2
12364182,12364183,1791371451,1791371453,2
12364183,12364184,1791371453,1791371455,2
12364184,12364185,1791371455,1791371457,2
12364185,12364186,1791371457,1791371459,2
12364186,12364187,1791371459,1791371461,2
12364187,12364188,1791371461,1791371463,2
12364188,12364189,1791371463,1791371465,2
12364189,12364190,1791371465,1791371467,2
12364190,12364191,1791371467,1791371469,2
12364191,12364192,1791371469,1791371471,2
12364192,12364193,1791371471,1791371473,2
12364193,12364194,1791371473,1791371475,2
12364194,12364195,1791371475,1791371477,2
12364195,12364196,1791371477,1791371479,2
12364196,12364197,1791371479,1791371481,2
12364197,12364198,1791371481,1791371483,2
12364198,12364199,1791371483,1791371485,2
12364199,12364200,1791371485,1791371487,2
12364200,12364201,1791371487,1791371489,2
12364201,12364202,1791371489,1791371491,2
12364202,12364203,1791371491,1791371493,2
12364203,12364204,1791371493,1791371495,2
12364204,12364205,1791371495,1791371497,2
12364205,12364206,1791371497,1791371499,2
12364206,12364207,1791371499,1791371501,2
12364207,12364208,1791371501,1791371503,2
12364208,12364209,1791371503,1791371505,2
12364209,12364210,1791371505,1791371507,2
12364210,12364211,1791371507,1791371509,2
12364211,12364212,1791371509,1791371511,2
12364212,12364213,1791371511,1791371513,2
12364213,12364214,1791371513,1791371515,2
12364214,12364215,1791371515,1791371517,2
12364215,12364216,1791371517,1791371519,2
12364216,12364217,1791371519,1791371521,2
12364217,12364218,1791371521,1791371523,2
12364218,12364219,1791371523,1791371525,2
12364219,12364220,1791371525,1791371527,2
12364220,12364221,1791371527,1791371529,2
12364221,12364222,1791371529,1791371531,2
12364222,12364223,1791371531,1791371533,2
12364223,12364224,1791371533,1791371535,2
12364224,12364225,1791371535,1791371537,2
12364225,12364226,1791371537,1791371539,2
12364226,12364227,1791371539,1791371541,2
12364227,12364228,1791371541,1791371543,2
12364228,12364229,1791371543,1791371545,2
12364229,12364230,1791371545,1791371547,2
12364230,12364231,1791371547,1791371549,2
12364231,12364232,1791371549,1791371551,2
12364232,12364233,1791371551,1791371553,2
12364233,12364234,1791371553,1791371555,2
12364234,12364235,1791371555,1791371557,2
12364235,12364236,1791371557,1791371559,2
12364236,12364237,1791371559,1791371561,2
12364237,12364238,1791371561,1791371563,2
12364238,12364239,1791371563,1791371565,2
12364239,12364240,1791371565,1791371567,2
12364240,12364241,1791371567,1791371569,2
12364241,12364242,1791371569,1791371571,2
12364242,12364243,1791371571,1791371573,2
12364243,12364244,1791371573,1791371575,2
12364244,12364245,1791371575,1791371577,2
12364245,12364246,1791371577,1791371579,2
12364246,12364247,1791371579,1791371581,2
12364247,12364248,1791371581,1791371583,2
12364248,12364249,1791371583,1791371585,2
12364249,12364250,1791371585,1791371587,2
12364250,12364251,1791371587,1791371589,2
12364251,12364252,1791371589,1791371591,2
12364252,12364253,1791371591,1791371593,2
12364253,12364254,1791371593,1791371595,2
12364254,12364255,1791371595,1791371597,2
12364255,12364256,1791371597,1791371599,2
12364256,12364257,1791371599,1791371601,2
12364257,12364258,1791371601,1791371603,2
12364258,12364259,1791371603,1791371605,2
12364259,12364260,1791371605,1791371607,2
12364260,12364261,1791371607,1791371609,2
12364261,12364262,1791371609,1791371611,2
12364262,12364263,1791371611,1791371613,2
12364263,12364264,1791371613,1791371615,2
12364264,12364265,1791371615,1791371617,2
12364265,12364266,1791371617,1791371619,2
12364266,12364267,1791371619,1791371621,2
12364267,12364268,1791371621,1791371623,2
12364268,12364269,1791371623,1791371625,2
12364269,12364270,1791371625,1791371627,2
12364270,12364271,1791371627,1791371629,2
12364271,12364272,1791371629,1791371631,2
12364272,12364273,1791371631,1791371633,2
12364273,12364274,1791371633,1791371635,2
12364274,12364275,1791371635,1791371637,2
12364275,12364276,1791371637,1791371639,2
12364276,12364277,1791371639,1791371641,2
12364277,12364278,1791371641,1791371643,2
12364278,12364279,1791371643,1791371645,2
12364279,12364280,1791371645,1791371647,2
12364280,12364281,1791371647,1791371649,2
12364281,12364282,1791371649,1791371651,2
12364282,12364283,1791371651,1791371653,2
12364283,12364284,1791371653,1791371655,2
12364284,12364285,1791371655,1791371657,2
12364285,12364286,1791371657,1791371659,2
12364286,12364287,1791371659,1791371661,2
12364287,12364288,1791371661,1791371663,2
12364288,12364289,1791371663,1791371665,2
12364289,12364290,1791371665,1791371667,2
12364290,12364291,1791371667,1791371669,2
12364291,12364292,1791371669,1791371671,2
12364292,12364293,1791371671,1791371673,2
12364293,12364294,1791371673,1791371675,2
12364294,12364295,1791371675,1791371677,2
12364295,12364296,1791371677,1791371679,2
12364296,12364297,1791371679,1791371681,2
12364297,12364298,1791371681,1791371683,2
12364298,12364299,1791371683,1791371685,2
12364299,12364300,1791371685,1791371687,2
12364300,12364301,1791371687,1791371689,2
12364301,12364302,1791371689,1791371691,2
12364302,12364303,1791371691,1791371693,2
12364303,12364304,1791371693,1791371695,2
12364304,12364305,1791371695,1791371697,2
12364305,12364306,1791371697,1791371699,2
12364306,12364307,1791371699,1791371701,2
12364307,12364308,1791371701,1791371703,2
12364308,12364309,1791371703,1791371705,2
12364309,12364310,1791371705,1791371707,2
12364310,12364311,1791371707,1791371709,2
12364311,12364312,1791371709,1791371711,2
12364312,12364313,1791371711,1791371713,2
12364313,12364314,1791371713,1791371715,2
12364314,12364315,1791371715,1791371717,2
12364315,12364316,1791371717,1791371719,2
12364316,12364317,1791371719,1791371721,2
12364317,12364318,1791371721,1791371723,2
12364318,12364319,1791371723,1791371725,2
12364319,12364320,1791371725,1791371727,2
12364320,12364321,1791371727,1791371729,2
12364321,12364322,1791371729,1791371731,2
12364322,12364323,1791371731,1791371733,2
12364323,12364324,1791371733,1791371735,2
12364324,12364325,1791371735,1791371737,2
12364325,12364326,1791371737,1791371739,2
12364326,12364327,1791371739,1791371741,2
12364327,12364328,1791371741,1791371743,2
12364328,12364329,1791371743,1791371745,2
12364329,12364330,1791371745,1791371747,2
12364330,12364331,1791371747,1791371749,2
12364331,12364332,1791371749,1791371751,2
12364332,12364333,1791371751,1791371753,2
12364333,12364334,1791371753,1791371755,2
12364334,12364335,1791371755,1791371757,2
12364335,12364336,1791371757,1791371759,2
12364336,12364337,1791371759,1791371761,2
12364337,12364338,1791371761,1791371763,2
12364338,12364339,1791371763,1791371765,2
12364339,12364340,1791371765,1791371767,2
12364340,12364341,1791371767,1791371769,2
12364341,12364342,1791371769,1791371771,2
12364342,12364343,1791371771,1791371773,2
12364343,12364344,1791371773,1791371775,2
12364344,12364345,1791371775,1791371777,2
12364345,12364346,1791371777,1791371779,2
12364346,12364347,1791371779,1791371781,2
12364347,12364348,1791371781,1791371783,2
12364348,12364349,1791371783,1791371785,2
12364349,12364350,1791371785,1791371787,2
12364350,12364351,1791371787,1791371789,2
12364351,12364352,1791371789,1791371791,2
12364352,12364353,1791371791,1791371793,2
12364353,12364354,1791371793,1791371795,2
12364354,12364355,1791371795,1791371797,2
12364355,12364356,1791371797,1791371799,2
12364356,12364357,1791371799,1791371801,2
12364357,12364358,1791371801,1791371803,2
12364358,12364359,1791371803,1791371805,2
12364359,12364360,1791371805,1791371807,2
12364360,12364361,1791371807,1791371809,2
12364361,12364362,1791371809,1791371811,2
12364362,12364363,1791371811,1791371813,2
12364363,12364364,1791371813,1791371815,2
12364364,12364365,1791371815,1791371817,2
12364365,12364366,1791371817,1791371819,2
12364366,12364367,1791371819,1791371821,2
12364367,12364368,1791371821,1791371823,2
12364368,12364369,1791371823,1791371825,2
12364369,12364370,1791371825,1791371827,2
12364370,12364371,1791371827,1791371829,2
12364371,12364372,1791371829,1791371831,2
12364372,12364373,1791371831,1791371833,2
12364373,12364374,1791371833,1791371835,2
12364374,12364375,1791371835,1791371837,2
12364375,12364376,1791371837,1791371839,2
12364376,12364377,1791371839,1791371841,2
12364377,12364378,1791371841,1791371843,2
12364378,12364379,1791371843,1791371845,2
12364379,12364380,1791371845,1791371847,2
12364380,12364381,1791371847,1791371849,2
12364381,12364382,1791371849,1791371851,2
12364382,12364383,1791371851,1791371853,2
12364383,12364384,1791371853,1791371855,2
12364384,12364385,1791371855,1791371857,2
12364385,12364386,1791371857,1791371859,2
12364386,12364387,1791371859,1791371861,2
12364387,12364388,1791371861,1791371863,2
12364388,12364389,1791371863,1791371865,2
12364389,12364390,1791371865,1791371867,2
12364390,12364391,1791371867,1791371869,2
12364391,12364392,1791371869,1791371871,2
12364392,12364393,1791371871,1791371873,2
12364393,12364394,1791371873,1791371875,2
12364394,12364395,1791371875,1791371877,2
12364395,12364396,1791371877,1791371879,2
12364396,12364397,1791371879,1791371881,2
12364397,12364398,1791371881,1791371883,2
12364398,12364399,1791371883,1791371885,2
12364399,12364400,1791371885,1791371887,2
12364400,12364401,1791371887,1791371889,2
12364401,12364402,1791371889,1791371891,2
12364402,12364403,1791371891,1791371893,2
12364403,12364404,1791371893,1791371895,2
12364404,12364405,1791371895,1791371897,2
12364405,12364406,1791371897,1791371899,2
12364406,12364407,1791371899,1791371901,2
12364407,12364408,1791371901,1791371903,2
12364408,12364409,1791371903,1791371905,2
12364409,12364410,1791371905,1791371907,2
12364410,12364411,1791371907,1791371909,2
12364411,12364412,1791371909,1791371911,2
12364412,12364413,1791371911,1791371913,2
12364413,12364414,1791371913,1791371915,2
12364414,12364415,1791371915,1791371917,2
12364415,12364416,1791371917,1791371919,2
12364416,12364417,1791371919,1791371921,2
12364417,12364418,1791371921,1791371923,2
12364418,12364419,1791371923,1791371925,2
12364419,12364420,1791371925,1791371927,2
12364420,12364421,1791371927,1791371929,2
12364421,12364422,1791371929,1791371931,2
12364422,12364423,1791371931,1791371933,2
12364423,12364424,1791371933,1791371935,2
12364424,12364425,1791371935,1791371937,2
12364425,12364426,1791371937,1791371939,2
12364426,12364427,1791371939,1791371941,2
12364427,12364428,1791371941,1791371943,2
12364428,12364429,1791371943,1791371945,2
12364429,12364430,1791371945,1791371947,2
12364430,12364431,1791371947,1791371949,2
12364431,12364432,1791371949,1791371951,2
12364432,12364433,1791371951,1791371953,2
12364433,12364434,1791371953,1791371955,2
12364434,12364435,1791371955,1791371957,2
12364435,12364436,1791371957,1791371959,2
12364436,12364437,1791371959,1791371961,2
12364437,12364438,1791371961,1791371963,2
12364438,12364439,1791371963,1791371965,2
12364439,12364440,1791371965,1791371967,2
12364440,12364441,1791371967,1791371969,2
12364441,12364442,1791371969,1791371971,2
12364442,12364443,1791371971,1791371973,2
12364443,12364444,1791371973,1791371975,2
12364444,12364445,1791371975,1791371977,2
12364445,12364446,1791371977,1791371979,2
12364446,12364447,1791371979,1791371981,2
12364447,12364448,1791371981,1791371983,2
12364448,12364449,1791371983,1791371985,2
12364449,12364450,1791371985,1791371987,2
12364450,12364451,1791371987,1791371989,2
12364451,12364452,1791371989,1791371991,2
12364452,12364453,1791371991,1791371993,2
12364453,12364454,1791371993,1791371995,2
12364454,12364455,1791371995,1791371997,2
12364455,12364456,1791371997,1791371999,2
12364456,12364457,1791371999,1791372001,2
12364457,12364458,1791372001,1791372003,2
12364458,12364459,1791372003,1791372005,2
12364459,12364460,1791372005,1791372007,2
12364460,12364461,1791372007,1791372009,2
12364461,12364462,1791372009,1791372011,2
12364462,12364463,1791372011,1791372013,2
12364463,12364464,1791372013,1791372015,2
12364464,12364465,1791372015,1791372017,2
12364465,12364466,1791372017,1791372019,2
12364466,12364467,1791372019,1791372021,2
12364467,12364468,1791372021,1791372023,2
12364468,12364469,1791372023,1791372025,2
12364469,12364470,1791372025,1791372027,2
12364470,12364471,1791372027,1791372029,2
12364471,12364472,1791372029,1791372031,2
12364472,12364473,1791372031,1791372033,2
12364473,12364474,1791372033,1791372035,2
12364474,12364475,1791372035,1791372037,2
12364475,12364476,1791372037,1791372039,2
12364476,12364477,1791372039,1791372041,2
12364477,12364478,1791372041,1791372043,2
12364478,12364479,1791372043,1791372045,2
12364479,12364480,1791372045,1791372047,2
12364480,12364481,1791372047,1791372049,2
12364481,12364482,1791372049,1791372051,2
12364482,12364483,1791372051,1791372053,2
12364483,12364484,1791372053,1791372055,2
12364484,12364485,1791372055,1791372057,2
12364485,12364486,1791372057,1791372059,2
12364486,12364487,1791372059,1791372061,2
12364487,12364488,1791372061,1791372063,2
12364488,12364489,1791372063,1791372065,2
12364489,12364490,1791372065,1791372067,2
12364490,12364491,1791372067,1791372069,2
12364491,12364492,1791372069,1791372071,2
12364492,12364493,1791372071,1791372073,2
12364493,12364494,1791372073,1791372075,2
12364494,12364495,1791372075,1791372077,2
12364495,12364496,1791372077,1791372079,2
12364496,12364497,1791372079,1791372081,2
12364497,12364498,1791372081,1791372083,2
12364498,12364499,1791372083,1791372085,2
12364499,12364500,1791372085,1791372087,2
12364500,12364501,1791372087,1791372089,2
12364501,12364502,1791372089,1791372091,2
12364502,12364503,1791372091,1791372093,2
12364503,12364504,1791372093,1791372095,2
12364504,12364505,1791372095,1791372097,2
12364505,12364506,1791372097,1791372099,2
12364506,12364507,1791372099,1791372101,2
12364507,12364508,1791372101,1791372103,2
12364508,12364509,1791372103,1791372105,2
12364509,12364510,1791372105,1791372107,2
12364510,12364511,1791372107,1791372109,2
12364511,12364512,1791372109,1791372111,2
12364512,12364513,1791372111,1791372113,2
12364513,12364514,1791372113,1791372115,2
12364514,12364515,1791372115,1791372117,2
12364515,12364516,1791372117,1791372119,2
12364516,12364517,1791372119,1791372121,2
12364517,12364518,1791372121,1791372123,2
12364518,12364519,1791372123,1791372125,2
12364519,12364520,1791372125,1791372127,2
12364520,12364521,1791372127,1791372129,2
12364521,12364522,1791372129,1791372131,2
12364522,12364523,1791372131,1791372133,2
12364523,12364524,1791372133,1791372135,2
12364524,12364525,1791372135,1791372137,2
12364525,12364526,1791372137,1791372139,2
12364526,12364527,1791372139,1791372141,2
12364527,12364528,1791372141,1791372143,2
12364528,12364529,1791372143,1791372145,2
12364529,12364530,1791372145,1791372147,2
12364530,12364531,1791372147,1791372149,2
12364531,12364532,1791372149,1791372151,2
12364532,12364533,1791372151,1791372153,2
12364533,12364534,1791372153,1791372155,2
12364534,12364535,1791372155,1791372157,2
12364535,12364536,1791372157,1791372159,2
12364536,12364537,1791372159,1791372161,2
12364537,12364538,1791372161,1791372163,2
12364538,12364539,1791372163,1791372165,2
12364539,12364540,1791372165,1791372167,2
12364540,12364541,1791372167,1791372169,2
12364541,12364542,1791372169,1791372171,2
12364542,12364543,1791372171,1791372173,2
12364543,12364544,1791372173,1791372175,2
12364544,12364545,1791372175,1791372177,2
12364545,12364546,1791372177,1791372179,2
12364546,12364547,1791372179,1791372181,2
12364547,12364548,1791372181,1791372183,2
12364548,12364549,1791372183,1791372185,2
12364549,12364550,1791372185,1791372187,2
12364550,12364551,1791372187,1791372189,2
12364551,12364552,1791372189,1791372191,2
12364552,12364553,1791372191,1791372193,2
12364553,12364554,1791372193,1791372195,2
12364554,12364555,1791372195,1791372197,2
12364555,12364556,1791372197,1791372199,2
12364556,12364557,1791372199,1791372201,2
12364557,12364558,1791372201,1791372203,2
12364558,12364559,1791372203,1791372205,2
12364559,12364560,1791372205,1791372207,2
12364560,12364561,1791372207,1791372209,2
12364561,12364562,1791372209,1791372211,2
12364562,12364563,1791372211,1791372213,2
12364563,12364564,1791372213,1791372215,2
12364564,12364565,1791372215,1791372217,2
12364565,12364566,1791372217,1791372219,2
12364566,12364567,1791372219,1791372221,2
12364567,12364568,1791372221,1791372223,2
12364568,12364569,1791372223,1791372225,2
12364569,12364570,1791372225,1791372227,2
12364570,12364571,1791372227,1791372229,2
12364571,12364572,1791372229,1791372231,2
12364572,12364573,1791372231,1791372233,2
12364573,12364574,1791372233,1791372235,2
12364574,12364575,1791372235,1791372237,2
12364575,12364576,1791372237,1791372239,2
12364576,12364577,1791372239,1791372241,2
12364577,12364578,1791372241,1791372243,2
12364578,12364579,1791372243,1791372245,2
12364579,12364580,1791372245,1791372247,2
12364580,12364581,1791372247,1791372249,2
12364581,12364582,1791372249,1791372251,2
12364582,12364583,1791372251,1791372253,2
12364583,12364584,1791372253,1791372255,2
12364584,12364585,1791372255,1791372257,2
12364585,12364586,1791372257,1791372259,2
12364586,12364587,1791372259,1791372261,2
12364587,12364588,1791372261,1791372263,2
12364588,12364589,1791372263,1791372265,2
12364589,12364590,1791372265,1791372267,2
12364590,12364591,1791372267,1791372269,2
12364591,12364592,1791372269,1791372271,2
12364592,12364593,1791372271,1791372273,2
12364593,12364594,1791372273,1791372275,2
12364594,12364595,1791372275,1791372277,2
12364595,12364596,1791372277,1791372279,2
12364596,12364597,1791372279,1791372281,2
12364597,12364598,1791372281,1791372283,2
12364598,12364599,1791372283,1791372285,2
12364599,12364600,1791372285,1791372287,2
12364600,12364601,1791372287,1791372289,2
12364601,12364602,1791372289,1791372291,2
12364602,12364603,1791372291,1791372293,2
12364603,12364604,1791372293,1791372295,2
12364604,12364605,1791372295,1791372297,2
12364605,12364606,1791372297,1791372299,2
12364606,12364607,1791372299,1791372301,2
12364607,12364608,1791372301,1791372303,2
12364608,12364609,1791372303,1791372305,2
12364609,12364610,1791372305,1791372307,2
12364610,12364611,1791372307,1791372309,2
12364611,12364612,1791372309,1791372311,2
12364612,12364613,1791372311,1791372313,2
12364613,12364614,1791372313,1791372315,2
12364614,12364615,1791372315,1791372317,2
12364615,12364616,1791372317,1791372319,2
12364616,12364617,1791372319,1791372321,2
12364617,12364618,1791372321,1791372323,2
12364618,12364619,1791372323,1791372325,2
12364619,12364620,1791372325,1791372327,2
12364620,12364621,1791372327,1791372329,2
12364621,12364622,1791372329,1791372331,2
12364622,12364623,1791372331,1791372333,2
12364623,12364624,1791372333,1791372335,2
12364624,12364625,1791372335,1791372337,2
12364625,12364626,1791372337,1791372339,2
12364626,12364627,1791372339,1791372341,2
12364627,12364628,1791372341,1791372343,2
12364628,12364629,1791372343,1791372345,2
12364629,12364630,1791372345,1791372347,2
12364630,12364631,1791372347,1791372349,2
12364631,12364632,1791372349,1791372351,2
12364632,12364633,1791372351,1791372353,2
12364633,12364634,1791372353,1791372355,2
12364634,12364635,1791372355,1791372357,2
12364635,12364636,1791372357,1791372359,2
12364636,12364637,1791372359,1791372361,2
12364637,12364638,1791372361,1791372363,2
12364638,12364639,1791372363,1791372365,2
12364639,12364640,1791372365,1791372367,2
12364640,12364641,1791372367,1791372369,2
12364641,12364642,1791372369,1791372371,2
12364642,12364643,1791372371,1791372373,2
12364643,12364644,1791372373,1791372375,2
12364644,12364645,1791372375,1791372377,2
12364645,12364646,1791372377,1791372379,2
12364646,12364647,1791372379,1791372381,2
12364647,12364648,1791372381,1791372383,2
12364648,12364649,1791372383,1791372385,2
12364649,12364650,1791372385,1791372387,2
12364650,12364651,1791372387,1791372389,2
12364651,12364652,1791372389,1791372391,2
12364652,12364653,1791372391,1791372393,2
12364653,12364654,1791372393,1791372395,2
12364654,12364655,1791372395,1791372397,2
12364655,12364656,1791372397,1791372399,2
12364656,12364657,1791372399,1791372401,2
12364657,12364658,1791372401,1791372403,2
12364658,12364659,1791372403,1791372405,2
12364659,12364660,1791372405,1791372407,2
12364660,12364661,1791372407,1791372409,2
12364661,12364662,1791372409,1791372411,2
12364662,12364663,1791372411,1791372413,2
12364663,12364664,1791372413,1791372415,2
12364664,12364665,1791372415,1791372417,2
12364665,12364666,1791372417,1791372419,2
12364666,12364667,1791372419,1791372421,2
12364667,12364668,1791372421,1791372423,2
12364668,12364669,1791372423,1791372425,2
12364669,12364670,1791372425,1791372427,2
12364670,12364671,1791372427,1791372429,2
12364671,12364672,1791372429,1791372431,2
12364672,12364673,1791372431,1791372433,2
12364673,12364674,1791372433,1791372435,2
12364674,12364675,1791372435,1791372437,2
12364675,12364676,1791372437,1791372439,2
12364676,12364677,1791372439,1791372441,2
12364677,12364678,1791372441,1791372443,2
12364678,12364679,1791372443,1791372445,2
12364679,12364680,1791372445,1791372447,2
12364680,12364681,1791372447,1791372449,2
12364681,12364682,1791372449,1791372451,2
12364682,12364683,1791372451,1791372453,2
12364683,12364684,1791372453,1791372455,2
12364684,12364685,1791372455,1791372457,2
12364685,12364686,1791372457,1791372459,2
12364686,12364687,1791372459,1791372461,2
12364687,12364688,1791372461,1791372463,2
12364688,12364689,1791372463,1791372465,2
12364689,12364690,1791372465,1791372467,2
12364690,12364691,1791372467,1791372469,2
12364691,12364692,1791372469,1791372471,2
12364692,12364693,1791372471,1791372473,2
12364693,12364694,1791372473,1791372475,2
12364694,12364695,1791372475,1791372477,2
12364695,12364696,1791372477,1791372479,2
12364696,12364697,1791372479,1791372481,2
12364697,12364698,1791372481,1791372483,2
12364698,12364699,1791372483,1791372485,2
12364699,12364700,1791372485,1791372487,2
12364700,12364701,1791372487,1791372489,2
12364701,12364702,1791372489,1791372491,2
12364702,12364703,1791372491,1791372493,2
12364703,12364704,1791372493,1791372495,2
12364704,12364705,1791372495,1791372497,2
12364705,12364706,1791372497,1791372499,2
12364706,12364707,1791372499,1791372501,2
12364707,12364708,1791372501,1791372503,2
12364708,12364709,1791372503,1791372505,2
12364709,12364710,1791372505,1791372507,2
12364710,12364711,1791372507,1791372509,2
12364711,12364712,1791372509,1791372511,2
12364712,12364713,1791372511,1791372513,2
12364713,12364714,1791372513,1791372515,2
12364714,12364715,1791372515,1791372517,2
12364715,12364716,1791372517,1791372519,2
12364716,12364717,1791372519,1791372521,2
12364717,12364718,1791372521,1791372523,2
12364718,12364719,1791372523,1791372525,2
12364719,12364720,1791372525,1791372527,2
12364720,12364721,1791372527,1791372529,2
12364721,12364722,1791372529,1791372531,2
12364722,12364723,1791372531,1791372533,2
12364723,12364724,1791372533,1791372535,2
12364724,12364725,1791372535,1791372537,2
12364725,12364726,1791372537,1791372539,2
12364726,12364727,1791372539,1791372541,2
12364727,12364728,1791372541,1791372543,2
12364728,12364729,1791372543,1791372545,2
12364729,12364730,1791372545,1791372547,2
12364730,12364731,1791372547,1791372549,2
12364731,12364732,1791372549,1791372551,2
12364732,12364733,1791372551,1791372553,2
12364733,12364734,1791372553,1791372555,2
12364734,12364735,1791372555,1791372557,2
12364735,12364736,1791372557,1791372559,2
12364736,12364737,1791372559,1791372561,2
12364737,12364738,1791372561,1791372563,2
12364738,12364739,1791372563,1791372565,2
12364739,12364740,1791372565,1791372567,2
12364740,12364741,1791372567,1791372569,2
12364741,12364742,1791372569,1791372571,2
12364742,12364743,1791372571,1791372573,2
12364743,12364744,1791372573,1791372575,2
12364744,12364745,1791372575,1791372577,2
12364745,12364746,1791372577,1791372579,2
12364746,12364747,1791372579,1791372581,2
12364747,12364748,1791372581,1791372583,2
12364748,12364749,1791372583,1791372585,2
12364749,12364750,1791372585,1791372587,2
12364750,12364751,1791372587,1791372589,2
12364751,12364752,1791372589,1791372591,2
12364752,12364753,1791372591,1791372593,2
12364753,12364754,1791372593,1791372595,2
12364754,12364755,1791372595,1791372597,2
12364755,12364756,1791372597,1791372599,2
12364756,12364757,1791372599,1791372601,2
12364757,12364758,1791372601,1791372603,2
12364758,12364759,1791372603,1791372605,2
12364759,12364760,1791372605,1791372607,2
12364760,12364761,1791372607,1791372609,2
12364761,12364762,1791372609,1791372611,2
12364762,12364763,1791372611,1791372613,2
12364763,12364764,1791372613,1791372615,2
12364764,12364765,1791372615,1791372617,2
12364765,12364766,1791372617,1791372619,2
12364766,12364767,1791372619,1791372621,2
12364767,12364768,1791372621,1791372623,2
12364768,12364769,1791372623,1791372625,2
12364769,12364770,1791372625,1791372627,2
12364770,12364771,1791372627,1791372629,2
12364771,12364772,1791372629,1791372631,2
12364772,12364773,1791372631,1791372633,2
12364773,12364774,1791372633,1791372635,2
12364774,12364775,1791372635,1791372637,2
12364775,12364776,1791372637,1791372639,2
12364776,12364777,1791372639,1791372641,2
12364777,12364778,1791372641,1791372643,2
12364778,12364779,1791372643,1791372645,2
12364779,12364780,1791372645,1791372647,2
12364780,12364781,1791372647,1791372649,2
12364781,12364782,1791372649,1791372651,2
12364782,12364783,1791372651,1791372653,2
12364783,12364784,1791372653,1791372655,2
12364784,12364785,1791372655,1791372657,2
12364785,12364786,1791372657,1791372659,2
12364786,12364787,1791372659,1791372661,2
12364787,12364788,1791372661,1791372663,2
12364788,12364789,1791372663,1791372665,2
12364789,12364790,1791372665,1791372667,2
12364790,12364791,1791372667,1791372669,2
12364791,12364792,1791372669,1791372671,2
12364792,12364793,1791372671,1791372673,2
12364793,12364794,1791372673,1791372675,2
12364794,12364795,1791372675,1791372677,2
12364795,12364796,1791372677,1791372679,2
12364796,12364797,1791372679,1791372681,2
12364797,12364798,1791372681,1791372683,2
12364798,12364799,1791372683,1791372685,2
12364799,12364800,1791372685,1791372687,2
12364800,12364801,1791372687,1791372689,2
12364801,12364802,1791372689,1791372691,2
12364802,12364803,1791372691,1791372693,2
12364803,12364804,1791372693,1791372695,2
12364804,12364805,1791372695,1791372697,2
12364805,12364806,1791372697,1791372699,2
12364806,12364807,1791372699,1791372701,2
12364807,12364808,1791372701,1791372703,2
12364808,12364809,1791372703,1791372705,2
12364809,12364810,1791372705,1791372707,2
12364810,12364811,1791372707,1791372709,2
12364811,12364812,1791372709,1791372711,2
12364812,12364813,1791372711,1791372713,2
12364813,12364814,1791372713,1791372715,2
12364814,12364815,1791372715,1791372717,2
12364815,12364816,1791372717,1791372719,2
12364816,12364817,1791372719,1791372721,2
12364817,12364818,1791372721,1791372723,2
12364818,12364819,1791372723,1791372725,2
12364819,12364820,1791372725,1791372727,2
12364820,12364821,1791372727,1791372729,2
12364821,12364822,1791372729,1791372731,2
12364822,12364823,1791372731,1791372733,2
12364823,12364824,1791372733,1791372735,2
12364824,12364825,1791372735,1791372737,2
12364825,12364826,1791372737,1791372739,2
12364826,12364827,1791372739,1791372741,2
12364827,12364828,1791372741,1791372743,2
12364828,12364829,1791372743,1791372745,2
12364829,12364830,1791372745,1791372747,2
12364830,12364831,1791372747,1791372749,2
12364831,12364832,1791372749,1791372751,2
12364832,12364833,1791372751,1791372753,2
12364833,12364834,1791372753,1791372755,2
12364834,12364835,1791372755,1791372757,2
12364835,12364836,1791372757,1791372759,2
12364836,12364837,1791372759,1791372761,2
12364837,12364838,1791372761,1791372763,2
12364838,12364839,1791372763,1791372765,2
12364839,12364840,1791372765,1791372767,2
12364840,12364841,1791372767,1791372769,2
12364841,12364842,1791372769,1791372771,2
12364842,12364843,1791372771,1791372773,2
12364843,12364844,1791372773,1791372775,2
12364844,12364845,1791372775,1791372777,2
12364845,12364846,1791372777,1791372779,2
12364846,12364847,1791372779,1791372781,2
12364847,12364848,1791372781,1791372783,2
12364848,12364849,1791372783,1791372785,2
12364849,12364850,1791372785,1791372787,2
12364850,12364851,1791372787,1791372789,2
12364851,12364852,1791372789,1791372791,2
12364852,12364853,1791372791,1791372793,2
12364853,12364854,1791372793,1791372795,2
12364854,12364855,1791372795,1791372797,2
12364855,12364856,1791372797,1791372799,2
12364856,12364857,1791372799,1791372801,2
12364857,12364858,1791372801,1791372803,2
12364858,12364859,1791372803,1791372805,2
12364859,12364860,1791372805,1791372807,2
12364860,12364861,1791372807,1791372809,2
12364861,12364862,1791372809,1791372811,2
12364862,12364863,1791372811,1791372813,2
12364863,12364864,1791372813,1791372815,2
12364864,12364865,1791372815,1791372817,2
12364865,12364866,1791372817,1791372819,2
12364866,12364867,1791372819,1791372821,2
12364867,12364868,1791372821,1791372823,2
12364868,12364869,1791372823,1791372825,2
12364869,12364870,1791372825,1791372827,2
12364870,12364871,1791372827,1791372829,2
12364871,12364872,1791372829,1791372831,2
12364872,12364873,1791372831,1791372833,2
12364873,12364874,1791372833,1791372835,2
12364874,12364875,1791372835,1791372837,2
12364875,12364876,1791372837,1791372839,2
12364876,12364877,1791372839,1791372841,2
12364877,12364878,1791372841,1791372843,2
12364878,12364879,1791372843,1791372845,2
12364879,12364880,1791372845,1791372847,2
12364880,12364881,1791372847,1791372849,2
12364881,12364882,1791372849,1791372851,2
12364882,12364883,1791372851,1791372853,2
12364883,12364884,1791372853,1791372855,2
12364884,12364885,1791372855,1791372857,2
12364885,12364886,1791372857,1791372859,2
12364886,12364887,1791372859,1791372861,2
12364887,12364888,1791372861,1791372863,2
12364888,12364889,1791372863,1791372865,2
12364889,12364890,1791372865,1791372867,2
12364890,12364891,1791372867,1791372869,2
12364891,12364892,1791372869,1791372871,2
12364892,12364893,1791372871,1791372873,2
12364893,12364894,1791372873,1791372875,2
12364894,12364895,1791372875,1791372877,2
12364895,12364896,1791372877,1791372879,2
12364896,12364897,1791372879,1791372881,2
12364897,12364898,1791372881,1791372883,2
12364898,12364899,1791372883,1791372885,2
12364899,12364900,1791372885,1791372887,2
12364900,12364901,1791372887,1791372889,2
12364901,12364902,1791372889,1791372891,2
12364902,12364903,1791372891,1791372893,2
12364903,12364904,1791372893,1791372895,2
12364904,12364905,1791372895,1791372897,2
12364905,12364906,1791372897,1791372899,2
12364906,12364907,1791372899,1791372901,2
12364907,12364908,1791372901,1791372903,2
12364908,12364909,1791372903,1791372905,2
12364909,12364910,1791372905,1791372907,2
12364910,12364911,1791372907,1791372909,2
12364911,12364912,1791372909,1791372911,2
12364912,12364913,1791372911,1791372913,2
12364913,12364914,1791372913,1791372915,2
12364914,12364915,1791372915,1791372917,2
12364915,12364916,1791372917,1791372919,2
12364916,12364917,1791372919,1791372921,2
12364917,12364918,1791372921,1791372923,2
12364918,12364919,1791372923,1791372925,2
12364919,12364920,1791372925,1791372927,2
12364920,12364921,1791372927,1791372929,2
12364921,12364922,1791372929,1791372931,2
12364922,12364923,1791372931,1791372933,2
12364923,12364924,1791372933,1791372935,2
12364924,12364925,1791372935,1791372937,2
12364925,12364926,1791372937,1791372939,2
12364926,12364927,1791372939,1791372941,2
12364927,12364928,1791372941,1791372943,2
12364928,12364929,1791372943,1791372945,2
12364929,12364930,1791372945,1791372947,2
12364930,12364931,1791372947,1791372949,2
12364931,12364932,1791372949,1791372951,2
12364932,12364933,1791372951,1791372953,2
12364933,12364934,1791372953,1791372955,2
12364934,12364935,1791372955,1791372957,2
12364935,12364936,1791372957,1791372959,2
12364936,12364937,1791372959,1791372961,2
12364937,12364938,1791372961,1791372963,2
12364938,12364939,1791372963,1791372965,2
12364939,12364940,1791372965,1791372967,2
12364940,12364941,1791372967,1791372969,2
12364941,12364942,1791372969,1791372971,2
12364942,12364943,1791372971,1791372973,2
12364943,12364944,1791372973,1791372975,2
12364944,12364945,1791372975,1791372977,2
12364945,12364946,1791372977,1791372979,2
12364946,12364947,1791372979,1791372981,2
12364947,12364948,1791372981,1791372983,2
12364948,12364949,1791372983,1791372985,2
12364949,12364950,1791372985,1791372987,2
12364950,12364951,1791372987,1791372989,2
12364951,12364952,1791372989,1791372991,2
12364952,12364953,1791372991,1791372993,2
12364953,12364954,1791372993,1791372995,2
12364954,12364955,1791372995,1791372997,2
12364955,12364956,1791372997,1791372999,2
12364956,12364957,1791372999,1791373001,2
12364957,12364958,1791373001,1791373003,2
12364958,12364959,1791373003,1791373005,2
12364959,12364960,1791373005,1791373007,2
12364960,12364961,1791373007,1791373009,2
12364961,12364962,1791373009,1791373011,2
12364962,12364963,1791373011,1791373013,2
12364963,12364964,1791373013,1791373015,2
12364964,12364965,1791373015,1791373017,2
12364965,12364966,1791373017,1791373019,2
12364966,12364967,1791373019,1791373021,2
12364967,12364968,1791373021,1791373023,2
12364968,12364969,1791373023,1791373025,2
12364969,12364970,1791373025,1791373027,2
12364970,12364971,1791373027,1791373029,2
12364971,12364972,1791373029,1791373031,2
12364972,12364973,1791373031,1791373033,2
12364973,12364974,1791373033,1791373035,2
12364974,12364975,1791373035,1791373037,2
12364975,12364976,1791373037,1791373039,2
12364976,12364977,1791373039,1791373041,2
12364977,12364978,1791373041,1791373043,2
12364978,12364979,1791373043,1791373045,2
12364979,12364980,1791373045,1791373047,2
12364980,12364981,1791373047,1791373049,2
12364981,12364982,1791373049,1791373051,2
12364982,12364983,1791373051,1791373053,2
12364983,12364984,1791373053,1791373055,2
12364984,12364985,1791373055,1791373057,2
12364985,12364986,1791373057,1791373059,2
12364986,12364987,1791373059,1791373061,2
12364987,12364988,1791373061,1791373063,2
12364988,12364989,1791373063,1791373065,2
12364989,12364990,1791373065,1791373067,2
12364990,12364991,1791373067,1791373069,2
12364991,12364992,1791373069,1791373071,2
12364992,12364993,1791373071,1791373073,2
12364993,12364994,1791373073,1791373075,2
12364994,12364995,1791373075,1791373077,2
12364995,12364996,1791373077,1791373079,2
12364996,12364997,1791373079,1791373081,2
12364997,12364998,1791373081,1791373083,2
12364998,12364999,1791373083,1791373085,2
12364999,12365000,1791373085,1791373087,2
12365000,12365001,1791373087,1791373089,2
12365001,12365002,1791373089,1791373091,2
12365002,12365003,1791373091,1791373093,2
12365003,12365004,1791373093,1791373095,2
12365004,12365005,1791373095,1791373097,2
12365005,12365006,1791373097,1791373099,2
12365006,12365007,1791373099,1791373101,2
12365007,12365008,1791373101,1791373103,2
12365008,12365009,1791373103,1791373105,2
12365009,12365010,1791373105,1791373107,2
12365010,12365011,1791373107,1791373109,2
12365011,12365012,1791373109,1791373111,2
12365012,12365013,1791373111,1791373113,2
12365013,12365014,1791373113,1791373115,2
12365014,12365015,1791373115,1791373117,2
12365015,12365016,1791373117,1791373119,2
12365016,12365017,1791373119,1791373121,2
12365017,12365018,1791373121,1791373123,2
12365018,12365019,1791373123,1791373125,2
12365019,12365020,1791373125,1791373127,2
12365020,12365021,1791373127,1791373129,2
12365021,12365022,1791373129,1791373131,2
12365022,12365023,1791373131,1791373133,2
12365023,12365024,1791373133,1791373135,2
12365024,12365025,1791373135,1791373137,2
12365025,12365026,1791373137,1791373139,2
12365026,12365027,1791373139,1791373141,2
12365027,12365028,1791373141,1791373143,2
12365028,12365029,1791373143,1791373145,2
12365029,12365030,1791373145,1791373147,2
12365030,12365031,1791373147,1791373149,2
12365031,12365032,1791373149,1791373151,2
12365032,12365033,1791373151,1791373153,2
12365033,12365034,1791373153,1791373155,2
12365034,12365035,1791373155,1791373157,2
12365035,12365036,1791373157,1791373159,2
12365036,12365037,1791373159,1791373161,2
12365037,12365038,1791373161,1791373163,2
12365038,12365039,1791373163,1791373165,2
12365039,12365040,1791373165,1791373167,2
12365040,12365041,1791373167,1791373169,2
12365041,12365042,1791373169,1791373171,2
12365042,12365043,1791373171,1791373173,2
12365043,12365044,1791373173,1791373175,2
12365044,12365045,1791373175,1791373177,2
12365045,12365046,1791373177,1791373179,2
12365046,12365047,1791373179,1791373181,2
12365047,12365048,1791373181,1791373183,2
12365048,12365049,1791373183,1791373185,2
12365049,12365050,1791373185,1791373187,2
12365050,12365051,1791373187,1791373189,2
12365051,12365052,1791373189,1791373191,2
12365052,12365053,1791373191,1791373193,2
12365053,12365054,1791373193,1791373195,2
12365054,12365055,1791373195,1791373197,2
12365055,12365056,1791373197,1791373199,2
12365056,12365057,1791373199,1791373201,2
12365057,12365058,1791373201,1791373203,2
12365058,12365059,1791373203,1791373205,2
12365059,12365060,1791373205,1791373207,2
12365060,12365061,1791373207,1791373209,2
12365061,12365062,1791373209,1791373211,2
12365062,12365063,1791373211,1791373213,2
12365063,12365064,1791373213,1791373215,2
12365064,12365065,1791373215,1791373217,2
12365065,12365066,1791373217,1791373219,2
12365066,12365067,1791373219,1791373221,2
12365067,12365068,1791373221,1791373223,2
12365068,12365069,1791373223,1791373225,2
12365069,12365070,1791373225,1791373227,2
12365070,12365071,1791373227,1791373229,2
12365071,12365072,1791373229,1791373231,2
12365072,12365073,1791373231,1791373233,2
12365073,12365074,1791373233,1791373235,2
12365074,12365075,1791373235,1791373237,2
12365075,12365076,1791373237,1791373239,2
12365076,12365077,1791373239,1791373241,2
12365077,12365078,1791373241,1791373243,2
12365078,12365079,1791373243,1791373245,2
12365079,12365080,1791373245,1791373247,2
12365080,12365081,1791373247,1791373249,2
12365081,12365082,1791373249,1791373251,2
12365082,12365083,1791373251,1791373253,2
12365083,12365084,1791373253,1791373255,2
12365084,12365085,1791373255,1791373257,2
12365085,12365086,1791373257,1791373259,2
12365086,12365087,1791373259,1791373261,2
12365087,12365088,1791373261,1791373263,2
12365088,12365089,1791373263,1791373265,2
12365089,12365090,1791373265,1791373267,2
12365090,12365091,1791373267,1791373269,2
12365091,12365092,1791373269,1791373271,2
12365092,12365093,1791373271,1791373273,2
12365093,12365094,1791373273,1791373275,2
12365094,12365095,1791373275,1791373277,2
12365095,12365096,1791373277,1791373279,2
12365096,12365097,1791373279,1791373281,2
12365097,12365098,1791373281,1791373283,2
12365098,12365099,1791373283,1791373285,2
12365099,12365100,1791373285,1791373287,2
12365100,12365101,1791373287,1791373289,2
12365101,12365102,1791373289,1791373291,2
12365102,12365103,1791373291,1791373293,2
12365103,12365104,1791373293,1791373295,2
12365104,12365105,1791373295,1791373297,2
12365105,12365106,1791373297,1791373299,2
12365106,12365107,1791373299,1791373301,2
12365107,12365108,1791373301,1791373303,2
12365108,12365109,1791373303,1791373305,2
12365109,12365110,1791373305,1791373307,2
12365110,12365111,1791373307,1791373309,2
12365111,12365112,1791373309,1791373311,2
12365112,12365113,1791373311,1791373313,2
12365113,12365114,1791373313,1791373315,2
12365114,12365115,1791373315,1791373317,2
12365115,12365116,1791373317,1791373319,2
12365116,12365117,1791373319,1791373321,2
12365117,12365118,1791373321,1791373323,2
12365118,12365119,1791373323,1791373325,2
12365119,12365120,1791373325,1791373327,2
12365120,12365121,1791373327,1791373329,2
12365121,12365122,1791373329,1791373331,2
12365122,12365123,1791373331,1791373333,2
12365123,12365124,1791373333,1791373335,2
12365124,12365125,1791373335,1791373337,2
12365125,12365126,1791373337,1791373339,2
12365126,12365127,1791373339,1791373341,2
12365127,12365128,1791373341,1791373343,2
12365128,12365129,1791373343,1791373345,2
12365129,12365130,1791373345,1791373347,2
12365130,12365131,1791373347,1791373349,2
12365131,12365132,1791373349,1791373351,2
12365132,12365133,1791373351,1791373353,2
12365133,12365134,1791373353,1791373355,2
12365134,12365135,1791373355,1791373357,2
12365135,12365136,1791373357,1791373359,2
12365136,12365137,1791373359,1791373361,2
12365137,12365138,1791373361,1791373363,2
12365138,12365139,1791373363,1791373365,2
12365139,12365140,1791373365,1791373367,2
12365140,12365141,1791373367,1791373369,2
12365141,12365142,1791373369,1791373371,2
12365142,12365143,1791373371,1791373373,2
12365143,12365144,1791373373,1791373375,2
12365144,12365145,1791373375,1791373377,2
12365145,12365146,1791373377,1791373379,2
12365146,12365147,1791373379,1791373381,2
12365147,12365148,1791373381,1791373383,2
12365148,12365149,1791373383,1791373385,2
12365149,12365150,1791373385,1791373387,2
12365150,12365151,1791373387,1791373389,2
12365151,12365152,1791373389,1791373391,2
12365152,12365153,1791373391,1791373393,2
12365153,12365154,1791373393,1791373395,2
12365154,12365155,1791373395,1791373397,2
12365155,12365156,1791373397,1791373399,2
12365156,12365157,1791373399,1791373401,2
12365157,12365158,1791373401,1791373403,2
12365158,12365159,1791373403,1791373405,2
12365159,12365160,1791373405,1791373407,2
12365160,12365161,1791373407,1791373409,2
12365161,12365162,1791373409,1791373411,2
12365162,12365163,1791373411,1791373413,2
12365163,12365164,1791373413,1791373415,2
12365164,12365165,1791373415,1791373417,2
12365165,12365166,1791373417,1791373419,2
12365166,12365167,1791373419,1791373421,2
12365167,12365168,1791373421,1791373423,2
12365168,12365169,1791373423,1791373425,2
12365169,12365170,1791373425,1791373427,2
12365170,12365171,1791373427,1791373429,2
12365171,12365172,1791373429,1791373431,2
12365172,12365173,1791373431,1791373433,2
12365173,12365174,1791373433,1791373435,2
12365174,12365175,1791373435,1791373437,2
12365175,12365176,1791373437,1791373439,2
12365176,12365177,1791373439,1791373441,2
12365177,12365178,1791373441,1791373443,2
12365178,12365179,1791373443,1791373445,2
12365179,12365180,1791373445,1791373447,2
12365180,12365181,1791373447,1791373449,2
12365181,12365182,1791373449,1791373451,2
12365182,12365183,1791373451,1791373453,2
12365183,12365184,1791373453,1791373455,2
12365184,12365185,1791373455,1791373457,2
12365185,12365186,1791373457,1791373459,2
12365186,12365187,1791373459,1791373461,2
12365187,12365188,1791373461,1791373463,2
12365188,12365189,1791373463,1791373465,2
12365189,12365190,1791373465,1791373467,2
12365190,12365191,1791373467,1791373469,2
12365191,12365192,1791373469,1791373471,2
12365192,12365193,1791373471,1791373473,2
12365193,12365194,1791373473,1791373475,2
12365194,12365195,1791373475,1791373477,2
12365195,12365196,1791373477,1791373479,2
12365196,12365197,1791373479,1791373481,2
12365197,12365198,1791373481,1791373483,2
12365198,12365199,1791373483,1791373485,2
12365199,12365200,1791373485,1791373487,2
12365200,12365201,1791373487,1791373489,2
12365201,12365202,1791373489,1791373491,2
12365202,12365203,1791373491,1791373493,2
12365203,12365204,1791373493,1791373495,2
12365204,12365205,1791373495,1791373497,2
12365205,12365206,1791373497,1791373499,2
12365206,12365207,1791373499,1791373501,2
12365207,12365208,1791373501,1791373503,2
12365208,12365209,1791373503,1791373505,2
12365209,12365210,1791373505,1791373507,2
12365210,12365211,1791373507,1791373509,2
12365211,12365212,1791373509,1791373511,2
12365212,12365213,1791373511,1791373513,2
12365213,12365214,1791373513,1791373515,2
12365214,12365215,1791373515,1791373517,2
12365215,12365216,1791373517,1791373519,2
12365216,12365217,1791373519,1791373521,2
12365217,12365218,1791373521,1791373523,2
12365218,12365219,1791373523,1791373525,2
12365219,12365220,1791373525,1791373527,2
12365220,12365221,1791373527,1791373529,2
12365221,12365222,1791373529,1791373531,2
12365222,12365223,1791373531,1791373533,2
12365223,12365224,1791373533,1791373535,2
12365224,12365225,1791373535,1791373537,2
12365225,12365226,1791373537,1791373539,2
12365226,12365227,1791373539,1791373541,2
12365227,12365228,1791373541,1791373543,2
12365228,12365229,1791373543,1791373545,2
12365229,12365230,1791373545,1791373547,2
12365230,12365231,1791373547,1791373549,2
12365231,12365232,1791373549,1791373551,2
12365232,12365233,1791373551,1791373553,2
12365233,12365234,1791373553,1791373555,2
12365234,12365235,1791373555,1791373557,2
12365235,12365236,1791373557,1791373559,2
12365236,12365237,1791373559,1791373561,2
12365237,12365238,1791373561,1791373563,2
12365238,12365239,1791373563,1791373565,2
12365239,12365240,1791373565,1791373567,2
12365240,12365241,1791373567,1791373569,2
12365241,12365242,1791373569,1791373571,2
12365242,12365243,1791373571,1791373573,2
12365243,12365244,1791373573,1791373575,2
12365244,12365245,1791373575,1791373577,2
12365245,12365246,1791373577,1791373579,2
12365246,12365247,1791373579,1791373581,2
12365247,12365248,1791373581,1791373583,2
12365248,12365249,1791373583,1791373585,2
12365249,12365250,1791373585,1791373587,2
12365250,12365251,1791373587,1791373589,2
12365251,12365252,1791373589,1791373591,2
12365252,12365253,1791373591,1791373593,2
12365253,12365254,1791373593,1791373595,2
12365254,12365255,1791373595,1791373597,2
12365255,12365256,1791373597,1791373599,2
12365256,12365257,1791373599,1791373601,2
12365257,12365258,1791373601,1791373603,2
12365258,12365259,1791373603,1791373605,2
12365259,12365260,1791373605,1791373607,2
12365260,12365261,1791373607,1791373609,2
12365261,12365262,1791373609,1791373611,2
12365262,12365263,1791373611,1791373613,2
12365263,12365264,1791373613,1791373615,2
12365264,12365265,1791373615,1791373617,2
12365265,12365266,1791373617,1791373619,2
12365266,12365267,1791373619,1791373621,2
12365267,12365268,1791373621,1791373623,2
12365268,12365269,1791373623,1791373625,2
12365269,12365270,1791373625,1791373627,2
12365270,12365271,1791373627,1791373629,2
12365271,12365272,1791373629,1791373631,2
12365272,12365273,1791373631,1791373633,2
12365273,12365274,1791373633,1791373635,2
12365274,12365275,1791373635,1791373637,2
12365275,12365276,1791373637,1791373639,2
12365276,12365277,1791373639,1791373641,2
12365277,12365278,1791373641,1791373643,2
12365278,12365279,1791373643,1791373645,2
12365279,12365280,1791373645,1791373647,2
12365280,12365281,1791373647,1791373649,2
12365281,12365282,1791373649,1791373651,2
12365282,12365283,1791373651,1791373653,2
12365283,12365284,1791373653,1791373655,2
12365284,12365285,1791373655,1791373657,2
12365285,12365286,1791373657,1791373659,2
12365286,12365287,1791373659,1791373661,2
12365287,12365288,1791373661,1791373663,2
12365288,12365289,1791373663,1791373665,2
12365289,12365290,1791373665,1791373667,2
12365290,12365291,1791373667,1791373669,2
12365291,12365292,1791373669,1791373671,2
12365292,12365293,1791373671,1791373673,2
12365293,12365294,1791373673,1791373675,2
12365294,12365295,1791373675,1791373677,2
12365295,12365296,1791373677,1791373679,2
12365296,12365297,1791373679,1791373681,2
12365297,12365298,1791373681,1791373683,2
12365298,12365299,1791373683,1791373685,2
12365299,12365300,1791373685,1791373687,2
12365300,12365301,1791373687,1791373689,2
12365301,12365302,1791373689,1791373691,2
12365302,12365303,1791373691,1791373693,2
12365303,12365304,1791373693,1791373695,2
12365304,12365305,1791373695,1791373697,2
12365305,12365306,1791373697,1791373699,2
12365306,12365307,1791373699,1791373701,2
12365307,12365308,1791373701,1791373703,2
12365308,12365309,1791373703,1791373705,2
12365309,12365310,1791373705,1791373707,2
12365310,12365311,1791373707,1791373709,2
12365311,12365312,1791373709,1791373711,2
12365312,12365313,1791373711,1791373713,2
12365313,12365314,1791373713,1791373715,2
12365314,12365315,1791373715,1791373717,2
12365315,12365316,1791373717,1791373719,2
12365316,12365317,1791373719,1791373721,2
12365317,12365318,1791373721,1791373723,2
12365318,12365319,1791373723,1791373725,2
12365319,12365320,1791373725,1791373727,2
12365320,12365321,1791373727,1791373729,2
12365321,12365322,1791373729,1791373731,2
12365322,12365323,1791373731,1791373733,2
12365323,12365324,1791373733,1791373735,2
12365324,12365325,1791373735,1791373737,2
12365325,12365326,1791373737,1791373739,2
12365326,12365327,1791373739,1791373741,2
12365327,12365328,1791373741,1791373743,2
12365328,12365329,1791373743,1791373745,2
12365329,12365330,1791373745,1791373747,2
12365330,12365331,1791373747,1791373749,2
12365331,12365332,1791373749,1791373751,2
12365332,12365333,1791373751,1791373753,2
12365333,12365334,1791373753,1791373755,2
12365334,12365335,1791373755,1791373757,2
12365335,12365336,1791373757,1791373759,2
12365336,12365337,1791373759,1791373761,2
12365337,12365338,1791373761,1791373763,2
12365338,12365339,1791373763,1791373765,2
12365339,12365340,1791373765,1791373767,2
12365340,12365341,1791373767,1791373769,2
12365341,12365342,1791373769,1791373771,2
12365342,12365343,1791373771,1791373773,2
12365343,12365344,1791373773,1791373775,2
12365344,12365345,1791373775,1791373777,2
12365345,12365346,1791373777,1791373779,2
12365346,12365347,1791373779,1791373781,2
12365347,12365348,1791373781,1791373783,2
12365348,12365349,1791373783,1791373785,2
12365349,12365350,1791373785,1791373787,2
12365350,12365351,1791373787,1791373789,2
12365351,12365352,1791373789,1791373791,2
12365352,12365353,1791373791,1791373793,2
12365353,12365354,1791373793,1791373795,2
12365354,12365355,1791373795,1791373797,2
12365355,12365356,1791373797,1791373799,2
12365356,12365357,1791373799,1791373801,2
12365357,12365358,1791373801,1791373803,2
12365358,12365359,1791373803,1791373805,2
12365359,12365360,1791373805,1791373807,2
12365360,12365361,1791373807,1791373809,2
12365361,12365362,1791373809,1791373811,2
12365362,12365363,1791373811,1791373813,2
12365363,12365364,1791373813,1791373815,2
12365364,12365365,1791373815,1791373817,2
12365365,12365366,1791373817,1791373819,2
12365366,12365367,1791373819,1791373821,2
12365367,12365368,1791373821,1791373823,2
12365368,12365369,1791373823,1791373825,2
12365369,12365370,1791373825,1791373827,2
12365370,12365371,1791373827,1791373829,2
12365371,12365372,1791373829,1791373831,2
12365372,12365373,1791373831,1791373833,2
12365373,12365374,1791373833,1791373835,2
12365374,12365375,1791373835,1791373837,2
12365375,12365376,1791373837,1791373839,2
12365376,12365377,1791373839,1791373841,2
12365377,12365378,1791373841,1791373843,2
12365378,12365379,1791373843,1791373845,2
12365379,12365380,1791373845,1791373847,2
12365380,12365381,1791373847,1791373849,2
12365381,12365382,1791373849,1791373851,2
12365382,12365383,1791373851,1791373853,2
12365383,12365384,1791373853,1791373855,2
12365384,12365385,1791373855,1791373857,2
12365385,12365386,1791373857,1791373859,2
12365386,12365387,1791373859,1791373861,2
12365387,12365388,1791373861,1791373863,2
12365388,12365389,1791373863,1791373865,2
12365389,12365390,1791373865,1791373867,2
12365390,12365391,1791373867,1791373869,2
12365391,12365392,1791373869,1791373871,2
12365392,12365393,1791373871,1791373873,2
12365393,12365394,1791373873,1791373875,2
12365394,12365395,1791373875,1791373877,2
12365395,12365396,1791373877,1791373879,2
12365396,12365397,1791373879,1791373881,2
12365397,12365398,1791373881,1791373883,2
12365398,12365399,1791373883,1791373885,2
12365399,12365400,1791373885,1791373887,2
12365400,12365401,1791373887,1791373889,2
12365401,12365402,1791373889,1791373891,2
12365402,12365403,1791373891,1791373893,2
12365403,12365404,1791373893,1791373895,2
12365404,12365405,1791373895,1791373897,2
12365405,12365406,1791373897,1791373899,2
12365406,12365407,1791373899,1791373901,2
12365407,12365408,1791373901,1791373903,2
12365408,12365409,1791373903,1791373905,2
12365409,12365410,1791373905,1791373907,2
12365410,12365411,1791373907,1791373909,2
12365411,12365412,1791373909,1791373911,2
12365412,12365413,1791373911,1791373913,2
12365413,12365414,1791373913,1791373915,2
12365414,12365415,1791373915,1791373917,2
12365415,12365416,1791373917,1791373919,2
12365416,12365417,1791373919,1791373921,2
12365417,12365418,1791373921,1791373923,2
12365418,12365419,1791373923,1791373925,2
12365419,12365420,1791373925,1791373927,2
12365420,12365421,1791373927,1791373929,2
12365421,12365422,1791373929,1791373931,2
12365422,12365423,1791373931,1791373933,2
12365423,12365424,1791373933,1791373935,2
12365424,12365425,1791373935,1791373937,2
12365425,12365426,1791373937,1791373939,2
12365426,12365427,1791373939,1791373941,2
12365427,12365428,1791373941,1791373943,2
12365428,12365429,1791373943,1791373945,2
12365429,12365430,1791373945,1791373947,2
12365430,12365431,1791373947,1791373949,2
12365431,12365432,1791373949,1791373951,2
12365432,12365433,1791373951,1791373953,2
12365433,12365434,1791373953,1791373955,2
12365434,12365435,1791373955,1791373957,2
12365435,12365436,1791373957,1791373959,2
12365436,12365437,1791373959,1791373961,2
12365437,12365438,1791373961,1791373963,2
12365438,12365439,1791373963,1791373965,2
12365439,12365440,1791373965,1791373967,2
12365440,12365441,1791373967,1791373969,2
12365441,12365442,1791373969,1791373971,2
12365442,12365443,1791373971,1791373973,2
12365443,12365444,1791373973,1791373975,2
12365444,12365445,1791373975,1791373977,2
12365445,12365446,1791373977,1791373979,2
12365446,12365447,1791373979,1791373981,2
12365447,12365448,1791373981,1791373983,2
12365448,12365449,1791373983,1791373985,2
12365449,12365450,1791373985,1791373987,2
12365450,12365451,1791373987,1791373989,2
12365451,12365452,1791373989,1791373991,2
12365452,12365453,1791373991,1791373993,2
12365453,12365454,1791373993,1791373995,2
12365454,12365455,1791373995,1791373997,2
12365455,12365456,1791373997,1791373999,2
12365456,12365457,1791373999,1791374001,2
12365457,12365458,1791374001,1791374003,2
12365458,12365459,1791374003,1791374005,2
12365459,12365460,1791374005,1791374007,2
12365460,12365461,1791374007,1791374009,2
12365461,12365462,1791374009,1791374011,2
12365462,12365463,1791374011,1791374013,2
12365463,12365464,1791374013,1791374015,2
12365464,12365465,1791374015,1791374017,2
12365465,12365466,1791374017,1791374019,2
12365466,12365467,1791374019,1791374021,2
12365467,12365468,1791374021,1791374023,2
12365468,12365469,1791374023,1791374025,2
12365469,12365470,1791374025,1791374027,2
12365470,12365471,1791374027,1791374029,2
12365471,12365472,1791374029,1791374031,2
12365472,12365473,1791374031,1791374033,2
12365473,12365474,1791374033,1791374035,2
12365474,12365475,1791374035,1791374037,2
12365475,12365476,1791374037,1791374039,2
12365476,12365477,1791374039,1791374041,2
12365477,12365478,1791374041,1791374043,2
12365478,12365479,1791374043,1791374045,2
12365479,12365480,1791374045,1791374047,2
12365480,12365481,1791374047,1791374049,2
12365481,12365482,1791374049,1791374051,2
12365482,12365483,1791374051,1791374053,2
12365483,12365484,1791374053,1791374055,2
12365484,12365485,1791374055,1791374057,2
12365485,12365486,1791374057,1791374059,2
12365486,12365487,1791374059,1791374061,2
12365487,12365488,1791374061,1791374063,2
12365488,12365489,1791374063,1791374065,2
12365489,12365490,1791374065,1791374067,2
12365490,12365491,1791374067,1791374069,2
12365491,12365492,1791374069,1791374071,2
12365492,12365493,1791374071,1791374073,2
12365493,12365494,1791374073,1791374075,2
12365494,12365495,1791374075,1791374077,2
12365495,12365496,1791374077,1791374079,2
12365496,12365497,1791374079,1791374081,2
12365497,12365498,1791374081,1791374083,2
12365498,12365499,1791374083,1791374085,2
12365499,12365500,1791374085,1791374087,2
12365500,12365501,1791374087,1791374089,2
12365501,12365502,1791374089,1791374091,2
12365502,12365503,1791374091,1791374093,2
12365503,12365504,1791374093,1791374095,2
12365504,12365505,1791374095,1791374097,2
12365505,12365506,1791374097,1791374099,2
12365506,12365507,1791374099,1791374101,2
12365507,12365508,1791374101,1791374103,2
12365508,12365509,1791374103,1791374105,2
12365509,12365510,1791374105,1791374107,2
12365510,12365511,1791374107,1791374109,2
12365511,12365512,1791374109,1791374111,2
12365512,12365513,1791374111,1791374113,2
12365513,12365514,1791374113,1791374115,2
12365514,12365515,1791374115,1791374117,2
12365515,12365516,1791374117,1791374119,2
12365516,12365517,1791374119,1791374121,2
12365517,12365518,1791374121,1791374123,2
12365518,12365519,1791374123,1791374125,2
12365519,12365520,1791374125,1791374127,2
12365520,12365521,1791374127,1791374129,2
12365521,12365522,1791374129,1791374131,2
12365522,12365523,1791374131,1791374133,2
12365523,12365524,1791374133,1791374135,2
12365524,12365525,1791374135,1791374137,2
12365525,12365526,1791374137,1791374139,2
12365526,12365527,1791374139,1791374141,2
12365527,12365528,1791374141,1791374143,2
12365528,12365529,1791374143,1791374145,2
12365529,12365530,1791374145,1791374147,2
12365530,12365531,1791374147,1791374149,2
12365531,12365532,1791374149,1791374151,2
12365532,12365533,1791374151,1791374153,2
12365533,12365534,1791374153,1791374155,2
12365534,12365535,1791374155,1791374157,2
12365535,12365536,1791374157,1791374159,2
12365536,12365537,1791374159,1791374161,2
12365537,12365538,1791374161,1791374163,2
12365538,12365539,1791374163,1791374165,2
12365539,12365540,1791374165,1791374167,2
12365540,12365541,1791374167,1791374169,2
12365541,12365542,1791374169,1791374171,2
12365542,12365543,1791374171,1791374173,2
12365543,12365544,1791374173,1791374175,2
12365544,12365545,1791374175,1791374177,2
12365545,12365546,1791374177,1791374179,2
12365546,12365547,1791374179,1791374181,2
12365547,12365548,1791374181,1791374183,2
12365548,12365549,1791374183,1791374185,2
12365549,12365550,1791374185,1791374187,2
12365550,12365551,1791374187,1791374189,2
12365551,12365552,1791374189,1791374191,2
12365552,12365553,1791374191,1791374193,2
12365553,12365554,1791374193,1791374195,2
12365554,12365555,1791374195,1791374197,2
12365555,12365556,1791374197,1791374199,2
12365556,12365557,1791374199,1791374201,2
12365557,12365558,1791374201,1791374203,2
12365558,12365559,1791374203,1791374205,2
12365559,12365560,1791374205,1791374207,2
12365560,12365561,1791374207,1791374209,2
12365561,12365562,1791374209,1791374211,2
12365562,12365563,1791374211,1791374213,2
12365563,12365564,1791374213,1791374215,2
12365564,12365565,1791374215,1791374217,2
12365565,12365566,1791374217,1791374219,2
12365566,12365567,1791374219,1791374221,2
12365567,12365568,1791374221,1791374223,2
12365568,12365569,1791374223,1791374225,2
12365569,12365570,1791374225,1791374227,2
12365570,12365571,1791374227,1791374229,2
12365571,12365572,1791374229,1791374231,2
12365572,12365573,1791374231,1791374233,2
12365573,12365574,1791374233,1791374235,2
12365574,12365575,1791374235,1791374237,2
12365575,12365576,1791374237,1791374239,2
12365576,12365577,1791374239,1791374241,2
12365577,12365578,1791374241,1791374243,2
12365578,12365579,1791374243,1791374245,2
12365579,12365580,1791374245,1791374247,2
12365580,12365581,1791374247,1791374249,2
12365581,12365582,1791374249,1791374251,2
12365582,12365583,1791374251,1791374253,2
12365583,12365584,1791374253,1791374255,2
12365584,12365585,1791374255,1791374257,2
12365585,12365586,1791374257,1791374259,2
12365586,12365587,1791374259,1791374261,2
12365587,12365588,1791374261,1791374263,2
12365588,12365589,1791374263,1791374265,2
12365589,12365590,1791374265,1791374267,2
12365590,12365591,1791374267,1791374269,2
12365591,12365592,1791374269,1791374271,2
12365592,12365593,1791374271,1791374273,2
12365593,12365594,1791374273,1791374275,2
12365594,12365595,1791374275,1791374277,2
12365595,12365596,1791374277,1791374279,2
12365596,12365597,1791374279,1791374281,2
12365597,12365598,1791374281,1791374283,2
12365598,12365599,1791374283,1791374285,2
12365599,12365600,1791374285,1791374287,2
12365600,12365601,1791374287,1791374289,2
12365601,12365602,1791374289,1791374291,2
12365602,12365603,1791374291,1791374293,2
12365603,12365604,1791374293,1791374295,2
12365604,12365605,1791374295,1791374297,2
12365605,12365606,1791374297,1791374299,2
12365606,12365607,1791374299,1791374301,2
12365607,12365608,1791374301,1791374303,2
12365608,12365609,1791374303,1791374305,2
12365609,12365610,1791374305,1791374307,2
12365610,12365611,1791374307,1791374309,2
12365611,12365612,1791374309,1791374311,2
12365612,12365613,1791374311,1791374313,2
12365613,12365614,1791374313,1791374315,2
12365614,12365615,1791374315,1791374317,2
12365615,12365616,1791374317,1791374319,2
12365616,12365617,1791374319,1791374321,2
12365617,12365618,1791374321,1791374323,2
12365618,12365619,1791374323,1791374325,2
12365619,12365620,1791374325,1791374327,2
12365620,12365621,1791374327,1791374329,2
12365621,12365622,1791374329,1791374331,2
12365622,12365623,1791374331,1791374333,2
12365623,12365624,1791374333,1791374335,2
12365624,12365625,1791374335,1791374337,2
12365625,12365626,1791374337,1791374339,2
12365626,12365627,1791374339,1791374341,2
12365627,12365628,1791374341,1791374343,2
12365628,12365629,1791374343,1791374345,2
12365629,12365630,1791374345,1791374347,2
12365630,12365631,1791374347,1791374349,2
12365631,12365632,1791374349,1791374351,2
12365632,12365633,1791374351,1791374353,2
12365633,12365634,1791374353,1791374355,2
12365634,12365635,1791374355,1791374357,2
12365635,12365636,1791374357,1791374359,2
12365636,12365637,1791374359,1791374361,2
12365637,12365638,1791374361,1791374363,2
12365638,12365639,1791374363,1791374365,2
12365639,12365640,1791374365,1791374367,2
12365640,12365641,1791374367,1791374369,2
12365641,12365642,1791374369,1791374371,2
12365642,12365643,1791374371,1791374373,2
12365643,12365644,1791374373,1791374375,2
12365644,12365645,1791374375,1791374377,2
12365645,12365646,1791374377,1791374379,2
12365646,12365647,1791374379,1791374381,2
12365647,12365648,1791374381,1791374383,2
12365648,12365649,1791374383,1791374385,2
12365649,12365650,1791374385,1791374387,2
12365650,12365651,1791374387,1791374389,2
12365651,12365652,1791374389,1791374391,2
12365652,12365653,1791374391,1791374393,2
12365653,12365654,1791374393,1791374395,2
12365654,12365655,1791374395,1791374397,2
12365655,12365656,1791374397,1791374399,2
12365656,12365657,1791374399,1791374401,2
12365657,12365658,1791374401,1791374403,2
12365658,12365659,1791374403,1791374405,2
12365659,12365660,1791374405,1791374407,2
12365660,12365661,1791374407,1791374409,2
12365661,12365662,1791374409,1791374411,2
12365662,12365663,1791374411,1791374413,2
12365663,12365664,1791374413,1791374415,2
12365664,12365665,1791374415,1791374417,2
12365665,12365666,1791374417,1791374419,2
12365666,12365667,1791374419,1791374421,2
12365667,12365668,1791374421,1791374423,2
12365668,12365669,1791374423,1791374425,2
12365669,12365670,1791374425,1791374427,2
12365670,12365671,1791374427,1791374429,2
12365671,12365672,1791374429,1791374431,2
12365672,12365673,1791374431,1791374433,2
12365673,12365674,1791374433,1791374435,2
12365674,12365675,1791374435,1791374437,2
12365675,12365676,1791374437,1791374439,2
12365676,12365677,1791374439,1791374441,2
12365677,12365678,1791374441,1791374443,2
12365678,12365679,1791374443,1791374445,2
12365679,12365680,1791374445,1791374447,2
12365680,12365681,1791374447,1791374449,2
12365681,12365682,1791374449,1791374451,2
12365682,12365683,1791374451,1791374453,2
12365683,12365684,1791374453,1791374455,2
12365684,12365685,1791374455,1791374457,2
12365685,12365686,1791374457,1791374459,2
12365686,12365687,1791374459,1791374461,2
12365687,12365688,1791374461,1791374463,2
12365688,12365689,1791374463,1791374465,2
12365689,12365690,1791374465,1791374467,2
12365690,12365691,1791374467,1791374469,2
12365691,12365692,1791374469,1791374471,2
12365692,12365693,1791374471,1791374473,2
12365693,12365694,1791374473,1791374475,2
12365694,12365695,1791374475,1791374477,2
12365695,12365696,1791374477,1791374479,2
12365696,12365697,1791374479,1791374481,2
12365697,12365698,1791374481,1791374483,2
12365698,12365699,1791374483,1791374485,2
12365699,12365700,1791374485,1791374487,2
12365700,12365701,1791374487,1791374489,2
12365701,12365702,1791374489,1791374491,2
12365702,12365703,1791374491,1791374493,2
12365703,12365704,1791374493,1791374495,2
12365704,12365705,1791374495,1791374497,2
12365705,12365706,1791374497,1791374499,2
12365706,12365707,1791374499,1791374501,2
12365707,12365708,1791374501,1791374503,2
12365708,12365709,1791374503,1791374505,2
12365709,12365710,1791374505,1791374507,2
12365710,12365711,1791374507,1791374509,2
12365711,12365712,1791374509,1791374511,2
12365712,12365713,1791374511,1791374513,2
12365713,12365714,1791374513,1791374515,2
12365714,12365715,1791374515,1791374517,2
12365715,12365716,1791374517,1791374519,2
12365716,12365717,1791374519,1791374521,2
12365717,12365718,1791374521,1791374523,2
12365718,12365719,1791374523,1791374525,2
12365719,12365720,1791374525,1791374527,2
12365720,12365721,1791374527,1791374529,2
12365721,12365722,1791374529,1791374531,2
12365722,12365723,1791374531,1791374533,2
12365723,12365724,1791374533,1791374535,2
12365724,12365725,1791374535,1791374537,2
12365725,12365726,1791374537,1791374539,2
12365726,12365727,1791374539,1791374541,2
12365727,12365728,1791374541,1791374543,2
12365728,12365729,1791374543,1791374545,2
12365729,12365730,1791374545,1791374547,2
12365730,12365731,1791374547,1791374549,2
12365731,12365732,1791374549,1791374551,2
12365732,12365733,1791374551,1791374553,2
12365733,12365734,1791374553,1791374555,2
12365734,12365735,1791374555,1791374557,2
12365735,12365736,1791374557,1791374559,2
12365736,12365737,1791374559,1791374561,2
12365737,12365738,1791374561,1791374563,2
12365738,12365739,1791374563,1791374565,2
12365739,12365740,1791374565,1791374567,2
12365740,12365741,1791374567,1791374569,2
12365741,12365742,1791374569,1791374571,2
12365742,12365743,1791374571,1791374573,2
12365743,12365744,1791374573,1791374575,2
12365744,12365745,1791374575,1791374577,2
12365745,12365746,1791374577,1791374579,2
12365746,12365747,1791374579,1791374581,2
12365747,12365748,1791374581,1791374583,2
12365748,12365749,1791374583,1791374585,2
12365749,12365750,1791374585,1791374587,2
12365750,12365751,1791374587,1791374589,2
12365751,12365752,1791374589,1791374591,2
12365752,12365753,1791374591,1791374593,2
12365753,12365754,1791374593,1791374595,2
12365754,12365755,1791374595,1791374597,2
12365755,12365756,1791374597,1791374599,2
12365756,12365757,1791374599,1791374601,2
12365757,12365758,1791374601,1791374603,2
12365758,12365759,1791374603,1791374605,2
12365759,12365760,1791374605,1791374607,2
12365760,12365761,1791374607,1791374609,2
12365761,12365762,1791374609,1791374611,2
12365762,12365763,1791374611,1791374613,2
12365763,12365764,1791374613,1791374615,2
12365764,12365765,1791374615,1791374617,2
12365765,12365766,1791374617,1791374619,2
12365766,12365767,1791374619,1791374621,2
12365767,12365768,1791374621,1791374623,2
12365768,12365769,1791374623,1791374625,2
12365769,12365770,1791374625,1791374627,2
12365770,12365771,1791374627,1791374629,2
12365771,12365772,1791374629,1791374631,2
12365772,12365773,1791374631,1791374633,2
12365773,12365774,1791374633,1791374635,2
12365774,12365775,1791374635,1791374637,2
12365775,12365776,1791374637,1791374639,2
12365776,12365777,1791374639,1791374641,2
12365777,12365778,1791374641,1791374643,2
12365778,12365779,1791374643,1791374645,2
12365779,12365780,1791374645,1791374647,2
12365780,12365781,1791374647,1791374649,2
12365781,12365782,1791374649,1791374651,2
12365782,12365783,1791374651,1791374653,2
12365783,12365784,1791374653,1791374655,2
12365784,12365785,1791374655,1791374657,2
12365785,12365786,1791374657,1791374659,2
12365786,12365787,1791374659,1791374661,2
12365787,12365788,1791374661,1791374663,2
12365788,12365789,1791374663,1791374665,2
12365789,12365790,1791374665,1791374667,2
12365790,12365791,1791374667,1791374669,2
12365791,12365792,1791374669,1791374671,2
12365792,12365793,1791374671,1791374673,2
12365793,12365794,1791374673,1791374675,2
12365794,12365795,1791374675,1791374677,2
12365795,12365796,1791374677,1791374679,2
12365796,12365797,1791374679,1791374681,2
12365797,12365798,1791374681,1791374683,2
12365798,12365799,1791374683,1791374685,2
12365799,12365800,1791374685,1791374687,2
12365800,12365801,1791374687,1791374689,2
12365801,12365802,1791374689,1791374691,2
12365802,12365803,1791374691,1791374693,2
12365803,12365804,1791374693,1791374695,2
12365804,12365805,1791374695,1791374697,2
12365805,12365806,1791374697,1791374699,2
12365806,12365807,1791374699,1791374701,2
12365807,12365808,1791374701,1791374703,2
12365808,12365809,1791374703,1791374705,2
12365809,12365810,1791374705,1791374707,2
12365810,12365811,1791374707,1791374709,2
12365811,12365812,1791374709,1791374711,2
12365812,12365813,1791374711,1791374713,2
12365813,12365814,1791374713,1791374715,2
12365814,12365815,1791374715,1791374717,2
12365815,12365816,1791374717,1791374719,2
12365816,12365817,1791374719,1791374721,2
12365817,12365818,1791374721,1791374723,2
12365818,12365819,1791374723,1791374725,2
12365819,12365820,1791374725,1791374727,2
12365820,12365821,1791374727,1791374729,2
12365821,12365822,1791374729,1791374731,2
12365822,12365823,1791374731,1791374733,2
12365823,12365824,1791374733,1791374735,2
12365824,12365825,1791374735,1791374737,2
12365825,12365826,1791374737,1791374739,2
12365826,12365827,1791374739,1791374741,2
12365827,12365828,1791374741,1791374743,2
12365828,12365829,1791374743,1791374745,2
12365829,12365830,1791374745,1791374747,2
12365830,12365831,1791374747,1791374749,2
12365831,12365832,1791374749,1791374751,2
12365832,12365833,1791374751,1791374753,2
12365833,12365834,1791374753,1791374755,2
12365834,12365835,1791374755,1791374757,2
12365835,12365836,1791374757,1791374759,2
12365836,12365837,1791374759,1791374761,2
12365837,12365838,1791374761,1791374763,2
12365838,12365839,1791374763,1791374765,2
12365839,12365840,1791374765,1791374767,2
12365840,12365841,1791374767,1791374769,2
12365841,12365842,1791374769,1791374771,2
12365842,12365843,1791374771,1791374773,2
12365843,12365844,1791374773,1791374775,2
12365844,12365845,1791374775,1791374777,2
12365845,12365846,1791374777,1791374779,2
12365846,12365847,1791374779,1791374781,2
12365847,12365848,1791374781,1791374783,2
12365848,12365849,1791374783,1791374785,2
12365849,12365850,1791374785,1791374787,2
12365850,12365851,1791374787,1791374789,2
12365851,12365852,1791374789,1791374791,2
12365852,12365853,1791374791,1791374793,2
12365853,12365854,1791374793,1791374795,2
12365854,12365855,1791374795,1791374797,2
12365855,12365856,1791374797,1791374799,2
12365856,12365857,1791374799,1791374801,2
12365857,12365858,1791374801,1791374803,2
12365858,12365859,1791374803,1791374805,2
12365859,12365860,1791374805,1791374807,2
12365860,12365861,1791374807,1791374809,2
12365861,12365862,1791374809,1791374811,2
12365862,12365863,1791374811,1791374813,2
12365863,12365864,1791374813,1791374815,2
12365864,12365865,1791374815,1791374817,2
12365865,12365866,1791374817,1791374819,2
12365866,12365867,1791374819,1791374821,2
12365867,12365868,1791374821,1791374823,2
12365868,12365869,1791374823,1791374825,2
12365869,12365870,1791374825,1791374827,2
12365870,12365871,1791374827,1791374829,2
12365871,12365872,1791374829,1791374831,2
12365872,12365873,1791374831,1791374833,2
12365873,12365874,1791374833,1791374835,2
12365874,12365875,1791374835,1791374837,2
12365875,12365876,1791374837,1791374839,2
12365876,12365877,1791374839,1791374841,2
12365877,12365878,1791374841,1791374843,2
12365878,12365879,1791374843,1791374845,2
12365879,12365880,1791374845,1791374847,2
12365880,12365881,1791374847,1791374849,2
12365881,12365882,1791374849,1791374851,2
12365882,12365883,1791374851,1791374853,2
12365883,12365884,1791374853,1791374855,2
12365884,12365885,1791374855,1791374857,2
12365885,12365886,1791374857,1791374859,2
12365886,12365887,1791374859,1791374861,2
12365887,12365888,1791374861,1791374863,2
12365888,12365889,1791374863,1791374865,2
12365889,12365890,1791374865,1791374867,2
12365890,12365891,1791374867,1791374869,2
12365891,12365892,1791374869,1791374871,2
12365892,12365893,1791374871,1791374873,2
12365893,12365894,1791374873,1791374875,2
12365894,12365895,1791374875,1791374877,2
12365895,12365896,1791374877,1791374879,2
12365896,12365897,1791374879,1791374881,2
12365897,12365898,1791374881,1791374883,2
12365898,12365899,1791374883,1791374885,2
12365899,12365900,1791374885,1791374887,2
12365900,12365901,1791374887,1791374889,2
12365901,12365902,1791374889,1791374891,2
12365902,12365903,1791374891,1791374893,2
12365903,12365904,1791374893,1791374895,2
12365904,12365905,1791374895,1791374897,2
12365905,12365906,1791374897,1791374899,2
12365906,12365907,1791374899,1791374901,2
12365907,12365908,1791374901,1791374903,2
12365908,12365909,1791374903,1791374905,2
12365909,12365910,1791374905,1791374907,2
12365910,12365911,1791374907,1791374909,2
12365911,12365912,1791374909,1791374911,2
12365912,12365913,1791374911,1791374913,2
12365913,12365914,1791374913,1791374915,2
12365914,12365915,1791374915,1791374917,2
12365915,12365916,1791374917,1791374919,2
12365916,12365917,1791374919,1791374921,2
12365917,12365918,1791374921,1791374923,2
12365918,12365919,1791374923,1791374925,2
12365919,12365920,1791374925,1791374927,2
12365920,12365921,1791374927,1791374929,2
12365921,12365922,1791374929,1791374931,2
12365922,12365923,1791374931,1791374933,2
12365923,12365924,1791374933,1791374935,2
12365924,12365925,1791374935,1791374937,2
12365925,12365926,1791374937,1791374939,2
12365926,12365927,1791374939,1791374941,2
12365927,12365928,1791374941,1791374943,2
12365928,12365929,1791374943,1791374945,2
12365929,12365930,1791374945,1791374947,2
12365930,12365931,1791374947,1791374949,2
12365931,12365932,1791374949,1791374951,2
12365932,12365933,1791374951,1791374953,2
12365933,12365934,1791374953,1791374955,2
12365934,12365935,1791374955,1791374957,2
12365935,12365936,1791374957,1791374959,2
12365936,12365937,1791374959,1791374961,2
12365937,12365938,1791374961,1791374963,2
12365938,12365939,1791374963,1791374965,2
12365939,12365940,1791374965,1791374967,2
12365940,12365941,1791374967,1791374969,2
12365941,12365942,1791374969,1791374971,2
12365942,12365943,1791374971,1791374973,2
12365943,12365944,1791374973,1791374975,2
12365944,12365945,1791374975,1791374977,2
12365945,12365946,1791374977,1791374979,2
12365946,12365947,1791374979,1791374981,2
12365947,12365948,1791374981,1791374983,2
12365948,12365949,1791374983,1791374985,2
12365949,12365950,1791374985,1791374987,2
12365950,12365951,1791374987,1791374989,2
12365951,12365952,1791374989,1791374991,2
12365952,12365953,1791374991,1791374993,2
12365953,12365954,1791374993,1791374995,2
12365954,12365955,1791374995,1791374997,2
12365955,12365956,1791374997,1791374999,2
12365956,12365957,1791374999,1791375001,2
12365957,12365958,1791375001,1791375003,2
12365958,12365959,1791375003,1791375005,2
12365959,12365960,1791375005,1791375007,2
12365960,12365961,1791375007,1791375009,2
12365961,12365962,1791375009,1791375011,2
12365962,12365963,1791375011,1791375013,2
12365963,12365964,1791375013,1791375015,2
12365964,12365965,1791375015,1791375017,2
12365965,12365966,1791375017,1791375019,2
12365966,12365967,1791375019,1791375021,2
12365967,12365968,1791375021,1791375023,2
12365968,12365969,1791375023,1791375025,2
12365969,12365970,1791375025,1791375027,2
12365970,12365971,1791375027,1791375029,2
12365971,12365972,1791375029,1791375031,2
12365972,12365973,1791375031,1791375033,2
12365973,12365974,1791375033,1791375035,2
12365974,12365975,1791375035,1791375037,2
12365975,12365976,1791375037,1791375039,2
12365976,12365977,1791375039,1791375041,2
12365977,12365978,1791375041,1791375043,2
12365978,12365979,1791375043,1791375045,2
12365979,12365980,1791375045,1791375047,2
12365980,12365981,1791375047,1791375049,2
12365981,12365982,1791375049,1791375051,2
12365982,12365983,1791375051,1791375053,2
12365983,12365984,1791375053,1791375055,2
12365984,12365985,1791375055,1791375057,2
12365985,12365986,1791375057,1791375059,2
12365986,12365987,1791375059,1791375061,2
12365987,12365988,1791375061,1791375063,2
12365988,12365989,1791375063,1791375065,2
12365989,12365990,1791375065,1791375067,2
12365990,12365991,1791375067,1791375069,2
12365991,12365992,1791375069,1791375071,2
12365992,12365993,1791375071,1791375073,2
12365993,12365994,1791375073,1791375075,2
12365994,12365995,1791375075,1791375077,2
12365995,12365996,1791375077,1791375079,2
12365996,12365997,1791375079,1791375081,2
12365997,12365998,1791375081,1791375083,2
12365998,12365999,1791375083,1791375085,2
12365999,12366000,1791375085,1791375087,2
12366000,12366001,1791375087,1791375089,2
12366001,12366002,1791375089,1791375091,2
12366002,12366003,1791375091,1791375093,2
12366003,12366004,1791375093,1791375095,2
12366004,12366005,1791375095,1791375097,2
12366005,12366006,1791375097,1791375099,2
12366006,12366007,1791375099,1791375101,2
12366007,12366008,1791375101,1791375103,2
12366008,12366009,1791375103,1791375105,2
12366009,12366010,1791375105,1791375107,2
12366010,12366011,1791375107,1791375109,2
12366011,12366012,1791375109,1791375111,2
12366012,12366013,1791375111,1791375113,2
12366013,12366014,1791375113,1791375115,2
12366014,12366015,1791375115,1791375117,2
12366015,12366016,1791375117,1791375119,2
12366016,12366017,1791375119,1791375121,2
12366017,12366018,1791375121,1791375123,2
12366018,12366019,1791375123,1791375125,2
12366019,12366020,1791375125,1791375127,2
12366020,12366021,1791375127,1791375129,2
12366021,12366022,1791375129,1791375131,2
12366022,12366023,1791375131,1791375133,2
12366023,12366024,1791375133,1791375135,2
12366024,12366025,1791375135,1791375137,2
12366025,12366026,1791375137,1791375139,2
12366026,12366027,1791375139,1791375141,2
12366027,12366028,1791375141,1791375143,2
12366028,12366029,1791375143,1791375145,2
12366029,12366030,1791375145,1791375147,2
12366030,12366031,1791375147,1791375149,2
12366031,12366032,1791375149,1791375151,2
12366032,12366033,1791375151,1791375153,2
12366033,12366034,1791375153,1791375155,2
12366034,12366035,1791375155,1791375157,2
12366035,12366036,1791375157,1791375159,2
12366036,12366037,1791375159,1791375161,2
12366037,12366038,1791375161,1791375163,2
12366038,12366039,1791375163,1791375165,2
12366039,12366040,1791375165,1791375167,2
12366040,12366041,1791375167,1791375169,2
12366041,12366042,1791375169,1791375171,2
12366042,12366043,1791375171,1791375173,2
12366043,12366044,1791375173,1791375175,2
12366044,12366045,1791375175,1791375177,2
12366045,12366046,1791375177,1791375179,2
12366046,12366047,1791375179,1791375181,2
12366047,12366048,1791375181,1791375183,2
12366048,12366049,1791375183,1791375185,2
12366049,12366050,1791375185,1791375187,2
12366050,12366051,1791375187,1791375189,2
12366051,12366052,1791375189,1791375191,2
12366052,12366053,1791375191,1791375193,2
12366053,12366054,1791375193,1791375195,2
12366054,12366055,1791375195,1791375197,2
12366055,12366056,1791375197,1791375199,2
12366056,12366057,1791375199,1791375201,2
12366057,12366058,1791375201,1791375203,2
12366058,12366059,1791375203,1791375205,2
12366059,12366060,1791375205,1791375207,2
12366060,12366061,1791375207,1791375209,2
12366061,12366062,1791375209,1791375211,2
12366062,12366063,1791375211,1791375213,2
12366063,12366064,1791375213,1791375215,2
12366064,12366065,1791375215,1791375217,2
12366065,12366066,1791375217,1791375219,2
12366066,12366067,1791375219,1791375221,2
12366067,12366068,1791375221,1791375223,2
12366068,12366069,1791375223,1791375225,2
12366069,12366070,1791375225,1791375227,2
12366070,12366071,1791375227,1791375229,2
12366071,12366072,1791375229,1791375231,2
12366072,12366073,1791375231,1791375233,2
12366073,12366074,1791375233,1791375235,2
12366074,12366075,1791375235,1791375237,2
12366075,12366076,1791375237,1791375239,2
12366076,12366077,1791375239,1791375241,2
12366077,12366078,1791375241,1791375243,2
12366078,12366079,1791375243,1791375245,2
12366079,12366080,1791375245,1791375247,2
12366080,12366081,1791375247,1791375249,2
12366081,12366082,1791375249,1791375251,2
12366082,12366083,1791375251,1791375253,2
12366083,12366084,1791375253,1791375255,2
12366084,12366085,1791375255,1791375257,2
12366085,12366086,1791375257,1791375259,2
12366086,12366087,1791375259,1791375261,2
12366087,12366088,1791375261,1791375263,2
12366088,12366089,1791375263,1791375265,2
12366089,12366090,1791375265,1791375267,2
12366090,12366091,1791375267,1791375269,2
12366091,12366092,1791375269,1791375271,2
12366092,12366093,1791375271,1791375273,2
12366093,12366094,1791375273,1791375275,2
12366094,12366095,1791375275,1791375277,2
12366095,12366096,1791375277,1791375279,2
12366096,12366097,1791375279,1791375281,2
12366097,12366098,1791375281,1791375283,2
12366098,12366099,1791375283,1791375285,2
12366099,12366100,1791375285,1791375287,2
12366100,12366101,1791375287,1791375289,2
12366101,12366102,1791375289,1791375291,2
12366102,12366103,1791375291,1791375293,2
12366103,12366104,1791375293,1791375295,2
12366104,12366105,1791375295,1791375297,2
12366105,12366106,1791375297,1791375299,2
12366106,12366107,1791375299,1791375301,2
12366107,12366108,1791375301,1791375303,2
12366108,12366109,1791375303,1791375305,2
12366109,12366110,1791375305,1791375307,2
12366110,12366111,1791375307,1791375309,2
12366111,12366112,1791375309,1791375311,2
12366112,12366113,1791375311,1791375313,2
12366113,12366114,1791375313,1791375315,2
12366114,12366115,1791375315,1791375317,2
12366115,12366116,1791375317,1791375319,2
12366116,12366117,1791375319,1791375321,2
12366117,12366118,1791375321,1791375323,2
12366118,12366119,1791375323,1791375325,2
12366119,12366120,1791375325,1791375327,2
12366120,12366121,1791375327,1791375329,2
12366121,12366122,1791375329,1791375331,2
12366122,12366123,1791375331,1791375333,2
12366123,12366124,1791375333,1791375335,2
12366124,12366125,1791375335,1791375337,2
12366125,12366126,1791375337,1791375339,2
12366126,12366127,1791375339,1791375341,2
12366127,12366128,1791375341,1791375343,2
12366128,12366129,1791375343,1791375345,2
12366129,12366130,1791375345,1791375347,2
12366130,12366131,1791375347,1791375349,2
12366131,12366132,1791375349,1791375351,2
12366132,12366133,1791375351,1791375353,2
12366133,12366134,1791375353,1791375355,2
12366134,12366135,1791375355,1791375357,2
12366135,12366136,1791375357,1791375359,2
12366136,12366137,1791375359,1791375361,2
12366137,12366138,1791375361,1791375363,2
12366138,12366139,1791375363,1791375365,2
12366139,12366140,1791375365,1791375367,2
12366140,12366141,1791375367,1791375369,2
12366141,12366142,1791375369,1791375371,2
12366142,12366143,1791375371,1791375373,2
12366143,12366144,1791375373,1791375375,2
12366144,12366145,1791375375,1791375377,2
12366145,12366146,1791375377,1791375379,2
12366146,12366147,1791375379,1791375381,2
12366147,12366148,1791375381,1791375383,2
12366148,12366149,1791375383,1791375385,2
12366149,12366150,1791375385,1791375387,2
12366150,12366151,1791375387,1791375389,2
12366151,12366152,1791375389,1791375391,2
12366152,12366153,1791375391,1791375393,2
12366153,12366154,1791375393,1791375395,2
12366154,12366155,1791375395,1791375397,2
12366155,12366156,1791375397,1791375399,2
12366156,12366157,1791375399,1791375401,2
12366157,12366158,1791375401,1791375403,2
12366158,12366159,1791375403,1791375405,2
12366159,12366160,1791375405,1791375407,2
12366160,12366161,1791375407,1791375409,2
12366161,12366162,1791375409,1791375411,2
12366162,12366163,1791375411,1791375413,2
12366163,12366164,1791375413,1791375415,2
12366164,12366165,1791375415,1791375417,2
12366165,12366166,1791375417,1791375419,2
12366166,12366167,1791375419,1791375421,2
12366167,12366168,1791375421,1791375423,2
12366168,12366169,1791375423,1791375425,2
12366169,12366170,1791375425,1791375427,2
12366170,12366171,1791375427,1791375429,2
12366171,12366172,1791375429,1791375431,2
12366172,12366173,1791375431,1791375433,2
12366173,12366174,1791375433,1791375435,2
12366174,12366175,1791375435,1791375437,2
12366175,12366176,1791375437,1791375439,2
12366176,12366177,1791375439,1791375441,2
12366177,12366178,1791375441,1791375443,2
12366178,12366179,1791375443,1791375445,2
12366179,12366180,1791375445,1791375447,2
12366180,12366181,1791375447,1791375449,2
12366181,12366182,1791375449,1791375451,2
12366182,12366183,1791375451,1791375453,2
12366183,12366184,1791375453,1791375455,2
12366184,12366185,1791375455,1791375457,2
12366185,12366186,1791375457,1791375459,2
12366186,12366187,1791375459,1791375461,2
12366187,12366188,1791375461,1791375463,2
12366188,12366189,1791375463,1791375465,2
12366189,12366190,1791375465,1791375467,2
12366190,12366191,1791375467,1791375469,2
12366191,12366192,1791375469,1791375471,2
12366192,12366193,1791375471,1791375473,2
12366193,12366194,1791375473,1791375475,2
12366194,12366195,1791375475,1791375477,2
12366195,12366196,1791375477,1791375479,2
12366196,12366197,1791375479,1791375481,2
12366197,12366198,1791375481,1791375483,2
12366198,12366199,1791375483,1791375485,2
12366199,12366200,1791375485,1791375487,2
12366200,12366201,1791375487,1791375489,2
12366201,12366202,1791375489,1791375491,2
12366202,12366203,1791375491,1791375493,2
12366203,12366204,1791375493,1791375495,2
12366204,12366205,1791375495,1791375497,2
12366205,12366206,1791375497,1791375499,2
12366206,12366207,1791375499,1791375501,2
12366207,12366208,1791375501,1791375503,2
12366208,12366209,1791375503,1791375505,2
12366209,12366210,1791375505,1791375507,2
12366210,12366211,1791375507,1791375509,2
12366211,12366212,1791375509,1791375511,2
12366212,12366213,1791375511,1791375513,2
12366213,12366214,1791375513,1791375515,2
12366214,12366215,1791375515,1791375517,2
12366215,12366216,1791375517,1791375519,2
12366216,12366217,1791375519,1791375521,2
12366217,12366218,1791375521,1791375523,2
12366218,12366219,1791375523,1791375525,2
12366219,12366220,1791375525,1791375527,2
12366220,12366221,1791375527,1791375529,2
12366221,12366222,1791375529,1791375531,2
12366222,12366223,1791375531,1791375533,2
12366223,12366224,1791375533,1791375535,2
12366224,12366225,1791375535,1791375537,2
12366225,12366226,1791375537,1791375539,2
12366226,12366227,1791375539,1791375541,2
12366227,12366228,1791375541,1791375543,2
12366228,12366229,1791375543,1791375545,2
12366229,12366230,1791375545,1791375547,2
12366230,12366231,1791375547,1791375549,2
12366231,12366232,1791375549,1791375551,2
12366232,12366233,1791375551,1791375553,2
12366233,12366234,1791375553,1791375555,2
12366234,12366235,1791375555,1791375557,2
12366235,12366236,1791375557,1791375559,2
12366236,12366237,1791375559,1791375561,2
12366237,12366238,1791375561,1791375563,2
12366238,12366239,1791375563,1791375565,2
12366239,12366240,1791375565,1791375567,2
12366240,12366241,1791375567,1791375569,2
12366241,12366242,1791375569,1791375571,2
12366242,12366243,1791375571,1791375573,2
12366243,12366244,1791375573,1791375575,2
12366244,12366245,1791375575,1791375577,2
12366245,12366246,1791375577,1791375579,2
12366246,12366247,1791375579,1791375581,2
12366247,12366248,1791375581,1791375583,2
12366248,12366249,1791375583,1791375585,2
12366249,12366250,1791375585,1791375587,2
12366250,12366251,1791375587,1791375589,2
12366251,12366252,1791375589,1791375591,2
12366252,12366253,1791375591,1791375593,2
12366253,12366254,1791375593,1791375595,2
12366254,12366255,1791375595,1791375597,2
12366255,12366256,1791375597,1791375599,2
12366256,12366257,1791375599,1791375601,2
12366257,12366258,1791375601,1791375603,2
12366258,12366259,1791375603,1791375605,2
12366259,12366260,1791375605,1791375607,2
12366260,12366261,1791375607,1791375609,2
12366261,12366262,1791375609,1791375611,2
12366262,12366263,1791375611,1791375613,2
12366263,12366264,1791375613,1791375615,2
12366264,12366265,1791375615,1791375617,2
12366265,12366266,1791375617,1791375619,2
12366266,12366267,1791375619,1791375621,2
12366267,12366268,1791375621,1791375623,2
12366268,12366269,1791375623,1791375625,2
12366269,12366270,1791375625,1791375627,2
12366270,12366271,1791375627,1791375629,2
12366271,12366272,1791375629,1791375631,2
12366272,12366273,1791375631,1791375633,2
12366273,12366274,1791375633,1791375635,2
12366274,12366275,1791375635,1791375637,2
12366275,12366276,1791375637,1791375639,2
12366276,12366277,1791375639,1791375641,2
12366277,12366278,1791375641,1791375643,2
12366278,12366279,1791375643,1791375645,2
12366279,12366280,1791375645,1791375647,2
12366280,12366281,1791375647,1791375649,2
12366281,12366282,1791375649,1791375651,2
12366282,12366283,1791375651,1791375653,2
12366283,12366284,1791375653,1791375655,2
12366284,12366285,1791375655,1791375657,2
12366285,12366286,1791375657,1791375659,2
12366286,12366287,1791375659,1791375661,2
12366287,12366288,1791375661,1791375663,2
12366288,12366289,1791375663,1791375665,2
12366289,12366290,1791375665,1791375667,2
12366290,12366291,1791375667,1791375669,2
12366291,12366292,1791375669,1791375671,2
12366292,12366293,1791375671,1791375673,2
12366293,12366294,1791375673,1791375675,2
12366294,12366295,1791375675,1791375677,2
12366295,12366296,1791375677,1791375679,2
12366296,12366297,1791375679,1791375681,2
12366297,12366298,1791375681,1791375683,2
12366298,12366299,1791375683,1791375685,2
12366299,12366300,1791375685,1791375687,2
12366300,12366301,1791375687,1791375689,2
12366301,12366302,1791375689,1791375691,2
12366302,12366303,1791375691,1791375693,2
12366303,12366304,1791375693,1791375695,2
12366304,12366305,1791375695,1791375697,2
12366305,12366306,1791375697,1791375699,2
12366306,12366307,1791375699,1791375701,2
12366307,12366308,1791375701,1791375703,2
12366308,12366309,1791375703,1791375705,2
12366309,12366310,1791375705,1791375707,2
12366310,12366311,1791375707,1791375709,2
12366311,12366312,1791375709,1791375711,2
12366312,12366313,1791375711,1791375713,2
12366313,12366314,1791375713,1791375715,2
12366314,12366315,1791375715,1791375717,2
12366315,12366316,1791375717,1791375719,2
12366316,12366317,1791375719,1791375721,2
12366317,12366318,1791375721,1791375723,2
12366318,12366319,1791375723,1791375725,2
12366319,12366320,1791375725,1791375727,2
12366320,12366321,1791375727,1791375729,2
12366321,12366322,1791375729,1791375731,2
12366322,12366323,1791375731,1791375733,2
12366323,12366324,1791375733,1791375735,2
12366324,12366325,1791375735,1791375737,2
12366325,12366326,1791375737,1791375739,2
12366326,12366327,1791375739,1791375741,2
12366327,12366328,1791375741,1791375743,2
12366328,12366329,1791375743,1791375745,2
12366329,12366330,1791375745,1791375747,2
12366330,12366331,1791375747,1791375749,2
12366331,12366332,1791375749,1791375751,2
12366332,12366333,1791375751,1791375753,2
12366333,12366334,1791375753,1791375755,2
12366334,12366335,1791375755,1791375757,2
12366335,12366336,1791375757,1791375759,2
12366336,12366337,1791375759,1791375761,2
12366337,12366338,1791375761,1791375763,2
12366338,12366339,1791375763,1791375765,2
12366339,12366340,1791375765,1791375767,2
12366340,12366341,1791375767,1791375769,2
12366341,12366342,1791375769,1791375771,2
12366342,12366343,1791375771,1791375773,2
12366343,12366344,1791375773,1791375775,2
12366344,12366345,1791375775,1791375777,2
12366345,12366346,1791375777,1791375779,2
12366346,12366347,1791375779,1791375781,2
12366347,12366348,1791375781,1791375783,2
12366348,12366349,1791375783,1791375785,2
12366349,12366350,1791375785,1791375787,2
12366350,12366351,1791375787,1791375789,2
12366351,12366352,1791375789,1791375791,2
12366352,12366353,1791375791,1791375793,2
12366353,12366354,1791375793,1791375795,2
12366354,12366355,1791375795,1791375797,2
12366355,12366356,1791375797,1791375799,2
12366356,12366357,1791375799,1791375801,2
12366357,12366358,1791375801,1791375803,2
12366358,12366359,1791375803,1791375805,2
12366359,12366360,1791375805,1791375807,2
12366360,12366361,1791375807,1791375809,2
12366361,12366362,1791375809,1791375811,2
12366362,12366363,1791375811,1791375813,2
12366363,12366364,1791375813,1791375815,2
12366364,12366365,1791375815,1791375817,2
12366365,12366366,1791375817,1791375819,2
12366366,12366367,1791375819,1791375821,2
12366367,12366368,1791375821,1791375823,2
12366368,12366369,1791375823,1791375825,2
12366369,12366370,1791375825,1791375827,2
12366370,12366371,1791375827,1791375829,2
12366371,12366372,1791375829,1791375831,2
12366372,12366373,1791375831,1791375833,2
12366373,12366374,1791375833,1791375835,2
12366374,12366375,1791375835,1791375837,2
12366375,12366376,1791375837,1791375839,2
12366376,12366377,1791375839,1791375841,2
12366377,12366378,1791375841,1791375843,2
12366378,12366379,1791375843,1791375845,2
12366379,12366380,1791375845,1791375847,2
12366380,12366381,1791375847,1791375849,2
12366381,12366382,1791375849,1791375851,2
12366382,12366383,1791375851,1791375853,2
12366383,12366384,1791375853,1791375855,2
12366384,12366385,1791375855,1791375857,2
12366385,12366386,1791375857,1791375859,2
12366386,12366387,1791375859,1791375861,2
12366387,12366388,1791375861,1791375863,2
12366388,12366389,1791375863,1791375865,2
12366389,12366390,1791375865,1791375867,2
12366390,12366391,1791375867,1791375869,2
12366391,12366392,1791375869,1791375871,2
12366392,12366393,1791375871,1791375873,2
12366393,12366394,1791375873,1791375875,2
12366394,12366395,1791375875,1791375877,2
12366395,12366396,1791375877,1791375879,2
12366396,12366397,1791375879,1791375881,2
12366397,12366398,1791375881,1791375883,2
12366398,12366399,1791375883,1791375885,2
12366399,12366400,1791375885,1791375887,2
12366400,12366401,1791375887,1791375889,2
12366401,12366402,1791375889,1791375891,2
12366402,12366403,1791375891,1791375893,2
12366403,12366404,1791375893,1791375895,2
12366404,12366405,1791375895,1791375897,2
12366405,12366406,1791375897,1791375899,2
12366406,12366407,1791375899,1791375901,2
12366407,12366408,1791375901,1791375903,2
12366408,12366409,1791375903,1791375905,2
12366409,12366410,1791375905,1791375907,2
12366410,12366411,1791375907,1791375909,2
12366411,12366412,1791375909,1791375911,2
12366412,12366413,1791375911,1791375913,2
12366413,12366414,1791375913,1791375915,2
12366414,12366415,1791375915,1791375917,2
12366415,12366416,1791375917,1791375919,2
12366416,12366417,1791375919,1791375921,2
12366417,12366418,1791375921,1791375923,2
12366418,12366419,1791375923,1791375925,2
12366419,12366420,1791375925,1791375927,2
12366420,12366421,1791375927,1791375929,2
12366421,12366422,1791375929,1791375931,2
12366422,12366423,1791375931,1791375933,2
12366423,12366424,1791375933,1791375935,2
12366424,12366425,1791375935,1791375937,2
12366425,12366426,1791375937,1791375939,2
12366426,12366427,1791375939,1791375941,2
12366427,12366428,1791375941,1791375943,2
12366428,12366429,1791375943,1791375945,2
12366429,12366430,1791375945,1791375947,2
12366430,12366431,1791375947,1791375949,2
12366431,12366432,1791375949,1791375951,2
12366432,12366433,1791375951,1791375953,2
12366433,12366434,1791375953,1791375955,2
12366434,12366435,1791375955,1791375957,2
12366435,12366436,1791375957,1791375959,2
12366436,12366437,1791375959,1791375961,2
12366437,12366438,1791375961,1791375963,2
12366438,12366439,1791375963,1791375965,2
12366439,12366440,1791375965,1791375967,2
12366440,12366441,1791375967,1791375969,2
12366441,12366442,1791375969,1791375971,2
12366442,12366443,1791375971,1791375973,2
12366443,12366444,1791375973,1791375975,2
12366444,12366445,1791375975,1791375977,2
12366445,12366446,1791375977,1791375979,2
12366446,12366447,1791375979,1791375981,2
12366447,12366448,1791375981,1791375983,2
12366448,12366449,1791375983,1791375985,2
12366449,12366450,1791375985,1791375987,2
12366450,12366451,1791375987,1791375989,2
12366451,12366452,1791375989,1791375991,2
12366452,12366453,1791375991,1791375993,2
12366453,12366454,1791375993,1791375995,2
12366454,12366455,1791375995,1791375997,2
12366455,12366456,1791375997,1791375999,2
12366456,12366457,1791375999,1791376001,2
12366457,12366458,1791376001,1791376003,2
12366458,12366459,1791376003,1791376005,2
12366459,12366460,1791376005,1791376007,2
12366460,12366461,1791376007,1791376009,2
12366461,12366462,1791376009,1791376011,2
12366462,12366463,1791376011,1791376013,2
12366463,12366464,1791376013,1791376015,2
12366464,12366465,1791376015,1791376017,2
12366465,12366466,1791376017,1791376019,2
12366466,12366467,1791376019,1791376021,2
12366467,12366468,1791376021,1791376023,2
12366468,12366469,1791376023,1791376025,2
12366469,12366470,1791376025,1791376027,2
12366470,12366471,1791376027,1791376029,2
12366471,12366472,1791376029,1791376031,2
12366472,12366473,1791376031,1791376033,2
12366473,12366474,1791376033,1791376035,2
12366474,12366475,1791376035,1791376037,2
12366475,12366476,1791376037,1791376039,2
12366476,12366477,1791376039,1791376041,2
12366477,12366478,1791376041,1791376043,2
12366478,12366479,1791376043,1791376045,2
12366479,12366480,1791376045,1791376047,2
12366480,12366481,1791376047,1791376049,2
12366481,12366482,1791376049,1791376051,2
12366482,12366483,1791376051,1791376053,2
12366483,12366484,1791376053,1791376055,2
12366484,12366485,1791376055,1791376057,2
12366485,12366486,1791376057,1791376059,2
12366486,12366487,1791376059,1791376061,2
12366487,12366488,1791376061,1791376063,2
12366488,12366489,1791376063,1791376065,2
12366489,12366490,1791376065,1791376067,2
12366490,12366491,1791376067,1791376069,2
12366491,12366492,1791376069,1791376071,2
12366492,12366493,1791376071,1791376073,2
12366493,12366494,1791376073,1791376075,2
12366494,12366495,1791376075,1791376077,2
12366495,12366496,1791376077,1791376079,2
12366496,12366497,1791376079,1791376081,2
12366497,12366498,1791376081,1791376083,2
12366498,12366499,1791376083,1791376085,2
12366499,12366500,1791376085,1791376087,2
12366500,12366501,1791376087,1791376089,2
12366501,12366502,1791376089,1791376091,2
12366502,12366503,1791376091,1791376093,2
12366503,12366504,1791376093,1791376095,2
12366504,12366505,1791376095,1791376097,2
12366505,12366506,1791376097,1791376099,2
12366506,12366507,1791376099,1791376101,2
12366507,12366508,1791376101,1791376103,2
12366508,12366509,1791376103,1791376105,2
12366509,12366510,1791376105,1791376107,2
12366510,12366511,1791376107,1791376109,2
12366511,12366512,1791376109,1791376111,2
12366512,12366513,1791376111,1791376113,2
12366513,12366514,1791376113,1791376115,2
12366514,12366515,1791376115,1791376117,2
12366515,12366516,1791376117,1791376119,2
12366516,12366517,1791376119,1791376121,2
12366517,12366518,1791376121,1791376123,2
12366518,12366519,1791376123,1791376125,2
12366519,12366520,1791376125,1791376127,2
12366520,12366521,1791376127,1791376129,2
12366521,12366522,1791376129,1791376131,2
12366522,12366523,1791376131,1791376133,2
12366523,12366524,1791376133,1791376135,2
12366524,12366525,1791376135,1791376137,2
12366525,12366526,1791376137,1791376139,2
12366526,12366527,1791376139,1791376141,2
12366527,12366528,1791376141,1791376143,2
12366528,12366529,1791376143,1791376145,2
12366529,12366530,1791376145,1791376147,2
12366530,12366531,1791376147,1791376149,2
12366531,12366532,1791376149,1791376151,2
12366532,12366533,1791376151,1791376153,2
12366533,12366534,1791376153,1791376155,2
12366534,12366535,1791376155,1791376157,2
12366535,12366536,1791376157,1791376159,2
12366536,12366537,1791376159,1791376161,2
12366537,12366538,1791376161,1791376163,2
12366538,12366539,1791376163,1791376165,2
12366539,12366540,1791376165,1791376167,2
12366540,12366541,1791376167,1791376169,2
12366541,12366542,1791376169,1791376171,2
12366542,12366543,1791376171,1791376173,2
12366543,12366544,1791376173,1791376175,2
12366544,12366545,1791376175,1791376177,2
12366545,12366546,1791376177,1791376179,2
12366546,12366547,1791376179,1791376181,2
12366547,12366548,1791376181,1791376183,2
12366548,12366549,1791376183,1791376185,2
12366549,12366550,1791376185,1791376187,2
12366550,12366551,1791376187,1791376189,2
12366551,12366552,1791376189,1791376191,2
12366552,12366553,1791376191,1791376193,2
12366553,12366554,1791376193,1791376195,2
12366554,12366555,1791376195,1791376197,2
12366555,12366556,1791376197,1791376199,2
12366556,12366557,1791376199,1791376201,2
12366557,12366558,1791376201,1791376203,2
12366558,12366559,1791376203,1791376205,2
12366559,12366560,1791376205,1791376207,2
12366560,12366561,1791376207,1791376209,2
12366561,12366562,1791376209,1791376211,2
12366562,12366563,1791376211,1791376213,2
12366563,12366564,1791376213,1791376215,2
12366564,12366565,1791376215,1791376217,2
12366565,12366566,1791376217,1791376219,2
12366566,12366567,1791376219,1791376221,2
12366567,12366568,1791376221,1791376223,2
12366568,12366569,1791376223,1791376225,2
12366569,12366570,1791376225,1791376227,2
12366570,12366571,1791376227,1791376229,2
12366571,12366572,1791376229,1791376231,2
12366572,12366573,1791376231,1791376233,2
12366573,12366574,1791376233,1791376235,2
12366574,12366575,1791376235,1791376237,2
12366575,12366576,1791376237,1791376239,2
12366576,12366577,1791376239,1791376241,2
12366577,12366578,1791376241,1791376243,2
12366578,12366579,1791376243,1791376245,2
12366579,12366580,1791376245,1791376247,2
12366580,12366581,1791376247,1791376249,2
12366581,12366582,1791376249,1791376251,2
12366582,12366583,1791376251,1791376253,2
12366583,12366584,1791376253,1791376255,2
12366584,12366585,1791376255,1791376257,2
12366585,12366586,1791376257,1791376259,2
12366586,12366587,1791376259,1791376261,2
12366587,12366588,1791376261,1791376263,2
12366588,12366589,1791376263,1791376265,2
12366589,12366590,1791376265,1791376267,2
12366590,12366591,1791376267,1791376269,2
12366591,12366592,1791376269,1791376271,2
12366592,12366593,1791376271,1791376273,2
12366593,12366594,1791376273,1791376275,2
12366594,12366595,1791376275,1791376277,2
12366595,12366596,1791376277,1791376279,2
12366596,12366597,1791376279,1791376281,2
12366597,12366598,1791376281,1791376283,2
12366598,12366599,1791376283,1791376285,2
12366599,12366600,1791376285,1791376287,2
12366600,12366601,1791376287,1791376289,2
12366601,12366602,1791376289,1791376291,2
12366602,12366603,1791376291,1791376293,2
12366603,12366604,1791376293,1791376295,2
12366604,12366605,1791376295,1791376297,2
12366605,12366606,1791376297,1791376299,2
12366606,12366607,1791376299,1791376301,2
12366607,12366608,1791376301,1791376303,2
12366608,12366609,1791376303,1791376305,2
12366609,12366610,1791376305,1791376307,2
12366610,12366611,1791376307,1791376309,2
12366611,12366612,1791376309,1791376311,2
12366612,12366613,1791376311,1791376313,2
12366613,12366614,1791376313,1791376315,2
12366614,12366615,1791376315,1791376317,2
12366615,12366616,1791376317,1791376319,2
12366616,12366617,1791376319,1791376321,2
12366617,12366618,1791376321,1791376323,2
12366618,12366619,1791376323,1791376325,2
12366619,12366620,1791376325,1791376327,2
12366620,12366621,1791376327,1791376329,2
12366621,12366622,1791376329,1791376331,2
12366622,12366623,1791376331,1791376333,2
12366623,12366624,1791376333,1791376335,2
12366624,12366625,1791376335,1791376337,2
12366625,12366626,1791376337,1791376339,2
12366626,12366627,1791376339,1791376341,2
12366627,12366628,1791376341,1791376343,2
12366628,12366629,1791376343,1791376345,2
12366629,12366630,1791376345,1791376347,2
12366630,12366631,1791376347,1791376349,2
12366631,12366632,1791376349,1791376351,2
12366632,12366633,1791376351,1791376353,2
12366633,12366634,1791376353,1791376355,2
12366634,12366635,1791376355,1791376357,2
12366635,12366636,1791376357,1791376359,2
12366636,12366637,1791376359,1791376361,2
12366637,12366638,1791376361,1791376363,2
12366638,12366639,1791376363,1791376365,2
12366639,12366640,1791376365,1791376367,2
12366640,12366641,1791376367,1791376369,2
12366641,12366642,1791376369,1791376371,2
12366642,12366643,1791376371,1791376373,2
12366643,12366644,1791376373,1791376375,2
12366644,12366645,1791376375,1791376377,2
12366645,12366646,1791376377,1791376379,2
12366646,12366647,1791376379,1791376381,2
12366647,12366648,1791376381,1791376383,2
12366648,12366649,1791376383,1791376385,2
12366649,12366650,1791376385,1791376387,2
12366650,12366651,1791376387,1791376389,2
12366651,12366652,1791376389,1791376391,2
12366652,12366653,1791376391,1791376393,2
12366653,12366654,1791376393,1791376395,2
12366654,12366655,1791376395,1791376397,2
12366655,12366656,1791376397,1791376399,2
12366656,12366657,1791376399,1791376401,2
12366657,12366658,1791376401,1791376403,2
12366658,12366659,1791376403,1791376405,2
12366659,12366660,1791376405,1791376407,2
12366660,12366661,1791376407,1791376409,2
12366661,12366662,1791376409,1791376411,2
12366662,12366663,1791376411,1791376413,2
12366663,12366664,1791376413,1791376415,2
12366664,12366665,1791376415,1791376417,2
12366665,12366666,1791376417,1791376419,2
12366666,12366667,1791376419,1791376421,2
12366667,12366668,1791376421,1791376423,2
12366668,12366669,1791376423,1791376425,2
12366669,12366670,1791376425,1791376427,2
12366670,12366671,1791376427,1791376429,2
12366671,12366672,1791376429,1791376431,2
12366672,12366673,1791376431,1791376433,2
12366673,12366674,1791376433,1791376435,2
12366674,12366675,1791376435,1791376437,2
12366675,12366676,1791376437,1791376439,2
12366676,12366677,1791376439,1791376441,2
12366677,12366678,1791376441,1791376443,2
12366678,12366679,1791376443,1791376445,2
12366679,12366680,1791376445,1791376447,2
12366680,12366681,1791376447,1791376449,2
12366681,12366682,1791376449,1791376451,2
12366682,12366683,1791376451,1791376453,2
12366683,12366684,1791376453,1791376455,2
12366684,12366685,1791376455,1791376457,2
12366685,12366686,1791376457,1791376459,2
12366686,12366687,1791376459,1791376461,2
12366687,12366688,1791376461,1791376463,2
12366688,12366689,1791376463,1791376465,2
12366689,12366690,1791376465,1791376467,2
12366690,12366691,1791376467,1791376469,2
12366691,12366692,1791376469,1791376471,2
12366692,12366693,1791376471,1791376473,2
12366693,12366694,1791376473,1791376475,2
12366694,12366695,1791376475,1791376477,2
12366695,12366696,1791376477,1791376479,2
12366696,12366697,1791376479,1791376481,2
12366697,12366698,1791376481,1791376483,2
12366698,12366699,1791376483,1791376485,2
12366699,12366700,1791376485,1791376487,2
12366700,12366701,1791376487,1791376489,2
12366701,12366702,1791376489,1791376491,2
12366702,12366703,1791376491,1791376493,2
12366703,12366704,1791376493,1791376495,2
12366704,12366705,1791376495,1791376497,2
12366705,12366706,1791376497,1791376499,2
12366706,12366707,1791376499,1791376501,2
12366707,12366708,1791376501,1791376503,2
12366708,12366709,1791376503,1791376505,2
12366709,12366710,1791376505,1791376507,2
12366710,12366711,1791376507,1791376509,2
12366711,12366712,1791376509,1791376511,2
12366712,12366713,1791376511,1791376513,2
12366713,12366714,1791376513,1791376515,2
12366714,12366715,1791376515,1791376517,2
12366715,12366716,1791376517,1791376519,2
12366716,12366717,1791376519,1791376521,2
12366717,12366718,1791376521,1791376523,2
12366718,12366719,1791376523,1791376525,2
12366719,12366720,1791376525,1791376527,2
12366720,12366721,1791376527,1791376529,2
12366721,12366722,1791376529,1791376531,2
12366722,12366723,1791376531,1791376533,2
12366723,12366724,1791376533,1791376535,2
12366724,12366725,1791376535,1791376537,2
12366725,12366726,1791376537,1791376539,2
12366726,12366727,1791376539,1791376541,2
12366727,12366728,1791376541,1791376543,2
12366728,12366729,1791376543,1791376545,2
12366729,12366730,1791376545,1791376547,2
12366730,12366731,1791376547,1791376549,2
12366731,12366732,1791376549,1791376551,2
12366732,12366733,1791376551,1791376553,2
12366733,12366734,1791376553,1791376555,2
12366734,12366735,1791376555,1791376557,2
12366735,12366736,1791376557,1791376559,2
12366736,12366737,1791376559,1791376561,2
12366737,12366738,1791376561,1791376563,2
12366738,12366739,1791376563,1791376565,2
12366739,12366740,1791376565,1791376567,2
12366740,12366741,1791376567,1791376569,2
12366741,12366742,1791376569,1791376571,2
12366742,12366743,1791376571,1791376573,2
12366743,12366744,1791376573,1791376575,2
12366744,12366745,1791376575,1791376577,2
12366745,12366746,1791376577,1791376579,2
12366746,12366747,1791376579,1791376581,2
12366747,12366748,1791376581,1791376583,2
12366748,12366749,1791376583,1791376585,2
12366749,12366750,1791376585,1791376587,2
12366750,12366751,1791376587,1791376589,2
12366751,12366752,1791376589,1791376591,2
12366752,12366753,1791376591,1791376593,2
12366753,12366754,1791376593,1791376595,2
12366754,12366755,1791376595,1791376597,2
12366755,12366756,1791376597,1791376599,2
12366756,12366757,1791376599,1791376601,2
12366757,12366758,1791376601,1791376603,2
12366758,12366759,1791376603,1791376605,2
12366759,12366760,1791376605,1791376607,2
12366760,12366761,1791376607,1791376609,2
12366761,12366762,1791376609,1791376611,2
12366762,12366763,1791376611,1791376613,2
12366763,12366764,1791376613,1791376615,2
12366764,12366765,1791376615,1791376617,2
12366765,12366766,1791376617,1791376619,2
12366766,12366767,1791376619,1791376621,2
12366767,12366768,1791376621,1791376623,2
12366768,12366769,1791376623,1791376625,2
12366769,12366770,1791376625,1791376627,2
12366770,12366771,1791376627,1791376629,2
12366771,12366772,1791376629,1791376631,2
12366772,12366773,1791376631,1791376633,2
12366773,12366774,1791376633,1791376635,2
12366774,12366775,1791376635,1791376637,2
12366775,12366776,1791376637,1791376639,2
12366776,12366777,1791376639,1791376641,2
12366777,12366778,1791376641,1791376643,2
12366778,12366779,1791376643,1791376645,2
12366779,12366780,1791376645,1791376647,2
12366780,12366781,1791376647,1791376649,2
12366781,12366782,1791376649,1791376651,2
12366782,12366783,1791376651,1791376653,2
12366783,12366784,1791376653,1791376655,2
12366784,12366785,1791376655,1791376657,2
12366785,12366786,1791376657,1791376659,2
12366786,12366787,1791376659,1791376661,2
12366787,12366788,1791376661,1791376663,2
12366788,12366789,1791376663,1791376665,2
12366789,12366790,1791376665,1791376667,2
12366790,12366791,1791376667,1791376669,2
12366791,12366792,1791376669,1791376671,2
12366792,12366793,1791376671,1791376673,2
12366793,12366794,1791376673,1791376675,2
12366794,12366795,1791376675,1791376677,2
12366795,12366796,1791376677,1791376679,2
12366796,12366797,1791376679,1791376681,2
12366797,12366798,1791376681,1791376683,2
12366798,12366799,1791376683,1791376685,2
12366799,12366800,1791376685,1791376687,2
12366800,12366801,1791376687,1791376689,2
12366801,12366802,1791376689,1791376691,2
12366802,12366803,1791376691,1791376693,2
12366803,12366804,1791376693,1791376695,2
12366804,12366805,1791376695,1791376697,2
12366805,12366806,1791376697,1791376699,2
12366806,12366807,1791376699,1791376701,2
12366807,12366808,1791376701,1791376703,2
12366808,12366809,1791376703,1791376705,2
12366809,12366810,1791376705,1791376707,2
12366810,12366811,1791376707,1791376709,2
12366811,12366812,1791376709,1791376711,2
12366812,12366813,1791376711,1791376713,2
12366813,12366814,1791376713,1791376715,2
12366814,12366815,1791376715,1791376717,2
12366815,12366816,1791376717,1791376719,2
12366816,12366817,1791376719,1791376721,2
12366817,12366818,1791376721,1791376723,2
12366818,12366819,1791376723,1791376725,2
12366819,12366820,1791376725,1791376727,2
12366820,12366821,1791376727,1791376729,2
12366821,12366822,1791376729,1791376731,2
12366822,12366823,1791376731,1791376733,2
12366823,12366824,1791376733,1791376735,2
12366824,12366825,1791376735,1791376737,2
12366825,12366826,1791376737,1791376739,2
12366826,12366827,1791376739,1791376741,2
12366827,12366828,1791376741,1791376743,2
12366828,12366829,1791376743,1791376745,2
12366829,12366830,1791376745,1791376747,2
12366830,12366831,1791376747,1791376749,2
12366831,12366832,1791376749,1791376751,2
12366832,12366833,1791376751,1791376753,2
12366833,12366834,1791376753,1791376755,2
12366834,12366835,1791376755,1791376757,2
12366835,12366836,1791376757,1791376759,2
12366836,12366837,1791376759,1791376761,2
12366837,12366838,1791376761,1791376763,2
12366838,12366839,1791376763,1791376765,2
12366839,12366840,1791376765,1791376767,2
12366840,12366841,1791376767,1791376769,2
12366841,12366842,1791376769,1791376771,2
12366842,12366843,1791376771,1791376773,2
12366843,12366844,1791376773,1791376775,2
12366844,12366845,1791376775,1791376777,2
12366845,12366846,1791376777,1791376779,2
12366846,12366847,1791376779,1791376781,2
12366847,12366848,1791376781,1791376783,2
12366848,12366849,1791376783,1791376785,2
12366849,12366850,1791376785,1791376787,2
12366850,12366851,1791376787,1791376789,2
12366851,12366852,1791376789,1791376791,2
12366852,12366853,1791376791,1791376793,2
12366853,12366854,1791376793,1791376795,2
12366854,12366855,1791376795,1791376797,2
12366855,12366856,1791376797,1791376799,2
12366856,12366857,1791376799,1791376801,2
12366857,12366858,1791376801,1791376803,2
12366858,12366859,1791376803,1791376805,2
12366859,12366860,1791376805,1791376807,2
12366860,12366861,1791376807,1791376809,2
12366861,12366862,1791376809,1791376811,2
12366862,12366863,1791376811,1791376813,2
12366863,12366864,1791376813,1791376815,2
12366864,12366865,1791376815,1791376817,2
12366865,12366866,1791376817,1791376819,2
12366866,12366867,1791376819,1791376821,2
12366867,12366868,1791376821,1791376823,2
12366868,12366869,1791376823,1791376825,2
12366869,12366870,1791376825,1791376827,2
12366870,12366871,1791376827,1791376829,2
12366871,12366872,1791376829,1791376831,2
12366872,12366873,1791376831,1791376833,2
12366873,12366874,1791376833,1791376835,2
12366874,12366875,1791376835,1791376837,2
12366875,12366876,1791376837,1791376839,2
12366876,12366877,1791376839,1791376841,2
12366877,12366878,1791376841,1791376843,2
12366878,12366879,1791376843,1791376845,2
12366879,12366880,1791376845,1791376847,2
12366880,12366881,1791376847,1791376849,2
12366881,12366882,1791376849,1791376851,2
12366882,12366883,1791376851,1791376853,2
12366883,12366884,1791376853,1791376855,2
12366884,12366885,1791376855,1791376857,2
12366885,12366886,1791376857,1791376859,2
12366886,12366887,1791376859,1791376861,2
12366887,12366888,1791376861,1791376863,2
12366888,12366889,1791376863,1791376865,2
12366889,12366890,1791376865,1791376867,2
12366890,12366891,1791376867,1791376869,2
12366891,12366892,1791376869,1791376871,2
12366892,12366893,1791376871,1791376873,2
12366893,12366894,1791376873,1791376875,2
12366894,12366895,1791376875,1791376877,2
12366895,12366896,1791376877,1791376879,2
12366896,12366897,1791376879,1791376881,2
12366897,12366898,1791376881,1791376883,2
12366898,12366899,1791376883,1791376885,2
12366899,12366900,1791376885,1791376887,2
12366900,12366901,1791376887,1791376889,2
12366901,12366902,1791376889,1791376891,2
12366902,12366903,1791376891,1791376893,2
12366903,12366904,1791376893,1791376895,2
12366904,12366905,1791376895,1791376897,2
12366905,12366906,1791376897,1791376899,2
12366906,12366907,1791376899,1791376901,2
12366907,12366908,1791376901,1791376903,2
12366908,12366909,1791376903,1791376905,2
12366909,12366910,1791376905,1791376907,2
12366910,12366911,1791376907,1791376909,2
12366911,12366912,1791376909,1791376911,2
12366912,12366913,1791376911,1791376913,2
12366913,12366914,1791376913,1791376915,2
12366914,12366915,1791376915,1791376917,2
12366915,12366916,1791376917,1791376919,2
12366916,12366917,1791376919,1791376921,2
12366917,12366918,1791376921,1791376923,2
12366918,12366919,1791376923,1791376925,2
12366919,12366920,1791376925,1791376927,2
12366920,12366921,1791376927,1791376929,2
12366921,12366922,1791376929,1791376931,2
12366922,12366923,1791376931,1791376933,2
12366923,12366924,1791376933,1791376935,2
12366924,12366925,1791376935,1791376937,2
12366925,12366926,1791376937,1791376939,2
12366926,12366927,1791376939,1791376941,2
12366927,12366928,1791376941,1791376943,2
12366928,12366929,1791376943,1791376945,2
12366929,12366930,1791376945,1791376947,2
12366930,12366931,1791376947,1791376949,2
12366931,12366932,1791376949,1791376951,2
12366932,12366933,1791376951,1791376953,2
12366933,12366934,1791376953,1791376955,2
12366934,12366935,1791376955,1791376957,2
12366935,12366936,1791376957,1791376959,2
12366936,12366937,1791376959,1791376961,2
12366937,12366938,1791376961,1791376963,2
12366938,12366939,1791376963,1791376965,2
12366939,12366940,1791376965,1791376967,2
12366940,12366941,1791376967,1791376969,2
12366941,12366942,1791376969,1791376971,2
12366942,12366943,1791376971,1791376973,2
12366943,12366944,1791376973,1791376975,2
12366944,12366945,1791376975,1791376977,2
12366945,12366946,1791376977,1791376979,2
12366946,12366947,1791376979,1791376981,2
12366947,12366948,1791376981,1791376983,2
12366948,12366949,1791376983,1791376985,2
12366949,12366950,1791376985,1791376987,2
12366950,12366951,1791376987,1791376989,2
12366951,12366952,1791376989,1791376991,2
12366952,12366953,1791376991,1791376993,2
12366953,12366954,1791376993,1791376995,2
12366954,12366955,1791376995,1791376997,2
12366955,12366956,1791376997,1791376999,2
12366956,12366957,1791376999,1791377001,2
12366957,12366958,1791377001,1791377003,2
12366958,12366959,1791377003,1791377005,2
12366959,12366960,1791377005,1791377007,2
12366960,12366961,1791377007,1791377009,2
12366961,12366962,1791377009,1791377011,2
12366962,12366963,1791377011,1791377013,2
12366963,12366964,1791377013,1791377015,2
12366964,12366965,1791377015,1791377017,2
12366965,12366966,1791377017,1791377019,2
12366966,12366967,1791377019,1791377021,2
12366967,12366968,1791377021,1791377023,2
12366968,12366969,1791377023,1791377025,2
12366969,12366970,1791377025,1791377027,2
12366970,12366971,1791377027,1791377029,2
12366971,12366972,1791377029,1791377031,2
12366972,12366973,1791377031,1791377033,2
12366973,12366974,1791377033,1791377035,2
12366974,12366975,1791377035,1791377037,2
12366975,12366976,1791377037,1791377039,2
12366976,12366977,1791377039,1791377041,2
12366977,12366978,1791377041,1791377043,2
12366978,12366979,1791377043,1791377045,2
12366979,12366980,1791377045,1791377047,2
12366980,12366981,1791377047,1791377049,2
12366981,12366982,1791377049,1791377051,2
12366982,12366983,1791377051,1791377053,2
12366983,12366984,1791377053,1791377055,2
12366984,12366985,1791377055,1791377057,2
12366985,12366986,1791377057,1791377059,2
12366986,12366987,1791377059,1791377061,2
12366987,12366988,1791377061,1791377063,2
12366988,12366989,1791377063,1791377065,2
12366989,12366990,1791377065,1791377067,2
12366990,12366991,1791377067,1791377069,2
12366991,12366992,1791377069,1791377071,2
12366992,12366993,1791377071,1791377073,2
12366993,12366994,1791377073,1791377075,2
12366994,12366995,1791377075,1791377077,2
12366995,12366996,1791377077,1791377079,2
12366996,12366997,1791377079,1791377081,2
12366997,12366998,1791377081,1791377083,2
12366998,12366999,1791377083,1791377085,2
12366999,12367000,1791377085,1791377087,2
12367000,12367001,1791377087,1791377089,2
12367001,12367002,1791377089,1791377091,2
12367002,12367003,1791377091,1791377093,2
12367003,12367004,1791377093,1791377095,2
12367004,12367005,1791377095,1791377097,2
12367005,12367006,1791377097,1791377099,2
12367006,12367007,1791377099,1791377101,2
12367007,12367008,1791377101,1791377103,2
12367008,12367009,1791377103,1791377105,2
12367009,12367010,1791377105,1791377107,2
12367010,12367011,1791377107,1791377109,2
12367011,12367012,1791377109,1791377111,2
12367012,12367013,1791377111,1791377113,2
12367013,12367014,1791377113,1791377115,2
12367014,12367015,1791377115,1791377117,2
12367015,12367016,1791377117,1791377119,2
12367016,12367017,1791377119,1791377121,2
12367017,12367018,1791377121,1791377123,2
12367018,12367019,1791377123,1791377125,2
12367019,12367020,1791377125,1791377127,2
12367020,12367021,1791377127,1791377129,2
12367021,12367022,1791377129,1791377131,2
12367022,12367023,1791377131,1791377133,2
12367023,12367024,1791377133,1791377135,2
12367024,12367025,1791377135,1791377137,2
12367025,12367026,1791377137,1791377139,2
12367026,12367027,1791377139,1791377141,2
12367027,12367028,1791377141,1791377143,2
12367028,12367029,1791377143,1791377145,2
12367029,12367030,1791377145,1791377147,2
12367030,12367031,1791377147,1791377149,2
12367031,12367032,1791377149,1791377151,2
12367032,12367033,1791377151,1791377153,2
12367033,12367034,1791377153,1791377155,2
12367034,12367035,1791377155,1791377157,2
12367035,12367036,1791377157,1791377159,2
12367036,12367037,1791377159,1791377161,2
12367037,12367038,1791377161,1791377163,2
12367038,12367039,1791377163,1791377165,2
12367039,12367040,1791377165,1791377167,2
12367040,12367041,1791377167,1791377169,2
12367041,12367042,1791377169,1791377171,2
12367042,12367043,1791377171,1791377173,2
12367043,12367044,1791377173,1791377175,2
12367044,12367045,1791377175,1791377177,2
12367045,12367046,1791377177,1791377179,2
12367046,12367047,1791377179,1791377181,2
12367047,12367048,1791377181,1791377183,2
12367048,12367049,1791377183,1791377185,2
12367049,12367050,1791377185,1791377187,2
12367050,12367051,1791377187,1791377189,2
12367051,12367052,1791377189,1791377191,2
12367052,12367053,1791377191,1791377193,2
12367053,12367054,1791377193,1791377195,2
12367054,12367055,1791377195,1791377197,2
12367055,12367056,1791377197,1791377199,2
12367056,12367057,1791377199,1791377201,2
12367057,12367058,1791377201,1791377203,2
12367058,12367059,1791377203,1791377205,2
12367059,12367060,1791377205,1791377207,2
12367060,12367061,1791377207,1791377209,2
12367061,12367062,1791377209,1791377211,2
12367062,12367063,1791377211,1791377213,2
12367063,12367064,1791377213,1791377215,2
12367064,12367065,1791377215,1791377217,2
12367065,12367066,1791377217,1791377219,2
12367066,12367067,1791377219,1791377221,2
12367067,12367068,1791377221,1791377223,2
12367068,12367069,1791377223,1791377225,2
12367069,12367070,1791377225,1791377227,2
12367070,12367071,1791377227,1791377229,2
12367071,12367072,1791377229,1791377231,2
12367072,12367073,1791377231,1791377233,2
12367073,12367074,1791377233,1791377235,2
12367074,12367075,1791377235,1791377237,2
12367075,12367076,1791377237,1791377239,2
12367076,12367077,1791377239,1791377241,2
12367077,12367078,1791377241,1791377243,2
12367078,12367079,1791377243,1791377245,2
12367079,12367080,1791377245,1791377247,2
12367080,12367081,1791377247,1791377249,2
12367081,12367082,1791377249,1791377251,2
12367082,12367083,1791377251,1791377253,2
12367083,12367084,1791377253,1791377255,2
12367084,12367085,1791377255,1791377257,2
12367085,12367086,1791377257,1791377259,2
12367086,12367087,1791377259,1791377261,2
12367087,12367088,1791377261,1791377263,2
12367088,12367089,1791377263,1791377265,2
12367089,12367090,1791377265,1791377267,2
12367090,12367091,1791377267,1791377269,2
12367091,12367092,1791377269,1791377271,2
12367092,12367093,1791377271,1791377273,2
12367093,12367094,1791377273,1791377275,2
12367094,12367095,1791377275,1791377277,2
12367095,12367096,1791377277,1791377279,2
12367096,12367097,1791377279,1791377281,2
12367097,12367098,1791377281,1791377283,2
12367098,12367099,1791377283,1791377285,2
12367099,12367100,1791377285,1791377287,2
12367100,12367101,1791377287,1791377289,2
12367101,12367102,1791377289,1791377291,2
12367102,12367103,1791377291,1791377293,2
12367103,12367104,1791377293,1791377295,2
12367104,12367105,1791377295,1791377297,2
12367105,12367106,1791377297,1791377299,2
12367106,12367107,1791377299,1791377301,2
12367107,12367108,1791377301,1791377303,2
12367108,12367109,1791377303,1791377305,2
12367109,12367110,1791377305,1791377307,2
12367110,12367111,1791377307,1791377309,2
12367111,12367112,1791377309,1791377311,2
12367112,12367113,1791377311,1791377313,2
12367113,12367114,1791377313,1791377315,2
12367114,12367115,1791377315,1791377317,2
12367115,12367116,1791377317,1791377319,2
12367116,12367117,1791377319,1791377321,2
12367117,12367118,1791377321,1791377323,2
12367118,12367119,1791377323,1791377325,2
12367119,12367120,1791377325,1791377327,2
12367120,12367121,1791377327,1791377329,2
12367121,12367122,1791377329,1791377331,2
12367122,12367123,1791377331,1791377333,2
12367123,12367124,1791377333,1791377335,2
12367124,12367125,1791377335,1791377337,2
12367125,12367126,1791377337,1791377339,2
12367126,12367127,1791377339,1791377341,2
12367127,12367128,1791377341,1791377343,2
12367128,12367129,1791377343,1791377345,2
12367129,12367130,1791377345,1791377347,2
12367130,12367131,1791377347,1791377349,2
12367131,12367132,1791377349,1791377351,2
12367132,12367133,1791377351,1791377353,2
12367133,12367134,1791377353,1791377355,2
12367134,12367135,1791377355,1791377357,2
12367135,12367136,1791377357,1791377359,2
12367136,12367137,1791377359,1791377361,2
12367137,12367138,1791377361,1791377363,2
12367138,12367139,1791377363,1791377365,2
12367139,12367140,1791377365,1791377367,2
12367140,12367141,1791377367,1791377369,2
12367141,12367142,1791377369,1791377371,2
12367142,12367143,1791377371,1791377373,2
12367143,12367144,1791377373,1791377375,2
12367144,12367145,1791377375,1791377377,2
12367145,12367146,1791377377,1791377379,2
12367146,12367147,1791377379,1791377381,2
12367147,12367148,1791377381,1791377383,2
12367148,12367149,1791377383,1791377385,2
12367149,12367150,1791377385,1791377387,2
12367150,12367151,1791377387,1791377389,2
12367151,12367152,1791377389,1791377391,2
12367152,12367153,1791377391,1791377393,2
12367153,12367154,1791377393,1791377395,2
12367154,12367155,1791377395,1791377397,2
12367155,12367156,1791377397,1791377399,2
12367156,12367157,1791377399,1791377401,2
12367157,12367158,1791377401,1791377403,2
12367158,12367159,1791377403,1791377405,2
12367159,12367160,1791377405,1791377407,2
12367160,12367161,1791377407,1791377409,2
12367161,12367162,1791377409,1791377411,2
12367162,12367163,1791377411,1791377413,2
12367163,12367164,1791377413,1791377415,2
12367164,12367165,1791377415,1791377417,2
12367165,12367166,1791377417,1791377419,2
12367166,12367167,1791377419,1791377421,2
12367167,12367168,1791377421,1791377423,2
12367168,12367169,1791377423,1791377425,2
12367169,12367170,1791377425,1791377427,2
12367170,12367171,1791377427,1791377429,2
12367171,12367172,1791377429,1791377431,2
12367172,12367173,1791377431,1791377433,2
12367173,12367174,1791377433,1791377435,2
12367174,12367175,1791377435,1791377437,2
12367175,12367176,1791377437,1791377439,2
12367176,12367177,1791377439,1791377441,2
12367177,12367178,1791377441,1791377443,2
12367178,12367179,1791377443,1791377445,2
12367179,12367180,1791377445,1791377447,2
12367180,12367181,1791377447,1791377449,2
12367181,12367182,1791377449,1791377451,2
12367182,12367183,1791377451,1791377453,2
12367183,12367184,1791377453,1791377455,2
12367184,12367185,1791377455,1791377457,2
12367185,12367186,1791377457,1791377459,2
12367186,12367187,1791377459,1791377461,2
12367187,12367188,1791377461,1791377463,2
12367188,12367189,1791377463,1791377465,2
12367189,12367190,1791377465,1791377467,2
12367190,12367191,1791377467,1791377469,2
12367191,12367192,1791377469,1791377471,2
12367192,12367193,1791377471,1791377473,2
12367193,12367194,1791377473,1791377475,2
12367194,12367195,1791377475,1791377477,2
12367195,12367196,1791377477,1791377479,2
12367196,12367197,1791377479,1791377481,2
12367197,12367198,1791377481,1791377483,2
12367198,12367199,1791377483,1791377485,2
12367199,12367200,1791377485,1791377487,2
12367200,12367201,1791377487,1791377489,2
12367201,12367202,1791377489,1791377491,2
12367202,12367203,1791377491,1791377493,2
12367203,12367204,1791377493,1791377495,2
12367204,12367205,1791377495,1791377497,2
12367205,12367206,1791377497,1791377499,2
12367206,12367207,1791377499,1791377501,2
12367207,12367208,1791377501,1791377503,2
12367208,12367209,1791377503,1791377505,2
12367209,12367210,1791377505,1791377507,2
12367210,12367211,1791377507,1791377509,2
12367211,12367212,1791377509,1791377511,2
12367212,12367213,1791377511,1791377513,2
12367213,12367214,1791377513,1791377515,2
12367214,12367215,1791377515,1791377517,2
12367215,12367216,1791377517,1791377519,2
12367216,12367217,1791377519,1791377521,2
12367217,12367218,1791377521,1791377523,2
12367218,12367219,1791377523,1791377525,2
12367219,12367220,1791377525,1791377527,2
12367220,12367221,1791377527,1791377529,2
12367221,12367222,1791377529,1791377531,2
12367222,12367223,1791377531,1791377533,2
12367223,12367224,1791377533,1791377535,2
12367224,12367225,1791377535,1791377537,2
12367225,12367226,1791377537,1791377539,2
12367226,12367227,1791377539,1791377541,2
12367227,12367228,1791377541,1791377543,2
12367228,12367229,1791377543,1791377545,2
12367229,12367230,1791377545,1791377547,2
12367230,12367231,1791377547,1791377549,2
12367231,12367232,1791377549,1791377551,2
12367232,12367233,1791377551,1791377553,2
12367233,12367234,1791377553,1791377555,2
12367234,12367235,1791377555,1791377557,2
12367235,12367236,1791377557,1791377559,2
12367236,12367237,1791377559,1791377561,2
12367237,12367238,1791377561,1791377563,2
12367238,12367239,1791377563,1791377565,2
12367239,12367240,1791377565,1791377567,2
12367240,12367241,1791377567,1791377569,2
12367241,12367242,1791377569,1791377571,2
12367242,12367243,1791377571,1791377573,2
12367243,12367244,1791377573,1791377575,2
12367244,12367245,1791377575,1791377577,2
12367245,12367246,1791377577,1791377579,2
12367246,12367247,1791377579,1791377581,2
12367247,12367248,1791377581,1791377583,2
12367248,12367249,1791377583,1791377585,2
12367249,12367250,1791377585,1791377587,2
12367250,12367251,1791377587,1791377589,2
12367251,12367252,1791377589,1791377591,2
12367252,12367253,1791377591,1791377593,2
12367253,12367254,1791377593,1791377595,2
12367254,12367255,1791377595,1791377597,2
12367255,12367256,1791377597,1791377599,2
12367256,12367257,1791377599,1791377601,2
12367257,12367258,1791377601,1791377603,2
12367258,12367259,1791377603,1791377605,2
12367259,12367260,1791377605,1791377607,2
12367260,12367261,1791377607,1791377609,2
12367261,12367262,1791377609,1791377611,2
12367262,12367263,1791377611,1791377613,2
12367263,12367264,1791377613,1791377615,2
12367264,12367265,1791377615,1791377617,2
12367265,12367266,1791377617,1791377619,2
12367266,12367267,1791377619,1791377621,2
12367267,12367268,1791377621,1791377623,2
12367268,12367269,1791377623,1791377625,2
12367269,12367270,1791377625,1791377627,2
12367270,12367271,1791377627,1791377629,2
12367271,12367272,1791377629,1791377631,2
12367272,12367273,1791377631,1791377633,2
12367273,12367274,1791377633,1791377635,2
12367274,12367275,1791377635,1791377637,2
12367275,12367276,1791377637,1791377639,2
12367276,12367277,1791377639,1791377641,2
12367277,12367278,1791377641,1791377643,2
12367278,12367279,1791377643,1791377645,2
12367279,12367280,1791377645,1791377647,2
12367280,12367281,1791377647,1791377649,2
12367281,12367282,1791377649,1791377651,2
12367282,12367283,1791377651,1791377653,2
12367283,12367284,1791377653,1791377655,2
12367284,12367285,1791377655,1791377657,2
12367285,12367286,1791377657,1791377659,2
12367286,12367287,1791377659,1791377661,2
12367287,12367288,1791377661,1791377663,2
12367288,12367289,1791377663,1791377665,2
12367289,12367290,1791377665,1791377667,2
12367290,12367291,1791377667,1791377669,2
12367291,12367292,1791377669,1791377671,2
12367292,12367293,1791377671,1791377673,2
12367293,12367294,1791377673,1791377675,2
12367294,12367295,1791377675,1791377677,2
12367295,12367296,1791377677,1791377679,2
12367296,12367297,1791377679,1791377681,2
12367297,12367298,1791377681,1791377683,2
12367298,12367299,1791377683,1791377685,2
12367299,12367300,1791377685,1791377687,2
12367300,12367301,1791377687,1791377689,2
12367301,12367302,1791377689,1791377691,2
12367302,12367303,1791377691,1791377693,2
12367303,12367304,1791377693,1791377695,2
12367304,12367305,1791377695,1791377697,2
12367305,12367306,1791377697,1791377699,2
12367306,12367307,1791377699,1791377701,2
12367307,12367308,1791377701,1791377703,2
12367308,12367309,1791377703,1791377705,2
12367309,12367310,1791377705,1791377707,2
12367310,12367311,1791377707,1791377709,2
12367311,12367312,1791377709,1791377711,2
12367312,12367313,1791377711,1791377713,2
12367313,12367314,1791377713,1791377715,2
12367314,12367315,1791377715,1791377717,2
12367315,12367316,1791377717,1791377719,2
12367316,12367317,1791377719,1791377721,2
12367317,12367318,1791377721,1791377723,2
12367318,12367319,1791377723,1791377725,2
12367319,12367320,1791377725,1791377727,2
12367320,12367321,1791377727,1791377729,2
12367321,12367322,1791377729,1791377731,2
12367322,12367323,1791377731,1791377733,2
12367323,12367324,1791377733,1791377735,2
12367324,12367325,1791377735,1791377737,2
12367325,12367326,1791377737,1791377739,2
12367326,12367327,1791377739,1791377741,2
12367327,12367328,1791377741,1791377743,2
12367328,12367329,1791377743,1791377745,2
12367329,12367330,1791377745,1791377747,2
12367330,12367331,1791377747,1791377749,2
12367331,12367332,1791377749,1791377751,2
12367332,12367333,1791377751,1791377753,2
12367333,12367334,1791377753,1791377755,2
12367334,12367335,1791377755,1791377757,2
12367335,12367336,1791377757,1791377759,2
12367336,12367337,1791377759,1791377761,2
12367337,12367338,1791377761,1791377763,2
12367338,12367339,1791377763,1791377765,2
12367339,12367340,1791377765,1791377767,2
12367340,12367341,1791377767,1791377769,2
12367341,12367342,1791377769,1791377771,2
12367342,12367343,1791377771,1791377773,2
12367343,12367344,1791377773,1791377775,2
12367344,12367345,1791377775,1791377777,2
12367345,12367346,1791377777,1791377779,2
12367346,12367347,1791377779,1791377781,2
12367347,12367348,1791377781,1791377783,2
12367348,12367349,1791377783,1791377785,2
12367349,12367350,1791377785,1791377787,2
12367350,12367351,1791377787,1791377789,2
12367351,12367352,1791377789,1791377791,2
12367352,12367353,1791377791,1791377793,2
12367353,12367354,1791377793,1791377795,2
12367354,12367355,1791377795,1791377797,2
12367355,12367356,1791377797,1791377799,2
12367356,12367357,1791377799,1791377801,2
12367357,12367358,1791377801,1791377803,2
12367358,12367359,1791377803,1791377805,2
12367359,12367360,1791377805,1791377807,2
12367360,12367361,1791377807,1791377809,2
12367361,12367362,1791377809,1791377811,2
12367362,12367363,1791377811,1791377813,2
12367363,12367364,1791377813,1791377815,2
12367364,12367365,1791377815,1791377817,2
12367365,12367366,1791377817,1791377819,2
12367366,12367367,1791377819,1791377821,2
12367367,12367368,1791377821,1791377823,2
12367368,12367369,1791377823,1791377825,2
12367369,12367370,1791377825,1791377827,2
12367370,12367371,1791377827,1791377829,2
12367371,12367372,1791377829,1791377831,2
12367372,12367373,1791377831,1791377833,2
12367373,12367374,1791377833,1791377835,2
12367374,12367375,1791377835,1791377837,2
12367375,12367376,1791377837,1791377839,2
12367376,12367377,1791377839,1791377841,2
12367377,12367378,1791377841,1791377843,2
12367378,12367379,1791377843,1791377845,2
12367379,12367380,1791377845,1791377847,2
12367380,12367381,1791377847,1791377849,2
12367381,12367382,1791377849,1791377851,2
12367382,12367383,1791377851,1791377853,2
12367383,12367384,1791377853,1791377855,2
12367384,12367385,1791377855,1791377857,2
12367385,12367386,1791377857,1791377859,2
12367386,12367387,1791377859,1791377861,2
12367387,12367388,1791377861,1791377863,2
12367388,12367389,1791377863,1791377865,2
12367389,12367390,1791377865,1791377867,2
12367390,12367391,1791377867,1791377869,2
12367391,12367392,1791377869,1791377871,2
12367392,12367393,1791377871,1791377873,2
12367393,12367394,1791377873,1791377875,2
12367394,12367395,1791377875,1791377877,2
12367395,12367396,1791377877,1791377879,2
12367396,12367397,1791377879,1791377881,2
12367397,12367398,1791377881,1791377883,2
12367398,12367399,1791377883,1791377885,2
12367399,12367400,1791377885,1791377887,2
12367400,12367401,1791377887,1791377889,2
12367401,12367402,1791377889,1791377891,2
12367402,12367403,1791377891,1791377893,2
12367403,12367404,1791377893,1791377895,2
12367404,12367405,1791377895,1791377897,2
12367405,12367406,1791377897,1791377899,2
12367406,12367407,1791377899,1791377901,2
12367407,12367408,1791377901,1791377903,2
12367408,12367409,1791377903,1791377905,2
12367409,12367410,1791377905,1791377907,2
12367410,12367411,1791377907,1791377909,2
12367411,12367412,1791377909,1791377911,2
12367412,12367413,1791377911,1791377913,2
12367413,12367414,1791377913,1791377915,2
12367414,12367415,1791377915,1791377917,2
12367415,12367416,1791377917,1791377919,2
12367416,12367417,1791377919,1791377921,2
12367417,12367418,1791377921,1791377923,2
12367418,12367419,1791377923,1791377925,2
12367419,12367420,1791377925,1791377927,2
12367420,12367421,1791377927,1791377929,2
12367421,12367422,1791377929,1791377931,2
12367422,12367423,1791377931,1791377933,2
12367423,12367424,1791377933,1791377935,2
12367424,12367425,1791377935,1791377937,2
12367425,12367426,1791377937,1791377939,2
12367426,12367427,1791377939,1791377941,2
12367427,12367428,1791377941,1791377943,2
12367428,12367429,1791377943,1791377945,2
12367429,12367430,1791377945,1791377947,2
12367430,12367431,1791377947,1791377949,2
12367431,12367432,1791377949,1791377951,2
12367432,12367433,1791377951,1791377953,2
12367433,12367434,1791377953,1791377955,2
12367434,12367435,1791377955,1791377957,2
12367435,12367436,1791377957,1791377959,2
12367436,12367437,1791377959,1791377961,2
12367437,12367438,1791377961,1791377963,2
12367438,12367439,1791377963,1791377965,2
12367439,12367440,1791377965,1791377967,2
12367440,12367441,1791377967,1791377969,2
12367441,12367442,1791377969,1791377971,2
12367442,12367443,1791377971,1791377973,2
12367443,12367444,1791377973,1791377975,2
12367444,12367445,1791377975,1791377977,2
12367445,12367446,1791377977,1791377979,2
12367446,12367447,1791377979,1791377981,2
12367447,12367448,1791377981,1791377983,2
12367448,12367449,1791377983,1791377985,2
12367449,12367450,1791377985,1791377987,2
12367450,12367451,1791377987,1791377989,2
12367451,12367452,1791377989,1791377991,2
12367452,12367453,1791377991,1791377993,2
12367453,12367454,1791377993,1791377995,2
12367454,12367455,1791377995,1791377997,2
12367455,12367456,1791377997,1791377999,2
12367456,12367457,1791377999,1791378001,2
12367457,12367458,1791378001,1791378003,2
12367458,12367459,1791378003,1791378005,2
12367459,12367460,1791378005,1791378007,2
12367460,12367461,1791378007,1791378009,2
12367461,12367462,1791378009,1791378011,2
12367462,12367463,1791378011,1791378013,2
12367463,12367464,1791378013,1791378015,2
12367464,12367465,1791378015,1791378017,2
12367465,12367466,1791378017,1791378019,2
12367466,12367467,1791378019,1791378021,2
12367467,12367468,1791378021,1791378023,2
12367468,12367469,1791378023,1791378025,2
12367469,12367470,1791378025,1791378027,2
12367470,12367471,1791378027,1791378029,2
12367471,12367472,1791378029,1791378031,2
12367472,12367473,1791378031,1791378033,2
12367473,12367474,1791378033,1791378035,2
12367474,12367475,1791378035,1791378037,2
12367475,12367476,1791378037,1791378039,2
12367476,12367477,1791378039,1791378041,2
12367477,12367478,1791378041,1791378043,2
12367478,12367479,1791378043,1791378045,2
12367479,12367480,1791378045,1791378047,2
12367480,12367481,1791378047,1791378049,2
12367481,12367482,1791378049,1791378051,2
12367482,12367483,1791378051,1791378053,2
12367483,12367484,1791378053,1791378055,2
12367484,12367485,1791378055,1791378057,2
12367485,12367486,1791378057,1791378059,2
12367486,12367487,1791378059,1791378061,2
12367487,12367488,1791378061,1791378063,2
12367488,12367489,1791378063,1791378065,2
12367489,12367490,1791378065,1791378067,2
12367490,12367491,1791378067,1791378069,2
12367491,12367492,1791378069,1791378071,2
12367492,12367493,1791378071,1791378073,2
12367493,12367494,1791378073,1791378075,2
12367494,12367495,1791378075,1791378077,2
12367495,12367496,1791378077,1791378079,2
12367496,12367497,1791378079,1791378081,2
12367497,12367498,1791378081,1791378083,2
12367498,12367499,1791378083,1791378085,2
12367499,12367500,1791378085,1791378087,2
12367500,12367501,1791378087,1791378089,2
12367501,12367502,1791378089,1791378091,2
12367502,12367503,1791378091,1791378093,2
12367503,12367504,1791378093,1791378095,2
12367504,12367505,1791378095,1791378097,2
12367505,12367506,1791378097,1791378099,2
12367506,12367507,1791378099,1791378101,2
12367507,12367508,1791378101,1791378103,2
12367508,12367509,1791378103,1791378105,2
12367509,12367510,1791378105,1791378107,2
12367510,12367511,1791378107,1791378109,2
12367511,12367512,1791378109,1791378111,2
12367512,12367513,1791378111,1791378113,2
12367513,12367514,1791378113,1791378115,2
12367514,12367515,1791378115,1791378117,2
12367515,12367516,1791378117,1791378119,2
12367516,12367517,1791378119,1791378121,2
12367517,12367518,1791378121,1791378123,2
12367518,12367519,1791378123,1791378125,2
12367519,12367520,1791378125,1791378127,2
12367520,12367521,1791378127,1791378129,2
12367521,12367522,1791378129,1791378131,2
12367522,12367523,1791378131,1791378133,2
12367523,12367524,1791378133,1791378135,2
12367524,12367525,1791378135,1791378137,2
12367525,12367526,1791378137,1791378139,2
12367526,12367527,1791378139,1791378141,2
12367527,12367528,1791378141,1791378143,2
12367528,12367529,1791378143,1791378145,2
12367529,12367530,1791378145,1791378147,2
12367530,12367531,1791378147,1791378149,2
12367531,12367532,1791378149,1791378151,2
12367532,12367533,1791378151,1791378153,2
12367533,12367534,1791378153,1791378155,2
12367534,12367535,1791378155,1791378157,2
12367535,12367536,1791378157,1791378159,2
12367536,12367537,1791378159,1791378161,2
12367537,12367538,1791378161,1791378163,2
12367538,12367539,1791378163,1791378165,2
12367539,12367540,1791378165,1791378167,2
12367540,12367541,1791378167,1791378169,2
12367541,12367542,1791378169,1791378171,2
12367542,12367543,1791378171,1791378173,2
12367543,12367544,1791378173,1791378175,2
12367544,12367545,1791378175,1791378177,2
12367545,12367546,1791378177,1791378179,2
12367546,12367547,1791378179,1791378181,2
12367547,12367548,1791378181,1791378183,2
12367548,12367549,1791378183,1791378185,2
12367549,12367550,1791378185,1791378187,2
12367550,12367551,1791378187,1791378189,2
12367551,12367552,1791378189,1791378191,2
12367552,12367553,1791378191,1791378193,2
12367553,12367554,1791378193,1791378195,2
12367554,12367555,1791378195,1791378197,2
12367555,12367556,1791378197,1791378199,2
12367556,12367557,1791378199,1791378201,2
12367557,12367558,1791378201,1791378203,2
12367558,12367559,1791378203,1791378205,2
12367559,12367560,1791378205,1791378207,2
12367560,12367561,1791378207,1791378209,2
12367561,12367562,1791378209,1791378211,2
12367562,12367563,1791378211,1791378213,2
12367563,12367564,1791378213,1791378215,2
12367564,12367565,1791378215,1791378217,2
12367565,12367566,1791378217,1791378219,2
12367566,12367567,1791378219,1791378221,2
12367567,12367568,1791378221,1791378223,2
12367568,12367569,1791378223,1791378225,2
12367569,12367570,1791378225,1791378227,2
12367570,12367571,1791378227,1791378229,2
12367571,12367572,1791378229,1791378231,2
12367572,12367573,1791378231,1791378233,2
12367573,12367574,1791378233,1791378235,2
12367574,12367575,1791378235,1791378237,2
12367575,12367576,1791378237,1791378239,2
12367576,12367577,1791378239,1791378241,2
12367577,12367578,1791378241,1791378243,2
12367578,12367579,1791378243,1791378245,2
12367579,12367580,1791378245,1791378247,2
12367580,12367581,1791378247,1791378249,2
12367581,12367582,1791378249,1791378251,2
12367582,12367583,1791378251,1791378253,2
12367583,12367584,1791378253,1791378255,2
12367584,12367585,1791378255,1791378257,2
12367585,12367586,1791378257,1791378259,2
12367586,12367587,1791378259,1791378261,2
12367587,12367588,1791378261,1791378263,2
12367588,12367589,1791378263,1791378265,2
12367589,12367590,1791378265,1791378267,2
12367590,12367591,1791378267,1791378269,2
12367591,12367592,1791378269,1791378271,2
12367592,12367593,1791378271,1791378273,2
12367593,12367594,1791378273,1791378275,2
12367594,12367595,1791378275,1791378277,2
12367595,12367596,1791378277,1791378279,2
12367596,12367597,1791378279,1791378281,2
12367597,12367598,1791378281,1791378283,2
12367598,12367599,1791378283,1791378285,2
12367599,12367600,1791378285,1791378287,2
12367600,12367601,1791378287,1791378289,2
12367601,12367602,1791378289,1791378291,2
12367602,12367603,1791378291,1791378293,2
12367603,12367604,1791378293,1791378295,2
12367604,12367605,1791378295,1791378297,2
12367605,12367606,1791378297,1791378299,2
12367606,12367607,1791378299,1791378301,2
12367607,12367608,1791378301,1791378303,2
12367608,12367609,1791378303,1791378305,2
12367609,12367610,1791378305,1791378307,2
12367610,12367611,1791378307,1791378309,2
12367611,12367612,1791378309,1791378311,2
12367612,12367613,1791378311,1791378313,2
12367613,12367614,1791378313,1791378315,2
12367614,12367615,1791378315,1791378317,2
12367615,12367616,1791378317,1791378319,2
12367616,12367617,1791378319,1791378321,2
12367617,12367618,1791378321,1791378323,2
12367618,12367619,1791378323,1791378325,2
12367619,12367620,1791378325,1791378327,2
12367620,12367621,1791378327,1791378329,2
12367621,12367622,1791378329,1791378331,2
12367622,12367623,1791378331,1791378333,2
12367623,12367624,1791378333,1791378335,2
12367624,12367625,1791378335,1791378337,2
12367625,12367626,1791378337,1791378339,2
12367626,12367627,1791378339,1791378341,2
12367627,12367628,1791378341,1791378343,2
12367628,12367629,1791378343,1791378345,2
12367629,12367630,1791378345,1791378347,2
12367630,12367631,1791378347,1791378349,2
12367631,12367632,1791378349,1791378351,2
12367632,12367633,1791378351,1791378353,2
12367633,12367634,1791378353,1791378355,2
12367634,12367635,1791378355,1791378357,2
12367635,12367636,1791378357,1791378359,2
12367636,12367637,1791378359,1791378361,2
12367637,12367638,1791378361,1791378363,2
12367638,12367639,1791378363,1791378365,2
12367639,12367640,1791378365,1791378367,2
12367640,12367641,1791378367,1791378369,2
12367641,12367642,1791378369,1791378371,2
12367642,12367643,1791378371,1791378373,2
12367643,12367644,1791378373,1791378375,2
12367644,12367645,1791378375,1791378377,2
12367645,12367646,1791378377,1791378379,2
12367646,12367647,1791378379,1791378381,2
12367647,12367648,1791378381,1791378383,2
12367648,12367649,1791378383,1791378385,2
12367649,12367650,1791378385,1791378387,2
12367650,12367651,1791378387,1791378389,2
12367651,12367652,1791378389,1791378391,2
12367652,12367653,1791378391,1791378393,2
12367653,12367654,1791378393,1791378395,2
12367654,12367655,1791378395,1791378397,2
12367655,12367656,1791378397,1791378399,2
12367656,12367657,1791378399,1791378401,2
12367657,12367658,1791378401,1791378403,2
12367658,12367659,1791378403,1791378405,2
12367659,12367660,1791378405,1791378407,2
12367660,12367661,1791378407,1791378409,2
12367661,12367662,1791378409,1791378411,2
12367662,12367663,1791378411,1791378413,2
12367663,12367664,1791378413,1791378415,2
12367664,12367665,1791378415,1791378417,2
12367665,12367666,1791378417,1791378419,2
12367666,12367667,1791378419,1791378421,2
12367667,12367668,1791378421,1791378423,2
12367668,12367669,1791378423,1791378425,2
12367669,12367670,1791378425,1791378427,2
12367670,12367671,1791378427,1791378429,2
12367671,12367672,1791378429,1791378431,2
12367672,12367673,1791378431,1791378433,2
12367673,12367674,1791378433,1791378435,2
12367674,12367675,1791378435,1791378437,2
12367675,12367676,1791378437,1791378439,2
12367676,12367677,1791378439,1791378441,2
12367677,12367678,1791378441,1791378443,2
12367678,12367679,1791378443,1791378445,2
12367679,12367680,1791378445,1791378447,2
12367680,12367681,1791378447,1791378449,2
12367681,12367682,1791378449,1791378451,2
12367682,12367683,1791378451,1791378453,2
12367683,12367684,1791378453,1791378455,2
12367684,12367685,1791378455,1791378457,2
12367685,12367686,1791378457,1791378459,2
12367686,12367687,1791378459,1791378461,2
12367687,12367688,1791378461,1791378463,2
12367688,12367689,1791378463,1791378465,2
12367689,12367690,1791378465,1791378467,2
12367690,12367691,1791378467,1791378469,2
12367691,12367692,1791378469,1791378471,2
12367692,12367693,1791378471,1791378473,2
12367693,12367694,1791378473,1791378475,2
12367694,12367695,1791378475,1791378477,2
12367695,12367696,1791378477,1791378479,2
12367696,12367697,1791378479,1791378481,2
12367697,12367698,1791378481,1791378483,2
12367698,12367699,1791378483,1791378485,2
12367699,12367700,1791378485,1791378487,2
12367700,12367701,1791378487,1791378489,2
12367701,12367702,1791378489,1791378491,2
12367702,12367703,1791378491,1791378493,2
12367703,12367704,1791378493,1791378495,2
12367704,12367705,1791378495,1791378497,2
12367705,12367706,1791378497,1791378499,2
12367706,12367707,1791378499,1791378501,2
12367707,12367708,1791378501,1791378503,2
12367708,12367709,1791378503,1791378505,2
12367709,12367710,1791378505,1791378507,2
12367710,12367711,1791378507,1791378509,2
12367711,12367712,1791378509,1791378511,2
12367712,12367713,1791378511,1791378513,2
12367713,12367714,1791378513,1791378515,2
12367714,12367715,1791378515,1791378517,2
12367715,12367716,1791378517,1791378519,2
12367716,12367717,1791378519,1791378521,2
12367717,12367718,1791378521,1791378523,2
12367718,12367719,1791378523,1791378525,2
12367719,12367720,1791378525,1791378527,2
12367720,12367721,1791378527,1791378529,2
12367721,12367722,1791378529,1791378531,2
12367722,12367723,1791378531,1791378533,2
12367723,12367724,1791378533,1791378535,2
12367724,12367725,1791378535,1791378537,2
12367725,12367726,1791378537,1791378539,2
12367726,12367727,1791378539,1791378541,2
12367727,12367728,1791378541,1791378543,2
12367728,12367729,1791378543,1791378545,2
12367729,12367730,1791378545,1791378547,2
12367730,12367731,1791378547,1791378549,2
12367731,12367732,1791378549,1791378551,2
12367732,12367733,1791378551,1791378553,2
12367733,12367734,1791378553,1791378555,2
12367734,12367735,1791378555,1791378557,2
12367735,12367736,1791378557,1791378559,2
12367736,12367737,1791378559,1791378561,2
12367737,12367738,1791378561,1791378563,2
12367738,12367739,1791378563,1791378565,2
12367739,12367740,1791378565,1791378567,2
12367740,12367741,1791378567,1791378569,2
12367741,12367742,1791378569,1791378571,2
12367742,12367743,1791378571,1791378573,2
12367743,12367744,1791378573,1791378575,2
12367744,12367745,1791378575,1791378577,2
12367745,12367746,1791378577,1791378579,2
12367746,12367747,1791378579,1791378581,2
12367747,12367748,1791378581,1791378583,2
12367748,12367749,1791378583,1791378585,2
12367749,12367750,1791378585,1791378587,2
12367750,12367751,1791378587,1791378589,2
12367751,12367752,1791378589,1791378591,2
12367752,12367753,1791378591,1791378593,2
12367753,12367754,1791378593,1791378595,2
12367754,12367755,1791378595,1791378597,2
12367755,12367756,1791378597,1791378599,2
12367756,12367757,1791378599,1791378601,2
12367757,12367758,1791378601,1791378603,2
12367758,12367759,1791378603,1791378605,2
12367759,12367760,1791378605,1791378607,2
12367760,12367761,1791378607,1791378609,2
12367761,12367762,1791378609,1791378611,2
12367762,12367763,1791378611,1791378613,2
12367763,12367764,1791378613,1791378615,2
12367764,12367765,1791378615,1791378617,2
12367765,12367766,1791378617,1791378619,2
12367766,12367767,1791378619,1791378621,2
12367767,12367768,1791378621,1791378623,2
12367768,12367769,1791378623,1791378625,2
12367769,12367770,1791378625,1791378627,2
