24792175
24792228
24792261
24792292
24792325
24792356
24792388
24792421
24792453
24792485
24792518
24792550
24792594
24792614
24792646
24792678
24792711
24792736
24792768
24792801
24792832
24792864
24792896
24792928
24792960
24792992
24793024
24793056
24793088
24793119
24793151
24793183
24793214
24793246
24793278
24793309
24793340
24793372
24793404
24793436
24793472
24793506
24793529
24793561
24793593
24793625
24793628
24793660
24793690
24793722
24793754
24793785
24793818
24793850
24793881
24793921
24793957
24793994
24794026
24794041
24794072
24794104
24794137
24794168
24794201
24794233
24794265
24794298
24794329
24794361
24794392
24794425
24794456
24794489
24794521
24794553
24794585
24794617
24794650
24794681
24794713
24794745
24794777
24794809
24794841
24794858
24794890
24794922
24794954
24794986
24795017
24795032
24795064
24795095
24795128
24795159
24795191
24795221
24795254
24795285
24795316
24795349
24795381
24795413
24795445
24795475
24795509
24795540
24795571
24795604
24795635
24795668
24795699
24795732
24795764
24795796
24795828
24795859
24795891
24795923
24795955
24795987
24796019
24796051
24796083
24796115
24796147
24796179
24796211
24796243
24796275
24796307
24796339
24796371
24796403
24796435
24796466
24796499
24796531
24796562
24796595
24796627
24796659
24796691
24796723
24796755
24796787
24796819
24796850
24796882
24796913
24796945
24796978
24797009
24797041
24797073
24797105
24797136
24797169
24797201
24797232
24797265
24797297
24797328
24797360
24797392
24797424
24797456
24797487
24797519
24797552
24797585
24797615
24797648
24797680
24797712
24797744
24797776
24797808
24797840
24797872
24797904
24797936
24797968
24798000
24798032
24798064
24798096
24798128
24798160
24798192
24798223
24798254
24798287
24798319
24798350
24798382
24798414
24798446
24798477
24798510
24798541
24798573
24798605
24798637
24798669
24798700
24798734
24798765
24798797
24798829
24798861
24798893
24798923
24798924
24798936
24798942
24798950
24798954
24798956
24798957
24798963
24798966
24798975
24798987
24798988
24799008
24799018
24799020
24799033
24799048
24799052
24799061
24799072
24799084
24799087
24799105
24799116
24799138
24799145
24799147
24799158
24799177
24799180
24799190
24799207
24799211
24799222
24799235
24799244
24799275
24799288
24799307
24799339
24799372
24799404
24799435
24799467
24799499
24799532
24799548
24799564
24799596
24799603
24799628
24799661
24799692
24799724
24799755
24799788
24799820
24799833
24799851
24799884
24799915
24799948
24799979
24800012
24800044
24800076
24800089
24800108
24800139
24800172
24800204
24800235
24800268
24800298
24800329
24800342
24800361
24800393
24800425
24800457
24800488
24800521
24800553
24800585
24800600
24800615
24800646
24800678
24800710
24800741
24800773
24800805
24800837
24800851
24800868
24800901
24800932
24800964
24800995
24801027
24801059
24801092
24801106
24801123
24801155
24801188
24801219
24801251
24801284
24801316
24801347
24801360
24801379
24801412
24801444
24801475
24801508
24801539
24801572
24801604
24801618
24801636
24801666
24801699
24801730
24801763
24801795
24801827
24801859
24801874
24801891
24801923
24801954
24801987
24802018
24802051
24802082
24802114
24802128
24802146
24802178
24802210
24802243
24802274
24802305
24802338
24802369
24802383
24802401
24802434
24802464
24802497
24802528
24802560
24802591
24802623
24802636
24802656
24802687
24802719
24802752
24802784
24802816
24802847
24802878
24802892
24802910
24802943
24802974
24803006
24803039
24803073
24803102
24803123
24803127
24803135
24803146
24803149
24803167
24803171
24803196
24803198
24803212
24803221
24803231
24803253
24803262
24803271
24803276
24803295
24803296
24803308
24803326
24803340
24803359
24803372
24803390
24803403
24803423
24803436
24803455
24803469
24803487
24803501
24803518
24803533
24803551
24803565
24803583
24803596
24803614
24803628
24803646
24803661
24803677
24803690
24803710
24803725
24803742
24803755
24803774
24803787
24803806
24803820
24803837
24803851
24803870
24803884
24803902
24803915
24803934
24803948
24803965
24803979
24803998
24804012
24804029
24804044
24804061
24804094
24804103
24804125
24804134
24804158
24804162
24804189
24804191
24804222
24804225
24804253
24804270
24804286
24804289
24804317
24804320
24804349
24804355
24804382
24804414
24804430
24804446
24804448
24804478
24804480
24804508
24804511
24804539
24804545
24804570
24804571
24804603
24804604
24804634
24804635
24804667
24804670
24804699
24804702
24804730
24804731
24804763
24804794
24804802
24804827
24804828
24804859
24804878
24804891
24804894
24804923
24804936
24804954
24804962
24804986
24805001
24805018
24805019
24805051
24805052
24805082
24805084
24805115
24805125
24805146
24805149
24805179
24805190
24805210
24805211
24805242
24805244
24805274
24805278
24805306
24805332
24805338
24805341
24805369
24805377
24805402
24805408
24805434
24805435
24805466
24805472
24805498
24805499
24805530
24805533
24805561
24805562
24805592
24805595
24805625
24805641
24805657
24805688
24805697
24805721
24805753
24805756
24805785
24805790
24805817
24805819
24805848
24805852
24805880
24805890
24805911
24805919
24805944
24805959
24805976
24805980
24806007
24806015
24806039
24806059
24806072
24806074
24806104
24806107
24806136
24806167
24806200
24806232
24806263
24806270
24806296
24806327
24806359
24806392
24806425
24806456
24806488
24806520
24806551
24806582
24806584
24806613
24806646
24806678
24806710
24806741
24806744
24806774
24806806
24806838
24806869
24806901
24806913
24806934
24806965
24806996
24807029
24807060
24807065
24807092
24807125
24807157
24807189
24807221
24807240
24807254
24807285
24807317
24807347
24807380
24807400
24807412
24807444
24807476
24807508
24807540
24807545
24807572
24807603
24807635
24807667
24807700
24807706
24807732
24807764
24807795
24807827
24807858
24807864
24807890
24807923
24807954
24807986
24808016
24808024
24808049
24808081
24808113
24808143
24808176
24808181
24808207
24808239
24808272
24808308
24808336
24808348
24808368
24808399
24808431
24808463
24808496
24808499
24808528
24808559
24808591
24808623
24808655
24808660
24808687
24808719
24808751
24808783
24808816
24808819
24808848
24808880
24808911
24808944
24808976
24808991
24809007
24809040
24809070
24809101
24809133
24809136
24809166
24809198
24809229
24809261
24809293
24809316
24809326
24809358
24809389
24809422
24809454
24809456
24809486
24809517
24809549
24809582
24809614
24809621
24809645
24809677
24809710
24809741
24809773
24809775
24809805
24809837
24809869
24809900
24809932
24809937
24809965
24809997
24810029
24810061
24810092
24810101
24810124
24810157
24810189
24810220
24810252
24810254
24810284
24810317
24810349
24810381
24810412
24810414
24810445
24810477
24810509
24810540
24810572
24810578
24810603
24810635
24810667
24810698
24810730
24810735
24810762
24810794
24810826
24810858
24810888
24810897
24810920
24810952
24810985
24811017
24811048
24811049
24811081
24811112
24811144
24811177
24811208
24811209
24811240
24811272
24811304
24811335
24811368
24811400
24811432
24811463
24811496
24811528
24811531
24811559
24811591
24811623
24811654
24811686
24811691
24811718
24811750
24811782
24811815
24811845
24811850
24811877
24811909
24811941
24811973
24812004
24812033
24812036
24812069
24812101
24812132
24812165
24812178
24812196
24812228
24812261
24812293
24812325
24812329
24812355
24812387
24812419
24812450
24812483
24812486
24812514
24812547
24812579
24812611
24812643
24812675
24812706
24812738
24812769
24812802
24812834
24812836
24812856
24812866
24812870
24812897
24812912
24812929
24812961
24812993
24813025
24813057
24813061
24813089
24813120
24813152
24813184
24813217
24813232
24813248
24813281
24813313
24813344
24813376
24813379
24813407
24813439
24813472
24813504
24813535
24813558
24813567
24813599
24813631
24813664
24813694
24813710
24813726
24813760
24813791
24813823
24813855
24813859
24813887
24813919
24813949
24813981
24814013
24814015
24814047
24814077
24814110
24814142
24814173
24814175
24814205
24814237
24814268
24814300
24814332
24814333
24814364
24814397
24814428
24814461
24814492
24814495
24814524
24814556
24814588
24814620
24814652
24814653
24814683
24814716
24814748
24814779
24814811
24814814
24814843
24814875
24814906
24814937
24814969
24814983
24815002
24815033
24815065
24815098
24815130
24815132
24815161
24815192
24815224
24815257
24815289
24815307
24815320
24815352
24815384
24815416
24815448
24815455
24815479
24815512
24815544
24815576
24815607
24815611
24815640
24815671
24815704
24815736
24815768
24815792
24815799
24815832
24815864
24815896
24815927
24815934
24815959
24815990
24816023
24816055
24816086
24816089
24816118
24816150
24816181
24816213
24816246
24816278
24816310
24816341
24816374
24816406
24816408
24816438
24816469
24816501
24816533
24816566
24816567
24816598
24816630
24816661
24816694
24816726
24816735
24816758
24816790
24816822
24816853
24816886
24816918
24816950
24816982
24817013
24817045
24817050
24817078
24817109
24817141
24817173
24817204
24817207
24817237
24817269
24817298
24817330
24817362
24817364
24817395
24817427
24817458
24817490
24817522
24817528
24817554
24817585
24817618
24817650
24817681
24817690
24817713
24817745
24817775
24817806
24817839
24817870
24817902
24817934
24817967
24817999
24818001
24818031
24818062
24818094
24818125
24818159
24818162
24818188
24818220
24818253
24818284
24818318
24818320
24818348
24818380
24818413
24818444
24818477
24818486
24818509
24818540
24818573
24818605
24818636
24818638
24818668
24818699
24818732
24818764
24818796
24818806
24818827
24818859
24818891
24818923
24818955
24818958
24818987
24819019
24819051
24819082
24819113
24819116
24819146
24819177
24819209
24819240
24819272
24819274
24819305
24819336
24819368
24819402
24819433
24819437
24819465
24819496
24819528
24819560
24819593
24819596
24819624
24819657
24819689
24819720
24819752
24819763
24819784
24819816
24819846
24819879
24819911
24819914
24819943
24819974
24820007
24820038
24820071
24820075
24820103
24820134
24820166
24820199
24820231
24820236
24820263
24820294
24820327
24820357
24820390
24820395
24820421
24820454
24820486
24820518
24820549
24820550
24820582
24820614
24820646
24820678
24820710
24820723
24820741
24820773
24820806
24820838
24820870
24820878
24820902
24820934
24820966
24820998
24821030
24821033
24821061
24821097
24821126
24821158
24821191
24821199
24821221
24821254
24821286
24821316
24821346
24821350
24821378
24821410
24821442
24821474
24821507
24821508
24821540
24821570
24821602
24821634
24821667
24821699
24821729
24821761
24821793
24821824
24821833
24821856
24821888
24821920
24821952
24821984
24821986
24822015
24822047
24822080
24822110
24822143
24822146
24822174
24822207
24822238
24822270
24822302
24822303
24822335
24822367
24822399
24822431
24822462
24822475
24822496
24822525
24822557
24822589
24822622
24822624
24822653
24822686
24822718
24822750
24822781
24822786
24822814
24822846
24822879
24822909
24822941
24822943
24822973
24823006
24823038
24823070
24823102
24823117
24823134
24823166
24823198
24823228
24823259
24823266
24823292
24823324
24823355
24823386
24823418
24823419
24823450
24823482
24823513
24823544
24823576
24823578
24823610
24823640
24823673
24823705
24823736
24823738
24823769
24823800
24823832
24823863
24823895
24823927
24823959
24823991
24824023
24824056
24824062
24824087
24824120
24824151
24824184
24824216
24824228
24824248
24824279
24824312
24824344
24824376
24824380
24824408
24824440
24824472
24824504
24824536
24824539
24824568
24824600
24824631
24824663
24824696
24824717
24824728
24824759
24824791
24824824
24824856
24824861
24824888
24824920
24824952
24824984
24825016
24825018
24825048
24825079
24825109
24825142
24825173
24825196
24825205
24825236
24825269
24825301
24825333
24825347
24825365
24825396
24825428
24825461
24825493
24825502
24825525
24825557
24825589
24825620
24825653
24825676
24825685
24825716
24825748
24825780
24825813
24825815
24825845
24825877
24825909
24825941
24825972
24825976
24826005
24826036
24826068
24826101
24826133
24826134
24826165
24826196
24826228
24826260
24826291
24826293
24826324
24826355
24826387
24826419
24826450
24826453
24826486
24826515
24826547
24826579
24826611
24826615
24826643
24826674
24826707
24826739
24826770
24826775
24826801
24826834
24826865
24826897
24826929
24826933
24826960
24826992
24827024
24827057
24827085
24827090
24827113
24827146
24827178
24827210
24827242
24827249
24827251
24827281
24827313
24827345
24827378
24827387
24827409
24827441
24827473
24827505
24827536
24827559
24827568
24827599
24827632
24827664
24827696
24827697
24827727
24827762
24827791
24827824
24827855
24827860
24827888
24827919
24827952
24827983
24828015
24828018
24828046
24828078
24828110
24828142
24828174
24828178
24828206
24828238
24828270
24828303
24828334
24828357
24828367
24828397
24828430
24828461
24828493
24828496
24828526
24828556
24828590
24828621
24828653
24828659
24828684
24828716
24828748
24828780
24828812
24828844
24828855
24828875
24828907
24828939
24828971
24828978
24829002
24829034
24829065
24829097
24829129
24829132
24829161
24829193
24829225
24829256
24829288
24829291
24829320
24829353
24829384
24829416
24829448
24829452
24829480
24829511
24829543
24829575
24829607
24829610
24829638
24829670
24829703
24829735
24829767
24829778
24829798
24829830
24829862
24829894
24829926
24829943
24829957
24829992
24830021
24830054
24830086
24830090
24830118
24830150
24830182
24830214
24830246
24830248
24830278
24830310
24830341
24830373
24830405
24830407
24830437
24830469
24830501
24830532
24830564
24830569
24830596
24830627
24830660
24830692
24830723
24830743
24830756
24830788
24830826
24830853
24830884
24830898
24830916
24830947
24830980
24831012
24831043
24831049
24831076
24831111
24831140
24831170
24831202
24831206
24831233
24831266
24831298
24831329
24831361
24831367
24831393
24831425
24831457
24831489
24831520
24831525
24831553
24831584
24831616
24831648
24831679
24831693
24831712
24831744
24831776
24831808
24831840
24831843
24831872
24831904
24831935
24831967
24832000
24832007
24832032
24832063
24832094
24832127
24832159
24832161
24832192
24832223
24832254
24832286
24832319
24832323
24832350
24832383
24832415
24832446
24832478
24832480
24832509
24832542
24832574
24832606
24832638
24832651
24832670
24832702
24832733
24832765
24832798
24832804
24832830
24832862
24832894
24832926
24832958
24832960
24832989
24833021
24833053
24833085
24833117
24833124
24833149
24833181
24833213
24833244
24833277
24833289
24833308
24833341
24833373
24833404
24833437
24833449
24833469
24833502
24833532
24833563
24833595
24833599
24833627
24833659
24833690
24833723
24833755
24833763
24833787
24833818
24833851
24833883
24833914
24833923
24833947
24833979
24834011
24834043
24834075
24834100
24834107
24834138
24834171
24834202
24834235
24834237
24834267
24834298
24834330
24834363
24834395
24834397
24834427
24834459
24834491
24834523
24834555
24834558
24834586
24834619
24834651
24834683
24834714
24834718
24834747
24834779
24834811
24834843
24834875
24834881
24834907
24834939
24834971
24835002
24835035
24835038
24835066
24835098
24835130
24835162
24835193
24835201
24835226
24835257
24835289
24835321
24835353
24835357
24835385
24835417
24835447
24835479
24835511
24835520
24835543
24835574
24835609
24835639
24835671
24835681
24835703
24835736
24835767
24835798
24835831
24835843
24835862
24835894
24835927
24835959
24835991
24835996
24836024
24836055
24836087
24836118
24836150
24836154
24836182
24836214
24836246
24836278
24836309
24836313
24836341
24836373
24836405
24836436
24836469
24836477
24836500
24836532
24836564
24836595
24836628
24836632
24836660
24836692
24836723
24836756
24836787
24836799
24836820
24836851
24836883
24836916
24836948
24836967
24836980
24837012
24837044
24837075
24837107
24837111
24837139
24837171
24837203
24837235
24837266
24837269
24837299
24837331
24837362
24837394
24837427
24837436
24837458
24837491
24837523
24837554
24837587
24837589
24837619
24837651
24837683
24837714
24837747
24837754
24837777
24837810
24837842
24837874
24837906
24837912
24837938
24837969
24838002
24838034
24838066
24838070
24838097
24838127
24838157
24838190
24838222
24838228
24838254
24838286
24838318
24838348
24838380
24838383
24838413
24838445
24838476
24838509
24838541
24838554
24838573
24838605
24838636
24838668
24838700
24838708
24838732
24838764
24838795
24838827
24838859
24838861
24838892
24838924
24838955
24838987
24839021
24839051
24839083
24839115
24839147
24839178
24839185
24839211
24839241
24839274
24839306
24839337
24839345
24839370
24839402
24839434
24839466
24839497
24839513
24839529
24839560
24839591
24839624
24839656
24839659
24839687
24839719
24839751
24839783
24839815
24839823
24839845
24839878
24839910
24839941
24839973
24839978
24840005
24840036
24840067
24840100
24840132
24840139
24840164
24840196
24840229
24840260
24840292
24840300
24840324
24840355
24840388
24840420
24840452
24840460
24840482
24840515
24840545
24840578
24840610
24840621
24840642
24840674
24840706
24840737
24840769
24840781
24840800
24840832
24840865
24840894
24840927
24840941
24840957
24840990
24841022
24841054
24841086
24841091
24841119
24841150
24841181
24841213
24841246
24841254
24841277
24841310
24841339
24841372
24841404
24841406
24841436
24841468
24841500
24841532
24841564
24841570
24841595
24841627
24841659
24841692
24841721
24841727
24841753
24841785
24841818
24841849
24841882
24841890
24841914
24841946
24841978
24842010
24842041
24842047
24842073
24842105
24842138
24842170
24842203
24842204
24842233
24842266
24842298
24842329
24842362
24842392
24842394
24842426
24842458
24842490
24842521
24842530
24842553
24842586
24842618
24842650
24842682
24842703
24842714
24842746
24842777
24842810
24842841
24842851
24842874
24842906
24842938
24842970
24843002
24843010
24843034
24843066
24843097
24843129
24843161
24843173
24843193
24843224
24843256
24843289
24843321
24843342
24843353
24843385
24843417
24843449
24843481
24843491
24843513
24843545
24843577
24843608
24843639
24843656
24843673
24843704
24843735
24843766
24843799
24843803
24843829
24843861
24843893
24843925
24843957
24843974
24843989
24844021
24844053
24844084
24844116
24844117
24844148
24844180
24844212
24844244
24844276
24844278
24844308
24844340
24844370
24844403
24844435
24844439
24844467
24844498
24844531
24844563
24844595
24844600
24844627
24844659
24844691
24844722
24844754
24844756
24844786
24844817
24844850
24844882
24844914
24844923
24844945
24844978
24845009
24845042
24845074
24845080
24845106
24845139
24845170
24845202
24845233
24845245
24845266
24845298
24845330
24845362
24845394
24845400
24845425
24845456
24845488
24845520
24845552
24845560
24845584
24845616
24845648
24845680
24845711
24845719
24845742
24845775
24845806
24845838
24845870
24845877
24845901
24845931
24845964
24845995
24846028
24846032
24846060
24846092
24846123
24846155
24846187
24846190
24846219
24846251
24846282
24846314
24846347
24846351
24846379
24846410
24846443
24846475
24846507
24846515
24846539
24846571
24846603
24846635
24846666
24846668
24846696
24846729
24846761
24846793
24846824
24846831
24846857
24846889
24846920
24846951
24846982
24846989
24847012
24847045
24847078
24847109
24847140
24847147
24847172
24847204
24847235
24847267
24847300
24847303
24847330
24847363
24847394
24847427
24847458
24847465
24847491
24847523
24847554
24847587
24847618
24847626
24847649
24847681
24847713
24847743
24847776
24847798
24847807
24847840
24847872
24847904
24847936
24847939
24847968
24848000
24848032
24848064
24848096
24848116
24848128
24848160
24848192
24848223
24848255
24848257
24848287
24848319
24848351
24848382
24848413
24848417
24848445
24848476
24848509
24848540
24848572
24848574
24848605
24848637
24848669
24848701
24848732
24848759
24848765
24848796
24848827
24848859
24848891
24848894
24848922
24848955
24848986
24849018
24849049
24849054
24849082
24849114
24849146
24849178
24849209
24849216
24849243
24849274
24849306
24849339
24849369
24849378
24849401
24849431
24849464
24849495
24849528
24849546
24849560
24849592
24849624
24849656
24849688
24849692
24849720
24849752
24849783
24849816
24849848
24849854
24849880
24849912
24849943
24849976
24850008
24850011
24850040
24850072
24850104
24850136
24850168
24850172
24850199
24850231
24850264
24850295
24850327
24850337
24850359
24850390
24850422
24850453
24850486
24850492
24850517
24850550
24850582
24850614
24850645
24850652
24850678
24850710
24850742
24850774
24850805
24850810
24850837
24850869
24850901
24850933
24850965
24850969
24850996
24851029
24851061
24851093
24851123
24851126
24851155
24851186
24851218
24851251
24851282
24851285
24851315
24851346
24851379
24851411
24851443
24851453
24851475
24851506
24851539
24851571
24851603
24851609
24851635
24851667
24851698
24851730
24851763
24851766
24851795
24851827
24851857
24851890
24851921
24851941
24851953
24851984
24852017
24852049
24852081
24852097
24852112
24852141
24852174
24852205
24852236
24852254
24852268
24852300
24852333
24852365
24852397
24852402
24852428
24852460
24852491
24852524
24852555
24852570
24852588
24852620
24852651
24852684
24852716
24852722
24852748
24852779
24852812
24852843
24852875
24852886
24852907
24852938
24852970
24853002
24853034
24853036
24853067
24853098
24853130
24853162
24853194
24853202
24853226
24853258
24853290
24853321
24853353
24853358
24853386
24853417
24853449
24853481
24853512
24853518
24853544
24853577
24853607
24853639
24853671
24853676
24853703
24853735
24853766
24853798
24853829
24853842
24853862
24853894
24853926
24853958
24853990
24853994
24854021
24854053
24854085
24854118
24854150
24854155
24854181
24854214
24854245
24854278
24854310
24854325
24854342
24854374
24854406
24854438
24854469
24854477
24854501
24854533
24854566
24854596
24854629
24854635
24854661
24854692
24854723
24854755
24854787
24854790
24854820
24854851
24854883
24854915
24854947
24854955
24854979
24855011
24855043
24855074
24855106
24855120
24855137
24855169
24855202
24855233
24855265
24855268
24855297
24855328
24855360
24855393
24855424
24855427
24855456
24855489
24855521
24855553
24855585
24855587
24855616
24855648
24855681
24855713
24855745
24855758
24855777
24855809
24855841
24855873
24855905
24855907
24855937
24855968
24856001
24856033
24856065
24856072
24856097
24856128
24856160
24856192
24856224
24856234
24856256
24856286
24856319
24856351
24856383
24856397
24856414
24856446
24856478
24856509
24856540
24856551
24856573
24856605
24856637
24856669
24856701
24856726
24856733
24856764
24856795
24856827
24856859
24856873
24856891
24856923
24856954
24856987
24857018
24857025
24857051
24857083
24857114
24857147
24857179
24857191
24857211
24857243
24857275
24857307
24857339
24857365
24857372
24857402
24857435
24857466
24857498
24857509
24857531
24857563
24857595
24857627
24857658
24857674
24857690
24857723
24857754
24857786
24857818
24857825
24857849
24857882
24857914
24857946
24857977
24857987
24858009
24858041
24858073
24858105
24858136
24858143
24858168
24858199
24858232
24858264
24858296
24858305
24858331
24858358
24858392
24858421
24858454
24858463
24858485
24858519
24858549
24858581
24858612
24858633
24858645
24858677
24858709
24858741
24858773
24858776
24858804
24858837
24858869
24858901
24858932
24858937
24858965
24858997
24859029
24859060
24859092
24859104
24859124
24859155
24859188
24859220
24859251
24859254
24859284
24859316
24859347
24859379
24859410
24859414
24859442
24859474
24859505
24859537
24859569
24859577
24859601
24859633
24859665
24859698
24859729
24859739
24859760
24859793
24859824
24859855
24859888
24859903
24859920
24859951
24859983
24860016
24860048
24860052
24860080
24860112
24860143
24860174
24860207
24860208
24860239
24860271
24860302
24860335
24860367
24860384
24860398
24860432
24860462
24860494
24860526
24860540
24860558
24860589
24860621
24860654
24860684
24860709
24860717
24860749
24860781
24860812
24860845
24860847
24860877
24860909
24860940
24860973
24861004
24861015
24861036
24861068
24861100
24861131
24861163
24861167
24861195
24861227
24861260
24861291
24861324
24861327
24861356
24861388
24861419
24861452
24861483
24861492
24861514
24861547
24861579
24861610
24861642
24861649
24861675
24861707
24861739
24861771
24861803
24861818
24861834
24861867
24861898
24861931
24861963
24861965
24861995
24862026
24862059
24862091
24862123
24862140
24862154
24862187
24862219
24862251
24862282
24862301
24862314
24862346
24862378
24862411
24862442
24862445
24862473
24862506
24862538
24862570
24862601
24862611
24862634
24862665
24862698
24862729
24862761
24862764
24862794
24862826
24862858
24862890
24862921
24862927
24862953
24862984
24863016
24863047
24863079
24863085
24863112
24863144
24863176
24863208
24863239
24863249
24863272
24863304
24863335
24863366
24863398
24863400
24863430
24863461
24863492
24863525
24863557
24863562
24863589
24863621
24863653
24863685
24863717
24863736
24863748
24863781
24863812
24863845
24863877
24863882
24863909
24863940
24863972
24864004
24864036
24864054
24864068
24864100
24864132
24864163
24864196
24864197
24864228
24864260
24864292
24864323
24864354
24864367
24864387
24864418
24864451
24864482
24864515
24864517
24864547
24864579
24864610
24864642
24864674
24864682
24864706
24864737
24864770
24864801
24864833
24864844
24864865
24864897
24864928
24864961
24864992
24864997
24865024
24865056
24865087
24865119
24865152
24865161
24865184
24865215
24865248
24865279
24865312
24865314
24865344
24865376
24865408
24865440
24865472
24865476
24865503
24865536
24865567
24865599
24865630
24865635
24865663
24865695
24865727
24865759
24865791
24865795
24865821
24865854
24865886
24865918
24865950
24865952
24865981
24866014
24866045
24866078
24866110
24866130
24866144
24866174
24866205
24866238
24866269
24866272
24866301
24866332
24866365
24866397
24866428
24866431
24866461
24866491
24866528
24866555
24866587
24866599
24866619
24866651
24866682
24866714
24866747
24866749
24866778
24866811
24866843
24866874
24866907
24866909
24866938
24866970
24867002
24867034
24867066
24867067
24867098
24867130
24867162
24867193
24867226
24867243
24867258
24867290
24867322
24867354
24867386
24867393
24867418
24867450
24867482
24867514
24867546
24867572
24867578
24867610
24867641
24867673
24867705
24867711
24867738
24867769
24867801
24867833
24867865
24867882
24867897
24867929
24867961
24867993
24868025
24868033
24868057
24868089
24868121
24868153
24868185
24868197
24868216
24868249
24868280
24868313
24868344
24868360
24868377
24868408
24868440
24868473
24868504
24868506
24868537
24868570
24868601
24868633
24868665
24868671
24868697
24868729
24868761
24868792
24868825
24868827
24868855
24868888
24868920
24868952
24868983
24869002
24869016
24869048
24869080
24869111
24869144
24869151
24869176
24869208
24869239
24869271
24869303
24869330
24869334
24869367
24869399
24869431
24869463
24869467
24869495
24869527
24869559
24869591
24869621
24869635
24869653
24869683
24869717
24869748
24869779
24869784
24869812
24869845
24869876
24869907
24869939
24869942
24869971
24870003
24870035
24870067
24870099
24870106
24870131
24870163
24870195
24870227
24870259
24870262
24870291
24870323
24870355
24870387
24870419
24870428
24870451
24870482
24870514
24870545
24870577
24870580
24870609
24870641
24870673
24870705
24870736
24870750
24870769
24870801
24870832
24870865
24870897
24870901
24870928
24870961
24870993
24871025
24871057
24871061
24871089
24871121
24871152
24871186
24871217
24871226
24871248
24871280
24871311
24871344
24871376
24871404
24871408
24871439
24871471
24871503
24871535
24871542
24871567
24871599
24871631
24871663
24871694
24871699
24871726
24871757
24871789
24871821
24871853
24871862
24871885
24871916
24871949
24871980
24872012
24872045
24872077
24872110
24872141
24872166
24872173
24872177
24872204
24872236
24872268
24872299
24872331
24872342
24872363
24872395
24872427
24872459
24872491
24872494
24872523
24872555
24872587
24872619
24872650
24872662
24872683
24872715
24872747
24872780
24872811
24872813
24872842
24872874
24872906
24872938
24872969
24873001
24873003
24873034
24873065
24873098
24873129
24873138
24873161
24873193
24873224
24873257
24873289
24873298
24873321
24873353
24873385
24873417
24873449
24873462
24873481
24873513
24873544
24873576
24873608
24873613
24873640
24873672
24873704
24873737
24873768
24873784
24873800
24873831
24873864
24873896
24873928
24873932
24873960
24873991
24874023
24874055
24874088
24874111
24874119
24874151
24874183
24874215
24874248
24874251
24874279
24874311
24874343
24874375
24874408
24874415
24874438
24874471
24874504
24874535
24874566
24874576
24874599
24874631
24874664
24874695
24874727
24874734
24874759
24874790
24874823
24874855
24874887
24874893
24874919
24874950
24874982
24875014
24875046
24875072
24875078
24875110
24875142
24875174
24875206
24875212
24875238
24875270
24875302
24875334
24875366
24875374
24875398
24875430
24875462
24875494
24875526
24875558
24875590
24875621
24875652
24875684
24875687
24875715
24875748
24875780
24875811
24875844
24875847
24875876
24875907
24875940
24875972
24876003
24876010
24876036
24876068
24876100
24876132
24876164
24876171
24876196
24876228
24876260
24876291
24876323
24876332
24876355
24876386
24876419
24876451
24876483
24876489
24876515
24876547
24876579
24876611
24876643
24876651
24876674
24876707
24876738
24876770
24876802
24876809
24876838
24876865
24876897
24876929
24876960
24876963
24876993
24877024
24877057
24877088
24877121
24877126
24877153
24877185
24877217
24877249
24877281
24877304
24877313
24877345
24877377
24877408
24877440
24877450
24877472
24877505
24877537
24877568
24877599
24877605
24877631
24877663
24877695
24877727
24877759
24877778
24877791
24877823
24877855
24877887
24877919
24877922
24877950
24877982
24878013
24878046
24878077
24878086
24878109
24878141
24878173
24878205
24878237
24878243
24878269
24878301
24878332
24878363
24878397
24878399
24878427
24878458
24878492
24878523
24878555
24878562
24878587
24878618
24878654
24878684
24878715
24878746
24878747
24878778
24878812
24878842
24878874
24878889
24878906
24878938
24878970
24879002
24879034
24879065
24879066
24879098
24879130
24879162
24879194
24879207
24879226
24879258
24879291
24879322
24879354
24879358
24879386
24879418
24879450
24879482
24879514
24879536
24879546
24879578
24879609
24879641
24879673
24879691
24879705
24879737
24879769
24879801
24879833
24879845
24879865
24879897
24879928
24879960
24879992
24880003
24880024
24880056
24880088
24880120
24880152
24880160
24880184
24880215
24880248
24880280
24880312
24880331
24880343
24880375
24880408
24880439
24880472
24880478
24880505
24880536
24880568
24880600
24880632
24880653
24880663
24880696
24880728
24880760
24880790
24880801
24880822
24880854
24880886
24880918
24880950
24880956
24880981
24881014
24881046
24881077
24881109
24881128
24881141
24881172
24881205
24881237
24881269
24881287
24881301
24881333
24881365
24881397
24881429
24881432
24881461
24881493
24881524
24881556
24881588
24881595
24881620
24881652
24881683
24881715
24881747
24881763
24881779
24881810
24881840
24881873
24881905
24881906
24881937
24881969
24882000
24882032
24882064
24882070
24882096
24882128
24882160
24882192
24882224
24882230
24882256
24882287
24882320
24882352
24882384
24882389
24882415
24882446
24882479
24882510
24882542
24882553
24882574
24882606
24882638
24882670
24882702
24882704
24882734
24882765
24882798
24882830
24882862
24882868
24882894
24882926
24882958
24882990
24883022
24883043
24883054
24883086
24883117
24883150
24883182
24883184
24883214
24883246
24883278
24883310
24883342
24883344
24883374
24883406
24883438
24883469
24883502
24883503
24883533
24883566
24883599
24883630
24883661
24883669
24883693
24883725
24883757
24883789
24883821
24883826
24883853
24883885
24883917
24883949
24883981
24883988
24884013
24884045
24884077
24884108
24884141
24884142
24884172
24884205
24884236
24884269
24884301
24884310
24884333
24884365
24884397
24884429
24884460
24884467
24884492
24884525
24884557
24884589
24884621
24884628
24884653
24884685
24884717
24884748
24884781
24884782
24884813
24884845
24884877
24884909
24884941
24884947
24884973
24885005
24885036
24885069
24885100
24885101
24885133
24885165
24885197
24885229
24885260
24885263
24885292
24885322
24885355
24885387
24885419
24885421
24885451
24885483
24885514
24885547
24885579
24885595
24885610
24885642
24885674
24885706
24885738
24885751
24885770
24885802
24885834
24885866
24885898
24885907
24885930
24885962
24885994
24886026
24886058
24886084
24886090
24886121
24886156
24886185
24886217
24886220
24886250
24886282
24886313
24886345
24886376
24886389
24886408
24886439
24886471
24886503
24886535
24886538
24886567
24886600
24886631
24886662
24886695
24886706
24886727
24886759
24886790
24886823
24886855
24886857
24886887
24886918
24886950
24886983
24887014
24887028
24887045
24887077
24887108
24887140
24887172
24887179
24887204
24887236
24887268
24887300
24887332
24887350
24887364
24887395
24887427
24887459
24887490
24887495
24887523
24887555
24887586
24887619
24887651
24887659
24887682
24887714
24887747
24887779
24887811
24887827
24887843
24887874
24887906
24887939
24887971
24887973
24888002
24888035
24888067
24888099
24888130
24888137
24888161
24888193
24888225
24888257
24888288
24888291
24888321
24888352
24888385
24888416
24888447
24888453
24888480
24888511
24888543
24888576
24888608
24888612
24888640
24888672
24888704
24888736
24888768
24888780
24888799
24888830
24888862
24888894
24888925
24888934
24888958
24888991
24889021
24889054
24889086
24889102
24889116
24889149
24889181
24889213
24889244
24889276
24889281
24889309
24889340
24889372
24889404
24889408
24889436
24889468
24889499
24889532
24889564
24889568
24889596
24889628
24889660
24889692
24889724
24889729
24889756
24889788
24889820
24889852
24889883
24889890
24889916
24889947
24889979
24890010
24890042
24890045
24890074
24890105
24890138
24890170
24890202
24890233
24890266
24890278
24890298
24890329
24890361
24890373
24890393
24890422
24890455
24890487
24890519
24890526
24890550
24890581
24890613
24890645
24890677
24890680
24890710
24890741
24890774
24890805
24890837
24890848
24890869
24890901
24890934
24890965
24890997
24891011
24891028
24891060
24891092
24891125
24891156
24891160
24891188
24891220
24891252
24891284
24891316
24891331
24891348
24891379
24891412
24891443
24891476
24891478
24891508
24891540
24891571
24891602
24891635
24891638
24891665
24891697
24891729
24891761
24891793
24891800
24891824
24891856
24891888
24891920
24891952
24891956
24891983
24892016
24892048
24892080
24892112
24892121
24892146
24892176
24892208
24892239
24892271
24892278
24892303
24892336
24892368
24892400
24892431
24892441
24892463
24892494
24892527
24892558
24892590
24892594
24892623
24892654
24892687
24892719
24892750
24892759
24892784
24892816
24892846
24892878
24892910
24892919
24892941
24892974
24893006
24893038
24893070
24893078
24893101
24893132
24893165
24893197
24893229
24893237
24893260
24893292
24893325
24893357
24893389
24893397
24893420
24893453
24893485
24893517
24893549
24893560
24893581
24893613
24893645
24893677
24893709
24893716
24893741
24893773
24893805
24893837
24893869
24893892
24893900
24893933
24893964
24893997
24894029
24894043
24894060
24894093
24894124
24894157
24894189
24894195
24894221
24894253
24894285
24894317
24894349
24894357
24894380
24894412
24894445
24894477
24894509
24894520
24894541
24894573
24894605
24894637
24894669
24894674
24894702
24894733
24894765
24894797
24894828
24894843
24894861
24894893
24894925
24894956
24894989
24894990
24895021
24895053
24895085
24895117
24895148
24895154
24895180
24895213
24895245
24895277
24895309
24895341
24895344
24895373
24895405
24895437
24895468
24895488
24895501
24895533
24895565
24895597
24895628
24895632
24895660
24895691
24895723
24895755
24895787
24895797
24895820
24895852
24895884
24895915
24895948
24895973
24895979
24896011
24896044
24896075
24896107
24896140
24896172
24896204
24896205
24896235
24896268
24896294
24896297
24896329
24896361
24896393
24896425
24896432
24896457
24896489
24896521
24896552
24896583
24896587
24896615
24896647
24896679
24896711
24896743
24896759
24896775
24896807
24896838
24896871
24896903
24896906
24896934
24896967
24896999
24897031
24897063
24897065
24897095
24897126
24897160
24897191
24897223
24897230
24897256
24897286
24897319
24897350
24897382
24897389
24897415
24897446
24897479
24897511
24897543
24897557
24897574
24897604
24897637
24897670
24897701
24897706
24897733
24897763
24897795
24897827
24897859
24897860
24897893
24897922
24897954
24897987
24898020
24898043
24898052
24898083
24898116
24898146
24898179
24898181
24898211
24898242
24898275
24898307
24898339
24898354
24898371
24898404
24898434
24898468
24898499
24898503
24898530
24898563
24898594
24898627
24898658
24898663
24898691
24898723
24898755
24898787
24898819
24898826
24898851
24898883
24898915
24898948
24898980
24898995
24899011
24899043
24899074
24899107
24899139
24899145
24899171
24899202
24899234
24899266
24899298
24899306
24899330
24899361
24899394
24899426
24899458
24899462
24899491
24899522
24899554
24899585
24899618
24899622
24899650
24899681
24899714
24899745
24899777
24899780
24899810
24899842
24899874
24899905
24899937
24899944
24899970
24900002
24900034
24900066
24900098
24900106
24900130
24900160
24900192
24900225
24900256
24900260
24900288
24900319
24900351
24900383
24900415
24900420
24900448
24900480
24900511
24900543
24900575
24900582
24900607
24900639
24900671
24900703
24900735
24900744
24900766
24900797
24900830
24900862
24900894
24900902
24900926
24900958
24900990
24901021
24901053
24901056
24901084
24901116
24901148
24901181
24901212
24901220
24901244
24901276
24901308
24901340
24901371
24901377
24901404
24901435
24901470
24901500
24901532
24901539
24901563
24901596
24901628
24901660
24901692
24901698
24901723
24901756
24901788
24901819
24901851
24901856
24901883
24901916
24901948
24901980
24902011
24902016
24902044
24902076
24902108
24902140
24902172
24902185
24902204
24902235
24902268
24902299
24902331
24902335
24902363
24902396
24902427
24902460
24902492
24902510
24902523
24902556
24902587
24902619
24902652
24902654
24902682
24902715
24902747
24902778
24902811
24902818
24902843
24902875
24902907
24902939
24902970
24902974
24903003
24903035
24903067
24903099
24903129
24903140
24903163
24903194
24903224
24903256
24903288
24903289
24903319
24903352
24903383
24903416
24903448
24903460
24903480
24903512
24903544
24903575
24903608
24903640
24903672
24903704
24903735
24903767
24903781
24903800
24903831
24903862
24903893
24903926
24903930
24903958
24903990
24904022
24904053
24904086
24904099
24904118
24904150
24904181
24904214
24904246
24904252
24904277
24904308
24904339
24904371
24904404
24904408
24904436
24904468
24904500
24904532
24904564
24904580
24904596
24904628
24904659
24904691
24904723
24904730
24904756
24904788
24904820
24904852
24904883
24904903
24904915
24904946
24904978
24905011
24905043
24905047
24905075
24905108
24905139
24905171
24905203
24905211
24905235
24905267
24905299
24905331
24905362
24905369
24905393
24905425
24905457
24905489
24905521
24905537
24905552
24905585
24905617
24905649
24905681
24905688
24905712
24905745
24905777
24905809
24905840
24905848
24905872
24905905
24905937
24905969
24906001
24906007
24906033
24906064
24906097
24906129
24906161
24906163
24906193
24906225
24906256
24906289
24906321
24906323
24906353
24906384
24906417
24906449
24906480
24906492
24906513
24906545
24906576
24906607
24906640
24906644
24906671
24906705
24906735
24906768
24906800
24906805
24906831
24906863
24906896
24906928
24906960
24906965
24906991
24907024
24907056
24907088
24907120
24907135
24907152
24907184
24907216
24907249
24907280
24907286
24907311
24907344
24907375
24907407
24907439
24907442
24907470
24907503
24907535
24907567
24907598
24907604
24907630
24907663
24907695
24907726
24907759
24907771
24907791
24907823
24907855
24907887
24907919
24907934
24907951
24907984
24908015
24908047
24908078
24908086
24908109
24908141
24908172
24908203
24908235
24908238
24908266
24908298
24908328
24908361
24908392
24908396
24908424
24908457
24908489
24908521
24908553
24908556
24908585
24908616
24908648
24908678
24908710
24908715
24908742
24908774
24908806
24908838
24908869
24908886
24908901
24908934
24908966
24908998
24909031
24909062
24909093
24909126
24909158
24909188
24909191
24909220
24909253
24909284
24909316
24909348
24909350
24909379
24909411
24909444
24909475
24909508
24909513
24909540
24909572
24909604
24909636
24909668
24909674
24909700
24909731
24909764
24909795
24909827
24909831
24909860
24909891
24909923
24909955
24909988
24910009
24910020
24910052
24910084
24910116
24910148
24910151
24910180
24910211
24910243
24910275
24910307
24910321
24910339
24910371
24910402
24910435
24910467
24910473
24910498
24910531
24910563
24910595
24910627
24910630
24910658
24910690
24910723
24910755
24910787
24910799
24910818
24910851
24910883
24910914
24910946
24910954
24910979
24911011
24911043
24911074
24911107
24911109
24911139
24911171
24911203
24911235
24911267
24911275
24911299
24911330
24911362
24911394
24911426
24911428
24911457
24911490
24911521
24911554
24911586
24911589
24911618
24911648
24911680
24911712
24911744
24911747
24911775
24911808
24911840
24911871
24911904
24911905
24911936
24911967
24912000
24912031
24912064
24912072
24912095
24912128
24912160
24912191
24912222
24912225
24912255
24912287
24912318
24912351
24912383
24912389
24912415
24912446
24912479
24912512
24912543
24912545
24912574
24912606
24912637
24912670
24912702
24912710
24912733
24912766
24912797
24912830
24912861
24912864
24912893
24912926
24912958
24912990
24913021
24913036
24913053
24913085
24913118
24913150
24913181
24913193
24913212
24913245
24913275
24913308
24913340
24913344
24913372
24913404
24913436
24913468
24913500
24913502
24913532
24913564
24913596
24913627
24913660
24913677
24913691
24913723
24913755
24913786
24913819
24913821
24913851
24913883
24913915
24913947
24913979
24913988
24914011
24914043
24914074
24914106
24914137
24914146
24914170
24914203
24914234
24914265
24914297
24914304
24914329
24914361
24914393
24914426
24914457
24914473
24914490
24914522
24914554
24914585
24914617
24914619
24914649
24914682
24914714
24914746
24914778
24914781
24914810
24914842
24914874
24914906
24914938
24914946
24914970
24915002
24915033
24915065
24915097
24915121
24915129
24915160
24915193
24915225
24915257
24915262
24915289
24915320
24915353
24915384
24915416
24915423
24915448
24915480
24915512
24915543
24915574
24915584
24915606
24915640
24915670
24915702
24915734
24915744
24915764
24915797
24915829
24915860
24915892
24915898
24915924
24915956
24915989
24916021
24916053
24916058
24916082
24916114
24916146
24916180
24916210
24916226
24916242
24916274
24916305
24916337
24916368
24916375
24916401
24916433
24916464
24916496
24916527
24916530
24916560
24916592
24916624
24916656
24916687
24916695
24916718
24916749
24916785
24916812
24916845
24916863
24916876
24916908
24916940
24916972
24917004
24917006
24917036
24917068
24917099
24917131
24917166
24917170
24917196
24917227
24917260
24917291
24917324
24917328
24917356
24917386
24917419
24917451
24917483
24917487
24917515
24917548
24917579
24917611
24917642
24917648
24917675
24917706
24917738
24917770
24917803
24917807
24917834
24917867
24917899
24917931
24917963
24917967
24917995
24918027
24918059
24918091
24918123
24918126
24918154
24918187
24918219
24918251
24918283
24918288
24918315
24918346
24918379
24918410
24918443
24918445
24918475
24918507
24918539
24918575
24918603
24918609
24918635
24918666
24918697
24918730
24918762
24918764
24918794
24918824
24918856
24918888
24918921
24918925
24918953
24918985
24919017
24919048
24919081
24919085
24919113
24919145
24919177
24919209
24919239
24919246
24919271
24919303
24919336
24919367
24919399
24919401
24919430
24919461
24919493
24919525
24919556
24919559
24919590
24919621
24919653
24919685
24919716
24919721
24919748
24919780
24919813
24919845
24919876
24919880
24919908
24919940
24919972
24920005
24920037
24920039
24920069
24920101
24920133
24920165
24920197
24920205
24920229
24920261
24920292
24920323
24920355
24920362
24920388
24920419
24920452
24920483
24920514
24920521
24920546
24920578
24920611
24920643
24920675
24920687
24920707
24920739
24920771
24920802
24920834
24920838
24920867
24920898
24920930
24920963
24920996
24920997
24921027
24921059
24921091
24921122
24921155
24921162
24921187
24921219
24921250
24921283
24921315
24921324
24921346
24921377
24921409
24921440
24921471
24921476
24921503
24921536
24921568
24921600
24921632
24921636
24921664
24921695
24921727
24921760
24921792
24921795
24921824
24921855
24921888
24921920
24921952
24921968
24921983
24922015
24922047
24922079
24922111
24922116
24922143
24922174
24922207
24922239
24922271
24922285
24922303
24922335
24922367
24922399
24922431
24922456
24922462
24922494
24922526
24922558
24922591
24922602
24922623
24922655
24922687
24922719
24922751
24922767
24922782
24922815
24922847
24922878
24922910
24922914
24922943
24922974
24923007
24923039
24923070
24923086
24923103
24923134
24923167
24923199
24923230
24923244
24923262
24923294
24923326
24923358
24923390
24923399
24923422
24923453
24923485
24923516
24923548
24923551
24923581
24923613
24923645
24923677
24923708
24923724
24923741
24923772
24923805
24923837
24923869
24923883
24923901
24923932
24923965
24923996
24924028
24924036
24924059
24924091
24924123
24924156
24924188
24924206
24924220
24924252
24924284
24924316
24924347
24924351
24924378
24924411
24924443
24924474
24924507
24924516
24924539
24924570
24924603
24924635
24924667
24924674
24924699
24924730
24924763
24924796
24924826
24924830
24924858
24924890
24924922
24924954
24924986
24924998
24925018
24925050
24925082
24925114
24925145
24925149
24925178
24925210
24925242
24925274
24925306
24925317
24925337
24925369
24925402
24925433
24925465
24925474
24925497
24925528
24925561
24925592
24925625
24925631
24925656
24925688
24925721
24925753
24925785
24925794
24925816
24925849
24925880
24925912
24925945
24925978
24926008
24926039
24926071
24926104
24926108
24926135
24926168
24926200
24926232
24926264
24926269
24926295
24926328
24926360
24926392
24926423
24926427
24926456
24926487
24926519
24926551
24926582
24926584
24926614
24926645
24926678
24926709
24926742
24926745
24926774
24926806
24926837
24926870
24926902
24926906
24926934
24926966
24926998
24927030
24927062
24927070
24927094
24927126
24927158
24927190
24927222
24927230
24927254
24927285
24927317
24927349
24927382
24927385
24927414
24927445
24927478
24927510
24927542
24927548
24927573
24927605
24927638
24927670
24927702
24927711
24927734
24927766
24927797
24927829
24927860
24927868
24927893
24927924
24927956
24927988
24928020
24928029
24928052
24928084
24928115
24928148
24928179
24928188
24928211
24928243
24928275
24928307
24928340
24928343
24928372
24928404
24928435
24928466
24928499
24928510
24928531
24928562
24928594
24928625
24928658
24928659
24928689
24928721
24928753
24928785
24928817
24928820
24928849
24928881
24928912
24928945
24928976
24928982
24929008
24929041
24929073
24929105
24929137
24929146
24929169
24929201
24929233
24929265
24929297
24929300
24929329
24929360
24929392
24929425
24929456
24929467
24929488
24929520
24929550
24929583
24929615
24929619
24929647
24929679
24929711
24929743
24929775
24929779
24929808
24929838
24929872
24929902
24929936
24929937
24929966
24929998
24930031
24930063
24930095
24930111
24930127
24930159
24930190
24930223
24930255
24930259
24930286
24930319
24930350
24930382
24930414
24930418
24930445
24930477
24930510
24930543
24930574
24930578
24930605
24930637
24930669
24930701
24930733
24930744
24930765
24930796
24930828
24930860
24930891
24930893
24930924
24930956
24930988
24931019
24931052
24931057
24931084
24931118
24931147
24931180
24931211
24931220
24931244
24931276
24931308
24931340
24931371
24931374
24931403
24931435
24931467
24931499
24931531
24931541
24931562
24931594
24931626
24931658
24931690
24931692
24931722
24931753
24931785
24931815
24931848
24931861
24931878
24931911
24931942
24931973
24932006
24932009
24932037
24932070
24932102
24932134
24932166
24932172
24932197
24932229
24932260
24932292
24932325
24932326
24932357
24932389
24932420
24932453
24932485
24932499
24932517
24932549
24932581
24932612
24932646
24932648
24932677
24932708
24932741
24932772
24932803
24932821
24932836
24932867
24932899
24932932
24932963
24932968
24932995
24933026
24933058
24933090
24933122
24933127
24933154
24933185
24933218
24933250
24933281
24933287
24933314
24933346
24933378
24933409
24933441
24933450
24933473
24933504
24933537
24933567
24933600
24933604
24933630
24933680
24933712
24933744
24933776
24933785
24933808
24933840
24933872
24933904
24933936
24933951
24933968
24934000
24934032
24934064
24934096
24934128
24934133
24934160
24934192
24934224
24934256
24934284
24934288
24934320
24934352
24934384
24934416
24934448
24934449
24934480
24934512
24934544
24934576
24934605
24934608
24934640
24934672
24934704
24934736
24934756
24934768
24934800
24934831
24934863
24934895
24934900
24934927
24934958
24934989
24935021
24935053
24935057
24935085
24935116
24935148
24935180
24935212
24935221
24935244
24935275
24935307
24935339
24935371
24935386
24935403
24935435
24935467
24935499
24935531
24935535
24935564
24935595
24935627
24935659
24935691
24935692
24935723
24935755
24935787
24935819
24935851
24935866
24935883
24935915
24935947
24935979
24936011
24936014
24936043
24936075
24936105
24936137
24936169
24936188
24936201
24936233
24936266
24936296
24936327
24936350
24936359
24936391
24936423
24936455
24936487
24936492
24936519
24936551
24936583
24936615
24936647
24936649
24936679
24936711
24936743
24936775
24936807
24936816
24936839
24936871
24936902
24936935
24936966
24936970
24936998
24937030
24937062
24937094
24937126
24937139
24937158
24937191
24937222
24937253
24937285
24937290
24937317
24937349
24937381
24937413
24937444
24937450
24937476
24937506
24937538
24937570
24937603
24937608
24937634
24937666
24937698
24937730
24937761
24937783
24937793
24937824
24937855
24937887
24937918
24937923
24937950
24937982
24938016
24938046
24938078
24938094
24938110
24938142
24938174
24938206
24938238
24938245
24938270
24938302
24938334
24938366
24938398
24938401
24938430
24938461
24938493
24938525
24938556
24938573
24938588
24938620
24938651
24938683
24938715
24938726
24938747
24938780
24938811
24938842
24938874
24938896
24938906
24938938
24938970
24939002
24939034
24939063
24939065
24939097
24939129
24939161
24939193
24939217
24939225
24939257
24939289
24939321
24939353
24939373
24939385
24939399
24939449
24939480
24939512
24939531
24939544
24939577
24939608
24939642
24939671
24939679
24939704
24939735
24939767
24939800
24939831
24939835
24939863
24939895
24939928
24939959
24939991
24939997
24940024
24940055
24940088
24940119
24940152
24940166
24940183
24940215
24940247
24940279
24940311
24940313
24940343
24940375
24940407
24940439
24940471
24940476
24940503
24940535
24940566
24940598
24940630
24940631
24940663
24940694
24940727
24940759
24940791
24940800
24940822
24940855
24940886
24940919
24940951
24940954
24940982
24941014
24941046
24941078
24941110
24941116
24941143
24941174
24941206
24941238
24941270
24941275
24941302
24941334
24941366
24941398
24941431
24941442
24941463
24941495
24941526
24941559
24941590
24941606
24941623
24941656
24941686
24941718
24941751
24941752
24941784
24941815
24941847
24941878
24941910
24941922
24941943
24941974
24942006
24942038
24942070
24942085
24942102
24942133
24942165
24942196
24942228
24942231
24942260
24942293
24942325
24942357
24942388
24942417
24942420
24942452
24942483
24942516
24942547
24942572
24942579
24942611
24942642
24942675
24942706
24942710
24942739
24942771
24942802
24942834
24942866
24942872
24942898
24942935
24942964
24942994
24943026
24943035
24943058
24943091
24943123
24943154
24943186
24943198
24943218
24943251
24943283
24943313
24943346
24943348
24943378
24943410
24943442
24943473
24943506
24943525
24943537
24943569
24943600
24943632
24943665
24943673
24943697
24943728
24943761
24943793
24943825
24943833
24943856
24943889
24943919
24943951
24943983
24943988
24944015
24944047
24944080
24944110
24944142
24944153
24944173
24944205
24944238
24944270
24944302
24944322
24944334
24944365
24944396
24944428
24944459
24944471
24944491
24944524
24944555
24944587
24944619
24944629
24944650
24944682
24944715
24944746
24944778
24944793
24944810
24944843
24944874
24944906
24944938
24944966
24944970
24945002
24945034
24945066
24945098
24945118
24945130
24945162
24945195
24945226
24945259
24945283
24945291
24945322
24945355
24945386
24945418
24945426
24945450
24945483
24945514
24945546
24945578
24945598
24945610
24945642
24945675
24945707
24945739
24945750
24945771
24945802
24945833
24945866
24945897
24945903
24945929
24945961
24945993
24946024
24946056
24946058
24946089
24946120
24946153
24946184
24946216
24946219
24946247
24946280
24946311
24946344
24946375
24946388
24946408
24946439
24946472
24946503
24946535
24946551
24946567
24946599
24946631
24946664
24946696
24946712
24946728
24946759
24946791
24946824
24946855
24946858
24946888
24946920
24946951
24946984
24947015
24947032
24947048
24947078
24947110
24947143
24947175
24947190
24947206
24947238
24947271
24947302
24947335
24947359
24947366
24947399
24947430
24947462
24947493
24947495
24947525
24947557
24947589
24947622
24947653
24947665
24947684
24947717
24947749
24947781
24947813
24947826
24947845
24947877
24947908
24947940
24947973
24947976
24948004
24948036
24948068
24948101
24948131
24948132
24948164
24948195
24948228
24948259
24948290
24948313
24948323
24948353
24948385
24948418
24948449
24948451
24948482
24948514
24948545
24948577
24948610
24948628
24948642
24948674
24948706
24948737
24948770
24948772
24948801
24948835
24948865
24948897
24948930
24948936
24948961
24948993
24949026
24949058
24949090
24949094
24949122
24949154
24949185
24949217
24949249
24949266
24949281
24949312
24949344
24949377
24949408
24949417
24949440
24949473
24949504
24949537
24949568
24949570
24949599
24949632
24949664
24949696
24949727
24949729
24949758
24949791
24949822
24949855
24949886
24949890
24949918
24949951
24949983
24950015
24950047
24950054
24950078
24950111
24950142
24950175
24950206
24950230
24950238
24950271
24950303
24950335
24950367
24950392
24950399
24950431
24950462
24950494
24950526
24950530
24950557
24950589
24950621
24950652
24950685
24950702
24950716
24950748
24950780
24950812
24950842
24950852
24950875
24950907
24950938
24950971
24951002
24951020
24951035
24951066
24951098
24951130
24951164
24951172
24951195
24951226
24951258
24951290
24951323
24951343
24951354
24951386
24951419
24951451
24951482
24951503
24951514
24951547
24951578
24951610
24951643
24951674
24951706
24951738
24951770
24951802
24951818
24951834
24951866
24951898
24951930
24951961
24951974
24951994
24952025
24952058
24952090
24952121
24952138
24952154
24952186
24952218
24952249
24952282
24952293
24952313
24952345
24952376
24952409
24952441
24952459
24952471
24952504
24952536
24952569
24952600
24952613
24952632
24952664
24952695
24952728
24952759
24952785
24952792
24952824
24952856
24952888
24952920
24952923
24952951
24952984
24953016
24953048
24953080
24953088
24953112
24953144
24953176
24953208
24953239
24953241
24953272
24953304
24953335
24953367
24953399
24953404
24953430
24953464
24953495
24953528
24953559
24953562
24953591
24953622
24953655
24953687
24953719
24953722
24953751
24953784
24953815
24953847
24953879
24953886
24953911
24953942
24953975
24954007
24954038
24954043
24954071
24954102
24954133
24954166
24954198
24954213
24954229
24954262
24954294
24954325
24954357
24954365
24954390
24954422
24954454
24954486
24954517
24954526
24954550
24954581
24954613
24954645
24954677
24954680
24954708
24954740
24954773
24954805
24954836
24954842
24954869
24954901
24954933
24954964
24954997
24955008
24955029
24955061
24955094
24955122
24955154
24955164
24955187
24955220
24955250
24955283
24955315
24955316
24955347
24955379
24955410
24955443
24955475
24955488
24955507
24955539
24955571
24955603
24955635
24955638
24955667
24955698
24955731
24955763
24955795
24955805
24955827
24955859
24955891
24955923
24955954
24955959
24955987
24956018
24956051
24956082
24956115
24956116
24956146
24956179
24956210
24956243
24956275
24956290
24956307
24956339
24956371
24956402
24956435
24956438
24956467
24956499
24956531
24956563
24956594
24956615
24956626
24956660
24956690
24956723
24956755
24956777
24956787
24956818
24956851
24956883
24956915
24956931
24956947
24956978
24957011
24957042
24957075
24957094
24957107
24957139
24957171
24957202
24957235
24957245
24957266
24957299
24957331
24957362
24957395
24957407
24957427
24957459
24957491
24957523
24957555
24957569
24957587
24957618
24957651
24957683
24957715
24957725
24957747
24957779
24957811
24957842
24957875
24957889
24957907
24957939
24957971
24958002
24958035
24958043
24958067
24958099
24958131
24958163
24958194
24958216
24958226
24958258
24958291
24958322
24958354
24958356
24958386
24958417
24958450
24958482
24958514
24958519
24958545
24958577
24958610
24958642
24958674
24958676
24958706
24958738
24958769
24958801
24958831
24958833
24958864
24958896
24958928
24958959
24958990
24958996
24959022
24959055
24959086
24959118
24959150
24959152
24959184
24959215
24959246
24959279
24959311
24959312
24959343
24959374
24959407
24959438
24959471
24959473
24959502
24959535
24959567
24959598
24959632
24959633
24959663
24959695
24959726
24959758
24959790
24959804
24959822
24959853
24959885
24959916
24959949
24959958
24959980
24960012
24960043
24960075
24960108
24960123
24960139
24960170
24960202
24960235
24960267
24960283
24960299
24960330
24960363
24960395
24960426
24960440
24960459
24960491
24960523
24960555
24960586
24960602
24960618
24960650
24960683
24960714
24960746
24960753
24960777
24960810
24960841
24960872
24960904
24960918
24960936
24960968
24961000
24961032
24961064
24961076
24961095
24961127
24961158
24961191
24961223
24961227
24961254
24961286
24961318
24961350
24961382
24961393
24961414
24961446
24961479
24961511
24961543
24961548
24961574
24961605
24961638
24961670
24961701
24961709
24961733
24961766
24961798
24961830
24961861
24961868
24961894
24961926
24961957
24961989
24962021
24962028
24962052
24962084
24962116
24962148
24962180
24962183
24962211
24962244
24962275
24962308
24962339
24962344
24962372
24962403
24962435
24962468
24962500
24962501
24962532
24962564
24962595
24962628
24962659
24962664
24962691
24962722
24962755
24962786
24962818
24962825
24962851
24962882
24962915
24962946
24962979
24962983
24963010
24963041
24963074
24963106
24963138
24963140
24963170
24963201
24963233
24963265
24963298
24963299
24963330
24963362
24963394
24963425
24963458
24963467
24963490
24963521
24963554
24963586
24963618
24963621
24963650
24963681
24963714
24963746
24963778
24963809
24963841
24963873
24963906
24963938
24963939
24963969
24964001
24964034
24964066
24964097
24964102
24964129
24964161
24964193
24964225
24964256
24964259
24964288
24964320
24964352
24964385
24964416
24964420
24964448
24964481
24964512
24964545
24964578
24964609
24964640
24964672
24964704
24964735
24964737
24964768
24964800
24964831
24964863
24964895
24964901
24964928
24964959
24964992
24965024
24965056
24965059
24965088
24965119
24965152
24965183
24965215
24965216
24965247
24965278
24965310
24965342
24965373
24965375
24965405
24965438
24965470
24965501
24965534
24965566
24965598
24965630
24965662
24965693
24965696
24965726
24965758
24965789
24965821
24965854
24965863
24965886
24965918
24965949
24965982
24966014
24966015
24966046
24966077
24966108
24966140
24966172
24966176
24966205
24966237
24966268
24966299
24966331
24966333
24966363
24966395
24966427
24966459
24966492
24966493
24966523
24966555
24966588
24966618
24966650
24966666
24966682
24966714
24966746
24966779
24966811
24966813
24966842
24966874
24966906
24966939
24966970
24966975
24967003
24967035
24967067
24967099
24967131
24967140
24967161
24967194
24967226
24967258
24967291
24967322
24967353
24967385
24967417
24967449
24967451
24967482
24967514
24967546
24967577
24967610
24967611
24967642
24967673
24967705
24967738
24967769
24967781
24967802
24967833
24967866
24967897
24967930
24967935
24967960
24967992
24968024
24968057
24968088
24968101
24968120
24968155
24968185
24968217
24968247
24968252
24968280
24968312
24968343
24968375
24968407
24968408
24968439
24968471
24968503
24968535
24968567
24968571
24968599
24968631
24968662
24968695
24968726
24968731
24968759
24968791
24968823
24968855
24968887
24968889
24968919
24968950
24968982
24969014
24969046
24969047
24969078
24969109
24969141
24969174
24969206
24969212
24969237
24969270
24969302
24969333
24969365
24969370
24969396
24969429
24969460
24969492
24969525
24969527
24969557
24969588
24969620
24969652
24969683
24969689
24969717
24969749
24969779
24969812
24969843
24969847
24969876
24969908
24969939
24969972
24970003
24970006
24970036
24970068
24970098
24970131
24970161
24970164
24970193
24970225
24970258
24970290
24970321
24970324
24970354
24970385
24970417
24970450
24970481
24970490
24970514
24970545
24970577
24970609
24970641
24970642
24970673
24970705
24970737
24970769
24970802
24970813
24970833
24970849
24970881
24970914
24970945
24970948
24970977
24971008
24971041
24971072
24971105
24971137
24971168
24971200
24971232
24971265
24971266
24971297
24971329
24971360
24971393
24971424
24971429
24971457
24971488
24971521
24971551
24971584
24971590
24971616
24971648
24971679
24971711
24971744
24971776
24971807
24971839
24971871
24971903
24971912
24971932
24971964
24971996
24972029
24972060
24972062
24972093
24972124
24972157
24972189
24972220
24972227
24972252
24972283
24972316
24972348
24972379
24972381
24972411
24972443
24972475
24972508
24972540
24972551
24972572
24972604
24972636
24972668
24972700
24972706
24972732
24972763
24972796
24972828
24972860
24972868
24972892
24972924
24972955
24972988
24973019
24973034
24973052
24973084
24973114
24973146
24973179
24973204
24973210
24973242
24973274
24973307
24973339
24973341
24973370
24973403
24973435
24973466
24973498
24973500
24973531
24973563
24973595
24973627
24973659
24973666
24973691
24973723
24973755
24973787
24973817
24973827
24973850
24973882
24973913
24973946
24973977
24973980
24974009
24974042
24974073
24974105
24974136
24974168
24974200
24974231
24974264
24974295
24974305
24974328
24974360
24974391
24974424
24974456
24974470
24974488
24974520
24974551
24974584
24974615
24974631
24974647
24974679
24974712
24974744
24974776
24974781
24974808
24974840
24974871
24974904
24974936
24974942
24974967
24975000
24975031
24975064
24975095
24975110
24975127
24975159
24975191
24975222
24975253
24975269
24975286
24975318
24975350
24975381
24975414
24975425
24975446
24975478
24975509
24975542
24975574
24975585
24975605
24975637
24975669
24975702
24975734
24975744
24975766
24975798
24975829
24975862
24975894
24975908
24975926
24975958
24975989
24976021
24976052
24976057
24976085
24976117
24976149
24976180
24976212
24976228
24976244
24976277
24976309
24976341
24976373
24976399
24976404
24976437
24976469
24976501
24976533
24976565
24976596
24976629
24976661
24976692
24976705
24976725
24976757
24976789
24976821
24976853
24976860
24976885
24976916
24976948
24976980
24977013
24977018
24977044
24977077
24977108
24977140
24977173
24977175
24977205
24977237
24977269
24977300
24977331
24977337
24977364
24977396
24977428
24977459
24977492
24977504
24977523
24977556
24977586
24977618
24977650
24977660
24977682
24977715
24977747
24977779
24977810
24977815
24977841
24977874
24977906
24977937
24977969
24977977
24978001
24978032
24978065
24978097
24978129
24978160
24978193
24978225
24978256
24978288
24978320
24978352
24978384
24978416
24978446
24978477
24978508
24978540
24978573
24978604
24978637
24978669
24978700
24978733
24978765
24978797
24978829
24978860
24978893
24978925
24978956
24978988
24979021
24979052
24979084
24979114
24979147
24979177
24979210
24979242
24979274
24979306
24979337
24979370
24979402
24979434
24979467
24979498
24979529
24979535
24979562
24979563
24979587
24979593
24979612
24979626
24979628
24979656
24979658
24979686
24979690
24979704
24979721
24979734
24979752
24979754
24979784
24979785
24979808
24979816
24979849
24979881
24979911
24979913
24979943
24979976
24980008
24980040
24980071
24980074
24980103
24980136
24980168
24980200
24980231
24980242
24980264
24980294
24980327
24980359
24980391
24980396
24980424
24980456
24980487
24980519
24980552
24980560
24980583
24980615
24980647
24980678
24980711
24980713
24980742
24980775
24980807
24980838
24980871
24980879
24980903
24980934
24980967
24980999
24981030
24981034
24981062
24981093
24981126
24981158
24981189
24981190
24981222
24981253
24981286
24981318
24981351
24981353
24981382
24981414
24981446
24981478
24981509
24981514
24981541
24981573
24981606
24981637
24981670
24981681
24981702
24981733
24981765
24981798
24981830
24981837
24981861
24981894
24981925
24981957
24981989
24981990
24982023
24982053
24982085
24982118
24982149
24982150
24982182
24982214
24982247
24982279
24982310
24982329
24982341
24982374
24982406
24982437
24982469
24982484
24982502
24982534
24982565
24982597
24982629
24982631
24982661
24982693
24982725
24982757
24982790
24982794
24982821
24982853
24982885
24982916
24982947
24982955
24982979
24983011
24983043
24983075
24983107
24983108
24983138
24983170
24983202
24983235
24983266
24983268
24983299
24983331
24983363
24983395
24983427
24983435
24983459
24983492
24983522
24983555
24983586
24983619
24983651
24983682
24983713
24983744
24983746
24983777
24983810
24983844
24983874
24983906
24983908
24983937
24983970
24984001
24984034
24984067
24984068
24984097
24984129
24984162
24984193
24984225
24984226
24984257
24984289
24984320
24984352
24984384
24984387
24984415
24984448
24984480
24984511
24984544
24984545
24984576
24984608
24984640
24984672
24984704
24984715
24984736
24984768
24984799
24984831
24984863
24984865
24984895
24984927
24984959
24984991
24985023
24985026
24985055
24985086
24985119
24985151
24985179
24985182
24985214
24985245
24985277
24985309
24985339
24985344
24985372
24985404
24985435
24985468
24985500
24985504
24985532
24985563
24985596
24985627
24985660
24985662
24985691
24985723
24985756
24985788
24985819
24985821
24985851
24985883
24985916
24985948
24985980
24985992
24986012
24986044
24986076
24986108
24986140
24986156
24986172
24986205
24986236
24986268
24986300
24986308
24986332
24986364
24986396
24986428
24986459
24986461
24986491
24986523
24986554
24986587
24986619
24986650
24986680
24986712
24986745
24986777
24986808
24986840
24986872
24986905
24986919
24986936
24986938
24986968
24986969
24987000
24987032
24987064
24987095
24987096
24987128
24987160
24987190
24987223
24987253
24987254
24987287
24987319
24987351
24987382
24987414
24987415
24987448
24987478
24987510
24987542
24987574
24987606
24987638
24987670
24987702
24987734
24987765
24987797
24987830
24987862
24987881
24987894
24987900
24987916
24987926
24987959
24987989
24988022
24988053
24988058
24988084
24988117
24988149
24988181
24988213
24988245
24988277
24988309
24988340
24988372
24988373
24988404
24988436
24988467
24988499
24988531
24988538
24988562
24988594
24988626
24988659
24988691
24988692
24988723
24988754
24988787
24988819
24988851
24988852
24988883
24988915
24988946
24988978
24989009
24989024
24989042
24989074
24989106
24989138
24989169
24989179
24989202
24989233
24989266
24989299
24989330
24989331
24989362
24989392
24989424
24989457
24989489
24989495
24989521
24989552
24989584
24989617
24989647
24989649
24989680
24989711
24989744
24989775
24989809
24989811
24989840
24989872
24989904
24989936
24989967
24989979
24989999
24990031
24990063
24990096
24990127
24990128
24990159
24990191
24990223
24990255
24990286
24990288
24990318
24990350
24990382
24990414
24990446
24990476
24990509
24990541
24990573
24990606
24990637
24990669
24990700
24990732
24990765
24990767
24990797
24990829
24990861
24990893
24990924
24990944
24990957
24990989
24991020
24991053
24991084
24991093
24991117
24991149
24991181
24991213
24991245
24991248
24991277
24991309
24991340
24991373
24991404
24991435
24991438
24991468
24991499
24991531
24991564
24991589
24991596
24991627
24991660
24991691
24991724
24991730
24991756
24991788
24991819
24991852
24991882
24991885
24991916
24991948
24991980
24992012
24992044
24992048
24992076
24992108
24992139
24992172
24992204
24992218
24992236
24992267
24992300
24992332
24992364
24992379
24992396
24992427
24992460
24992491
24992522
24992525
24992555
24992586
24992619
24992651
24992684
24992690
24992715
24992746
24992778
24992809
24992842
24992863
24992873
24992905
24992935
24992968
24992998
24993002
24993030
24993063
24993095
24993127
24993158
24993171
24993191
24993222
24993254
24993286
24993318
24993320
24993351
24993383
24993415
24993447
24993478
24993486
24993511
24993543
24993574
24993607
24993639
24993644
24993671
24993702
24993735
24993767
24993799
24993831
24993838
24993863
24993895
24993927
24993959
24993967
24993990
24994023
24994054
24994087
24994118
24994122
24994149
24994180
24994212
24994245
24994277
24994285
24994309
24994341
24994373
24994403
24994434
24994442
24994465
24994498
24994530
24994562
24994594
24994617
24994626
24994656
24994689
24994720
24994752
24994775
24994783
24994816
24994846
24994879
24994909
24994920
24994942
24994972
24995005
24995037
24995069
24995078
24995100
24995132
24995162
24995195
24995226
24995228
24995258
24995291
24995323
24995355
24995386
24995407
24995418
24995451
24995483
24995515
24995547
24995570
24995579
24995611
24995643
24995675
24995707
24995719
24995738
24995770
24995803
24995836
24995867
24995886
24995898
24995930
24995962
24995994
24996026
24996028
24996058
24996090
24996122
24996154
24996186
24996195
24996218
24996250
24996282
24996314
24996345
24996346
24996377
24996409
24996440
24996472
24996504
24996536
24996567
24996600
24996631
24996664
24996676
24996695
24996726
24996758
24996790
24996823
24996826
24996854
24996886
24996917
24996950
24996982
24996998
24997014
24997046
24997078
24997109
24997142
24997162
24997174
24997206
24997237
24997269
24997300
24997332
24997347
24997364
24997395
24997426
24997458
24997480
24997491
24997522
24997554
24997586
24997618
24997625
24997649
24997682
24997714
24997746
24997778
24997781
24997809
24997842
24997874
24997905
24997938
24997970
24998002
24998034
24998066
24998098
24998105
24998130
24998162
24998194
24998225
24998256
24998257
24998288
24998319
24998352
24998383
24998416
24998429
24998448
24998480
24998511
24998543
24998575
24998589
24998607
24998639
24998672
24998704
24998732
24998736
24998768
24998800
24998832
24998864
24998896
24998928
24998959
24998992
24999023
24999055
24999086
24999119
24999151
24999183
24999215
24999217
24999247
24999278
24999310
24999342
24999374
24999384
24999405
24999438
24999469
24999501
24999532
24999535
24999565
24999596
24999629
24999661
24999693
24999723
24999756
24999788
24999820
24999852
24999853
24999883
24999916
24999948
24999979
25000011
25000017
25000044
25000076
25000107
25000139
25000171
25000173
25000202
25000235
25000266
25000299
25000329
25000330
25000362
25000395
25000427
25000459
25000491
25000493
25000523
25000555
25000587
25000618
25000651
25000652
25000682
25000713
25000746
25000777
25000811
25000824
25000842
25000874
25000906
25000936
25000968
25000975
25001000
25001032
25001064
25001095
25001127
25001128
25001158
25001191
25001223
25001255
25001287
25001290
25001318
25001350
25001383
25001414
25001446
25001479
25001480
25001510
25001542
25001575
25001606
25001607
25001639
25001671
25001702
25001735
25001767
25001799
25001831
25001863
25001895
25001926
25001928
25001959
25001990
25002023
25002054
25002086
25002090
25002118
25002152
25002183
25002214
25002246
25002247
25002279
25002309
25002342
25002374
25002406
25002438
25002470
25002502
25002533
25002564
25002597
25002628
25002661
25002693
25002724
25002725
25002757
25002789
25002821
25002852
25002884
25002885
25002916
25002949
25002981
25003012
25003044
25003051
25003076
25003108
25003140
25003173
25003206
25003209
25003237
25003269
25003300
25003333
25003364
25003365
25003396
25003428
25003459
25003491
25003522
25003523
25003555
25003588
25003619
25003653
25003684
25003689
25003715
25003747
25003780
25003812
25003843
25003849
25003876
25003907
25003939
25003971
25004002
25004003
25004034
25004065
25004097
25004130
25004162
25004164
25004194
25004226
25004257
25004290
25004322
25004328
25004354
25004385
25004418
25004450
25004482
25004514
25004545
25004578
25004610
25004642
25004644
25004674
25004705
25004738
25004770
25004802
25004807
25004834
25004867
25004898
25004930
25004962
25004967
25004993
25005025
25005058
25005089
25005121
25005122
25005154
25005186
25005217
25005249
25005281
25005287
25005314
25005346
25005377
25005409
25005442
25005444
25005474
25005506
25005537
25005569
25005601
25005615
25005634
25005666
25005697
25005729
25005760
25005761
25005794
25005825
25005857
25005890
25005922
25005940
25005954
25005986
25006017
25006050
25006080
25006081
25006114
25006146
25006177
25006210
25006242
25006244
25006273
25006307
25006337
25006369
25006402
25006434
25006466
25006498
25006530
25006560
25006561
25006594
25006626
25006658
25006690
25006722
25006723
25006754
25006786
25006818
25006849
25006882
25006885
25006914
25006946
25006978
25007010
25007042
25007045
25007074
25007105
25007137
25007168
25007200
25007216
25007233
25007265
25007297
25007330
25007361
25007373
25007391
25007423
25007455
25007488
25007519
25007522
25007552
25007584
25007615
25007647
25007680
25007689
25007711
25007744
25007776
25007808
25007840
25007844
25007871
25007902
25007934
25007967
25007999
25008004
25008030
25008062
25008094
25008127
25008159
25008165
25008191
25008223
25008254
25008287
25008316
25008319
25008350
25008382
25008415
25008447
25008479
25008481
25008510
25008542
25008574
25008606
25008637
25008638
25008669
25008702
25008734
25008765
25008798
25008801
25008830
25008862
25008894
25008926
25008957
25008958
25008990
25009021
25009053
25009086
25009118
25009150
25009183
25009214
25009245
25009277
25009280
25009310
25009342
25009374
25009405
25009437
25009438
25009469
25009502
25009534
25009565
25009593
25009596
25009628
25009659
25009692
25009724
25009753
25009756
25009787
25009821
25009851
25009884
25009915
25009921
25009947
25009978
25010011
25010041
25010074
25010078
25010105
25010138
25010170
25010202
25010233
25010234
25010267
25010298
25010331
25010362
25010393
25010426
25010458
25010489
25010521
25010554
25010560
25010586
25010618
25010649
25010682
25010713
25010721
25010745
25010777
25010810
25010842
25010874
25010883
25010906
25010937
25010970
25011001
25011034
25011040
25011065
25011096
25011127
25011160
25011192
25011193
25011224
25011256
25011288
25011320
25011352
25011384
25011415
25011447
25011478
25011509
25011521
25011541
25011573
25011606
25011638
25011669
25011673
25011700
25011733
25011765
25011796
25011825
25011826
25011859
25011891
25011924
25011954
25011986
25011991
25012019
25012051
25012084
25012114
25012146
25012148
25012177
25012209
25012240
25012273
25012305
25012337
25012370
25012400
25012433
25012464
25012486
25012497
25012529
25012560
25012593
25012625
25012658
25012688
25012721
25012753
25012785
25012791
25012817
25012849
25012881
25012912
25012944
25012952
25012975
25013007
25013040
25013071
25013104
25013136
25013168
25013200
25013232
25013264
25013269
25013295
25013328
25013360
25013392
25013422
25013423
25013455
25013487
25013520
25013552
25013581
25013584
25013615
25013647
25013680
25013711
25013743
25013744
25013775
25013808
25013839
25013871
25013903
25013937
25013968
25013999
25014032
25014064
25014096
25014128
25014160
25014192
25014224
25014232
25014255
25014288
25014320
25014352
25014383
25014389
25014416
25014448
25014479
25014511
25014544
25014546
25014576
25014607
25014639
25014673
25014704
25014708
25014736
25014767
25014800
25014832
25014863
25014868
25014896
25014928
25014960
25014992
25015023
25015024
25015056
25015088
25015118
25015151
25015183
25015186
25015215
25015247
25015278
25015310
25015341
25015343
25015375
25015407
25015438
25015470
25015501
25015505
25015535
25015565
25015598
25015630
25015661
25015663
25015694
25015726
25015757
25015790
25015822
25015823
25015854
25015885
25015917
25015948
25015981
25015983
25016012
25016045
25016077
25016109
25016140
25016141
25016172
25016205
25016237
25016269
25016301
25016305
25016332
25016365
25016397
25016430
25016461
25016465
25016492
25016525
25016556
25016588
25016622
25016654
25016683
25016716
25016748
25016780
25016811
25016844
25016875
25016908
25016940
25016972
25016976
25017003
25017036
25017068
25017097
25017100
25017133
25017164
25017196
25017227
25017258
25017259
25017290
25017321
25017353
25017385
25017417
25017445
25017477
25017510
25017541
25017574
25017575
25017606
25017637
25017670
25017701
25017734
25017737
25017765
25017798
25017831
25017860
25017892
25017924
25017956
25017987
25018019
25018052
25018056
25018083
25018116
25018147
25018180
25018212
25018215
25018244
25018276
25018308
25018340
25018371
25018372
25018404
25018437
25018467
25018499
25018532
25018537
25018564
25018595
25018626
25018657
25018688
25018693
25018720
25018752
25018783
25018815
25018846
25018847
25018879
25018910
25018943
25018975
25019005
25019007
25019038
25019069
25019101
25019133
25019164
25019166
25019197
25019227
25019259
25019292
25019324
25019335
25019356
25019389
25019420
25019452
25019484
25019515
25019546
25019578
25019610
25019642
25019673
25019704
25019737
25019768
25019802
25019803
25019831
25019864
25019896
25019927
25019959
25019964
25019991
25020022
25020056
25020086
25020118
25020119
25020150
25020181
25020213
25020246
25020277
25020281
25020310
25020342
25020374
25020408
25020437
25020443
25020469
25020501
25020533
25020565
25020597
25020607
25020627
25020660
25020692
25020723
25020755
25020756
25020785
25020818
25020849
25020882
25020913
25020918
25020945
25020977
25021009
25021040
25021073
25021085
25021104
25021135
25021166
25021199
25021230
25021233
25021262
25021293
25021324
25021356
25021387
25021389
25021420
25021450
25021481
25021513
25021545
25021577
25021610
25021642
25021673
25021703
25021706
25021738
25021769
25021802
25021834
25021865
25021867
25021897
25021930
25021962
25021993
25022026
25022028
25022057
25022089
25022122
25022154
25022186
25022192
25022218
25022250
25022282
25022313
25022344
25022350
25022377
25022408
25022441
25022473
25022504
25022510
25022536
25022567
25022600
25022632
25022664
25022679
25022696
25022729
25022760
25022792
25022824
25022826
25022855
25022888
25022920
25022951
25022982
25022984
25023016
25023046
25023078
25023109
25023141
25023143
25023174
25023205
25023236
25023269
25023301
25023304
25023333
25023365
25023396
25023428
25023460
25023465
25023493
25023525
25023556
25023588
25023621
25023625
25023652
25023683
25023715
25023747
25023779
25023781
25023810
25023842
25023875
25023907
25023937
25023939
25023971
25024003
25024035
25024067
25024097
25024098
25024131
25024163
25024195
25024227
25024258
25024259
25024291
25024323
25024355
25024387
25024419
25024422
25024450
25024480
25024512
25024544
25024574
25024576
25024608
25024639
25024671
25024704
25024735
25024737
25024768
25024799
25024832
25024864
25024895
25024898
25024927
25024960
25024991
25025023
25025056
25025057
25025088
25025119
25025152
25025184
25025214
25025216
25025246
25025279
25025310
25025341
25025374
25025385
25025405
25025437
25025470
25025501
25025532
25025534
25025565
25025596
25025628
25025660
25025690
25025691
25025724
25025755
25025788
25025819
25025850
25025851
25025883
25025915
25025947
25025979
25026011
25026018
25026043
25026074
25026107
25026139
25026170
25026171
25026203
25026235
25026266
25026298
25026330
25026342
25026361
25026394
25026426
25026457
25026490
25026500
25026521
25026554
25026586
25026618
25026650
25026651
25026682
25026714
25026745
25026778
25026807
25026809
25026839
25026872
25026903
25026936
25026968
25026970
25026999
25027031
25027064
25027096
25027127
25027159
25027191
25027223
25027254
25027285
25027290
25027316
25027348
25027379
25027412
25027444
25027447
25027476
25027508
25027540
25027572
25027604
25027606
25027636
25027668
25027700
25027732
25027764
25027767
25027796
25027828
25027860
25027891
25027923
25027928
25027955
25027987
25028020
25028051
25028082
25028083
25028115
25028147
25028179
25028210
25028242
25028243
25028275
25028307
25028338
25028370
25028402
25028404
25028434
25028466
25028498
25028529
25028561
25028576
25028592
25028624
25028657
25028688
25028720
25028726
25028753
25028785
25028817
25028849
25028880
25028898
25028913
25028944
25028977
25029009
25029040
25029044
25029073
25029104
25029135
25029168
25029200
25029209
25029232
25029263
25029295
25029328
25029359
25029360
25029391
25029423
25029454
25029486
25029519
25029525
25029550
25029581
25029613
25029645
25029676
25029684
25029708
25029741
25029772
25029805
25029837
25029842
25029869
25029901
25029931
25029964
25029996
25030007
25030028
25030060
25030092
25030124
25030156
25030163
25030188
25030219
25030251
25030283
25030315
25030347
25030379
25030410
25030442
25030475
25030507
25030539
25030571
25030602
25030634
25030636
25030666
25030699
25030730
25030763
25030794
25030802
25030826
25030859
25030891
25030922
25030954
25030958
25030987
25031019
25031051
25031083
25031114
25031127
25031147
25031179
25031211
25031243
25031274
25031275
25031307
25031338
25031370
25031403
25031434
25031442
25031467
25031499
25031530
25031563
25031595
25031627
25031659
25031689
25031722
25031754
25031759
25031786
25031818
25031850
25031882
25031914
25031946
25031978
25032009
25032042
25032074
25032101
25032106
25032138
25032169
25032201
25032232
25032233
25032265
25032298
25032330
25032361
25032393
25032406
25032425
25032457
25032488
25032519
25032551
25032552
25032584
25032616
25032648
25032680
25032713
25032714
25032744
25032776
25032808
25032839
25032870
25032875
25032903
25032935
25032965
25032998
25033030
25033035
25033062
25033094
25033126
25033158
25033189
25033220
25033253
25033284
25033317
25033349
25033356
25033381
25033414
25033444
25033478
25033509
25033517
25033541
25033572
25033605
25033636
25033670
25033700
25033732
25033765
25033797
25033828
25033836
25033861
25033893
25033925
25033956
25033989
25033993
25034020
25034053
25034084
25034115
25034147
25034152
25034179
25034211
25034243
25034274
25034306
25034316
25034339
25034370
25034403
25034435
25034466
25034474
25034499
25034531
25034562
25034595
25034626
25034628
25034659
25034690
25034722
25034754
25034787
25034788
25034819
25034851
25034883
25034915
25034947
25034979
25035010
25035042
25035075
25035105
25035107
25035139
25035170
25035203
25035235
25035266
25035274
25035299
25035331
25035363
25035395
25035425
25035428
25035459
25035490
25035522
25035554
25035583
25035586
25035618
25035651
25035681
25035714
25035745
25035750
25035778
25035809
25035841
25035873
25035905
25035908
25035937
25035969
25036000
25036032
25036065
25036067
25036097
25036129
25036160
25036192
25036224
25036232
25036255
25036288
25036320
25036352
25036384
25036397
25036416
25036447
25036479
25036511
25036542
25036543
25036574
25036605
25036636
25036669
25036700
25036704
25036733
25036764
25036797
25036828
25036860
25036866
25036892
25036924
25036957
25036989
25037021
25037029
25037053
25037084
25037117
25037149
25037181
25037213
25037245
25037277
25037309
25037339
25037343
25037372
25037403
25037434
25037467
25037499
25037531
25037561
25037594
25037626
25037658
25037673
25037689
25037721
25037754
25037786
25037817
25037824
25037849
25037881
25037913
25037946
25037978
25037982
25038009
25038042
25038074
25038107
25038138
25038141
25038169
25038203
25038234
25038265
25038298
25038300
25038329
25038359
25038391
25038424
25038456
25038462
25038487
25038520
25038551
25038584
25038615
25038618
25038648
25038679
25038712
25038743
25038774
25038775
25038807
25038838
25038871
25038902
25038933
25038936
25038966
25038998
25039030
25039063
25039093
25039097
25039125
25039156
25039188
25039220
25039250
25039252
25039283
25039315
25039346
25039379
25039410
25039412
25039443
25039475
25039507
25039538
25039572
25039577
25039603
25039635
25039667
25039699
25039731
25039741
25039763
25039794
25039827
25039858
25039889
25039896
25039923
25039954
25039986
25040017
25040050
25040051
25040082
25040114
25040146
25040177
25040209
25040214
25040241
25040272
25040304
25040337
25040368
25040370
25040400
25040431
25040462
25040493
25040523
25040524
25040556
25040588
25040620
25040652
25040683
25040686
25040715
25040747
25040780
25040812
25040842
25040844
25040876
25040908
25040940
25040972
25041004
25041009
25041036
25041068
25041100
25041132
25041164
25041165
25041196
25041227
25041258
25041290
25041322
25041323
25041355
25041383
25041415
25041418
25041449
25041482
25041487
25041514
25041554
25041578
25041610
25041611
25041642
25041674
25041705
25041737
25041768
25041769
25041801
25041833
25041865
25041898
25041929
25041940
25041961
25041992
25042025
25042057
25042089
25042094
25042121
25042152
25042185
25042218
25042249
25042253
25042281
25042312
25042345
25042376
25042406
25042408
25042440
25042472
25042503
25042536
25042568
25042572
25042600
25042631
25042664
25042695
25042727
25042728
25042758
25042790
25042821
25042853
25042885
25042886
25042918
25042949
25042983
25043014
25043045
25043050
25043078
25043109
25043141
25043173
25043205
25043206
25043236
25043268
25043301
25043332
25043365
25043370
25043396
25043428
25043459
25043491
25043523
25043528
25043556
25043587
25043619
25043652
25043683
25043688
25043714
25043747
25043779
25043811
25043843
25043847
25043875
25043906
25043939
25043970
25044002
25044035
25044066
25044099
25044131
25044162
25044177
25044192
25044225
25044257
25044289
25044320
25044328
25044354
25044384
25044416
25044449
25044480
25044486
25044512
25044545
25044576
25044609
25044640
25044641
25044671
25044704
25044735
25044767
25044799
25044809
25044830
25044863
25044894
25044926
25044958
25044967
25044990
25045022
25045053
25045086
25045118
25045123
25045150
25045181
25045210
25045242
25045274
25045276
25045307
25045337
25045369
25045402
25045433
25045434
25045465
25045497
25045530
25045561
25045594
25045626
25045657
25045690
25045722
25045754
25045758
25045786
25045818
25045850
25045880
25045912
25045914
25045945
25045977
25046008
25046040
25046072
25046075
25046105
25046137
25046168
25046201
25046231
25046233
25046263
25046296
25046327
25046360
25046392
25046395
25046424
25046456
25046488
25046520
25046552
25046555
25046584
25046616
25046648
25046679
25046712
25046718
25046745
25046777
25046805
25046837
25046870
25046875
25046902
25046933
25046965
25046998
25047030
25047032
25047062
25047094
25047125
25047158
25047189
25047193
25047222
25047254
25047285
25047317
25047349
25047363
25047382
25047414
25047446
25047476
25047509
25047510
25047540
25047573
25047606
25047636
25047668
25047672
25047701
25047734
25047766
25047797
25047829
25047831
25047862
25047893
25047925
25047957
25047986
25047990
25048022
25048053
25048085
25048116
25048149
25048152
25048181
25048214
25048246
25048277
25048309
25048313
25048341
25048372
25048404
25048438
25048469
25048474
25048500
25048534
25048565
25048597
25048626
25048628
25048661
25048692
25048724
25048756
25048788
25048790
25048820
25048851
25048884
25048915
25048948
25048949
25048980
25049011
25049044
25049076
25049108
25049110
25049140
25049172
25049204
25049235
25049268
25049276
25049300
25049331
25049366
25049396
25049427
25049428
25049460
25049494
25049524
25049556
25049588
25049590
25049619
25049652
25049683
25049716
25049748
25049780
25049813
25049844
25049876
25049908
25049909
25049940
25049971
25050004
25050035
25050068
25050080
25050100
25050132
25050163
25050195
25050226
25050234
25050258
25050291
25050323
25050355
25050387
25050400
25050419
25050451
25050482
25050515
25050547
25050550
25050579
25050612
25050643
25050675
25050706
25050710
25050739
25050771
25050802
25050834
25050865
25050867
25050899
25050930
25050961
25050994
25051024
25051030
25051057
25051088
25051121
25051153
25051185
25051201
25051216
25051248
25051281
25051313
25051345
25051346
25051377
25051408
25051440
25051472
25051505
25051537
25051568
25051603
25051632
25051665
25051697
25051706
25051729
25051759
25051792
25051824
25051828
25051856
25051887
25051919
25051951
25051984
25051989
25052017
25052048
25052079
25052112
25052144
25052150
25052175
25052208
25052239
25052272
25052304
25052310
25052336
25052368
25052400
25052431
25052464
25052496
25052528
25052560
25052592
25052623
25052625
25052656
25052687
25052720
25052752
25052784
25052787
25052816
25052848
25052880
25052911
25052944
25052954
25052975
25053007
25053038
25053070
25053101
25053103
25053135
25053167
25053199
25053231
25053262
25053263
25053294
25053326
25053357
25053389
25053418
25053421
25053454
25053485
25053517
25053548
25053581
25053591
25053613
25053644
25053674
25053707
25053737
25053738
25053771
25053803
25053835
25053866
25053896
25053898
25053931
25053963
25053996
25054027
25054057
25054058
25054091
25054123
25054154
25054186
25054218
25054249
25054282
25054314
25054346
25054378
25054411
25054412
25054442
25054474
25054505
25054536
25054537
25054568
25054599
25054631
25054663
25054696
25054700
25054728
25054761
25054791
25054824
25054857
25054862
25054888
25054919
25054952
25054984
25055015
25055020
25055048
25055079
25055111
25055144
25055176
25055179
25055208
25055240
25055271
25055304
25055336
25055340
25055368
25055400
25055432
25055464
25055496
25055499
25055528
25055558
25055591
25055623
25055655
25055657
25055687
25055718
25055751
25055782
25055814
25055821
25055845
25055879
25055910
25055941
25055974
25056005
25056038
25056070
25056102
25056132
25056134
25056166
25056198
25056230
25056260
25056292
25056298
25056324
25056356
25056388
25056420
25056451
25056456
25056483
25056516
25056548
25056580
25056612
25056613
25056644
25056676
25056708
25056740
25056770
25056772
25056803
25056836
25056868
25056900
25056931
25056932
25056963
25056995
25057028
25057060
25057092
25057096
25057124
25057155
25057186
25057219
25057251
25057253
25057283
25057314
25057344
25057377
25057408
25057410
25057440
25057473
25057504
25057536
25057569
25057600
25057632
25057664
25057696
25057728
25057730
25057759
25057791
25057821
25057853
25057886
25057918
25057949
25057981
25058014
25058046
25058049
25058077
25058109
25058140
25058173
25058205
25058210
25058234
25058267
25058299
25058331
25058362
25058368
25058394
25058427
25058458
25058489
25058522
25058524
25058554
25058586
25058617
25058648
25058681
25058683
25058712
25058745
25058777
25058809
25058840
25058842
25058872
25058904
25058936
25058967
25059000
25059031
25059063
25059095
25059128
25059158
25059191
25059223
25059253
25059286
25059316
25059318
25059349
25059382
25059413
25059446
25059478
25059480
25059509
25059541
25059573
25059604
25059636
25059637
25059668
25059699
25059732
25059764
25059797
25059803
25059828
25059860
25059893
25059923
25059955
25059960
25059988
25060020
25060051
25060083
25060114
25060115
25060146
25060178
25060211
25060243
25060275
25060278
25060306
25060339
25060371
25060403
25060433
25060442
25060464
25060496
25060528
25060560
25060591
25060599
25060622
25060655
25060686
25060719
25060750
25060754
25060783
25060815
25060847
25060879
25060911
25060913
25060943
25060975
25061007
25061038
25061069
25061071
25061102
25061135
25061167
25061199
25061230
25061232
25061262
25061295
25061327
25061359
25061391
25061395
25061423
25061454
25061487
25061519
25061551
25061583
25061615
25061647
25061679
25061711
25061712
25061743
25061775
25061806
25061839
25061871
25061873
25061903
25061935
25061966
25061998
25062030
25062031
25062061
25062095
25062125
25062157
25062189
25062190
25062221
25062253
25062284
25062317
25062348
25062349
25062380
25062413
25062444
25062477
25062508
25062510
25062541
25062572
25062606
25062637
25062669
25062673
25062700
25062733
25062766
25062796
25062827
25062829
25062860
25062892
25062923
25062957
25062988
25063002
25063020
25063051
25063085
25063116
25063147
25063149
25063179
25063212
25063242
25063274
25063304
25063309
25063338
25063368
25063402
25063433
25063465
25063479
25063496
25063528
25063561
25063593
25063625
25063627
25063656
25063688
25063721
25063753
25063784
25063788
25063817
25063849
25063879
25063912
25063943
25063946
25063976
25064008
25064039
25064072
25064102
25064108
25064133
25064165
25064195
25064227
25064259
25064275
25064290
25064322
25064356
25064387
25064418
25064421
25064451
25064483
25064515
25064545
25064578
25064609
25064641
25064674
25064705
25064738
25064742
25064769
25064802
25064833
25064866
25064898
25064901
25064929
25064960
25064993
25065025
25065057
25065088
25065120
25065152
25065184
25065216
25065218
25065247
25065279
25065312
25065343
25065372
25065376
25065408
25065441
25065471
25065504
25065536
25065568
25065600
25065633
25065664
25065675
25065696
25065706
25065728
25065760
25065793
25065822
25065852
25065862
25065885
25065917
25065949
25065980
25066013
25066024
25066045
25066078
25066109
25066140
25066173
25066204
25066209
25066238
25066268
25066301
25066334
25066339
25066365
25066397
25066430
25066461
25066491
25066493
25066525
25066555
25066587
25066619
25066650
25066652
25066680
25066713
25066745
25066777
25066809
25066810
25066841
25066873
25066904
25066936
25066969
25066972
25067000
25067033
25067064
25067096
25067129
25067134
25067160
25067192
25067223
25067254
25067287
25067295
25067319
25067351
25067383
25067415
25067447
25067459
25067478
25067510
25067542
25067575
25067607
25067609
25067638
25067670
25067704
25067734
25067766
25067769
25067798
25067829
25067862
25067894
25067925
25067926
25067956
25067989
25068020
25068052
25068085
25068086
25068117
25068149
25068179
25068212
25068245
25068250
25068274
25068307
25068338
25068371
25068402
25068422
25068434
25068470
25068498
25068531
25068564
25068566
25068595
25068627
25068659
25068692
25068723
25068724
25068755
25068788
25068819
25068851
25068883
25068915
25068947
25068978
25069010
25069042
25069054
25069074
25069106
25069137
25069168
25069201
25069206
25069233
25069265
25069296
25069328
25069360
25069364
25069392
25069425
25069455
25069487
25069518
25069520
25069551
25069583
25069615
25069646
25069677
25069680
25069710
25069741
25069772
25069804
25069838
25069869
25069902
25069933
25069965
25069997
25070000
25070028
25070059
25070091
25070122
25070155
25070160
25070187
25070218
25070251
25070282
25070314
25070319
25070347
25070379
25070411
25070443
25070473
25070476
25070505
25070537
25070570
25070601
25070634
25070636
25070664
25070695
25070728
25070759
25070791
25070795
25070824
25070856
25070888
25070920
25070952
25070983
25071016
25071048
25071080
25071112
25071113
25071143
25071176
25071207
25071239
25071272
25071303
25071336
25071368
25071399
25071431
25071432
25071464
25071495
25071527
25071558
25071590
25071592
25071621
25071654
25071686
25071717
25071749
25071782
25071813
25071845
25071877
25071908
25071911
25071941
25071973
25072004
25072035
25072067
25072072
25072098
25072131
25072162
25072195
25072225
25072226
25072258
25072290
25072320
25072352
25072384
25072388
25072415
25072448
25072480
25072512
25072541
25072544
25072576
25072608
25072640
25072672
25072701
25072705
25072734
25072766
25072797
25072830
25072860
25072863
25072893
25072924
25072957
25072988
25073020
25073028
25073053
25073084
25073117
25073149
25073180
25073183
25073212
25073245
25073277
25073308
25073340
25073343
25073371
25073403
25073437
25073467
25073500
25073501
25073531
25073563
25073595
25073628
25073660
25073664
25073693
25073723
25073758
25073788
25073820
25073828
25073851
25073884
25073915
25073948
25073977
25073980
25074012
25074042
25074074
25074106
25074136
25074139
25074169
25074201
25074232
25074264
25074296
25074328
25074360
25074392
25074424
25074453
25074456
25074487
25074519
25074551
25074583
25074615
25074647
25074679
25074710
25074742
25074775
25074776
25074806
25074839
25074870
25074900
25074931
25074933
25074964
25074997
25075028
25075061
25075093
25075095
25075125
25075157
25075189
25075220
25075251
25075255
25075284
25075316
25075347
25075380
25075411
25075412
25075444
25075475
25075508
25075540
25075569
25075571
25075603
25075636
25075668
25075700
25075731
25075735
25075762
25075793
25075826
25075858
25075890
25075893
25075922
25075954
25075985
25076018
25076049
25076050
25076082
25076113
25076144
25076177
25076209
25076211
25076241
25076272
25076304
25076337
25076369
25076401
25076433
25076465
25076497
25076529
25076530
25076560
25076592
25076623
25076655
25076685
25076687
25076719
25076750
25076783
25076814
25076847
25076848
25076880
25076910
25076942
25076975
25077007
25077008
25077038
25077070
25077103
25077135
25077167
25077198
25077231
25077263
25077294
25077326
25077327
25077359
25077391
25077422
25077453
25077486
25077500
25077518
25077550
25077582
25077613
25077646
25077651
25077678
25077710
25077742
25077777
25077806
25077809
25077837
25077870
25077902
25077934
25077965
25077967
25077998
25078030
25078062
25078093
25078126
25078127
25078158
25078190
25078221
25078253
25078286
25078316
25078348
25078379
25078412
25078445
25078446
25078475
25078508
25078540
25078571
25078604
25078607
25078636
25078668
25078700
25078731
25078764
25078771
25078794
25078826
25078858
25078892
25078923
25078928
25078955
25078987
25079018
25079051
25079081
25079083
25079112
25079145
25079177
25079208
25079239
25079240
25079271
25079303
25079336
25079367
25079399
25079406
25079431
25079463
25079495
25079526
25079558
25079559
25079591
25079622
25079654
25079686
25079718
25079719
25079750
25079782
25079814
25079845
25079874
25079878
25079910
25079941
25079974
25080005
25080037
25080069
25080101
25080133
25080164
25080196
25080197
25080228
25080259
25080292
25080324
25080356
25080358
25080388
25080419
25080451
25080484
25080514
25080515
25080546
25080579
25080612
25080645
25080675
25080678
25080706
25080738
25080770
25080801
25080834
25080866
25080898
25080930
25080961
25080992
25080994
25081026
25081058
25081090
25081121
25081154
25081155
25081186
25081218
25081249
25081282
25081313
25081314
25081346
25081378
25081409
25081442
25081473
25081479
25081503
25081535
25081568
25081600
25081632
25081633
25081664
25081695
25081727
25081760
25081792
25081824
25081856
25081888
25081919
25081951
25081952
25081984
25082015
25082048
25082080
25082112
25082121
25082144
25082176
25082208
25082239
25082272
25082274
25082303
25082336
25082368
25082400
25082432
25082434
25082464
25082495
25082528
25082559
25082592
25082598
25082624
25082656
25082688
25082719
25082750
25082755
25082783
25082814
25082847
25082879
25082910
25082925
25082942
25082976
25083005
25083038
25083069
25083073
25083101
25083134
25083165
25083198
25083228
25083229
25083262
25083293
25083326
25083356
25083387
25083388
25083421
25083452
25083484
25083516
25083549
25083555
25083581
25083613
25083647
25083676
25083710
25083721
25083740
25083773
25083804
25083836
25083869
25083871
25083901
25083933
25083964
25083997
25084029
25084034
25084062
25084093
25084125
25084157
25084189
25084191
25084220
25084252
25084285
25084316
25084350
25084382
25084413
25084446
25084476
25084508
25084540
25084572
25084603
25084635
25084668
25084669
25084699
25084731
25084763
25084796
25084825
25084828
25084860
25084891
25084923
25084955
25084987
25084993
25085019
25085050
25085083
25085114
25085146
25085151
25085178
25085210
25085242
25085274
25085307
25085337
25085368
25085399
25085432
25085464
25085466
25085497
25085527
25085558
25085591
25085623
25085624
25085655
25085686
25085718
25085750
25085780
25085782
25085814
25085846
25085877
25085908
25085940
25085973
25086005
25086036
25086069
25086098
25086101
25086133
25086165
25086196
25086233
25086261
25086270
25086291
25086324
25086355
25086387
25086419
25086423
25086451
25086483
25086514
25086546
25086577
25086581
25086610
25086642
25086675
25086706
25086738
25086742
25086769
25086801
25086832
25086865
25086896
25086927
25086959
25086990
25087022
25087054
25087055
25087086
25087119
25087150
25087182
25087214
25087215
25087244
25087277
25087309
25087340
25087373
25087379
25087405
25087435
25087468
25087498
25087530
25087535
25087563
25087595
25087626
25087658
25087690
25087692
25087722
25087754
25087786
25087817
25087849
25087852
25087880
25087912
25087944
25087976
25088007
25088011
25088040
25088071
25088104
25088135
25088166
25088197
25088230
25088262
25088293
25088326
25088357
25088389
25088419
25088451
25088480
25088482
25088514
25088547
25088578
25088610
25088642
25088644
25088675
25088707
25088738
25088768
25088801
25088804
25088832
25088863
25088896
25088925
25088957
25088990
25089020
25089053
25089084
25089116
25089149
25089180
25089212
25089243
25089275
25089305
25089338
25089370
25089402
25089434
25089465
25089497
25089526
25089559
25089591
25089594
25089622
25089623
25089648
25089654
25089674
25089687
25089719
25089750
25089753
25089783
25089815
25089847
25089880
25089910
25089911
25089942
25089975
25090007
25090039
25090070
25090071
25090102
25090134
25090165
25090198
25090228
25090229
25090262
25090294
25090325
25090357
25090389
25090392
25090421
25090452
25090484
25090516
25090548
25090552
25090580
25090610
25090642
25090674
25090705
25090706
25090736
25090769
25090800
25090833
25090864
25090866
25090896
25090929
25090961
25090993
25091025
25091027
25091057
25091089
25091122
25091153
25091184
25091186
25091215
25091247
25091280
25091312
25091343
25091345
25091375
25091406
25091439
25091471
25091503
25091507
25091535
25091567
25091599
25091631
25091663
25091694
25091726
25091758
25091790
25091821
25091823
25091853
25091886
25091918
25091948
25091980
25091995
25092013
25092045
25092077
25092109
25092141
25092152
25092173
25092204
25092236
25092269
25092301
25092303
25092332
25092365
25092397
25092429
25092461
25092471
25092491
25092524
25092555
25092588
25092619
25092624
25092652
25092683
25092715
25092748
25092780
25092802
25092812
25092844
25092876
25092908
25092940
25092942
25092972
25093004
25093036
25093068
25093100
25093105
25093131
25093163
25093196
25093227
25093260
25093273
25093292
25093324
25093356
25093387
25093419
25093433
25093452
25093483
25093515
25093547
25093580
25093612
25093643
25093677
25093708
25093740
25093750
25093771
25093803
25093836
25093868
25093899
25093900
25093932
25093964
25093995
25094025
25094057
25094058
25094089
25094121
25094153
25094186
25094215
25094217
25094247
25094279
25094312
25094344
25094376
25094380
25094408
25094440
25094472
25094505
25094536
25094540
25094568
25094599
25094630
25094663
25094695
25094703
25094727
25094759
25094790
25094823
25094854
25094856
25094887
25094919
25094950
25094982
25095012
25095014
25095046
25095078
25095110
25095142
25095174
25095206
25095238
25095270
25095301
25095333
25095334
25095365
25095396
25095427
25095459
25095491
25095524
25095555
25095588
25095620
25095652
25095654
25095684
25095715
25095747
25095780
25095810
25095813
25095843
25095876
25095908
25095941
25095972
25095975
25096004
25096036
25096068
25096100
25096128
25096130
25096161
25096193
25096224
25096257
25096289
25096320
25096351
25096384
25096416
25096445
25096448
25096479
25096512
25096543
25096576
25096605
25096608
25096639
25096670
25096702
25096734
25096766
25096767
25096798
25096830
25096862
25096894
25096926
25096931
25096958
25096990
25097022
25097053
25097084
25097085
25097117
25097148
25097180
25097213
25097243
25097244
25097276
25097307
25097341
25097371
25097403
25097436
25097468
25097500
25097532
25097564
25097565
25097596
25097627
25097658
25097689
25097722
25097725
25097753
25097785
25097817
25097849
25097881
25097883
25097913
25097945
25097977
25098008
25098040
25098041
25098072
25098103
25098136
25098168
25098199
25098202
25098231
25098263
25098294
25098326
25098357
25098390
25098421
25098453
25098484
25098515
25098518
25098547
25098579
25098611
25098643
25098674
25098675
25098708
25098739
25098771
25098803
25098835
25098847
25098867
25098899
25098931
25098963
25098994
25098995
25099027
25099058
25099091
25099123
25099154
25099159
25099186
25099219
25099250
25099283
25099314
25099318
25099347
25099379
25099410
25099443
25099474
25099475
25099507
25099539
25099569
25099602
25099633
25099665
25099698
25099730
25099762
25099793
25099795
25099826
25099858
25099890
25099922
25099953
25099954
25099985
25100018
25100050
25100081
25100114
25100121
25100147
25100178
25100210
25100240
25100273
25100304
25100336
25100368
25100400
25100432
25100433
25100464
25100496
25100527
25100560
25100591
25100598
25100623
25100655
25100688
25100721
25100751
25100759
25100782
25100815
25100846
25100879
25100911
25100919
25100943
25100975
25101007
25101039
25101071
25101075
25101103
25101135
25101166
25101199
25101230
25101238
25101263
25101295
25101327
25101358
25101390
25101391
25101421
25101454
25101486
25101517
25101549
25101550
25101582
25101614
25101645
25101679
25101710
25101714
25101742
25101773
25101806
25101838
25101870
25101872
25101902
25101934
25101965
25101997
25102030
25102032
25102062
25102093
25102126
25102157
25102190
25102222
25102254
25102286
25102318
25102349
25102352
25102382
25102414
25102444
25102476
25102507
25102508
25102540
25102573
25102605
25102637
25102668
25102669
25102701
25102733
25102766
25102797
25102829
25102830
25102860
25102893
25102925
25102957
25102989
25102996
25103020
25103053
25103085
25103117
25103148
25103151
25103180
25103212
25103245
25103276
25103309
25103341
25103371
25103404
25103436
25103467
25103468
25103500
25103532
25103564
25103595
25103627
25103628
25103659
25103691
25103723
25103754
25103786
25103792
25103819
25103851
25103883
25103915
25103945
25103952
25103978
25104009
25104041
25104074
25104104
25104106
25104136
25104169
25104201
25104233
25104262
25104265
25104297
25104327
25104359
25104391
25104422
25104428
25104455
25104487
25104519
25104551
25104583
25104592
25104614
25104647
25104679
25104711
25104743
25104747
25104774
25104806
25104839
25104870
25104902
25104904
25104935
25104967
25104998
25105030
25105063
25105068
25105095
25105127
25105159
25105191
25105221
25105223
25105253
25105286
25105318
25105350
25105381
25105382
25105414
25105447
25105477
25105510
25105540
25105543
25105573
25105606
25105637
25105669
25105701
25105733
25105764
25105797
25105827
25105860
25105893
25105924
25105956
25105987
25106021
25106024
25106051
25106084
25106115
25106147
25106182
25106187
25106212
25106244
25106276
25106308
25106339
25106340
25106372
25106405
25106436
25106468
25106501
25106531
25106564
25106595
25106628
25106659
25106665
25106691
25106722
25106755
25106786
25106818
25106850
25106882
25106914
25106945
25106977
25106979
25107010
25107042
25107074
25107105
25107137
25107142
25107169
25107202
25107234
25107265
25107297
25107299
25107329
25107360
25107393
25107425
25107456
25107489
25107519
25107551
25107583
25107613
25107614
25107647
25107678
25107711
25107742
25107775
25107776
25107807
25107838
25107870
25107902
25107934
25107965
25107997
25108029
25108061
25108093
25108101
25108124
25108156
25108188
25108220
25108253
25108257
25108284
25108316
25108348
25108380
25108412
25108413
25108445
25108477
25108509
25108542
25108572
25108574
25108604
25108637
25108668
25108700
25108732
25108734
25108764
25108796
25108827
25108860
25108891
25108900
25108924
25108956
25108988
25109019
25109050
25109051
25109083
25109114
25109147
25109179
25109211
25109214
25109242
25109275
25109306
25109338
25109371
25109375
25109403
25109435
25109466
25109499
25109531
25109532
25109563
25109595
25109627
25109661
25109690
25109694
25109723
25109755
25109786
25109819
25109851
25109852
25109883
25109914
25109946
25109978
25110010
25110011
25110042
25110076
25110106
25110138
25110170
25110202
25110235
25110266
25110298
25110329
25110333
25110363
25110394
25110425
25110458
25110489
25110491
25110522
25110553
25110585
25110616
25110649
25110654
25110681
25110713
25110745
25110777
25110808
25110816
25110842
25110873
25110904
25110936
25110969
25110970
25111001
25111032
25111064
25111097
25111129
25111131
25111161
25111193
25111224
25111255
25111287
25111320
25111351
25111383
25111416
25111445
25111448
25111480
25111512
25111543
25111576
25111608
25111640
25111672
25111704
25111737
25111768
25111769
25111799
25111832
25111865
25111895
25111927
25111931
25111959
25111989
25112022
25112054
25112086
25112094
25112118
25112150
25112182
25112213
25112245
25112246
25112278
25112310
25112342
25112374
25112407
25112437
25112469
25112502
25112534
25112565
25112597
25112629
25112661
25112692
25112724
25112732
25112757
25112789
25112820
25112853
25112885
25112886
25112917
25112949
25112980
25113013
25113042
25113045
25113076
25113109
25113140
25113170
25113202
25113208
25113232
25113265
25113295
25113326
25113357
25113363
25113390
25113422
25113454
25113486
25113518
25113520
25113549
25113581
25113612
25113645
25113676
25113687
25113708
25113738
25113771
25113802
25113834
25113866
25113898
25113930
25113963
25113994
25113998
25114025
25114058
25114089
25114122
25114151
25114153
25114185
25114217
25114250
25114282
25114314
25114318
25114346
25114377
25114409
25114441
25114474
25114506
25114538
25114570
25114602
25114634
25114639
25114665
25114697
25114729
25114761
25114792
25114794
25114826
25114856
25114889
25114920
25114951
25114955
25114983
25115016
25115048
25115080
25115112
25115124
25115144
25115175
25115208
25115239
25115273
25115274
25115304
25115336
25115368
25115399
25115432
25115433
25115464
25115496
25115527
25115559
25115591
25115596
25115623
25115654
25115686
25115719
25115750
25115751
25115784
25115815
25115847
25115879
25115911
25115942
25115975
25116007
25116038
25116071
25116072
25116102
25116132
25116163
25116196
25116225
25116228
25116260
25116292
25116324
25116356
25116388
25116393
25116418
25116450
25116482
25116514
25116544
25116546
25116578
25116610
25116641
25116673
25116705
25116706
25116738
25116770
25116803
25116834
25116866
25116869
25116898
25116930
25116961
25116994
25117026
25117028
25117057
25117090
25117122
25117153
25117185
25117186
25117217
25117249
25117281
25117312
25117345
25117377
25117408
25117440
25117473
25117505
25117507
25117536
25117569
25117601
25117633
25117664
25117697
25117729
25117760
25117793
25117824
25117828
25117856
25117888
25117920
25117953
25117984
25117989
25118016
25118048
25118081
25118113
25118144
25118176
25118208
25118241
25118277
25118304
25118318
25118337
25118369
25118401
25118433
25118466
25118477
25118497
25118529
25118561
25118592
25118622
25118625
25118656
25118688
25118720
25118752
25118784
25118785
25118815
25118848
25118880
25118912
25118943
25118946
25118976
25119008
25119040
25119072
25119104
25119111
25119135
25119168
25119200
25119232
25119264
25119271
25119296
25119327
25119359
25119391
25119423
25119426
25119455
25119487
25119517
25119550
25119581
25119585
25119613
25119646
25119678
25119710
25119742
25119744
25119773
25119805
25119837
25119870
25119901
25119906
25119933
25119966
25119997
25120030
25120061
25120064
25120094
25120125
25120157
25120189
25120222
25120224
25120254
25120286
25120318
25120349
25120381
25120382
25120413
25120445
25120477
25120509
25120541
25120544
25120573
25120604
25120636
25120667
25120699
25120704
25120731
25120763
25120794
25120826
25120857
25120862
25120889
25120922
25120955
25120986
25121017
25121033
25121049
25121081
25121113
25121145
25121176
25121210
25121240
25121272
25121304
25121335
25121338
25121368
25121400
25121432
25121464
25121495
25121496
25121528
25121559
25121592
25121622
25121654
25121685
25121717
25121750
25121782
25121814
25121827
25121845
25121878
25121909
25121942
25121973
25121985
25122005
25122038
25122070
25122103
25122133
25122139
25122166
25122197
25122228
25122261
25122292
25122299
25122325
25122356
25122389
25122420
25122453
25122485
25122516
25122549
25122580
25122613
25122620
25122645
25122677
25122709
25122741
25122773
25122775
25122804
25122837
25122870
25122902
25122933
25122934
25122965
25122996
25123029
25123062
25123094
25123095
25123124
25123157
25123188
25123220
25123252
25123272
25123283
25123315
25123347
25123379
25123411
25123412
25123443
25123476
25123506
25123539
25123568
25123571
25123602
25123634
25123668
25123699
25123729
25123731
25123763
25123795
25123827
25123859
25123891
25123922
25123954
25123987
25124019
25124050
25124065
25124082
25124115
25124146
25124178
25124209
25124211
25124242
25124274
25124305
25124337
25124368
25124371
25124401
25124433
25124465
25124497
25124528
25124531
25124561
25124592
25124623
25124655
25124686
25124687
25124719
25124751
25124782
25124815
25124847
25124852
25124879
25124910
25124942
25124973
25125006
25125011
25125038
25125070
25125102
25125133
25125166
25125168
25125196
25125229
25125261
25125293
25125324
25125326
25125355
25125387
25125419
25125451
25125481
25125483
25125514
25125546
25125579
25125610
25125640
25125644
25125673
25125705
25125736
25125768
25125800
25125805
25125832
25125863
25125895
25125927
25125958
25125990
25126021
25126053
25126086
25126117
25126150
25126182
25126214
25126245
25126277
25126307
25126339
25126372
25126404
25126436
25126467
25126499
25126531
25126552
25126562
25126573
25126576
25126589
25126595
25126608
25126613
25126627
25126641
25126659
25126673
25126689
25126722
25126753
25126785
25126817
25126830
25126850
25126882
25126913
25126946
25126977
25126996
25127009
25127042
25127074
25127106
25127137
25127150
25127170
25127202
25127234
25127266
25127298
25127310
25127330
25127362
25127394
25127425
25127458
25127490
25127521
25127553
25127586
25127617
25127650
25127662
25127681
25127683
25127714
25127746
25127748
25127778
25127810
25127841
25127874
25127905
25127908
25127938
25127970
25128002
25128034
25128066
25128068
25128098
25128130
25128161
25128194
25128226
25128228
25128258
25128289
25128322
25128354
25128384
25128386
25128418
25128450
25128482
25128514
25128546
25128547
25128578
25128610
25128642
25128674
25128705
25128737
25128769
25128802
25128834
25128866
25128868
25128897
25128930
25128963
25128993
25129025
25129033
25129057
25129089
25129121
25129153
25129184
25129186
25129217
25129249
25129281
25129313
25129344
25129345
25129377
25129409
25129440
25129473
25129503
25129505
25129537
25129568
25129601
25129634
25129665
25129666
25129696
25129729
25129761
25129792
25129824
25129830
25129856
25129887
25129919
25129952
25129984
25129985
25130015
25130049
25130080
25130110
25130142
25130154
25130174
25130206
25130239
25130271
25130303
25130312
25130335
25130366
25130398
25130430
25130460
25130462
25130494
25130526
25130557
25130588
25130620
25130624
25130652
25130684
25130716
25130748
25130779
25130780
25130811
25130844
25130877
25130908
25130939
25130947
25130971
25131003
25131035
25131067
25131099
25131100
25131131
25131163
25131195
25131227
25131257
25131259
25131291
25131323
25131355
25131387
25131419
25131420
25131451
25131482
25131514
25131545
25131577
25131579
25131609
25131642
25131673
25131706
25131738
25131741
25131770
25131801
25131834
25131866
25131898
25131900
25131930
25131962
25131994
25132025
25132057
25132060
25132089
25132121
25132154
25132186
25132217
25132220
25132249
25132282
25132314
25132346
25132377
25132380
25132409
25132440
25132475
25132504
25132536
25132568
25132601
25132631
25132664
25132692
25132695
25132727
25132760
25132791
25132824
25132855
25132856
25132886
25132919
25132951
25132982
25133015
25133018
25133047
25133078
25133111
25133142
25133174
25133180
25133206
25133239
25133271
25133302
25133334
25133366
25133398
25133429
25133460
25133492
25133493
25133524
25133556
25133587
25133619
25133651
25133662
25133682
25133714
25133747
25133780
25133810
25133815
25133842
25133875
25133907
25133938
25133971
25133972
25134003
25134035
25134067
25134098
25134130
25134131
25134163
25134195
25134226
25134257
25134288
25134294
25134321
25134352
25134385
25134416
25134448
25134456
25134481
25134512
25134544
25134578
25134610
25134612
25134641
25134673
25134704
25134737
25134769
25134770
25134801
25134833
25134865
25134897
25134927
25134929
25134961
25134993
25135025
25135057
25135086
25135088
25135121
25135153
25135185
25135217
25135248
25135249
25135280
25135312
25135344
25135377
25135408
25135412
25135441
25135471
25135504
25135536
25135568
25135569
25135599
25135632
25135663
25135694
25135726
25135728
25135757
25135790
25135821
25135854
25135884
25135885
25135918
25135949
25135981
25136012
25136044
25136049
25136076
25136108
25136139
25136172
25136202
25136203
25136236
25136268
25136300
25136332
25136364
25136368
25136396
25136428
25136459
25136492
25136524
25136529
25136557
25136588
25136620
25136652
25136683
25136686
25136715
25136747
25136779
25136811
25136843
25136874
25136907
25136938
25136969
25137002
25137006
25137034
25137065
25137098
25137130
25137162
25137174
25137194
25137226
25137258
25137290
25137322
25137354
25137386
25137417
25137450
25137481
25137508
25137513
25137545
25137577
25137608
25137641
25137644
25137671
25137704
25137736
25137768
25137800
25137803
25137831
25137863
25137896
25137928
25137960
25137963
25137992
25138023
25138056
25138088
25138119
25138123
25138152
25138184
25138215
25138248
25138279
25138280
25138312
25138343
25138375
25138406
25138436
25138439
25138471
25138502
25138535
25138567
25138599
25138603
25138631
25138663
25138695
25138727
25138758
25138789
25138822
25138854
25138885
25138917
25138932
25138948
25138981
25139012
25139044
25139077
25139079
25139109
25139141
25139172
25139205
25139237
25139269
25139272
25139298
25139331
25139362
25139394
25139404
25139426
25139458
25139490
25139522
25139552
25139554
25139586
25139618
25139650
25139681
25139713
25139722
25139745
25139776
25139809
25139841
25139872
25139873
25139903
25139935
25139968
25140000
25140031
25140041
25140062
25140093
25140125
25140156
25140188
25140195
25140222
25140252
25140284
25140315
25140346
25140356
25140378
25140411
25140442
25140474
25140507
25140521
25140539
25140570
25140602
25140634
25140666
25140667
25140697
25140729
25140759
25140792
25140824
25140827
25140855
25140888
25140919
25140952
25140982
25140997
25141013
25141045
25141077
25141110
25141142
25141154
25141174
25141205
25141236
25141269
25141300
25141303
25141332
25141364
25141397
25141429
25141461
25141464
25141492
25141524
25141556
25141589
25141620
25141623
25141652
25141685
25141718
25141748
25141781
25141782
25141813
25141844
25141877
25141909
25141940
25141945
25141974
25142004
25142036
25142068
25142100
25142102
25142132
25142165
25142195
25142227
25142260
25142292
25142323
25142355
25142388
25142419
25142423
25142451
25142484
25142516
25142548
25142580
25142583
25142612
25142643
25142676
25142708
25142740
25142743
25142772
25142804
25142836
25142867
25142900
25142901
25142931
25142963
25142996
25143028
25143060
25143070
25143091
25143123
25143154
25143186
25143219
25143221
25143251
25143282
25143315
25143347
25143379
25143381
25143411
25143443
25143475
25143507
25143538
25143542
25143570
25143603
25143634
25143666
25143699
25143731
25143762
25143794
25143827
25143858
25143866
25143891
25143922
25143955
25143987
25144019
25144022
25144050
25144083
25144114
25144146
25144177
25144179
25144210
25144242
25144273
25144305
25144337
25144363
25144369
25144400
25144433
25144464
25144497
25144502
25144528
25144561
25144593
25144625
25144657
25144667
25144689
25144721
25144753
25144784
25144817
25144820
25144849
25144881
25144913
25144944
25144976
25144979
25145009
25145041
25145073
25145104
25145137
25145168
25145199
25145230
25145246
25145262
25145295
25145308
25145326
25145358
25145391
25145421
25145453
25145467
25145485
25145517
25145550
25145582
25145614
25145622
25145646
25145678
25145709
25145742
25145773
25145803
25145805
25145838
25145870
25145902
25145933
25145948
25145964
25145996
25146028
25146060
25146093
25146107
25146123
25146155
25146187
25146220
25146252
25146254
25146284
25146315
25146348
25146379
25146412
25146418
25146444
25146475
25146507
25146540
25146571
25146574
25146603
25146635
25146665
25146698
25146727
25146730
25146762
25146794
25146826
25146858
25146890
25146897
25146922
25146953
25146985
25147018
25147050
25147051
25147082
25147114
25147146
25147178
25147210
25147241
25147273
25147306
25147338
25147369
25147373
25147401
25147434
25147465
25147497
25147529
25147535
25147560
25147591
25147623
25147655
25147687
25147705
25147719
25147751
25147781
25147814
25147846
25147853
25147878
25147910
25147942
25147974
25148006
25148008
25148037
25148070
25148102
25148134
25148165
25148169
25148196
25148229
25148262
25148293
25148324
25148325
25148357
25148388
25148421
25148453
25148485
25148494
25148517
25148548
25148579
25148610
25148642
25148645
25148675
25148707
25148739
25148771
25148803
25148807
25148835
25148867
25148898
25148931
25148963
25148971
25148995
25149027
25149058
25149091
25149123
25149143
25149154
25149186
25149219
25149250
25149283
25149292
25149314
25149346
25149378
25149409
25149442
25149474
25149505
25149536
25149567
25149599
25149620
25149630
25149663
25149695
25149726
25149758
25149764
25149790
25149822
25149854
25149885
25149917
25149920
25149948
25149980
25150012
25150046
25150076
25150081
25150107
25150141
25150172
25150203
25150236
25150239
25150268
25150299
25150331
25150363
25150395
25150407
25150427
25150459
25150491
25150523
25150554
25150571
25150587
25150619
25150651
25150684
25150714
25150719
25150748
25150779
25150811
25150843
25150875
25150879
25150906
25150939
25150970
25151003
25151034
25151056
25151067
25151099
25151130
25151163
25151195
25151216
25151227
25151258
25151291
25151323
25151354
25151362
25151386
25151419
25151451
25151482
25151514
25151525
25151546
25151577
25151609
25151641
25151672
25151678
25151705
25151737
25151769
25151801
25151833
25151851
25151864
25151897
25151929
25151960
25151992
25152005
25152024
25152055
25152087
25152118
25152150
25152158
25152182
25152214
25152246
25152277
25152309
25152314
25152341
25152374
25152405
25152437
25152468
25152501
25152532
25152563
25152595
25152627
25152656
25152659
25152691
25152723
25152756
25152786
25152790
25152818
25152850
25152883
25152916
25152947
25152957
25152979
25153011
25153042
25153074
25153105
25153109
25153137
25153168
25153200
25153231
25153264
25153271
25153296
25153328
25153360
25153391
25153423
25153455
25153487
25153519
25153551
25153583
25153587
25153615
25153647
25153679
25153711
25153742
25153756
25153775
25153807
25153838
25153870
25153902
25153924
25153935
25153967
25153999
25154030
25154062
25154064
25154095
25154126
25154158
25154190
25154222
25154224
25154253
25154286
25154318
25154349
25154382
25154402
25154414
25154447
25154478
25154510
25154541
25154546
25154573
25154605
25154637
25154669
25154700
25154704
25154733
25154765
25154796
25154828
25154860
25154866
25154893
25154925
25154956
25154989
25155021
25155023
25155053
25155085
25155117
25155149
25155181
25155185
25155211
25155243
25155275
25155307
25155339
25155347
25155370
25155403
25155434
25155466
25155499
25155531
25155563
25155594
25155627
25155659
25155661
25155691
25155723
25155755
25155787
25155819
25155830
25155850
25155883
25155915
25155947
25155978
25155991
25156011
25156043
25156074
25156106
25156138
25156147
25156169
25156200
25156232
25156264
25156296
25156298
25156327
25156360
25156392
25156423
25156456
25156460
25156487
25156519
25156551
25156582
25156615
25156636
25156647
25156679
25156711
25156743
25156774
25156784
25156807
25156838
25156870
25156902
25156934
25156953
25156965
25156997
25157030
25157062
25157094
25157096
25157125
25157158
25157189
25157220
25157253
25157260
25157285
25157316
25157349
25157381
25157412
25157413
25157444
25157478
25157509
25157541
25157570
25157573
25157604
25157637
25157668
25157701
25157733
25157734
25157765
25157797
25157830
25157861
25157893
25157904
25157925
25157956
25157988
25158021
25158053
25158079
25158084
25158117
25158147
25158179
25158212
25158244
25158275
25158308
25158339
25158372
25158403
25158405
25158435
25158466
25158498
25158530
25158534
25158561
25158594
25158626
25158658
25158689
25158700
25158721
25158752
25158785
25158816
25158849
25158854
25158880
25158911
25158943
25158975
25159007
25159022
25159039
25159069
25159102
25159134
25159166
25159173
25159197
25159230
25159262
25159294
25159325
25159344
25159356
25159388
25159421
25159452
25159485
25159490
25159517
25159547
25159581
25159611
25159644
25159647
25159675
25159707
25159739
25159771
25159802
25159804
25159836
25159867
25159897
25159930
25159960
25159964
25159993
25160025
25160056
25160089
25160120
25160138
25160152
25160184
25160216
25160248
25160279
25160311
25160312
25160343
25160374
25160417
25160439
25160454
25160471
25160503
25160536
25160566
25160599
25160617
25160631
25160663
25160694
25160725
25160758
25160763
25160790
25160821
25160853
25160886
25160919
25160920
25160950
25160982
25161014
25161046
25161077
25161078
25161110
25161141
25161174
25161207
25161238
25161249
25161270
25161302
25161334
25161366
25161398
25161403
25161429
25161460
25161493
25161526
25161557
25161578
25161589
25161622
25161652
25161684
25161718
25161734
25161749
25161781
25161813
25161845
25161877
25161910
25161940
25161972
25162004
25162035
25162044
25162066
25162099
25162130
25162163
25162195
25162202
25162227
25162258
25162291
25162323
25162352
25162355
25162387
25162419
25162450
25162483
25162514
25162519
25162547
25162578
25162610
25162643
25162674
25162675
25162706
25162739
25162771
25162801
25162834
25162855
25162866
25162897
25162929
25162960
25162991
25163024
25163056
25163088
25163120
25163151
25163153
25163183
25163215
25163248
25163279
25163312
25163318
25163343
25163375
25163407
25163438
25163471
25163503
25163535
25163567
25163599
25163631
25163632
25163663
25163694
25163727
25163759
25163790
25163791
25163823
25163854
25163886
25163919
25163952
25163963
25163982
25164014
25164047
25164079
25164111
25164115
25164141
25164174
25164206
25164237
25164269
25164285
25164301
25164333
25164364
25164397
25164429
25164437
25164461
25164493
25164525
25164557
25164589
25164597
25164621
25164653
25164685
25164717
25164749
25164760
25164780
25164812
25164845
25164877
25164909
25164910
25164940
25164973
25165005
25165037
25165069
25165074
25165101
25165133
25165165
25165196
25165229
25165231
25165259
25165292
25165324
25165356
25165387
25165388
25165420
25165452
25165483
25165516
25165548
25165564
25165579
25165612
25165643
25165676
25165708
25165713
25165740
25165771
25165803
25165834
25165867
25165899
25165902
25165930
25165961
25165993
25166026
25166035
25166057
25166087
25166121
25166151
25166184
25166201
25166217
25166247
25166279
25166311
25166343
25166366
25166374
25166407
25166439
25166471
25166500
25166503
25166535
25166566
25166598
25166630
25166662
25166672
25166693
25166726
25166758
25166790
25166820
25166825
25166851
25166883
25166914
25166946
25166978
25166993
25167010
25167042
25167073
25167106
25167138
25167142
25167169
25167202
25167232
25167265
25167297
25167298
25167329
25167360
25167393
25167424
25167456
25167476
25167488
25167521
25167553
25167585
25167617
25167620
25167648
25167681
25167713
25167745
25167777
25167782
25167808
25167839
25167872
25167903
25167936
25167954
25167968
25168001
25168031
25168063
25168095
25168115
25168127
25168159
25168191
25168223
25168252
25168255
25168287
25168319
25168351
25168383
25168415
25168420
25168446
25168478
25168510
25168544
25168575
25168580
25168607
25168639
25168671
25168702
25168735
25168768
25168799
25168830
25168862
25168894
25168908
25168925
25168957
25168989
25169020
25169053
25169063
25169084
25169116
25169148
25169181
25169212
25169213
25169245
25169276
25169307
25169339
25169371
25169383
25169403
25169434
25169465
25169497
25169528
25169532
25169561
25169593
25169625
25169657
25169689
25169703
25169721
25169752
25169784
25169817
25169847
25169849
25169881
25169913
25169944
25169977
25170009
25170016
25170040
25170073
25170104
25170137
25170168
25170199
25170232
25170263
25170294
25170327
25170356
25170388
25170421
25170451
25170483
25170489
25170515
25170545
25170578
25170610
25170642
25170649
25170674
25170706
25170738
25170770
25170800
25170808
25170833
25170865
25170897
25170929
25170961
25170979
25170993
25171025
25171056
25171087
25171119
25171123
25171153
25171184
25171216
25171248
25171280
25171281
25171312
25171344
25171376
25171407
25171440
25171445
25171471
25171504
25171536
25171568
25171600
25171609
25171632
25171664
25171696
25171727
25171758
25171773
25171790
25171822
25171854
25171886
25171919
25171950
25171982
25172015
25172047
25172077
25172079
25172111
25172142
25172175
25172206
25172238
25172239
25172270
25172301
25172333
25172366
25172397
25172410
25172430
25172462
25172494
25172526
25172556
25172557
25172590
25172622
25172652
25172685
25172715
25172730
25172747
25172780
25172811
25172842
25172872
25172878
25172904
25172935
25172968
25172999
25173031
25173051
25173063
25173094
25173128
25173159
25173188
25173191
25173223
25173256
25173287
25173319
25173349
25173350
25173383
25173415
25173447
25173480
25173511
25173516
25173542
25173575
25173607
25173638
25173672
25173683
25173702
25173734
25173767
25173799
25173831
25173840
25173861
25173893
25173924
25173956
25173986
25173987
25174020
25174052
25174083
25174116
25174148
25174154
25174180
25174212
25174243
25174275
25174308
25174310
25174341
25174372
25174404
25174436
25174468
25174477
25174500
25174532
25174564
25174596
25174628
25174634
25174660
25174692
25174724
25174753
25174786
25174787
25174817
25174849
25174881
25174912
25174945
25174957
25174975
25175008
25175040
25175071
25175103
25175111
25175136
25175167
25175200
25175232
25175264
25175269
25175295
25175327
25175359
25175391
25175423
25175455
25175487
25175518
25175551
25175581
25175591
25175613
25175644
25175676
25175709
25175741
25175748
25175773
25175804
25175837
25175869
25175901
25175911
25175932
25175965
25175995
25176028
25176059
25176067
25176092
25176123
25176156
25176187
25176220
25176223
25176252
25176283
25176315
25176347
25176378
25176381
25176411
25176443
25176474
25176507
25176538
25176539
25176571
25176602
25176633
25176666
25176698
25176704
25176730
25176761
25176793
25176826
25176857
25176859
25176889
25176921
25176953
25176984
25177016
25177023
25177048
25177081
25177113
25177144
25177176
25177207
25177240
25177270
25177303
25177335
25177336
25177367
25177399
25177431
25177463
25177494
25177509
25177526
25177558
25177590
25177621
25177654
25177659
25177686
25177718
25177750
25177781
25177815
25177846
25177878
25177910
25177941
25177973
25177976
25178005
25178037
25178069
25178101
25178132
25178138
25178164
25178198
25178228
25178260
25178293
25178303
25178324
25178357
25178389
25178421
25178453
25178457
25178484
25178516
25178548
25178580
25178611
25178612
25178644
25178676
25178708
25178739
25178771
25178777
25178803
25178834
25178866
25178899
25178931
25178938
25178964
25178994
25179027
25179060
25179091
25179117
25179122
25179154
25179186
25179218
25179249
25179261
25179281
25179313
25179345
25179377
25179409
25179425
25179440
25179474
25179505
25179537
25179568
25179586
25179600
25179633
25179664
25179697
25179728
25179738
25179760
25179793
25179825
25179856
25179889
25179895
25179921
25179951
25179984
25180016
25180048
25180050
25180079
25180111
25180143
25180175
25180207
25180215
25180238
25180271
25180303
25180335
25180366
25180388
25180399
25180431
25180463
25180495
25180526
25180527
25180558
25180591
25180622
25180655
25180686
25180694
25180719
25180751
25180782
25180815
25180847
25180849
25180879
25180911
25180942
25180975
25181008
25181010
25181038
25181070
25181102
25181134
25181165
25181169
25181197
25181229
25181262
25181293
25181322
25181325
25181358
25181388
25181420
25181452
25181484
25181487
25181515
25181547
25181579
25181611
25181642
25181644
25181674
25181705
25181737
25181770
25181801
25181815
25181833
25181866
25181899
25181930
25181961
25181965
25181994
25182025
25182057
25182089
25182121
25182153
25182185
25182217
25182249
25182281
25182284
25182313
25182344
25182378
25182408
25182441
25182442
25182472
25182505
25182537
25182568
25182601
25182611
25182633
25182665
25182697
25182729
25182761
25182769
25182793
25182825
25182857
25182889
25182920
25182925
25182953
25182985
25183016
25183049
25183081
25183083
25183113
25183144
25183177
25183209
25183240
25183245
25183273
25183305
25183337
25183368
25183400
25183401
25183431
25183464
25183496
25183528
25183560
25183561
25183591
25183624
25183656
25183688
25183720
25183725
25183752
25183783
25183815
25183847
25183879
25183889
25183911
25183943
25183976
25184008
25184039
25184071
25184104
25184136
25184168
25184200
25184208
25184231
25184264
25184297
25184326
25184359
25184362
25184391
25184422
25184454
25184486
25184517
25184523
25184549
25184581
25184612
25184645
25184677
25184688
25184709
25184740
25184772
25184803
25184835
25184844
25184868
25184900
25184932
25184963
25184994
25185000
25185027
25185059
25185091
25185123
25185152
25185155
25185187
25185218
25185250
25185282
25185314
25185323
25185343
25185376
25185406
25185439
25185470
25185474
25185500
25185533
25185565
25185597
25185628
25185651
25185661
25185693
25185724
25185756
25185788
25185806
25185821
25185853
25185885
25185916
25185949
25185959
25185980
25186013
25186044
25186076
25186108
25186119
25186139
25186172
25186203
25186235
25186268
25186281
25186299
25186332
25186363
25186396
25186427
25186430
25186460
25186491
25186524
25186556
25186586
25186589
25186619
25186651
25186682
25186714
25186746
25186756
25186777
25186810
25186842
25186873
25186906
25186938
25186970
25187003
25187034
25187064
25187073
25187098
25187128
25187160
25187192
25187225
25187254
25187256
25187287
25187319
25187351
25187382
25187413
25187420
25187446
25187477
25187510
25187541
25187573
25187578
25187604
25187638
25187669
25187700
25187720
25187731
25187763
25187795
25187828
25187858
25187859
25187891
25187923
25187955
25187987
25188019
25188026
25188051
25188083
25188115
25188147
25188178
25188181
25188210
25188242
25188275
25188307
25188337
25188344
25188370
25188402
25188433
25188464
25188493
25188497
25188529
25188560
25188593
25188625
25188657
25188660
25188688
25188719
25188751
25188783
25188815
25188816
25188848
25188879
25188911
25188944
25188976
25188986
25189008
25189040
25189072
25189104
25189136
25189139
25189170
25189199
25189232
25189264
25189295
25189302
25189328
25189361
25189391
25189425
25189456
25189462
25189487
25189519
25189551
25189584
25189614
25189616
25189648
25189679
25189710
25189743
25189776
25189779
25189807
25189838
25189870
25189902
25189933
25189941
25189965
25189997
25190028
25190060
25190092
25190096
25190123
25190156
25190188
25190221
25190252
25190256
25190282
25190314
25190346
25190377
25190410
25190429
25190442
25190475
25190505
25190538
25190570
25190580
25190601
25190633
25190665
25190697
25190727
25190739
25190760
25190793
25190823
25190857
25190888
25190899
25190919
25190952
25190984
25191016
25191048
25191054
25191080
25191112
25191143
25191176
25191207
25191221
25191238
25191270
25191303
25191335
25191366
25191378
25191398
25191430
25191462
25191493
25191524
25191532
25191556
25191589
25191621
25191653
25191684
25191685
25191717
25191749
25191780
25191812
25191844
25191861
25191877
25191909
25191941
25191973
25192005
25192013
25192037
25192069
25192101
25192133
25192164
25192175
25192197
25192229
25192261
25192293
25192324
25192335
25192356
25192387
25192419
25192450
25192482
25192499
25192514
25192547
25192579
25192611
25192642
25192649
25192676
25192707
25192738
25192771
25192803
25192811
25192834
25192866
25192899
25192931
25192962
25192975
25192995
25193026
25193058
25193091
25193123
25193132
25193154
25193187
25193219
25193250
25193283
25193284
25193315
25193346
25193377
25193410
25193441
25193446
25193473
25193506
25193538
25193570
25193601
25193607
25193633
25193666
25193697
25193730
25193762
25193794
25193798
25193825
25193858
25193889
25193922
25193930
25193954
25193986
25194018
25194050
25194082
25194095
25194114
25194146
25194179
25194210
25194242
25194253
25194274
25194306
25194338
25194370
25194402
25194405
25194434
25194466
25194497
25194529
25194561
25194575
25194594
25194625
25194658
25194688
25194721
25194744
25194752
25194784
25194816
25194849
25194879
25194883
25194911
25194944
25194976
25195007
25195037
25195041
25195069
25195102
25195134
25195166
25195197
25195204
25195229
25195260
25195293
25195325
25195356
25195362
25195389
25195421
25195452
25195485
25195516
25195522
25195548
25195581
25195612
25195644
25195676
25195678
25195708
25195739
25195770
25195801
25195834
25195838
25195866
25195897
25195930
25195961
25195993
25196006
25196026
25196058
25196088
25196121
25196153
25196160
25196185
25196217
25196249
25196281
25196313
25196321
25196345
25196377
25196408
25196441
25196471
25196473
25196505
25196537
25196569
25196600
25196633
25196636
25196665
25196697
25196729
25196761
25196793
25196799
25196825
25196856
25196889
25196920
25196952
25196965
25196983
25197016
25197048
25197078
25197110
25197124
25197142
25197175
25197206
25197236
25197269
25197271
25197300
25197333
25197364
25197395
25197427
25197430
25197460
25197491
25197523
25197556
25197587
25197591
25197620
25197653
25197684
25197716
25197746
25197748
25197780
25197812
25197843
25197876
25197908
25197923
25197939
25197971
25198004
25198035
25198064
25198067
25198100
25198132
25198164
25198195
25198227
25198248
25198260
25198292
25198323
25198356
25198387
25198398
25198420
25198452
25198484
25198516
25198548
25198580
25198611
25198644
25198676
25198707
25198712
25198740
25198772
25198804
25198835
25198867
25198868
25198899
25198931
25198963
25198995
25199027
25199058
25199090
25199121
25199153
25199186
25199217
25199218
25199250
25199282
25199314
25199346
25199350
25199378
25199409
25199441
25199473
25199505
25199517
25199537
25199569
25199601
25199632
25199664
25199665
25199696
25199727
25199760
25199791
25199824
25199829
25199856
25199887
25199920
25199951
25199983
25199984
25200015
25200047
25200080
25200111
25200143
25200175
25200207
25200239
25200271
25200303
25200307
25200334
25200366
25200398
25200430
25200462
25200466
25200494
25200524
25200557
25200589
25200620
25200653
25200684
25200716
25200748
25200780
25200784
25200811
25200844
25200876
25200907
25200938
25200943
25200970
25201001
25201032
25201065
25201097
25201099
25201128
25201162
25201193
25201224
25201256
25201258
25201288
25201321
25201353
25201385
25201416
25201443
25201450
25201480
25201514
25201545
25201576
25201577
25201609
25201641
25201672
25201705
25201737
25201758
25201768
25201800
25201833
25201865
25201897
25201904
25201929
25201960
25201993
25202025
25202056
25202060
25202088
25202120
25202153
25202183
25202216
25202217
25202248
25202279
25202310
25202342
25202374
25202378
25202406
25202438
25202470
25202501
25202534
25202546
25202565
25202597
25202647
25202662
25202694
25202725
25202758
25202791
25202822
25202854
25202870
25202886
25202917
25202949
25202980
25203012
25203025
25203043
25203076
25203107
25203139
25203172
25203204
25203236
25203268
25203299
25203333
25203341
25203363
25203396
25203427
25203460
25203491
25203511
25203522
25203554
25203585
25203616
25203647
25203650
25203680
25203712
25203744
25203775
25203807
25203808
25203839
25203872
25203904
25203936
25203967
25203972
25203999
25204031
25204063
25204094
25204126
25204155
25204156
25204189
25204220
25204252
25204283
25204286
25204316
25204348
25204379
25204414
25204443
25204448
25204475
25204507
25204539
25204570
25204602
25204605
25204634
25204665
25204698
25204729
25204762
25204765
25204793
25204825
25204857
25204889
25204920
25204921
25204953
25204984
25205016
25205049
25205080
25205087
25205113
25205145
25205176
25205208
25205239
25205240
25205272
25205303
25205337
25205368
25205398
25205403
25205430
25205463
25205494
25205529
25205559
25205563
25205590
25205623
25205655
25205687
25205717
25205718
25205749
25205781
25205812
25205844
25205876
25205879
25205909
25205940
25205972
25206004
25206036
25206040
25206067
25206098
25206129
25206161
25206192
25206209
25206225
25206257
25206289
25206321
25206354
25206365
25206384
25206415
25206448
25206480
25206513
25206524
25206544
25206576
25206608
25206640
25206672
25206680
25206704
25206735
25206766
25206799
25206831
25206835
25206862
25206894
25206927
25206959
25206991
25206999
25207022
25207055
25207086
25207119
25207151
25207152
25207182
25207214
25207246
25207279
25207309
25207342
25207373
25207404
25207437
25207468
25207470
25207502
25207533
25207565
25207596
25207629
25207631
25207661
25207692
25207725
25207756
25207787
25207794
25207818
25207851
25207882
25207915
25207946
25207947
25207978
25208009
25208042
25208074
25208105
25208106
25208138
25208169
25208202
25208234
25208266
25208278
25208298
25208329
25208362
25208394
25208425
25208457
25208489
25208521
25208552
25208585
25208595
25208617
25208649
25208681
25208712
25208745
25208751
25208779
25208808
25208841
25208872
25208905
25208915
25208937
25208968
25209000
25209032
25209063
25209074
25209095
25209127
25209158
25209190
25209222
25209234
25209254
25209286
25209318
25209348
25209380
25209384
25209416
25209444
25209474
25209507
25209539
25209546
25209570
25209601
25209633
25209665
25209696
25209701
25209727
25209758
25209789
25209821
25209854
25209868
25209886
25209917
25209949
25209982
25210013
25210038
25210045
25210076
25210109
25210142
25210172
25210180
25210204
25210236
25210267
25210300
25210332
25210337
25210364
25210396
25210429
25210461
25210492
25210499
25210524
25210555
25210588
25210620
25210652
25210666
25210683
25210715
25210748
25210780
25210812
25210819
25210843
25210874
25210906
25210939
25210970
25210977
25211003
25211035
25211067
25211097
25211129
25211134
25211161
25211192
25211224
25211255
25211288
25211293
25211320
25211352
25211385
25211416
25211447
25211451
25211481
25211512
25211544
25211575
25211606
25211612
25211639
25211671
25211703
25211736
25211767
25211768
25211799
25211831
25211863
25211894
25211925
25211930
25211957
25211990
25212022
25212054
25212085
25212103
25212118
25212150
25212182
25212214
25212246
25212250
25212278
25212311
25212340
25212372
25212401
25212419
25212432
25212465
25212497
25212528
25212560
25212583
25212592
25212625
25212658
25212688
25212720
25212744
25212752
25212783
25212816
25212847
25212879
25212910
25212919
25212942
25212975
25213007
25213039
25213070
25213102
25213134
25213167
25213199
25213200
25213230
25213263
25213295
25213327
25213359
25213372
25213391
25213421
25213454
25213487
25213518
25213540
25213550
25213582
25213613
25213646
25213678
25213693
25213710
25213741
25213773
25213805
25213836
25213858
25213869
25213901
25213932
25213964
25213996
25214008
25214027
25214057
25214090
25214122
25214153
25214170
25214185
25214217
25214248
25214279
25214312
25214321
25214344
25214375
25214408
25214440
25214471
25214502
25214533
25214565
25214596
25214629
25214661
25214692
25214725
25214756
25214789
25214793
25214821
25214852
25214884
25214917
25214949
25214953
25214981
25215012
25215043
25215076
25215108
25215109
25215140
25215172
25215203
25215235
25215268
25215287
25215299
25215332
25215364
25215397
25215427
25215441
25215459
25215492
25215524
25215556
25215586
25215600
25215618
25215651
25215684
25215713
25215746
25215778
25215810
25215842
25215874
25215906
25215908
25215937
25215970
25216001
25216033
25216064
25216068
25216096
25216128
25216161
25216192
25216224
25216245
25216256
25216288
25216321
25216353
25216385
25216393
25216418
25216449
25216480
25216512
25216545
25216551
25216577
25216608
25216640
25216673
25216704
25216708
25216738
25216768
25216801
25216833
25216864
25216875
25216897
25216928
25216959
25216991
25217023
25217038
25217055
25217087
25217118
25217151
25217183
25217185
25217214
25217245
25217277
25217308
25217340
25217365
25217371
25217403
25217435
25217467
25217500
25217501
25217531
25217563
25217596
25217627
25217659
25217662
25217690
25217722
25217754
25217787
25217819
25217825
25217851
25217883
25217915
25217946
25217978
25217997
25218010
25218042
25218074
25218106
25218135
25218138
25218170
25218200
25218232
25218264
25218296
25218298
25218329
25218360
25218393
25218424
25218456
25218461
25218487
25218519
25218551
25218584
25218616
25218642
25218648
25218680
25218711
25218744
25218775
25218794
25218808
25218840
25218870
25218902
25218934
25218962
25218967
25218999
25219031
25219063
25219095
25219099
25219127
25219158
25219191
25219222
25219254
25219255
25219285
25219316
25219348
25219381
25219413
25219418
25219444
25219476
25219508
25219540
25219572
25219598
25219604
25219635
25219667
25219697
25219730
25219731
25219761
25219793
25219826
25219858
25219890
25219907
25219922
25219954
25219986
25220018
25220050
25220056
25220082
25220113
25220146
25220179
25220209
25220217
25220241
25220274
25220305
25220337
25220369
25220387
25220402
25220435
25220465
25220498
25220529
25220544
25220562
25220594
25220625
25220658
25220690
25220699
25220722
25220753
25220785
25220816
25220849
25220852
25220881
25220912
25220944
25220978
25221009
25221017
25221041
25221072
25221103
25221135
25221168
25221187
25221197
25221230
25221261
25221293
25221326
25221343
25221357
25221388
25221418
25221450
25221482
25221501
25221514
25221547
25221579
25221610
25221643
25221648
25221675
25221706
25221738
25221771
25221803
25221805
25221835
25221866
25221897
25221929
25221961
25221965
25221992
25222025
25222056
25222088
25222120
25222124
25222153
25222184
25222216
25222249
25222281
25222285
25222313
25222344
25222376
25222407
25222439
25222445
25222472
25222504
25222536
25222568
25222599
25222608
25222633
25222664
25222696
25222728
25222760
25222767
25222792
25222823
25222856
25222887
25222919
25222922
25222951
25222982
25223015
25223047
25223079
25223112
25223143
25223175
25223207
25223238
25223253
25223271
25223303
25223335
25223368
25223398
25223403
25223430
25223463
25223494
25223527
25223559
25223572
25223591
25223625
25223656
25223685
25223718
25223721
25223750
25223782
25223814
25223846
25223878
25223891
25223909
25223940
25223973
25224005
25224037
25224068
25224088
25224101
25224133
25224165
25224195
25224203
25224226
25224258
25224291
25224323
25224354
25224355
25224387
25224419
25224451
25224483
25224515
25224537
25224547
25224578
25224610
25224641
25224673
25224679
25224706
25224738
25224770
25224802
25224833
25224836
25224865
25224897
25224928
25224960
25224991
25225019
25225024
25225056
25225087
25225119
25225151
25225153
25225183
25225215
25225246
25225279
25225310
25225320
25225343
25225375
25225408
25225439
25225471
25225494
25225502
25225535
25225567
25225599
25225628
25225629
25225661
25225694
25225726
25225758
25225789
25225798
25225822
25225853
25225885
25225917
25225949
25225963
25225981
25226011
25226043
25226075
25226106
25226136
25226139
25226171
25226203
25226234
25226266
25226268
25226299
25226330
25226363
25226394
25226426
25226444
25226458
25226490
25226522
25226554
25226587
25226605
25226618
25226651
25226683
25226715
25226747
25226766
25226779
25226811
25226843
25226875
25226907
25226918
25226939
25226971
25227002
25227035
25227066
25227087
25227099
25227130
25227163
25227194
25227226
25227229
25227258
25227290
25227322
25227353
25227385
25227412
25227418
25227448
25227481
25227513
25227545
25227553
25227577
25227609
25227641
25227672
25227705
25227709
25227737
25227768
25227799
25227831
25227863
25227884
25227895
25227927
25227959
25227992
25228023
25228027
25228055
25228087
25228119
25228151
25228183
25228191
25228215
25228246
25228279
25228311
25228343
25228352
25228374
25228406
25228437
25228470
25228502
25228503
25228533
25228566
25228598
25228629
25228661
25228662
25228693
25228725
25228756
25228786
25228818
25228821
25228850
25228881
25228913
25228946
25228977
25228983
25229009
25229042
25229074
25229105
25229138
25229141
25229170
25229201
25229232
25229264
25229296
25229300
25229328
25229359
25229391
25229423
25229455
25229456
25229487
25229518
25229550
25229582
25229614
25229628
25229645
25229678
25229709
25229742
25229774
25229777
25229805
25229838
25229870
25229904
25229932
25229946
25229965
25229996
25230029
25230061
25230093
25230095
25230124
25230158
25230188
25230221
25230252
25230281
25230284
25230315
25230347
25230379
25230410
25230413
25230443
25230475
25230507
25230539
25230571
25230577
25230603
25230635
25230666
25230700
25230729
25230734
25230761
25230792
25230825
25230856
25230889
25230896
25230921
25230953
25230984
25231016
25231050
25231056
25231081
25231113
25231144
25231177
25231209
25231241
25231272
25231304
25231333
25231364
25231368
25231397
25231428
25231461
25231493
25231524
25231542
25231557
25231589
25231621
25231653
25231684
25231685
25231716
25231749
25231781
25231817
25231844
25231854
25231876
25231907
25231939
25231972
25232003
25232007
25232036
25232069
25232100
25232131
25232164
25232165
25232196
25232227
25232260
25232291
25232323
25232337
25232354
25232386
25232418
25232448
25232479
25232485
25232510
25232542
25232574
25232606
25232638
25232641
25232670
25232700
25232733
25232765
25232797
25232829
25232860
25232893
25232924
25232956
25232965
25232987
25233019
25233050
25233083
25233115
25233146
25233179
25233210
25233243
25233275
25233278
25233306
25233338
25233371
25233402
25233433
25233450
25233465
25233499
25233530
25233562
25233594
25233603
25233626
25233659
25233689
25233721
25233753
25233770
25233786
25233818
25233850
25233883
25233914
25233927
25233945
25233978
25234010
25234042
25234072
25234087
25234105
25234136
25234168
25234199
25234231
25234235
25234263
25234296
25234327
25234359
25234391
25234395
25234422
25234455
25234487
25234519
25234551
25234558
25234583
25234615
25234646
25234678
25234711
25234714
25234743
25234774
25234806
25234837
25234869
25234874
25234902
25234933
25234965
25234996
25235029
25235030
25235060
25235092
25235124
25235154
25235187
25235189
25235219
25235250
25235281
25235314
25235346
25235359
25235377
25235409
25235441
25235473
25235503
25235504
25235536
25235567
25235600
25235632
25235664
25235666
25235696
25235727
25235759
25235791
25235823
25235836
25235855
25235886
25235918
25235950
25235982
25235983
25236014
25236045
25236078
25236110
25236142
25236145
25236175
25236206
25236238
25236269
25236302
25236314
25236333
25236366
25236398
25236429
25236461
25236468
25236494
25236526
25236559
25236589
25236621
25236624
25236654
25236686
25236718
25236749
25236782
25236800
25236813
25236846
25236878
25236909
25236941
25236946
25236973
25237005
25237038
25237071
25237102
25237104
25237133
25237166
25237198
25237229
25237261
25237270
25237293
25237325
25237357
25237388
25237420
25237425
25237452
25237484
25237516
25237547
25237580
25237582
25237610
25237640
25237673
25237704
25237735
25237744
25237768
25237800
25237831
25237862
25237895
25237903
25237927
25237958
25237990
25238023
25238055
25238056
25238086
25238118
25238149
25238181
25238213
25238220
25238245
25238276
25238309
25238341
25238372
25238379
25238405
25238437
25238469
25238501
25238531
25238543
25238562
25238595
25238626
25238658
25238690
25238692
25238722
25238755
25238785
25238816
25238847
25238857
25238879
25238910
25238943
25238975
25239007
25239012
25239039
25239071
25239102
25239135
25239167
25239175
25239198
25239230
25239263
25239294
25239326
25239334
25239358
25239390
25239423
25239453
25239486
25239489
25239518
25239550
25239581
25239612
25239644
25239668
25239676
25239708
25239740
25239771
25239803
25239806
25239836
25239868
25239899
25239930
25239962
25239977
25239994
25240025
25240058
25240090
25240122
25240137
25240152
25240185
25240216
25240249
25240281
25240284
25240313
25240344
25240376
25240409
25240440
25240447
25240472
25240505
25240536
25240569
25240600
25240601
25240633
25240665
25240695
25240727
25240759
25240772
25240790
25240823
25240856
25240887
25240931
25240934
25240951
25240984
25241014
25241047
25241079
25241082
25241111
25241143
25241175
25241206
25241238
25241244
25241271
25241303
25241335
25241366
25241399
25241403
25241430
25241462
25241494
25241526
25241556
25241578
25241589
25241620
25241652
25241683
25241715
25241725
25241747
25241778
25241811
25241843
25241874
25241883
25241907
25241939
25241971
25242002
25242034
25242065
25242096
25242128
25242159
25242178
25242191
25242221
25242254
25242285
25242286
25242317
25242350
25242382
25242414
25242446
25242478
25242489
25242509
25242542
25242574
25242606
25242637
25242639
25242669
25242702
25242741
25242766
25242798
25242830
25242861
25242894
25242925
25242958
25242959
25242990
25243022
25243053
25243085
25243116
25243123
25243148
25243179
25243211
25243242
25243274
25243283
25243305
25243336
25243368
25243401
25243433
25243435
25243464
25243496
25243528
25243560
25243591
25243594
25243624
25243655
25243687
25243718
25243751
25243754
25243782
25243813
25243846
25243878
25243909
25243915
25243942
25243974
25244006
25244037
25244069
25244093
25244100
25244133
25244165
25244196
25244228
25244240
25244261
25244293
25244325
25244356
25244388
25244400
25244419
25244451
25244482
25244515
25244545
25244546
25244576
25244609
25244640
25244672
25244704
25244708
25244735
25244766
25244797
25244830
25244862
25244864
25244894
25244925
25244957
25244989
25245021
25245034
25245054
25245085
25245119
25245150
25245182
25245185
25245213
25245246
25245278
25245309
25245339
25245341
25245372
25245404
25245436
25245468
25245500
25245513
25245530
25245563
25245595
25245627
25245660
25245662
25245691
25245725
25245755
25245786
25245820
25245823
25245851
25245884
25245914
25245945
25245976
25245983
25246009
25246041
25246073
25246105
25246136
25246137
25246169
25246202
25246233
25246264
25246296
25246308
25246327
25246360
25246391
25246424
25246455
25246456
25246488
25246520
25246552
25246583
25246615
25246625
25246645
25246675
25246708
25246739
25246770
25246785
25246803
25246834
25246866
25246899
25246930
25246937
25246962
25246994
25247026
25247058
25247089
25247099
25247121
25247153
25247187
25247217
25247249
25247262
25247280
25247312
25247343
25247375
25247407
25247411
25247439
25247471
25247504
25247536
25247567
25247568
25247600
25247630
25247662
25247695
25247726
25247727
25247759
25247791
25247822
25247854
25247887
25247902
25247919
25247952
25247982
25248012
25248043
25248073
25248076
25248108
25248139
25248171
25248205
25248211
25248236
25248267
25248299
25248331
25248364
25248386
25248395
25248427
25248459
25248490
25248521
25248526
25248553
25248584
25248617
25248649
25248680
25248683
25248711
25248744
25248776
25248808
25248840
25248865
25248871
25248904
25248935
25248967
25249000
25249009
25249031
25249063
25249095
25249127
25249158
25249162
25249190
25249222
25249259
25249285
25249316
25249327
25249349
25249381
25249413
25249445
25249476
25249495
25249509
25249540
25249572
25249605
25249636
25249648
25249668
25249700
25249732
25249762
25249795
25249798
25249827
25249858
25249887
25249920
25249951
25249957
25249981
25250013
25250046
25250078
25250110
25250129
25250141
25250173
25250204
25250237
25250269
25250283
25250300
25250333
25250365
25250396
25250428
25250448
25250460
25250492
25250523
25250554
25250584
25250585
25250617
25250649
25250679
25250711
25250742
25250748
25250773
25250806
25250838
25250869
25250900
25250921
25250933
25250965
25250997
25251028
25251061
25251072
25251092
25251124
25251156
25251188
25251220
25251253
25251256
25251283
25251315
25251349
25251379
25251383
25251410
25251443
25251475
25251506
25251538
25251542
25251571
25251608
25251636
25251678
25251698
25251711
25251730
25251762
25251793
25251826
25251857
25251859
25251888
25251921
25251952
25251985
25252016
25252049
25252059
25252081
25252113
25252145
25252178
25252181
25252209
25252241
25252273
25252304
25252336
25252363
25252369
25252401
25252433
25252464
25252496
25252506
25252529
25252560
25252593
25252624
25252657
25252668
25252689
25252722
25252753
25252783
25252816
25252819
25252847
25252877
25252909
25252941
25252976
25253005
25253036
25253069
25253101
25253132
25253140
25253165
25253195
25253228
25253260
25253291
25253298
25253323
25253358
25253388
25253419
25253451
25253467
25253482
25253514
25253546
25253579
25253610
25253612
25253641
25253674
25253706
25253738
25253770
25253774
25253802
25253834
25253866
25253897
25253930
25253934
25253961
25253994
25254026
25254058
25254086
25254089
25254118
25254150
25254182
25254214
25254246
25254256
25254278
25254310
25254342
25254374
25254405
25254406
25254438
25254470
25254502
25254534
25254566
25254569
25254598
25254630
25254663
25254693
25254724
25254730
25254757
25254789
25254821
25254853
25254884
25254886
25254917
25254948
25254980
25255012
25255044
25255051
25255075
25255107
25255139
25255171
25255202
25255213
25255235
25255265
25255298
25255329
25255362
25255367
25255393
25255425
25255457
25255489
25255521
25255536
25255553
25255585
25255616
25255649
25255681
25255684
25255710
25255742
25255774
25255806
25255840
25255869
25255870
25255902
25255934
25255966
25256000
25256029
25256061
25256092
25256124
25256157
25256189
25256230
25256253
25256285
25256316
25256349
25256381
25256413
25256445
25256477
25256509
25256541
25256572
25256574
25256604
25256637
25256669
25256700
25256732
25256764
25256795
25256828
25256860
25256892
25256907
25256923
25256955
25256986
25257019
25257050
25257083
25257115
25257147
25257179
25257211
25257243
25257247
25257270
25257274
25257283
25257303
25257306
25257321
25257339
25257340
25257356
25257371
25257383
25257401
25257403
25257428
25257435
25257465
25257498
25257529
25257562
25257594
25257605
25257624
25257657
25257689
25257720
25257753
25257784
25257816
25257848
25257880
25257882
25257913
25257944
25257975
25258008
25258039
25258040
25258071
25258103
25258135
25258167
25258199
25258201
25258231
25258263
25258295
25258327
25258358
25258370
25258391
25258422
25258455
25258487
25258519
25258526
25258550
25258583
25258614
25258647
25258677
25258679
25258710
25258743
25258776
25258806
25258839
25258870
25258882
25258903
25258935
25258968
25258999
25259021
25259030
25259063
25259094
25259127
25259159
25259192
25259218
25259222
25259254
25259285
25259317
25259348
25259381
25259414
25259444
25259475
25259508
25259518
25259539
25259572
25259604
25259636
25259667
25259699
25259732
25259763
25259770
25259796
25259807
25259828
25259860
25259891
25259924
25259956
25259988
25260020
25260051
25260083
25260116
25260148
25260180
25260211
25260244
25260276
25260292
25260308
25260339
25260372
25260382
25260403
25260436
25260449
25260468
25260500
25260532
25260564
25260596
25260619
25260627
25260659
25260691
25260724
25260756
25260788
25260820
25260848
25260852
25260884
25260916
25260947
25260979
25261011
25261042
25261075
25261107
25261138
25261145
25261171
25261202
25261235
25261266
25261299
25261323
25261331
25261363
25261395
25261427
25261459
25261490
25261502
25261523
25261555
25261587
25261594
25261619
25261650
25261682
25261714
25261745
25261772
25261778
25261810
25261842
25261874
25261905
25261924
25261935
25261965
25261997
25262029
25262060
25262092
25262124
25262156
25262189
25262221
25262239
25262253
25262285
25262316
25262349
25262381
25262413
25262444
25262466
25262474
25262507
25262539
25262570
25262602
25262614
25262633
25262666
25262698
25262730
25262762
25262763
25262794
25262825
25262857
25262888
25262921
25262941
25262953
25262985
25263017
25263043
25263049
25263082
25263113
25263145
25263176
25263208
25263240
25263246
25263272
25263304
25263336
25263367
25263382
25263399
25263431
25263462
25263494
25263512
25263525
25263556
25263588
25263621
25263653
25263684
25263705
25263716
25263749
25263780
25263812
25263843
25263876
25263908
25263909
25263940
25263972
25263981
25264004
25264035
25264068
25264099
25264132
25264165
25264189
25264195
25264227
25264258
25264289
25264291
25264322
25264354
25264386
25264419
25264449
25264480
25264512
25264515
25264542
25264574
25264606
25264637
25264651
25264669
25264701
25264733
25264764
25264777
25264796
25264829
25264859
25264892
25264923
25264956
25264965
25264988
25265019
25265051
25265074
25265083
25265115
25265146
25265178
25265210
25265243
25265275
25265279
25265307
25265339
25265371
25265395
25265403
25265434
25265468
25265499
25265531
25265543
25265563
25265595
25265627
25265659
25265691
25265722
25265731
25265754
25265787
25265819
25265851
25265882
25265897
25265914
25265945
25265978
25266009
25266041
25266073
25266106
25266137
25266169
25266182
25266197
25266201
25266232
25266264
25266296
25266328
25266352
25266359
25266390
25266423
25266454
25266486
25266518
25266550
25266573
25266582
25266613
25266644
25266676
25266693
25266708
25266742
25266772
25266804
25266837
25266869
25266900
25266933
25266965
25266996
25267019
25267028
25267039
25267059
25267092
25267103
25267124
25267155
25267187
25267220
25267251
25267282
25267313
25267340
25267345
25267378
25267408
25267440
25267458
25267472
25267504
25267537
25267567
25267595
25267600
25267632
25267664
25267696
25267728
25267759
25267792
25267801
25267823
25267855
25267887
25267919
25267928
25267951
25267984
25268015
25268045
25268077
25268109
25268142
25268173
25268206
25268238
25268259
25268270
25268302
25268335
25268366
25268397
25268411
25268445
25268463
25268495
25268526
25268558
25268590
25268622
25268654
25268685
25268718
25268734
25268744
25268749
25268782
25268813
25268848
25268877
25268910
25268938
25268942
25268974
25269005
25269038
25269070
25269102
25269134
25269137
25269166
25269197
25269229
25269261
25269293
25269320
25269325
25269357
25269389
25269409
25269422
25269453
25269485
25269517
25269549
25269580
25269613
25269644
25269676
25269708
25269741
25269773
25269805
25269837
25269852
25269868
25269901
25269932
25269965
25269997
25270028
25270060
25270091
25270123
25270156
25270188
25270200
25270220
25270252
25270284
25270316
25270347
25270379
25270412
25270444
25270476
25270507
25270534
25270541
25270572
25270604
25270636
25270666
25270699
25270731
25270762
25270796
25270826
25270859
25270875
25270891
25270922
25270955
25270987
25271018
25271050
25271056
25271081
25271112
25271145
25271177
25271209
25271240
25271272
25271305
25271333
25271336
25271369
25271401
25271406
25271433
25271436
25271464
25271468
25271495
25271496
25271523
25271528
25271541
25271560
25271562
25271580
25271592
25271604
25271624
25271625
25271645
25271656
25271660
25271688
25271720
25271749
25271751
25271784
25271816
25271843
25271848
25271863
25271879
25271912
25271939
25271943
25271964
25271976
25271987
25272008
25272040
25272063
25272071
25272088
25272103
25272135
25272162
25272166
25272184
25272197
25272229
25272258
25272262
25272293
25272324
25272356
25272361
25272389
25272420
25272452
25272483
25272514
25272547
25272549
25272580
25272611
25272632
25272642
25272675
25272707
25272739
25272771
25272802
25272833
25272865
25272898
25272900
25272926
25272930
25272961
25272993
25273026
25273059
25273090
25273122
25273155
25273186
25273218
25273249
25273253
25273282
25273313
25273346
25273377
25273407
25273409
25273442
25273474
25273507
25273538
25273570
25273601
25273634
25273665
25273699
25273729
25273762
25273794
25273826
25273858
25273889
25273890
25273922
25273953
25273985
25274018
25274049
25274050
25274082
25274114
25274146
25274179
25274207
25274208
25274239
25274272
25274304
25274335
25274364
25274367
25274398
25274431
25274463
25274495
25274523
25274527
25274558
25274591
25274623
25274654
25274683
25274688
25274719
25274751
25274783
25274815
25274844
25274848
25274880
25274911
25274942
25274974
25275006
25275039
25275070
25275102
25275134
25275166
25275198
25275230
25275261
25275294
25275324
25275326
25275357
25275390
25275422
25275455
25275485
25275486
25275517
25275548
25275580
25275611
25275641
25275643
25275675
25275706
25275739
25275771
25275799
25275802
25275833
25275866
25275898
25275929
25275957
25275961
25275991
25276024
25276055
25276089
25276119
25276121
25276151
25276183
25276216
25276248
25276277
25276281
25276312
25276343
25276376
25276408
25276436
25276440
25276472
25276504
25276535
25276567
25276596
25276600
25276632
25276663
25276694
25276727
25276757
25276758
25276789
25276821
25276853
25276885
25276914
25276917
25276948
25276981
25277013
25277045
25277076
25277077
25277109
25277140
25277173
25277205
25277236
25277237
25277267
25277299
25277330
25277363
25277394
25277427
25277458
25277490
25277523
25277552
25277555
25277587
25277619
25277650
25277683
25277712
25277714
25277746
25277779
25277810
25277842
25277874
25277879
25277906
25277937
25277970
25278002
25278034
25278035
25278066
25278098
25278130
25278162
25278194
25278225
25278257
25278290
25278322
25278349
25278353
25278384
25278416
25278449
25278481
25278511
25278542
25278575
25278607
25278638
25278669
25278670
25278701
25278734
25278765
25278796
25278826
25278829
25278860
25278893
25278925
25278957
25278987
25278988
25279020
25279052
25279083
25279115
25279145
25279146
25279179
25279210
25279243
25279275
25279302
25279306
25279339
25279372
25279402
25279434
25279465
25279498
25279530
25279562
25279594
25279622
25279625
25279658
25279689
25279722
25279754
25279785
25279786
25279818
25279849
25279882
25279913
25279946
25279978
25280009
25280041
25280074
25280106
25280108
25280137
25280170
25280202
25280233
25280262
25280266
25280298
25280328
25280360
25280393
25280421
25280425
25280457
25280489
25280519
25280552
25280582
25280584
25280616
25280648
25280680
25280712
25280742
25280744
25280775
25280807
25280840
25280871
25280900
25280903
25280934
25280967
25280999
25281030
25281059
25281063
25281094
25281126
25281159
25281190
25281221
25281223
25281254
25281286
25281318
25281350
25281377
25281382
25281414
25281445
25281478
25281509
25281538
25281542
25281573
25281606
25281638
25281669
25281700
25281702
25281734
25281766
25281797
25281829
25281859
25281862
25281894
25281925
25281957
25281989
25282019
25282022
25282053
25282085
25282118
25282150
25282179
25282181
25282213
25282244
25282276
25282306
25282336
25282338
25282371
25282403
25282434
25282466
25282496
25282499
25282531
25282563
25282595
25282626
25282654
25282658
25282690
25282721
25282753
25282786
25282817
25282818
25282850
25282882
25282913
25282946
25282974
25282978
25283010
25283043
25283076
25283106
25283131
25283138
25283168
25283201
25283232
25283265
25283297
25283328
25283361
25283393
25283424
25283454
25283457
25283489
25283521
25283553
25283584
25283611
25283615
25283647
25283679
25283710
25283743
25283770
25283775
25283807
25283839
25283871
25283903
25283934
25283935
25283966
25283997
25284030
25284062
25284090
25284093
25284125
25284157
25284189
25284222
25284252
25284254
25284286
25284317
25284350
25284380
25284411
25284413
25284444
25284477
25284508
25284541
25284571
25284572
25284605
25284637
25284668
25284700
25284728
25284733
25284765
25284796
25284828
25284861
25284888
25284892
25284925
25284957
25284989
25285021
25285049
25285053
25285087
25285115
25285148
25285180
25285206
25285212
25285243
25285276
25285307
25285339
25285369
25285372
25285404
25285434
25285467
25285499
25285529
25285531
25285562
25285594
25285624
25285655
25285687
25285688
25285720
25285751
25285784
25285816
25285847
25285850
25285880
25285912
25285944
25285976
25286006
25286007
25286040
25286071
25286104
25286136
25286165
25286168
25286199
25286232
25286264
25286294
25286324
25286326
25286359
25286391
25286422
25286455
25286484
25286487
25286519
25286551
25286582
25286614
25286645
25286646
25286679
25286711
25286743
25286774
25286805
25286807
25286838
25286870
25286901
25286934
25286963
25286966
25286997
25287030
25287061
25287093
25287121
25287124
25287156
25287189
25287220
25287252
25287282
25287283
25287314
25287347
25287379
25287410
25287441
25287443
25287475
25287507
25287539
25287571
25287603
25287605
25287634
25287666
25287698
25287730
25287757
25287761
25287794
25287826
25287857
25287888
25287917
25287921
25287953
25287984
25288016
25288048
25288077
25288081
25288112
25288144
25288177
25288208
25288238
25288240
25288272
25288302
25288335
25288367
25288397
25288399
25288431
25288463
25288495
25288525
25288553
25288557
25288588
25288620
25288652
25288684
25288715
25288748
25288779
25288811
25288843
25288874
25288878
25288906
25288938
25288970
25289001
25289033
25289065
25289097
25289129
25289159
25289189
25289191
25289224
25289256
25289288
25289320
25289349
25289352
25289384
25289415
25289447
25289479
25289509
25289512
25289544
25289576
25289609
25289639
25289668
25289672
25289704
25289735
25289768
25289800
25289830
25289833
25289864
25289895
25289928
25289960
25289990
25289992
25290024
25290056
25290088
25290120
25290151
25290184
25290215
25290247
25290278
25290310
25290311
25290343
25290375
25290406
25290439
25290469
25290471
25290503
25290535
25290566
25290598
25290629
25290630
25290661
25290692
25290724
25290754
25290787
25290788
25290818
25290850
25290882
25290915
25290943
25290947
25290979
25291010
25291042
25291074
25291107
25291109
25291138
25291171
25291202
25291235
25291264
25291266
25291297
25291328
25291361
25291393
25291422
25291424
25291456
25291488
25291520
25291552
25291583
25291584
25291615
25291646
25291679
25291711
25291742
25291743
25291775
25291807
25291839
25291870
25291901
25291903
25291934
25291967
25291998
25292031
25292063
25292067
25292095
25292127
25292159
25292191
25292220
25292223
25292255
25292286
25292317
25292349
25292381
25292382
25292413
25292444
25292475
25292508
25292539
25292540
25292570
25292602
25292635
25292666
25292699
25292731
25292761
25292793
25292826
25292856
25292858
25292889
25292922
25292953
25292986
25293016
25293018
25293050
25293081
25293112
25293144
25293174
25293176
25293207
25293240
25293271
25293304
25293331
25293335
25293368
25293399
25293432
25293464
25293495
25293527
25293560
25293590
25293622
25293653
25293654
25293686
25293718
25293751
25293783
25293815
25293816
25293847
25293878
25293910
25293943
25293975
25293987
25294006
25294038
25294071
25294103
25294133
25294134
25294166
25294197
25294230
25294261
25294291
25294293
25294324
25294355
25294388
25294420
25294452
25294456
25294484
25294516
25294548
25294580
25294606
25294612
25294643
25294676
25294707
25294740
25294768
25294772
25294803
25294836
25294868
25294899
25294930
25294963
25294995
25295014
25295027
25295059
25295091
25295122
25295123
25295155
25295186
25295219
25295250
25295265
25295283
25295314
25295346
25295376
25295409
25295412
25295441
25295472
25295505
25295537
25295569
25295570
25295601
25295632
25295665
25295697
25295726
25295728
25295760
25295792
25295824
25295856
25295887
25295895
25295918
25295950
25295983
25296014
25296046
25296048
25296078
25296110
25296141
25296174
25296206
25296228
25296238
25296270
25296302
25296332
25296363
25296364
25296395
25296427
25296458
25296490
25296523
25296527
25296553
25296585
25296618
25296650
25296682
25296688
25296714
25296746
25296778
25296810
25296838
25296842
25296874
25296907
25296937
25296969
25297001
25297002
25297032
25297065
25297097
25297127
25297156
25297159
25297191
25297223
25297254
25297287
25297318
25297350
25297382
25297413
25297444
25297474
25297477
25297509
25297541
25297573
25297605
25297634
25297636
25297668
25297700
25297732
25297764
25297795
25297800
25297827
25297860
25297892
25297924
25297951
25297956
25297988
25298020
25298052
25298083
25298113
25298116
25298148
25298180
25298212
25298244
25298272
25298277
25298308
25298340
25298372
25298403
25298434
25298435
25298467
25298498
25298531
25298563
25298590
25298595
25298627
25298659
25298691
25298723
25298749
25298755
25298787
25298819
25298851
25298882
25298912
25298914
25298947
25298978
25299011
25299043
25299073
25299075
25299106
25299138
25299169
25299201
25299232
25299265
25299297
25299328
25299330
25299361
25299390
25299392
25299423
25299456
25299487
25299520
25299550
25299551
25299584
25299615
25299647
25299680
25299712
25299744
25299748
25299776
25299808
25299840
25299872
25299904
25299916
25299936
25299967
25299998
25300030
25300033
25300062
25300094
25300126
25300157
25300188
25300220
25300229
25300251
25300283
25300315
25300346
25300379
25300410
25300443
25300474
25300506
25300539
25300570
25300603
25300635
25300666
25300698
25300724
25300727
25300729
25300735
25300740
25300744
25300749
25300754
25300758
25300762
25300795
25300825
25300858
25300890
25300922
25300953
25300985
25301018
25301032
25301050
25301051
25301082
25301114
25301145
25301176
25301208
25301239
25301271
25301303
25301335
25301368
25301372
25301400
25301431
25301464
25301496
25301527
25301560
25301592
25301624
25301655
25301687
25301719
25301752
25301782
25301806
25301811
25301843
25301875
25301906
25301939
25301940
25301971
25302002
25302034
25302067
25302100
25302111
25302130
25302162
25302190
25302193
25302226
25302258
25302290
25302320
25302345
25302353
25302385
25302417
25302448
25302480
25302513
25302544
25302576
25302597
25302608
25302641
25302668
25302672
25302705
25302736
25302770
25302801
25302833
25302863
25302866
25302896
25302926
25302959
25302990
25303010
25303022
25303054
25303087
25303118
25303150
25303177
25303183
25303214
25303246
25303278
25303308
25303322
25303340
25303372
25303405
25303437
25303455
25303469
25303500
25303533
25303565
25303597
25303628
25303647
25303661
25303692
25303725
25303757
25303789
25303810
25303820
25303851
25303884
25303914
25303927
25303946
25303978
25304011
25304043
25304075
25304107
25304118
25304138
25304171
25304203
25304235
25304265
25304285
25304297
25304329
25304361
25304393
25304406
25304424
25304456
25304489
25304520
25304553
25304573
25304584
25304616
25304649
25304681
25304712
25304732
25304744
25304776
25304807
25304839
25304871
25304890
25304903
25304936
25304968
25304999
25305031
25305054
25305062
25305094
25305126
25305157
25305189
25305222
25305241
25305253
25305286
25305318
25305350
25305382
25305414
25305445
25305477
25305503
25305510
25305542
25305574
25305605
25305625
25305638
25305669
25305700
25305708
25305733
25305764
25305796
25305827
25305859
25305878
25305890
25305923
25305955
25305987
25306011
25306019
25306050
25306083
25306114
25306146
25306178
25306197
25306209
25306241
25306273
25306304
25306336
25306358
25306368
25306399
25306431
25306464
25306488
25306496
25306528
25306560
25306592
25306624
25306656
25306670
25306688
25306720
25306752
25306783
25306816
25306828
25306846
25306879
25306910
25306942
25306974
25306976
25307007
25307039
25307071
25307102
25307135
25307168
25307179
25307198
25307230
25307263
25307294
25307324
25307327
25307359
25307391
25307422
25307449
25307452
25307485
25307517
25307549
25307581
25307596
25307613
25307645
25307676
25307707
25307739
25307771
25307785
25307803
25307836
25307868
25307900
25307911
25307931
25307964
25307995
25308028
25308059
25308085
25308090
25308122
25308155
25308186
25308219
25308251
25308283
25308290
25308315
25308347
25308379
25308410
25308439
25308442
25308474
25308507
25308538
25308569
25308571
25308602
25308635
25308667
25308698
25308731
25308762
25308794
25308826
25308859
25308891
25308912
25308922
25308954
25308986
25309009
25309018
25309050
25309082
25309113
25309146
25309178
25309209
25309240
25309271
25309303
25309335
25309367
25309398
25309431
25309462
25309490
25309495
25309524
25309556
25309588
25309620
25309647
25309652
25309684
25309699
25309715
25309718
25309747
25309753
25309769
25309780
25309811
25309844
25309876
25309886
25309907
25309939
25309971
25310002
25310030
25310034
25310066
25310098
25310130
25310162
25310179
25310193
25310225
25310256
25310288
25310321
25310336
25310352
25310385
25310417
25310449
25310480
25310512
25310529
25310545
25310576
25310609
25310640
25310653
25310673
25310704
25310736
25310768
25310799
25310811
25310831
25310863
25310895
25310927
25310958
25310974
25310991
25311023
25311054
25311087
25311119
25311137
25311150
25311181
25311214
25311246
25311277
25311295
25311309
25311342
25311373
25311406
25311438
25311457
25311469
25311501
25311533
25311564
25311597
25311624
25311629
25311661
25311693
25311724
25311757
25311789
25311810
25311820
25311853
25311885
25311917
25311944
25311948
25311981
25312012
25312045
25312076
25312100
25312108
25312140
25312171
25312206
25312236
25312267
25312293
25312300
25312332
25312363
25312395
25312428
25312448
25312459
25312491
25312522
25312554
25312586
25312605
25312618
25312650
25312682
25312714
25312735
25312745
25312777
25312810
25312841
25312873
25312893
25312906
25312938
25312970
25313002
25313034
25313061
25313066
25313097
25313129
25313160
25313192
25313222
25313225
25313256
25313289
25313319
25313352
25313383
25313385
25313415
25313447
25313480
25313512
25313535
25313543
25313575
25313607
25313640
25313672
25313704
25313730
25313736
25313768
25313800
25313832
25313846
25313864
25313894
25313928
25313960
25313991
25314023
25314054
25314062
25314085
25314118
25314149
25314181
25314212
25314222
25314245
25314277
25314309
25314341
25314373
25314393
25314405
25314437
25314469
25314500
25314502
25314533
25314565
25314597
25314629
25314660
25314671
25314691
25314722
25314754
25314785
25314818
25314825
25314849
25314881
25314912
25314945
25314977
25315007
25315012
25315039
25315072
25315103
25315121
25315136
25315166
25315199
25315229
25315262
25315294
25315326
25315357
25315389
25315420
25315453
25315484
25315517
25315548
25315579
25315612
25315643
25315647
25315674
25315705
25315737
25315769
25315774
25315799
25315831
25315862
25315894
25315924
25315925
25315939
25315958
25315990
25316021
25316053
25316086
25316118
25316129
25316149
25316181
25316213
25316245
25316264
25316277
25316310
25316341
25316374
25316406
25316427
25316438
25316470
25316502
25316533
25316565
25316596
25316598
25316630
25316661
25316692
25316725
25316748
25316756
25316789
25316821
25316853
25316885
25316917
25316937
25316949
25316981
25317013
25317044
25317077
25317109
25317137
25317141
25317173
25317203
25317204
25317236
25317267
25317298
25317330
25317363
25317395
25317412
25317427
25317459
25317491
25317522
25317544
25317555
25317587
25317618
25317651
25317682
25317698
25317715
25317746
25317778
25317810
25317842
25317873
25317906
25317912
25317937
25317970
25318002
25318003
25318034
25318065
25318097
25318130
25318162
25318193
25318197
25318226
25318258
25318289
25318322
25318351
25318357
25318385
25318417
25318448
25318481
25318513
25318545
25318568
25318576
25318608
25318641
25318665
25318673
25318705
25318738
25318768
25318800
25318813
25318830
25318862
25318895
25318927
25318959
25318981
25318990
25319023
25319055
25319087
25319118
25319122
25319151
25319183
25319214
25319247
25319279
25319312
25319334
25319342
25319375
25319407
25319439
25319460
25319470
25319502
25319532
25319565
25319595
25319598
25319628
25319659
25319691
25319722
25319754
25319787
25319819
25319838
25319851
25319882
25319914
25319947
25319978
25319979
25320011
25320044
25320074
25320106
25320139
25320170
25320201
25320203
25320234
25320267
25320299
25320330
25320362
25320379
25320394
25320426
25320459
25320491
25320523
25320555
25320587
25320604
25320619
25320650
25320683
25320714
25320747
25320750
25320779
25320810
25320826
25320841
25320874
25320905
25320936
25320969
25320983
25321001
25321032
25321065
25321096
25321129
25321161
25321193
25321224
25321257
25321289
25321321
25321352
25321378
25321383
25321410
25321416
25321448
25321480
25321511
25321540
25321543
25321575
25321606
25321637
25321670
25321691
25321701
25321734
25321765
25321796
25321828
25321832
25321860
25321891
25321923
25321954
25321986
25322013
25322019
25322051
25322083
25322114
25322146
25322179
25322195
25322210
25322243
25322275
25322307
25322324
25322338
25322371
25322402
25322439
25322466
25322499
25322501
25322531
25322564
25322596
25322628
25322660
25322691
25322722
25322725
25322755
25322787
25322819
25322850
25322860
25322882
25322914
25322946
25322978
25323006
25323010
25323043
25323075
25323105
25323138
25323170
25323201
25323234
25323266
25323298
25323330
25323362
25323394
25323426
25323457
25323490
25323522
25323553
25323586
25323617
25323650
25323675
25323681
25323713
25323745
25323777
25323809
25323828
25323841
25323853
25323872
25323877
25323905
25323937
25323969
25324001
25324033
25324065
25324071
25324094
25324126
25324157
25324190
25324222
25324230
25324254
25324285
25324317
25324351
25324382
25324421
25324446
25324451
25324454
25324460
25324479
25324549
25324550
25324573
25324604
25324637
25324660
25324669
25324701
25324734
25324765
25324796
25324818
25324828
25324860
25324892
25324924
25324955
25324987
25325019
25325052
25325084
25325116
25325143
25325148
25325180
25325212
25325244
25325276
25325308
25325317
25325323
25325340
25325342
25325372
25325404
25325435
25325468
25325500
25325526
25325528
25325532
25325533
25325538
25325543
25325563
25325595
25325626
25325658
25325690
25325702
25325723
25325733
25325754
25325786
25325818
25325849
25325883
25325885
25325914
25325946
25325978
25326010
25326042
25326070
25326073
25326106
25326137
25326170
25326200
25326202
25326234
25326266
25326298
25326328
25326360
25326363
25326393
25326425
25326457
25326488
25326521
25326545
25326553
25326585
25326617
25326649
25326680
25326681
25326713
25326745
25326777
25326809
25326840
25326862
25326873
25326905
25326937
25326969
25327000
25327032
25327059
25327066
25327096
25327128
25327160
25327191
25327224
25327249
25327256
25327289
25327319
25327352
25327384
25327415
25327416
25327448
25327480
25327511
25327543
25327575
25327603
25327607
25327638
25327668
25327671
25327703
25327735
25327767
25327797
25327804
25327830
25327863
25327894
25327926
25327958
25327990
25328003
25328022
25328054
25328086
25328117
25328149
25328180
25328213
25328240
25328245
25328277
25328309
25328340
25328373
25328404
25328436
25328468
25328500
25328503
25328532
25328563
25328595
25328626
25328627
25328659
25328690
25328722
25328755
25328769
25328786
25328819
25328850
25328883
25328915
25328941
25328947
25328979
25329010
25329042
25329074
25329099
25329105
25329138
25329170
25329202
25329233
25329243
25329265
25329297
25329329
25329361
25329392
25329414
25329425
25329457
25329489
25329520
25329552
25329558
25329584
25329616
25329647
25329680
25329711
25329743
25329759
25329776
25329807
25329840
25329871
25329903
25329917
25329936
25329967
25329998
25330029
25330061
25330062
25330094
25330127
25330157
25330190
25330202
25330221
25330253
25330286
25330318
25330350
25330368
25330381
25330413
25330445
25330477
25330510
25330541
25330553
25330573
25330606
25330637
25330669
25330676
25330701
25330733
25330765
25330797
25330829
25330860
25330861
25330893
25330925
25330956
25330988
25331012
25331022
25331052
25331085
25331117
25331149
25331171
25331180
25331213
25331245
25331276
25331309
25331332
25331340
25331373
25331404
25331437
25331469
25331500
25331510
25331533
25331564
25331597
25331629
25331659
25331661
25331693
25331725
25331756
25331788
25331811
25331821
25331853
25331884
25331917
25331949
25331981
25331986
25332012
25332044
25332076
25332108
25332128
25332140
25332172
25332203
25332236
25332269
25332292
25332300
25332331
25332364
25332396
25332428
25332460
25332476
25332492
25332524
25332555
25332588
25332607
25332620
25332651
25332684
25332716
25332748
25332763
25332780
25332811
25332843
25332875
25332907
25332932
25332940
25332972
25333003
25333036
25333068
25333090
25333099
25333132
25333163
25333195
25333228
25333256
25333259
25333292
25333324
25333355
25333388
25333417
25333420
25333451
25333486
25333514
25333547
25333554
25333578
25333611
25333642
25333675
25333707
25333731
25333739
25333771
25333803
25333834
25333862
25333867
25333899
25333930
25333962
25333995
25334025
25334049
25334057
25334088
25334121
25334154
25334185
25334214
25334217
25334248
25334280
25334313
25334345
25334377
25334382
25334409
25334440
25334472
25334504
25334525
25334536
25334567
25334599
25334631
25334663
25334689
25334695
25334728
25334760
25334792
25334824
25334829
25334856
25334888
25334919
25334952
25334984
25335004
25335016
25335048
25335080
25335111
25335143
25335162
25335174
25335206
25335238
25335269
25335301
25335316
25335334
25335365
25335398
25335430
25335461
25335480
25335494
25335526
25335557
25335590
25335622
25335653
25335686
25335691
25335718
25335750
25335781
25335814
25335845
25335868
25335878
25335910
25335942
25335956
25335972
25336005
25336036
25336069
25336101
25336120
25336132
25336165
25336197
25336229
25336261
25336273
25336292
25336325
25336357
25336388
25336421
25336440
25336453
25336484
25336516
25336549
25336581
25336612
25336621
25336643
25336676
25336708
25336740
25336770
25336772
25336803
25336834
25336865
25336898
25336930
25336939
25336961
25336993
25337025
25337057
25337084
25337088
25337120
25337152
25337184
25337214
25337232
25337246
25337279
25337310
25337343
25337375
25337407
25337431
25337439
25337471
25337502
25337535
25337566
25337589
25337598
25337631
25337663
25337695
25337727
25337758
25337762
25337791
25337823
25337855
25337878
25337887
25337919
25337951
25337982
25338013
25338041
25338044
25338076
25338108
25338140
25338173
25338192
25338204
25338237
25338269
25338301
25338332
25338344
25338363
25338396
25338426
25338460
25338490
25338517
25338523
25338555
25338586
25338619
25338650
25338667
25338682
25338715
25338747
25338778
25338811
25338843
25338855
25338874
25338907
25338939
25338971
25339003
25339028
25339035
25339067
25339099
25339130
25339163
25339193
25339195
25339226
25339258
25339290
25339317
25339324
25339353
25339386
25339417
25339450
25339481
25339497
25339514
25339547
25339578
25339609
25339642
25339674
25339678
25339705
25339737
25339770
25339800
25339802
25339834
25339865
25339897
25339930
25339956
25339962
25339992
25340025
25340056
25340089
25340109
25340121
25340153
25340184
25340216
25340248
25340270
25340281
25340313
25340345
25340377
25340409
25340416
25340440
25340473
25340504
25340538
25340569
25340592
25340601
25340633
25340665
25340696
25340729
25340749
25340761
25340792
25340825
25340857
25340889
25340921
25340953
25340975
25340985
25341016
25341049
25341069
25341081
25341113
25341145
25341177
25341209
25341241
25341273
25341305
25341337
25341369
25341401
25341433
25341465
25341497
25341528
25341561
25341592
25341624
25341656
25341689
25341720
25341753
25341785
25341817
25341823
25341848
25341881
25341912
25341945
25341977
25341983
25342008
25342009
25342033
25342041
25342072
25342105
25342137
25342168
25342201
25342233
25342236
25342238
25342243
25342264
25342296
25342328
25342359
25342391
25342396
25342421
25342454
25342485
25342517
25342549
25342580
25342593
25342613
25342645
25342677
25342708
25342740
25342753
25342772
25342794
25342804
25342821
25342836
25342867
25342880
25342900
25342932
25342938
25342962
25342995
25343027
25343059
25343091
25343092
25343122
25343154
25343187
25343219
25343246
25343250
25343283
25343315
25343346
25343377
25343410
25343416
25343442
25343474
25343506
25343538
25343570
25343575
25343602
25343634
25343665
25343697
25343730
25343760
25343792
25343824
25343856
25343888
25343920
25343951
25343983
25344014
25344033
25344035
25344047
25344079
25344110
25344124
25344142
25344175
25344206
25344239
25344271
25344302
25344334
25344366
25344399
25344430
25344462
25344495
25344499
25344502
25344527
25344558
25344590
25344604
25344622
25344654
25344686
25344717
25344750
25344763
25344782
25344813
25344844
25344875
25344907
25344939
25344970
25345002
25345022
25345033
25345065
25345096
25345128
25345157
25345160
25345192
25345224
25345258
25345289
25345312
25345321
25345352
25345383
25345415
25345447
25345479
25345497
25345512
25345544
25345575
25345606
25345638
25345648
25345671
25345703
25345734
25345766
25345797
25345802
25345830
25345861
25345894
25345925
25345957
25345965
25345990
25346022
25346053
25346086
25346116
25346117
25346150
25346182
25346213
25346245
25346277
25346308
25346311
25346340
25346373
25346405
25346427
25346436
25346467
25346500
25346531
25346563
25346573
25346595
25346625
25346658
25346690
25346721
25346754
25346786
25346817
25346849
25346850
25346881
25346914
25346930
25346945
25346977
25347009
25347042
25347072
25347089
25347104
25347136
25347167
25347199
25347225
25347231
25347263
25347296
25347328
25347360
25347365
25347392
25347424
25347455
25347487
25347520
25347534
25347552
25347583
25347616
25347648
25347680
25347698
25347712
25347743
25347776
25347809
25347840
25347848
25347871
25347904
25347936
25347967
25347999
25348026
25348032
25348064
25348095
25348127
25348159
25348166
25348191
25348223
25348255
25348286
25348317
25348343
25348350
25348382
25348414
25348445
25348477
25348485
25348509
25348542
25348574
25348606
25348638
25348666
25348670
25348702
25348734
25348765
25348798
25348828
25348830
25348860
25348892
25348924
25348954
25348981
25348986
25349018
25349050
25349082
25349115
25349130
25349147
25349178
25349209
25349242
25349273
25349293
25349305
25349337
25349369
25349400
25349433
25349439
25349465
25349496
25349529
25349560
25349593
25349625
25349646
25349657
25349689
25349720
25349752
25349781
25349784
25349817
25349849
25349881
25349913
25349924
25349945
25349977
25350010
25350041
25350073
25350104
25350137
25350168
25350201
25350232
25350242
25350265
25350296
25350329
25350361
25350392
25350398
25350425
25350456
25350489
25350521
25350552
25350584
25350614
25350616
25350649
25350679
25350711
25350744
25350776
25350777
25350808
25350839
25350872
25350903
25350936
25350968
25350980
25351000
25351031
25351055
25351064
25351096
25351128
25351160
25351192
25351200
25351224
25351255
25351286
25351319
25351351
25351368
25351383
25351415
25351447
25351479
25351511
25351522
25351543
25351574
25351606
25351639
25351671
25351673
25351703
25351736
25351768
25351799
25351831
25351858
25351860
25351891
25351923
25351956
25351987
25352020
25352052
25352057
25352083
25352115
25352147
25352176
25352178
25352211
25352243
25352275
25352307
25352337
25352339
25352370
25352403
25352434
25352467
25352495
25352499
25352531
25352562
25352595
25352626
25352639
25352658
25352689
25352722
25352754
25352786
25352789
25352817
25352849
25352881
25352914
25352946
25352978
25353009
25353015
25353042
25353074
25353106
25353115
25353137
25353169
25353201
25353233
25353263
25353295
25353299
25353327
25353360
25353392
25353423
25353453
25353456
25353488
25353519
25353551
25353584
25353596
25353616
25353648
25353680
25353712
25353744
25353770
25353775
25353807
25353840
25353871
25353904
25353918
25353935
25353967
25353999
25354030
25354062
25354095
25354114
25354127
25354158
25354190
25354221
25354249
25354254
25354286
25354318
25354350
25354381
25354394
25354413
25354446
25354477
25354510
25354541
25354565
25354573
25354605
25354637
25354668
25354700
25354713
25354731
25354763
25354794
25354826
25354859
25354867
25354890
25354922
25354953
25354986
25355017
25355023
25355050
25355082
25355114
25355146
25355176
25355205
25355209
25355240
25355273
25355304
25355336
25355345
25355368
25355399
25355432
25355464
25355495
25355524
25355527
25355559
25355592
25355624
25355656
25355688
25355696
25355720
25355752
25355784
25355815
25355848
25355851
25355880
25355912
25355943
25355975
25356004
25356008
25356038
25356070
25356103
25356133
25356145
25356166
25356198
25356229
25356262
25356294
25356326
25356334
25356358
25356390
25356422
25356455
25356471
25356484
25356516
25356548
25356581
25356613
25356644
25356649
25356677
25356709
25356741
25356773
25356802
25356805
25356837
25356869
25356900
25356931
25356953
25356963
25356995
25357028
25357059
25357091
25357104
25357124
25357156
25357188
25357219
25357252
25357257
25357282
25357313
25357346
25357378
25357409
25357418
25357441
25357474
25357504
25357536
25357567
25357585
25357599
25357631
25357662
25357694
25357727
25357739
25357758
25357791
25357823
25357855
25357887
25357915
25357918
25357950
25357982
25358014
25358046
25358060
25358079
25358110
25358143
25358175
25358206
25358227
25358239
25358270
25358303
25358334
25358366
25358399
25358414
25358429
25358461
25358494
25358525
25358557
25358564
25358589
25358620
25358653
25358685
25358712
25358717
25358749
25358780
25358812
25358845
25358863
25358876
25358909
25358940
25358973
25359005
25359037
25359045
25359069
25359100
25359132
25359163
25359195
25359202
25359228
25359260
25359292
25359323
25359355
25359386
25359417
25359418
25359449
25359482
25359511
25359514
25359546
25359578
25359610
25359641
25359648
25359674
25359706
25359738
25359770
25359802
25359833
25359837
25359866
25359898
25359929
25359960
25359975
25359993
25360025
25360057
25360088
25360119
25360137
25360151
25360183
25360214
25360246
25360279
25360297
25360311
25360343
25360374
25360407
25360437
25360447
25360469
25360500
25360533
25360565
25360596
25360609
25360629
25360660
25360692
25360725
25360757
25360786
25360789
25360820
25360851
25360883
25360914
25360945
25360948
25360977
25361009
25361042
25361074
25361096
25361105
25361137
25361169
25361201
25361233
25361245
25361265
25361296
25361327
25361360
25361391
25361403
25361424
25361456
25361488
25361520
25361552
25361569
25361582
25361614
25361647
25361679
25361710
25361743
25361744
25361775
25361806
25361838
25361871
25361877
25361902
25361934
25361965
25361997
25362029
25362056
25362061
25362093
25362125
25362156
25362189
25362217
25362221
25362252
25362285
25362316
25362349
25362380
25362407
25362412
25362444
25362476
25362508
25362538
25362540
25362572
25362603
25362636
25362667
25362680
25362700
25362732
25362764
25362796
25362827
25362835
25362859
25362892
25362923
25362955
25362988
25363019
25363035
25363051
25363082
25363115
25363147
25363166
25363179
25363211
25363243
25363274
25363307
25363339
25363370
25363402
25363435
25363467
25363499
25363518
25363531
25363563
25363595
25363627
25363638
25363658
25363690
25363721
25363754
25363786
25363818
25363850
25363854
25363881
25363914
25363946
25363977
25363984
25364009
25364041
25364073
25364105
25364133
25364137
25364169
25364200
25364233
25364265
25364293
25364297
25364329
25364360
25364391
25364421
25364452
25364484
25364516
25364547
25364579
25364611
25364642
25364654
25364674
25364705
25364737
25364769
25364772
25364801
25364832
25364865
25364895
25364928
25364932
25364960
25364992
25365023
25365055
25365061
25365086
25365119
25365151
25365183
25365215
25365242
25365247
25365278
25365310
25365343
25365375
25365391
25365406
25365439
25365470
25365503
25365534
25365566
25365571
25365599
25365631
25365662
25365693
25365723
25365726
25365758
25365789
25365821
25365853
25365877
25365883
25365915
25365947
25365977
25366010
25366025
25366041
25366074
25366106
25366138
25366170
25366187
25366202
25366233
25366265
25366297
25366329
25366340
25366361
25366393
25366424
25366456
25366488
25366519
25366528
25366552
25366583
25366615
25366647
25366679
25366692
25366711
25366742
25366774
25366807
25366835
25366839
25366871
25366902
25366934
25366965
25366981
25366997
25367029
25367061
25367094
25367124
25367132
25367156
25367189
25367221
25367253
25367285
25367310
25367317
25367349
25367381
25367412
25367445
25367477
25367491
25367509
25367541
25367573
25367604
25367635
25367637
25367669
25367701
25367732
25367765
25367797
25367808
25367828
25367860
25367892
25367925
25367938
25367956
25367987
25368019
25368033
25368034
25368035
25368057
25368083
25368350
25368351
25368352
25368372
25368499
25368548
25368580
25368612
25368644
25368676
25368709
25368723
25368784
25368866
25368906
25368924
25368940
25368954
25368970
25369003
25369034
25369066
25369098
25369130
25369138
25369155
25369186
25369218
25369250
25369282
25369288
25369313
25369317
25369345
25369378
25369409
25369438
25369441
25369448
25369473
25369477
25369505
25369511
25369537
25369539
25369569
25369572
25369601
25369615
25369633
25369637
25369665
25369670
25369697
25369703
25369729
25369732
25369760
25369764
25369792
25369797
25369822
25369825
25369853
25369854
25369885
25369887
25369917
25369918
25369949
25369950
25369980
25369981
25370013
25370015
25370044
25370046
25370059
25370060
25424026
25424048
25424078
25424104
25424126
25424148
25424173
25424197
25424222
25424484
25424504
25424525
25424542
25427152
25427154
25427186
25427218
25427248
25427251
25427283
25427315
25427348
25427380
25427402
25427412
25427445
25427477
25427509
25427542
25427573
25427574
25427606
25427639
25427671
25427703
25427730
25427736
25427768
25427800
25427832
25427864
25427897
25427898
25427929
25427961
25427993
25428026
25428057
25428058
25428090
25428124
25428154
25428186
25428217
25428218
25428250
25428282
25428315
25428347
25428378
25428379
25428412
25428444
25428475
25428508
25428539
25428541
25428573
25428605
25428636
25428668
25428699
25428701
25428733
25428764
25428797
25428829
25428861
25428869
25428893
25428925
25428957
25428990
25429009
25429020
25429059
25429091
25429123
25429155
25429187
25429219
25429250
25429282
25429314
25429346
25429353
25429360
25429373
25429405
25429436
25429468
25429469
25429500
25429532
25429564
25429583
25429608
25429615
25429646
25429678
25429709
25429741
25429773
25429774
25429804
25429837
25429868
25429901
25429933
25429964
25429996
25430029
25430061
25430093
25430125
25430157
25430189
25430221
25430253
25430257
25430284
25430310
25430342
25430374
25430400
25430406
25430438
25430445
25430476
25430507
25430538
25430540
25430571
25430601
25430634
25430665
25430697
25430699
25430728
25430760
25430791
25430823
25430847
25430855
25430887
25430918
25430949
25430981
25431012
25431045
25431077
25431108
25431141
25431164
25431173
25431205
25431237
25431269
25431300
25431332
25431339
25431364
25431395
25431426
25431459
25431483
25431491
25431523
25431555
25431587
25431619
25431651
25431657
25431683
25431715
25431746
25431778
25431808
25431810
25431842
25431874
25431906
25431937
25431970
25431977
25432001
25432033
25432065
25432097
25432128
25432129
25432161
25432192
25432223
25432256
25432287
25432288
25432319
25432351
25432383
25432415
25432440
25432447
25432479
25432511
25432543
25432575
25432607
25432639
25432670
25432703
25432735
25432759
25432767
25432799
25432830
25432862
25432894
25432925
25432927
25432959
25432991
25433023
25433055
25433079
25433087
25433118
25433150
25433182
25433214
25433243
25433247
25433299
25433302
25433334
25433366
25433398
25433401
25433429
25433461
25433493
25433525
25433557
25433560
25433589
25433621
25433653
25433685
25433717
25433724
25433748
25433780
25433812
25433844
25433876
25433880
25433908
25433940
25433972
25434004
25434037
25434051
25434069
25434077
25434108
25434141
25434173
25434174
25434205
25434236
25434268
25434300
25434331
25434338
25434363
25434395
25434427
25434459
25434484
25434491
25434523
25434555
25434587
25434619
25434652
25434655
25434682
25434714
25434747
25434778
25434803
25434810
25434841
25434873
25434906
25434938
25434968
25434969
25435002
25435033
25435065
25435097
25435126
25435128
25435160
25435193
25435225
25435257
25435289
25435291
25435321
25435352
25435385
25435417
25435443
25435449
25435480
25435512
25435544
25435576
25435609
25435619
25435640
25435672
25435704
25435735
25435765
25435767
25435798
25435831
25435862
25435894
25435926
25435932
25435958
25435990
25436021
25436053
25436082
25436083
25436116
25436147
25436180
25436212
25436243
25436245
25436276
25436308
25436340
25436372
25436404
25436420
25436436
25436467
25436499
25436531
25436556
25436563
25436595
25436627
25436658
25436691
25436723
25436736
25436754
25436787
25436819
25436851
25436881
25436883
25436915
25436946
25436977
25437010
25437042
25437043
25437074
25437105
25437137
25437169
25437201
25437210
25437232
25437265
25437297
25437328
25437360
25437392
25437424
25437455
25437488
25437519
25437534
25437551
25437552
25437583
25437615
25437647
25437677
25437679
25437711
25437744
25437773
25437805
25437829
25437837
25437869
25437901
25437932
25437964
25437993
25437996
25438028
25438061
25438092
25438124
25438149
25438156
25438188
25438220
25438252
25438284
25438314
25438317
25438347
25438378
25438408
25438440
25438469
25438472
25438504
25438536
25438568
25438600
25438630
25438632
25438664
25438696
25438728
25438760
25438792
25438797
25438823
25438856
25438888
25438918
25438946
25438950
25438982
25439013
25439044
25439077
25439108
25439115
25439140
25439172
25439204
25439235
25439258
25439267
25439300
25439330
25439362
25439395
25439427
25439428
25439459
25439491
25439523
25439555
25439579
25439587
25439618
25439650
25439681
25439712
25439737
25439745
25439777
25439809
25439841
25439873
25439899
25439905
25439937
25439969
25440001
25440033
25440063
25440064
25440095
25440127
25440159
25440191
25440222
25440223
25440255
25440287
25440318
25440349
25440372
25440382
25440413
25440445
25440476
25440509
25440539
25440541
25440573
25440605
25440637
25440669
25440693
25440701
25440733
25440765
25440797
25440828
25440859
25440860
25440892
25440924
25440956
25440988
25441019
25441020
25441052
25441085
25441116
25441148
25441179
25441188
25441211
25441243
25441275
25441307
25441335
25441339
25441371
25441402
25441434
25441467
25441497
25441505
25441529
25441560
25441593
25441625
25441657
25441664
25441688
25441719
25441752
25441784
25441815
25441816
25441848
25441880
25441912
25441944
25441970
25441975
25442006
25442039
25442071
25442103
25442130
25442134
25442167
25442199
25442231
25442262
25442294
25442297
25442326
25442358
25442389
25442420
25442447
25442453
25442485
25442517
25442549
25442580
25442605
25442613
25442645
25442676
25442709
25442742
25442768
25442773
25442805
25442837
25442869
25442901
25442925
25442933
25442965
25442997
25443028
25443060
25443092
25443095
25443124
25443156
25443188
25443220
25443252
25443254
25443284
25443316
25443347
25443380
25443406
25443412
25443444
25443475
25443507
25443537
25443570
25443602
25443634
25443666
25443672
25443697
25443729
25443732
25443760
25443793
25443825
25443857
25443889
25443891
25443920
25443951
25443983
25444014
25444047
25444053
25444079
25444110
25444143
25444174
25444205
25444214
25444237
25444268
25444299
25444332
25444363
25444387
25444394
25444425
25444457
25444490
25444522
25444526
25444554
25444586
25444618
25444650
25444682
25444683
25444714
25444746
25444777
25444809
25444840
25444841
25444872
25444904
25444935
25444967
25444999
25445012
25445032
25445063
25445095
25445126
25445159
25445190
25445218
25445221
25445253
25445284
25445317
25445348
25445381
25445413
25445445
25445476
25445483
25445508
25445540
25445574
25445604
25445636
25445637
25445667
25445700
25445731
25445762
25445794
25445799
25445827
25445858
25445891
25445923
25445955
25445960
25445986
25446018
25446050
25446082
25446111
25446114
25446146
25446177
25446209
25446242
25446272
25446276
25446304
25446336
25446368
25446401
25446433
25446449
25446465
25446497
25446528
25446559
25446591
25446623
25446655
25446687
25446720
25446749
25446752
25446783
25446815
25446848
25446880
25446911
25446943
25446974
25447007
25447038
25447067
25447070
25447102
25447133
25447166
25447198
25447230
25447231
25447262
25447293
25447326
25447358
25447390
25447393
25447422
25447455
25447487
25447517
25447549
25447578
25447610
25447642
25447674
25447703
25447706
25447737
25447770
25447801
25447834
25447866
25447898
25447929
25447961
25447994
25448026
25448057
25448071
25448089
25448121
25448152
25448182
25448184
25448217
25448248
25448280
25448312
25448343
25448344
25448375
25448408
25448439
25448471
25448504
25448513
25448535
25448568
25448599
25448630
25448657
25448660
25448693
25448724
25448756
25448789
25448820
25448836
25448851
25448883
25448915
25448948
25448979
25448999
25449013
25449043
25449076
25449108
25449139
25449143
25449171
25449203
25449235
25449267
25449297
25449302
25449329
25449361
25449394
25449425
25449456
25449466
25449489
25449520
25449553
25449585
25449616
25449626
25449649
25449680
25449711
25449743
25449774
25449784
25449805
25449836
25449868
25449899
25449930
25449936
25449962
25449993
25450025
25450057
25450089
25450108
25450122
25450154
25450185
25450215
25450246
25450247
25450279
25450310
25450343
25450375
25450407
25450411
25450439
25450471
25450503
25450534
25450564
25450566
25450597
25450629
25450662
25450692
25450725
25450729
25450757
25450788
25450821
25450852
25450883
25450884
25450916
25450949
25450981
25451012
25451044
25451046
25451077
25451108
25451141
25451172
25451203
25451205
25451235
25451267
25451300
25451331
25451363
25451371
25451395
25451425
25451458
25451489
25451522
25451529
25451554
25451585
25451617
25451649
25451681
25451682
25451714
25451745
25451776
25451809
25451841
25451850
25451872
25451902
25451935
25451967
25451999
25452006
25452031
25452063
25452095
25452126
25452156
25452159
25452191
25452223
25452254
25452286
25452318
25452338
25452350
25452382
25452416
25452446
25452475
25452478
25452510
25452542
25452573
25452605
25452638
25452669
25452702
25452734
25452766
25452796
25452797
25452829
25452862
25452893
25452926
25452958
25452990
25453020
25453052
25453084
25453113
25453116
25453148
25453181
25453213
25453245
25453277
25453308
25453339
25453371
25453403
25453432
25453434
25453467
25453499
25453529
25453561
25453589
25453594
25453626
25453658
25453690
25453721
25453753
25453755
25453784
25453815
25453847
25453879
25453910
25453911
25453944
25453976
25454007
25454041
25454072
25454104
25454136
25454167
25454199
25454229
25454231
25454263
25454295
25454327
25454360
25454392
25454395
25454424
25454456
25454487
25454520
25454551
25454552
25454584
25454614
25454647
25454679
25454707
25454709
25454741
25454774
25454806
25454837
25454863
25454869
25454902
25454934
25454966
25454998
25455029
25455062
25455094
25455126
25455157
25455185
25455188
25455220
25455251
25455284
25455315
25455348
25455380
25455411
25455443
25455475
25455507
25455513
25455539
25455571
25455602
25455634
25455666
25455667
25455698
25455729
25455762
25455794
25455825
25455836
25455857
25455888
25455921
25455952
25455983
25455984
25456016
25456048
25456080
25456112
25456143
25456145
25456175
25456207
25456240
25456271
25456303
25456304
25456336
25456368
25456399
25456432
25456463
25456464
25456496
25456527
25456559
25456591
25456622
25456624
25456656
25456688
25456720
25456751
25456782
25456784
25456816
25456847
25456880
25456911
25456944
25456947
25456975
25457007
25457039
25457072
25457098
25457104
25457136
25457167
25457200
25457232
25457263
25457264
25457295
25457328
25457359
25457392
25457424
25457426
25457456
25457487
25457520
25457551
25457584
25457616
25457648
25457678
25457710
25457741
25457752
25457773
25457805
25457837
25457868
25457900
25457902
25457932
25457964
25457996
25458027
25458058
25458060
25458092
25458124
25458156
25458187
25458218
25458250
25458282
25458315
25458347
25458377
25458378
25458411
25458443
25458474
25458505
25458535
25458538
25458568
25458600
25458631
25458664
25458694
25458696
25458728
25458759
25458790
25458823
25458855
25458857
25458887
25458919
25458949
25458981
25459013
25459045
25459077
25459109
25459141
25459168
25459173
25459205
25459236
25459269
25459302
25459331
25459334
25459364
25459396
25459428
25459460
25459491
25459495
25459524
25459555
25459587
25459618
25459650
25459658
25459683
25459714
25459746
25459778
25459805
25459809
25459842
25459874
25459906
25459937
25459969
25459970
25460002
25460033
25460066
25460096
25460126
25460128
25460160
25460193
25460225
25460256
25460285
25460287
25460319
25460352
25460383
25460416
25460447
25460480
25460511
25460543
25460575
25460604
25460608
25460637
25460669
25460700
25460731
25460763
25460764
25460796
25460828
25460860
25460892
25460921
25460924
25460956
25460988
25461020
25461052
25461081
25461083
25461115
25461148
25461180
25461212
25461240
25461244
25461276
25461307
25461338
25461370
25461398
25461402
25461435
25461465
25461497
25461528
25461560
25461568
25461593
25461624
25461656
25461687
25461713
25461719
25461749
25461781
25461813
25461843
25461870
25461875
25461906
25461938
25461970
25462003
25462030
25462034
25462067
25462099
25462130
25462163
25462193
25462194
25462227
25462258
25462289
25462322
25462349
25462354
25462386
25462417
25462450
25462481
25462511
25462513
25462544
25462577
25462608
25462639
25462666
25462671
25462703
25462735
25462767
25462799
25462828
25462831
25462863
25462894
25462926
25462959
25462991
25463023
25463055
25463086
25463119
25463150
25463152
25463181
25463214
25463246
25463278
25463306
25463310
25463342
25463374
25463405
25463437
25463464
25463469
25463502
25463534
25463565
25463597
25463628
25463629
25463662
25463692
25463724
25463755
25463780
25463787
25463819
25463851
25463882
25463914
25463946
25463978
25464008
25464040
25464074
25464105
25464112
25464137
25464167
25464199
25464232
25464261
25464264
25464296
25464327
25464358
25464390
25464418
25464423
25464455
25464487
25464518
25464551
25464582
25464615
25464647
25464678
25464710
25464739
25464743
25464776
25464807
25464839
25464871
25464903
25464905
25464935
25464965
25464997
25465030
25465059
25465062
25465094
25465124
25465156
25465188
25465219
25465222
25465251
25465284
25465316
25465347
25465379
25465410
25465443
25465474
25465506
25465538
25465539
25465570
25465601
25465631
25465663
25465693
25465696
25465727
25465759
25465791
25465824
25465855
25465856
25465887
25465920
25465952
25465984
25466016
25466019
25466047
25466079
25466112
25466143
25466168
25466175
25466208
25466240
25466271
25466304
25466332
25466336
25466367
25466398
25466430
25466462
25466490
25466493
25466525
25466558
25466589
25466622
25466652
25466654
25466686
25466718
25466748
25466781
25466811
25466812
25466844
25466876
25466908
25466940
25466972
25467005
25467036
25467068
25467100
25467133
25467138
25467163
25467195
25467227
25467259
25467291
25467296
25467324
25467356
25467388
25467419
25467449
25467450
25467483
25467514
25467547
25467578
25467607
25467611
25467642
25467674
25467705
25467738
25467766
25467769
25467800
25467833
25467865
25467897
25467927
25467929
25467961
25467992
25468024
25468055
25468087
25468090
25468120
25468152
25468182
25468215
25468244
25468246
25468278
25468310
25468342
25468374
25468403
25468406
25468438
25468470
25468502
25468532
25468559
25468565
25468597
25468627
25468659
25468692
25468723
25468727
25468754
25468786
25468819
25468849
25468881
25468913
25468945
25468977
25469010
25469038
25469041
25469071
25469104
25469135
25469167
25469198
25469200
25469232
25469263
25469295
25469328
25469355
25469360
25469392
25469423
25469455
25469488
25469519
25469520
25469551
25469583
25469615
25469647
25469679
25469683
25469710
25469742
25469774
25469805
25469836
25469869
25469901
25469932
25469965
25469996
25469997
25470028
25470061
25470092
25470125
25470155
25470157
25470189
25470220
25470252
25470284
25470315
25470316
25470347
25470380
25470411
25470444
25470475
25470507
25470540
25470571
25470603
25470635
25470653
25470666
25470699
25470730
25470762
25470794
25470827
25470858
25470890
25470922
25470952
25470953
25470986
25471017
25471049
25471082
25471113
25471118
25471145
25471177
25471209
25471240
25471273
25471305
25471337
25471369
25471401
25471433
25471452
25471465
25471496
25471527
25471559
25471591
25471595
25471624
25471655
25471688
25471720
25471752
25471772
25471783
25471815
25471847
25471879
25471907
25471910
25471942
25471974
25472005
25472038
25472070
25472071
25472101
25472133
25472165
25472197
25472229
25472235
25472260
25472292
25472325
25472356
25472387
25472388
25472419
25472451
25472483
25472515
25472545
25472547
25472580
25472611
25472642
25472674
25472702
25472708
25472739
25472770
25472803
25472835
25472867
25472876
25472899
25472931
25472963
25472995
25473027
25473036
25473059
25473091
25473123
25473154
25473187
25473204
25473219
25473251
25473283
25473315
25473346
25473349
25473380
25473411
25473442
25473475
25473507
25473508
25473539
25473571
25473603
25473634
25473667
25473669
25473699
25473731
25473762
25473795
25473827
25473847
25473859
25473890
25473922
25473955
25473987
25473990
25474019
25474051
25474083
25474115
25474146
25474148
25474178
25474210
25474241
25474273
25474301
25474304
25474334
25474366
25474397
25474428
25474460
25474469
25474492
25474525
25474556
25474587
25474619
25474630
25474651
25474682
25474714
25474746
25474779
25474798
25474810
25474842
25474875
25474907
25474939
25474941
25474970
25475003
25475035
25475067
25475098
25475099
25475131
25475163
25475195
25475227
25475254
25475258
25475291
25475322
25475355
25475387
25475419
25475425
25475451
25475483
25475514
25475547
25475578
25475580
25475611
25475642
25475675
25475707
25475738
25475740
25475770
25475801
25475833
25475866
25475897
25475898
25475929
25475962
25475994
25476025
25476049
25476057
25476095
25476121
25476153
25476185
25476216
25476249
25476281
25476312
25476345
25476377
25476389
25476408
25476441
25476472
25476504
25476537
25476546
25476568
25476600
25476633
25476665
25476696
25476728
25476761
25476793
25476824
25476855
25476857
25476889
25476920
25476952
25476984
25477013
25477017
25477049
25477080
25477113
25477145
25477176
25477177
25477209
25477241
25477272
25477305
25477338
25477346
25477369
25477401
25477433
25477464
25477495
25477510
25477527
25477560
25477592
25477624
25477656
25477662
25477687
25477720
25477751
25477784
25477816
25477818
25477848
25477880
25477912
25477944
25477974
25477975
25478006
25478038
25478069
25478102
25478129
25478134
25478166
25478198
25478230
25478262
25478289
25478293
25478326
25478357
25478389
25478422
25478453
25478454
25478486
25478516
25478548
25478579
25478605
25478612
25478643
25478674
25478707
25478737
25478769
25478773
25478801
25478833
25478864
25478896
25478927
25478936
25478959
25478991
25479023
25479055
25479086
25479118
25479151
25479182
25479214
25479246
25479248
25479279
25479311
25479343
25479374
25479406
25479414
25479438
25479471
25479502
25479534
25479561
25479565
25479597
25479629
25479661
25479693
25479726
25479729
25479758
25479789
25479822
25479852
25479881
25479885
25479916
25479949
25479980
25480012
25480042
25480044
25480076
25480108
25480140
25480172
25480203
25480236
25480244
25480268
25480299
25480331
25480363
25480366
25480396
25480427
25480459
25480492
25480523
25480524
25480556
25480587
25480619
25480651
25480682
25480684
25480714
25480747
25480778
25480810
25480843
25480847
25480874
25480908
25480939
25480971
25481002
25481003
25481034
25481066
25481099
25481131
25481162
25481165
25481193
25481226
25481258
25481290
25481321
25481323
25481352
25481385
25481417
25481448
25481481
25481485
25481512
25481544
25481576
25481609
25481640
25481644
25481672
25481705
25481737
25481769
25481800
25481810
25481831
25481863
25481895
25481927
25481960
25481962
25481992
25482023
25482054
25482086
25482118
25482119
25482151
25482182
25482215
25482246
25482279
25482300
25482310
25482342
25482374
25482406
25482438
25482443
25482471
25482502
25482535
25482567
25482599
25482600
25482630
25482662
25482694
25482727
25482758
25482774
25482791
25482822
25482855
25482886
25482919
25482925
25482950
25482982
25483013
25483045
25483077
25483078
25483108
25483141
25483172
25483205
25483237
25483269
25483301
25483333
25483364
25483396
25483428
25483460
25483493
25483523
25483553
25483555
25483588
25483619
25483651
25483683
25483716
25483722
25483747
25483779
25483812
25483843
25483875
25483889
25483908
25483939
25483971
25484003
25484036
25484067
25484099
25484130
25484163
25484194
25484199
25484227
25484258
25484290
25484322
25484354
25484357
25484387
25484419
25484451
25484483
25484514
25484527
25484547
25484580
25484610
25484641
25484672
25484675
25484704
25484736
25484769
25484801
25484833
25484864
25484896
25484928
25484960
25484992
25485023
25485056
25485087
25485119
25485152
25485155
25485185
25485215
25485246
25485278
25485310
25485343
25485375
25485406
25485439
25485470
25485488
25485503
25485534
25485567
25485598
25485631
25485634
25485664
25485694
25485727
25485757
25485787
25485789
25485821
25485853
25485885
25485917
25485949
25485954
25485982
25486014
25486045
25486077
25486108
25486110
25486141
25486173
25486204
25486236
25486268
25486271
25486301
25486333
25486366
25486396
25486425
25486427
25486460
25486491
25486524
25486556
25486588
25486594
25486620
25486652
25486684
25486715
25486744
25486746
25486779
25486811
25486842
25486874
25486903
25486905
25486938
25486969
25487001
25487034
25487066
25487067
25487098
25487130
25487162
25487194
25487226
25487240
25487258
25487290
25487321
25487353
25487384
25487392
25487416
25487447
25487480
25487512
25487544
25487548
25487575
25487608
25487639
25487671
25487697
25487703
25487735
25487767
25487798
25487830
25487861
25487862
25487895
25487926
25487957
25487989
25488018
25488021
25488052
25488085
25488116
25488149
25488177
25488181
25488212
25488244
25488276
25488309
25488340
25488344
25488372
25488403
25488435
25488467
25488499
25488524
25488530
25488563
25488595
25488626
25488655
25488659
25488691
25488722
25488753
25488786
25488817
25488819
25488849
25488881
25488913
25488945
25488975
25488977
25489008
25489040
25489070
25489103
25489134
25489136
25489167
25489199
25489230
25489263
25489295
25489299
25489326
25489359
25489391
25489422
25489447
25489455
25489486
25489518
25489549
25489582
25489614
25489623
25489646
25489678
25489710
25489742
25489771
25489773
25489806
25489838
25489870
25489901
25489933
25489934
25489966
25489997
25490030
25490062
25490094
25490099
25490125
25490156
25490189
25490220
25490252
25490260
25490283
25490316
25490348
25490379
25490411
25490419
25490444
25490475
25490506
25490538
25490571
25490583
25490603
25490635
25490667
25490699
25490731
25490742
25490763
25490794
25490826
25490860
25490891
25490897
25490923
25490954
25490986
25491019
25491050
25491059
25491082
25491115
25491147
25491179
25491210
25491211
25491243
25491274
25491306
25491339
25491371
25491381
25491403
25491434
25491467
25491500
25491530
25491538
25491562
25491595
25491626
25491658
25491689
25491691
25491722
25491754
25491785
25491816
25491849
25491861
25491880
25491912
25491943
25491976
25492008
25492011
25492040
25492072
25492104
25492136
25492167
25492171
25492200
25492232
25492263
25492295
25492328
25492332
25492360
25492390
25492423
25492455
25492486
25492495
25492519
25492551
25492583
25492615
25492647
25492653
25492679
25492709
25492742
25492774
25492805
25492807
25492838
25492869
25492901
25492934
25492965
25492966
25492996
25493028
25493061
25493092
25493125
25493157
25493188
25493220
25493252
25493283
25493315
25493347
25493379
25493412
25493443
25493455
25493476
25493508
25493539
25493571
25493603
25493604
25493635
25493667
25493698
25493729
25493761
25493768
25493794
25493825
25493858
25493889
25493921
25493922
25493953
25493984
25494017
25494049
25494078
25494081
25494113
25494145
25494177
25494208
25494237
25494240
25494272
25494304
25494336
25494366
25494399
25494407
25494431
25494463
25494494
25494525
25494557
25494567
25494589
25494622
25494654
25494685
25494718
25494749
25494781
25494813
25494845
25494878
25494880
25494910
25494941
25494972
25495005
25495036
25495055
25495069
25495100
25495133
25495164
25495196
25495197
25495229
25495261
25495292
25495324
25495356
25495360
25495388
25495418
25495450
25495482
25495512
25495513
25495544
25495577
25495609
25495640
25495672
25495681
25495704
25495737
25495768
25495800
25495833
25495834
25495865
25495896
25495928
25495961
25495993
25495997
25496024
25496056
25496088
25496120
25496153
25496162
25496185
25496216
25496248
25496279
25496311
25496344
25496376
25496408
25496440
25496467
25496472
25496503
25496535
25496566
25496598
25496626
25496630
25496663
25496695
25496727
25496759
25496791
25496801
25496823
25496854
25496886
25496918
25496951
25496954
25496982
25497014
25497047
25497078
25497107
25497110
25497142
25497175
25497206
25497237
25497270
25497274
25497302
25497334
25497364
25497396
25497428
25497460
25497492
25497524
25497556
25497587
25497588
25497619
25497651
25497684
25497716
25497745
25497750
25497777
25497810
25497841
25497873
25497902
25497904
25497935
25497967
25497999
25498030
25498057
25498062
25498094
25498127
25498158
25498190
25498222
25498223
25498253
25498285
25498317
25498350
25498382
25498389
25498414
25498445
25498478
25498509
25498540
25498543
25498572
25498601
25498634
25498665
25498697
25498712
25498731
25498762
25498793
25498826
25498858
25498864
25498888
25498919
25498951
25498984
25499013
25499015
25499047
25499079
25499110
25499142
25499175
25499178
25499206
25499239
25499271
25499302
25499329
25499334
25499367
25499399
25499430
25499463
25499489
25499494
25499526
25499557
25499589
25499621
25499652
25499654
25499684
25499716
25499748
25499780
25499812
25499827
25499844
25499876
25499906
25499937
25499964
25499970
25500002
25500033
25500065
25500097
25500125
25500129
25500162
25500193
25500226
25500258
25500290
25500292
25500322
25500353
25500386
25500418
25500449
25500482
25500513
25500545
25500578
25500609
25500616
25500641
25500672
25500704
25500736
25500768
25500801
25500832
25500864
25500897
25500929
25500930
25500961
25500992
25501024
25501057
25501089
25501092
25501120
25501152
25501185
25501217
25501249
25501267
25501281
25501312
25501344
25501376
25501408
25501439
25501470
25501501
25501533
25501566
25501567
25501596
25501629
25501660
25501692
25501724
25501730
25501754
25501786
25501818
25501850
25501882
25501890
25501915
25501946
25501978
25502010
25502041
25502074
25502105
25502111
25502137
25502169
25502201
25502233
25502265
25502283
25502297
25502328
25502361
25502393
25502418
25502425
25502456
25502488
25502521
25502553
25502584
25502614
25502617
25502648
25502681
25502714
25502745
25502776
25502808
25502809
25502839
25502871
25502903
25502925
25502936
25502967
25503000
25503032
25503046
25503064
25503095
25503127
25503160
25503192
25503209
25503222
25503254
25503286
25503319
25503351
25503382
25503413
25503414
25503446
25503478
25503510
25503543
25503564
25503574
25503606
25503638
25503671
25503687
25503703
25503735
25503766
25503798
25503830
25503853
25503863
25503894
25503926
25503958
25503989
25503995
25504022
25504053
25504086
25504117
25504149
25504182
25504198
25504214
25504245
25504278
25504309
25504334
25504342
25504374
25504406
25504436
25504468
25504490
25504501
25504532
25504564
25504597
25504629
25504654
25504661
25504693
25504724
25504757
25504788
25504790
25504821
25504852
25504883
25504915
25504945
25504948
25504980
25505011
25505044
25505075
25505108
25505130
25505140
25505172
25505204
25505236
25505268
25505290
25505300
25505332
25505363
25505396
25505428
25505452
25505459
25505491
25505522
25505554
25505585
25505586
25505618
25505651
25505682
25505713
25505745
25505748
25505778
25505810
25505842
25505873
25505905
25505908
25505937
25505969
25506001
25506034
25506065
25506097
25506130
25506162
25506181
25506193
25506225
25506258
25506289
25506322
25506334
25506354
25506386
25506396
25506418
25506449
25506481
25506513
25506546
25506577
25506609
25506629
25506642
25506673
25506705
25506737
25506769
25506801
25506833
25506852
25506865
25506897
25506930
25506961
25506993
25507025
25507057
25507078
25507089
25507121
25507153
25507186
25507217
25507233
25507250
25507282
25507313
25507344
25507377
25507388
25507391
25507393
25507397
25507409
25507440
25507473
25507504
25507519
25507537
25507568
25507600
25507639
25507665
25507696
25507728
25507760
25507792
25507795
25507824
25507856
25507869
25507889
25507921
25507953
25507958
25507984
25508016
25508048
25508081
25508112
25508143
25508176
25508190
25508208
25508239
25508272
25508304
25508336
25508363
25508367
25508399
25508431
25508462
25508495
25508521
25508526
25508557
25508589
25508608
25508620
25508653
25508684
25508716
25508747
25508771
25508780
25508812
25508843
25508874
25508907
25508909
25508939
25508970
25509002
25509034
25509065
25509096
25509115
25509128
25509161
25509192
25509225
25509256
25509280
25509288
25509319
25509350
25509383
25509404
25509414
25509447
25509479
25509511
25509541
25509549
25509574
25509605
25509637
25509669
25509701
25509733
25509766
25509788
25509798
25509829
25509861
25509893
25509900
25509926
25509958
25509989
25510022
25510054
25510079
25510086
25510117
25510149
25510181
25510213
25510234
25510245
25510277
25510309
25510341
25510374
25510404
25510436
25510468
25510501
25510529
25510531
25510563
25510594
25510626
25510658
25510665
25510691
25510722
25510754
25510786
25510818
25510850
25510857
25510870
25510902
25510934
25510947
25510978
25511009
25511011
25511042
25511073
25511104
25511129
25511136
25511169
25511200
25511232
25511264
25511265
25511297
25511328
25511360
25511393
25511424
25511428
25511457
25511488
25511521
25511552
25511585
25511610
25511617
25511649
25511681
25511713
25511745
25511748
25511776
25511809
25511840
25511873
25511904
25511907
25511936
25511968
25512000
25512031
25512063
25512088
25512095
25512126
25512158
25512191
25512223
25512247
25512254
25512286
25512317
25512350
25512382
25512385
25512414
25512445
25512477
25512510
25512542
25512567
25512574
25512606
25512636
25512666
25512699
25512705
25512730
25512762
25512794
25512825
25512857
25512890
25512894
25512921
25512951
25512983
25513016
25513040
25513046
25513078
25513111
25513142
25513174
25513179
25513206
25513238
25513269
25513301
25513334
25513359
25513365
25513397
25513429
25513462
25513494
25513497
25513524
25513556
25513589
25513620
25513652
25513684
25513690
25513716
25513749
25513780
25513813
25513814
25513845
25513877
25513908
25513940
25513972
25514000
25514004
25514036
25514067
25514099
25514130
25514155
25514162
25514195
25514227
25514259
25514291
25514300
25514322
25514355
25514387
25514418
25514450
25514472
25514483
25514514
25514546
25514577
25514609
25514634
25514640
25514671
25514704
25514736
25514768
25514778
25514800
25514832
25514863
25514895
25514928
25514942
25514959
25514992
25515023
25515056
25515088
25515119
25515150
25515151
25515183
25515215
25515247
25515279
25515303
25515311
25515342
25515375
25515406
25515439
25515450
25515471
25515502
25515533
25515565
25515596
25515629
25515658
25515660
25515692
25515725
25515750
25515757
25515789
25515821
25515852
25515883
25515912
25515915
25515948
25515979
25516012
25516043
25516075
25516108
25516129
25516139
25516172
25516204
25516236
25516267
25516277
25516299
25516331
25516362
25516395
25516409
25516426
25516458
25516490
25516522
25516554
25516580
25516585
25516618
25516649
25516681
25516714
25516744
25516755
25516776
25516808
25516840
25516873
25516892
25516904
25516935
25516968
25516999
25517011
25517031
25517063
25517094
25517127
25517158
25517190
25517214
25517223
25517254
25517286
25517319
25517341
25517351
25517382
25517413
25517445
25517477
25517509
25517533
25517540
25517572
25517604
25517635
25517650
25517668
25517699
25517732
25517763
25517796
25517827
25517828
25517859
25517891
25517923
25517956
25517988
25518015
25518019
25518051
25518083
25518112
25518136
25518144
25518177
25518208
25518241
25518273
25518285
25518304
25518336
25518369
25518400
25518433
25518444
25518465
25518496
25518529
25518561
25518593
25518618
25518624
25518657
25518688
25518721
25518752
25518784
25518785
25518816
25518848
25518880
25518912
25518944
25518952
25518977
25519009
25519040
25519073
25519105
25519124
25519136
25519167
25519199
25519231
25519263
25519286
25519296
25519328
25519358
25519391
25519423
25519450
25519455
25519486
25519519
25519551
25519582
25519598
25519615
25519646
25519679
25519711
25519743
25519760
25519775
25519807
25519837
25519869
25519902
25519919
25519934
25519966
25519997
25520030
25520062
25520075
25520093
25520125
25520157
25520194
25520221
25520241
25520253
25520285
25520317
25520350
25520381
25520402
25520413
25520445
25520479
25520508
25520541
25520573
25520598
25520605
25520636
25520668
25520701
25520733
25520758
25520763
25520796
25520828
25520854
25520859
25520892
25520925
25520956
25520988
25521014
25521019
25521051
25521083
25521114
25521145
25521178
25521210
25521226
25521241
25521273
25521305
25521338
25521370
25521373
25521401
25521433
25521465
25521496
25521522
25521527
25521559
25521591
25521624
25521655
25521672
25521688
25521720
25521751
25521784
25521816
25521848
25521864
25521880
25521911
25521942
25521959
25521975
25522006
25522037
25522070
25522101
25522133
25522164
25522179
25522194
25522227
25522259
25522291
25522321
25522348
25522352
25522382
25522415
25522446
25522478
25522485
25522510
25522543
25522574
25522605
25522636
25522665
25522668
25522699
25522730
25522762
25522795
25522814
25522827
25522858
25522890
25522907
25522922
25522954
25522987
25523018
25523051
25523065
25523083
25523114
25523146
25523179
25523210
25523237
25523242
25523274
25523305
25523337
25523368
25523400
25523429
25523432
25523465
25523496
25523529
25523561
25523575
25523592
25523625
25523657
25523688
25523720
25523745
25523752
25523783
25523815
25523848
25523879
25523899
25523911
25523944
25523976
25524008
25524040
25524071
25524102
25524133
25524136
25524165
25524196
25524228
25524261
25524293
25524322
25524325
25524357
25524388
25524391
25524420
25524453
25524484
25524517
25524548
25524552
25524581
25524612
25524644
25524676
25524708
25524714
25524740
25524772
25524804
25524835
25524850
25524868
25524899
25524931
25524963
25524994
25525003
25525026
25525058
25525090
25525122
25525154
25525165
25525185
25525217
25525250
25525281
25525305
25525312
25525344
25525375
25525406
25525438
25525459
25525470
25525503
25525534
25525567
25525598
25525624
25525630
25525662
25525694
25525728
25525759
25525791
25525806
25525823
25525854
25525886
25525918
25525951
25525983
25525990
25526014
25526047
25526078
25526110
25526137
25526143
25526174
25526206
25526237
25526262
25526269
25526301
25526333
25526365
25526397
25526410
25526429
25526462
25526493
25526525
25526558
25526589
25526619
25526622
25526652
25526684
25526716
25526749
25526752
25526780
25526812
25526845
25526876
25526895
25526909
25526940
25526972
25527004
25527037
25527054
25527068
25527100
25527133
25527165
25527196
25527209
25527228
25527260
25527293
25527324
25527357
25527366
25527388
25527419
25527452
25527483
25527515
25527532
25527547
25527580
25527612
25527644
25527676
25527696
25527708
25527740
25527770
25527802
25527834
25527844
25527865
25527898
25527929
25527960
25527992
25528024
25528049
25528057
25528089
25528120
25528153
25528185
25528209
25528216
25528249
25528281
25528313
25528345
25528377
25528383
25528409
25528441
25528472
25528504
25528529
25528537
25528567
25528599
25528631
25528664
25528683
25528696
25528727
25528759
25528791
25528824
25528856
25528886
25528919
25528950
25528982
25529013
25529046
25529077
25529110
25529141
25529174
25529205
25529238
25529247
25529251
25529253
25529257
25529277
25529301
25529333
25529365
25529381
25529396
25529428
25529461
25529492
25529524
25529555
25529556
25529588
25529620
25529653
25529684
25529714
25529721
25529746
25529778
25529810
25529842
25529875
25529898
25529924
25529956
25529988
25530020
25530047
25530052
25530084
25530116
25530148
25530180
25530208
25530212
25530243
25530258
25530289
25530321
25530347
25530353
25530385
25530417
25530450
25530481
25530513
25530516
25530546
25530577
25530609
25530640
25530671
25530672
25530705
25530736
25530768
25530801
25530832
25530838
25530865
25530898
25530929
25530959
25530992
25530999
25531024
25531056
25531087
25531119
25531146
25531152
25531184
25531215
25531247
25531279
25531311
25531343
25531374
25531406
25531438
25531468
25531470
25531502
25531534
25531566
25531597
25531628
25531632
25531660
25531692
25531724
25531756
25531788
25531789
25531820
25531852
25531884
25531916
25531947
25531979
25532011
25532043
25532075
25532106
25532139
25532170
25532202
25532234
25532265
25532298
25532330
25532362
25532394
25532426
25532457
25532489
25532521
25532547
25532551
25532553
25532557
25532561
25532585
25532617
25532649
25532680
25532709
25532718
25532741
25532773
25532805
25532835
25532868
25532900
25532932
25532964
25532996
25533028
25533057
25533090
25533121
25533153
25533186
25533218
25533249
25533281
25533312
25533332
25533338
25533343
25533344
25533348
25533353
25533377
25533408
25533441
25533472
25533504
25533536
25533568
25533600
25533604
25533631
25533664
25533696
25533728
25533760
25533791
25533824
25533855
25533887
25533902
25533919
25533951
25533983
25534015
25534047
25534078
25534110
25534143
25534175
25534207
25534239
25534270
25534302
25534334
25534366
25534398
25534431
25534463
25534495
25534526
25534539
25534559
25534573
25534581
25534591
25534592
25534596
25534603
25534607
25534623
25534654
25534688
25534719
25534735
25534750
25534782
25534814
25534846
25534878
25534910
25534912
25534942
25534973
25535004
25535036
25535068
25535070
25535100
25535132
25535164
25535196
25535228
25535260
25535292
25535324
25535356
25535388
25535392
25535419
25535452
25535483
25535514
25535545
25535578
25535579
25535610
25535641
25535673
25535706
25535737
25535769
25535802
25535834
25535861
25535865
25535897
25535929
25535961
25535993
25536025
25536031
25536056
25536089
25536121
25536153
25536185
25536189
25536217
25536249
25536281
25536313
25536343
25536345
25536377
25536408
25536440
25536472
25536502
25536535
25536567
25536599
25536631
25536663
25536664
25536695
25536726
25536758
25536791
25536823
25536828
25536854
25536887
25536919
25536951
25536983
25536986
25537014
25537047
25537079
25537111
25537143
25537156
25537175
25537207
25537239
25537271
25537302
25537335
25537367
25537398
25537431
25537459
25537462
25537495
25537527
25537559
25537591
25537622
25537626
25537654
25537686
25537718
25537750
25537782
25537813
25537846
25537878
25537910
25537938
25537942
25537974
25538005
25538037
25538068
25538100
25538132
25538164
25538195
25538228
25538259
25538266
25538291
25538323
25538355
25538386
25538418
25538433
25538450
25538482
25538514
25538546
25538578
25538587
25538610
25538642
25538673
25538706
25538738
25538739
25538769
25538801
25538833
25538865
25538896
25538902
25538928
25538960
25538992
25539024
25539056
25539059
25539087
25539120
25539151
25539183
25539215
25539217
25539246
25539278
25539310
25539343
25539373
25539379
25539404
25539437
25539467
25539498
25539531
25539563
25539595
25539627
25539659
25539690
25539703
25539723
25539754
25539787
25539819
25539851
25539882
25539914
25539947
25539979
25540008
25540011
25540042
25540074
25540107
25540139
25540169
25540171
25540202
25540234
25540265
25540296
25540329
25540338
25540361
25540393
25540424
25540456
25540488
25540489
25540520
25540552
25540585
25540616
25540648
25540681
25540713
25540745
25540776
25540807
25540808
25540840
25540872
25540904
25540936
25540968
25540969
25540999
25541031
25541064
25541097
25541128
25541138
25541160
25541192
25541223
25541255
25541286
25541296
25541318
25541350
25541384
25541414
25541446
25541452
25541478
25541509
25541542
25541574
25541605
25541638
25541670
25541702
25541734
25541766
25541768
25541798
25541829
25541862
25541894
25541925
25541933
25541956
25541988
25542019
25542052
25542083
25542085
25542114
25542147
25542179
25542211
25542243
25542256
25542275
25542306
25542339
25542358
25542390
25542422
25542454
25542487
25542518
25542531
25542544
25542563
25542595
25542627
25542659
25542688
25542691
25542723
25542755
25542788
25542819
25542851
25542857
25542883
25542913
25542946
25542978
25543010
25543023
25543041
25543074
25543106
25543138
25543169
25543170
25543201
25543233
25543265
25543297
25543330
25543340
25543362
25543394
25543425
25543457
25543490
25543492
25543522
25543552
25543583
25543615
25543643
25543647
25543679
25543711
25543743
25543776
25543807
25543815
25543839
25543871
25543903
25543933
25543965
25543966
25543997
25544029
25544061
25544093
25544125
25544134
25544157
25544188
25544220
25544252
25544285
25544296
25544317
25544349
25544380
25544413
25544445
25544450
25544476
25544508
25544539
25544572
25544604
25544636
25544668
25544700
25544732
25544763
25544768
25544794
25544825
25544857
25544889
25544922
25544926
25544954
25544985
25545017
25545049
25545082
25545084
25545114
25545144
25545177
25545209
25545239
25545240
25545273
25545304
25545337
25545369
25545399
25545405
25545431
25545464
25545495
25545528
25545559
25545562
25545592
25545624
25545656
25545688
25545716
25545719
25545751
25545783
25545815
25545848
25545880
25545882
25545912
25545943
25545975
25546008
25546039
25546040
25546070
25546102
25546135
25546165
25546197
25546198
25546229
25546262
25546293
25546325
25546358
25546363
25546388
25546420
25546453
25546485
25546516
25546522
25546548
25546579
25546612
25546644
25546676
25546686
25546707
25546739
25546771
25546803
25546832
25546836
25546867
25546899
25546931
25546963
25546995
25547004
25547027
25547059
25547091
25547123
25547155
25547170
25547186
25547219
25547250
25547283
25547315
25547319
25547347
25547378
25547409
25547441
25547473
25547477
25547505
25547537
25547568
25547600
25547632
25547634
25547664
25547696
25547728
25547760
25547787
25547791
25547822
25547855
25547886
25547918
25547950
25547965
25547982
25548014
25548047
25548079
25548110
25548120
25548142
25548174
25548206
25548238
25548270
25548302
25548334
25548367
25548398
25548428
25548431
25548463
25548495
25548527
25548559
25548591
25548593
25548623
25548653
25548685
25548718
25548749
25548758
25548780
25548811
25548843
25548875
25548908
25548915
25548940
25548971
25549003
25549036
25549068
25549071
25549099
25549132
25549164
25549195
25549228
25549230
25549259
25549291
25549323
25549355
25549388
25549393
25549419
25549452
25549483
25549516
25549548
25549549
25549579
25549611
25549642
25549674
25549707
25549739
25549771
25549802
25549834
25549866
25549868
25549899
25549931
25549962
25549993
25550022
25550025
25550057
25550089
25550121
25550154
25550183
25550186
25550217
25550249
25550282
25550314
25550344
25550345
25550376
25550408
25550441
25550473
25550504
25550510
25550536
25550568
25550600
25550632
25550665
25550673
25550697
25550729
25550761
25550793
25550825
25550830
25550856
25550888
25550921
25550953
25550984
25550992
25551016
25551049
25551080
25551113
25551145
25551146
25551176
25551209
25551241
25551272
25551305
25551312
25551337
25551369
25551400
25551432
25551460
25551463
25551495
25551528
25551560
25551591
25551620
25551622
25551655
25551688
25551718
25551750
25551782
25551783
25551813
25551844
25551876
25551908
25551940
25551941
25551972
25552004
25552037
25552069
25552102
25552103
25552132
25552164
25552196
25552229
25552260
25552261
25552293
25552324
25552356
25552389
25552421
25552424
25552453
25552484
25552516
25552548
25552575
25552580
25552612
25552643
25552675
25552708
25552738
25552739
25552769
25552801
25552833
25552866
25552894
25552898
25552930
25552962
25552994
25553025
25553051
25553057
25553089
25553122
25553153
25553186
25553217
25553250
25553281
25553314
25553346
25553378
25553379
25553409
25553442
25553473
25553505
25553537
25553546
25553570
25553602
25553633
25553665
25553694
25553697
25553729
25553761
25553794
25553826
25553858
25553859
25553890
25553921
25553953
25553986
25554017
25554049
25554082
25554114
25554145
25554177
25554178
25554209
25554241
25554274
25554306
25554338
25554344
25554369
25554402
25554434
25554466
25554497
25554529
25554560
25554592
25554624
25554656
25554658
25554688
25554720
25554753
25554785
25554814
25554815
25554847
25554879
25554912
25554943
25554972
25554976
25555007
25555040
25555072
25555104
25555132
25555135
25555168
25555199
25555231
25555264
25555295
25555327
25555360
25555391
25555423
25555449
25555455
25555487
25555518
25555551
25555581
25555614
25555646
25555677
25555709
25555741
25555771
25555773
25555804
25555836
25555868
25555900
25555931
25555933
25555964
25555997
25556028
25556060
25556091
25556094
25556124
25556156
25556187
25556220
25556247
25556251
25556284
25556316
25556346
25556378
25556409
25556411
25556442
25556474
25556506
25556537
25556569
25556602
25556633
25556666
25556698
25556729
25556731
25556762
25556793
25556825
25556857
25556887
25556890
25556919
25556951
25556982
25557015
25557047
25557077
25557109
25557141
25557173
25557202
25557205
25557237
25557269
25557301
25557333
25557361
25557365
25557397
25557430
25557460
25557492
25557525
25557529
25557557
25557588
25557620
25557653
25557681
25557684
25557716
25557748
25557780
25557813
25557842
25557844
25557877
25557908
25557940
25557973
25558005
25558010
25558036
25558068
25558100
25558132
25558162
25558165
25558197
25558228
25558260
25558291
25558322
25558325
25558355
25558386
25558418
25558450
25558481
25558488
25558514
25558546
25558577
25558610
25558640
25558642
25558674
25558705
25558738
25558769
25558796
25558801
25558834
25558866
25558897
25558930
25558961
25558964
25558994
25559026
25559058
25559089
25559117
25559121
25559153
25559185
25559216
25559249
25559280
25559282
25559312
25559344
25559376
25559409
25559435
25559441
25559473
25559505
25559536
25559569
25559601
25559603
25559632
25559664
25559696
25559729
25559755
25559761
25559793
25559824
25559857
25559887
25559919
25559920
25559951
25559984
25560015
25560046
25560078
25560083
25560111
25560143
25560175
25560206
25560238
25560269
25560301
25560332
25560364
25560395
25560397
25560429
25560460
25560493
25560525
25560556
25560562
25560588
25560621
25560653
25560685
25560716
25560727
25560749
25560780
25560813
25560845
25560877
25560879
25560909
25560940
25560973
25561005
25561037
25561044
25561069
25561099
25561131
25561164
25561195
25561204
25561228
25561260
25561291
25561323
25561354
25561357
25561386
25561418
25561450
25561482
25561509
25561513
25561546
25561577
25561609
25561642
25561672
25561674
25561705
25561737
25561769
25561800
25561832
25561834
25561864
25561895
25561926
25561959
25561987
25561991
25562022
25562054
25562087
25562119
25562150
25562152
25562182
25562213
25562245
25562277
25562308
25562317
25562340
25562372
25562403
25562435
25562467
25562475
25562500
25562532
25562563
25562596
25562628
25562630
25562660
25562691
25562723
25562755
25562786
25562818
25562850
25562883
25562914
25562946
25562948
25562978
25563009
25563042
25563074
25563105
25563111
25563136
25563168
25563200
25563232
25563263
25563265
25563296
25563327
25563360
25563391
25563423
25563425
25563456
25563487
25563519
25563550
25563580
25563582
25563615
25563646
25563679
25563711
25563740
25563743
25563775
25563807
25563837
25563870
25563898
25563902
25563932
25563965
25563997
25564028
25564061
25564072
25564093
25564125
25564158
25564187
25564220
25564252
25564284
25564316
25564348
25564379
25564384
25564411
25564442
25564475
25564505
25564538
25564569
25564602
25564634
25564665
25564698
25564704
25564730
25564762
25564793
25564824
25564856
25564858
25564887
25564917
25564949
25564982
25565013
25565046
25565077
25565108
25565140
25565173
25565175
25565204
25565237
25565268
25565301
25565333
25565337
25565364
25565397
25565428
25565461
25565493
25565504
25565525
25565556
25565589
25565621
25565652
25565653
25565684
25565715
25565747
25565779
25565812
25565820
25565844
25565875
25565908
25565940
25565972
25565976
25566003
25566035
25566067
25566098
25566130
25566131
25566162
25566194
25566225
25566257
25566285
25566288
25566320
25566352
25566385
25566416
25566447
25566449
25566481
25566512
25566545
25566576
25566608
25566609
25566640
25566673
25566704
25566737
25566769
25566800
25566832
25566863
25566896
25566927
25566928
25566959
25566991
25567023
25567055
25567082
25567087
25567118
25567150
25567181
25567213
25567245
25567246
25567277
25567310
25567341
25567373
25567399
25567405
25567437
25567469
25567501
25567532
25567562
25567563
25567596
25567628
25567659
25567691
25567718
25567724
25567756
25567787
25567820
25567852
25567879
25567884
25567916
25567948
25567980
25568011
25568038
25568043
25568075
25568107
25568140
25568171
25568203
25568204
25568235
25568267
25568298
25568331
25568362
25568367
25568394
25568426
25568457
25568490
25568522
25568524
25568552
25568584
25568616
25568649
25568679
25568682
25568711
25568743
25568776
25568807
25568833
25568840
25568871
25568903
25568935
25568968
25568999
25569003
25569032
25569064
25569096
25569128
25569158
25569162
25569191
25569223
25569253
25569286
25569317
25569318
25569350
25569380
25569413
25569444
25569476
25569477
25569509
25569540
25569573
25569604
25569635
25569636
25569668
25569701
25569732
25569764
25569796
25569803
25569829
25569860
25569892
25569923
25569955
25569988
25570019
25570051
25570085
25570115
25570126
25570146
25570179
25570211
25570243
25570274
25570279
25570306
25570339
25570370
25570402
25570433
25570435
25570467
25570498
25570531
25570563
25570594
25570617
25570627
25570658
25570690
25570723
25570753
25570757
25570786
25570818
25570850
25570881
25570907
25570913
25570945
25570977
25571008
25571039
25571071
25571072
25571103
25571135
25571167
25571199
25571232
25571237
25571263
25571294
25571327
25571359
25571390
25571394
25571422
25571454
25571486
25571517
25571549
25571565
25571581
25571614
25571646
25571678
25571709
25571710
25571742
25571773
25571804
25571834
25571866
25571898
25571930
25571962
25571994
25572027
25572028
25572059
25572090
25572122
25572154
25572182
25572187
25572219
25572249
25572282
25572313
25572344
25572353
25572376
25572409
25572441
25572473
25572505
25572536
25572568
25572601
25572632
25572664
25572671
25572695
25572728
25572759
25572791
25572822
25572823
25572855
25572887
25572919
25572951
25572982
25572984
25573014
25573045
25573078
25573108
25573140
25573141
25573173
25573204
25573237
25573269
25573300
25573305
25573332
25573365
25573396
25573429
25573460
25573462
25573493
25573525
25573557
25573589
25573617
25573621
25573653
25573684
25573717
25573748
25573781
25573813
25573845
25573876
25573908
25573937
25573938
25573971
25574002
25574033
25574065
25574097
25574101
25574130
25574161
25574194
25574226
25574257
25574260
25574289
25574320
25574350
25574383
25574415
25574446
25574479
25574510
25574542
25574575
25574590
25574607
25574638
25574670
25574701
25574733
25574739
25574766
25574797
25574830
25574861
25574893
25574899
25574925
25574957
25574988
25575020
25575052
25575053
25575083
25575114
25575146
25575179
25575210
25575234
25575242
25575275
25575307
25575338
25575370
25575380
25575401
25575433
25575465
25575497
25575528
25575560
25575593
25575624
25575655
25575686
25575697
25575718
25575751
25575782
25575814
25575846
25575847
25575878
25575911
25575942
25575975
25576007
25576008
25576038
25576069
25576101
25576133
25576166
25576198
25576230
25576261
25576294
25576326
25576327
25576357
25576388
25576421
25576452
25576484
25576498
25576516
25576548
25576580
25576612
25576638
25576644
25576676
25576709
25576741
25576772
25576804
25576836
25576867
25576899
25576931
25576957
25576963
25576995
25577027
25577060
25577091
25577123
25577155
25577187
25577219
25577252
25577284
25577286
25577316
25577348
25577379
25577412
25577443
25577452
25577476
25577508
25577538
25577570
25577601
25577604
25577633
25577665
25577698
25577729
25577761
25577768
25577792
25577825
25577856
25577889
25577920
25577922
25577952
25577985
25578016
25578049
25578081
25578088
25578112
25578144
25578177
25578208
25578240
25578272
25578304
25578335
25578368
25578396
25578399
25578432
25578463
25578495
25578528
25578560
25578561
25578591
25578623
25578656
25578686
25578718
25578719
25578751
25578783
25578815
25578846
25578879
25578910
25578941
25578972
25579004
25579036
25579037
25579068
25579100
25579131
25579164
25579194
25579196
25579227
25579258
25579291
25579322
25579355
25579370
25579386
25579417
25579450
25579481
25579499
25579514
25579546
25579577
25579610
25579641
25579673
25579706
25579718
25579738
25579770
25579801
25579834
25579865
25579882
25579899
25579917
25579928
25579961
25579993
25580024
25580056
25580089
25580120
25580152
25580170
25580184
25580217
25580236
25580249
25580281
25580312
25580343
25580375
25580378
25580408
25580440
25580471
25580503
25580535
25580567
25580587
25580599
25580631
25580663
25580695
25580721
25580728
25580760
25580792
25580824
25580856
25580863
25580887
25580919
25580950
25580983
25581014
25581030
25581046
25581079
25581111
25581143
25581174
25581206
25581215
25581238
25581270
25581302
25581334
25581358
25581366
25581397
25581429
25581461
25581494
25581518
25581525
25581558
25581589
25581622
25581653
25581669
25581686
25581717
25581749
25581782
25581813
25581845
25581878
25581910
25581941
25581974
25581992
25582005
25582036
25582068
25582100
25582132
25582164
25582196
25582219
25582229
25582260
25582269
25582293
25582294
25582324
25582343
25582355
25582387
25582398
25582420
25582451
25582484
25582515
25582546
25582579
25582611
25582612
25582643
25582675
25582707
25582718
25582738
25582770
25582802
25582834
25582866
25582898
25582909
25582931
25582962
25582994
25583027
25583052
25583058
25583090
25583122
25583154
25583185
25583210
25583218
25583250
25583282
25583313
25583345
25583362
25583378
25583409
25583441
25583472
25583504
25583523
25583535
25583566
25583598
25583629
25583661
25583694
25583702
25583725
25583758
25583790
25583822
25583847
25583853
25583886
25583917
25583949
25583981
25583986
25584013
25584045
25584078
25584109
25584140
25584170
25584172
25584205
25584236
25584269
25584301
25584332
25584353
25584364
25584395
25584428
25584460
25584491
25584509
25584524
25584555
25584588
25584620
25584645
25584653
25584684
25584716
25584747
25584780
25584811
25584826
25584842
25584874
25584907
25584939
25584964
25584971
25585003
25585035
25585067
25585098
25585105
25585130
25585162
25585193
25585223
25585255
25585280
25585288
25585319
25585351
25585383
25585415
25585447
25585473
25585478
25585510
25585542
25585575
25585579
25585607
25585638
25585671
25585703
25585734
25585743
25585766
25585798
25585830
25585861
25585893
25585926
25585938
25585957
25585989
25586021
25586054
25586078
25586085
25586118
25586149
25586181
25586213
25586245
25586251
25586277
25586309
25586341
25586374
25586405
25586423
25586438
25586470
25586502
25586533
25586555
25586566
25586598
25586629
25586661
25586693
25586725
25586749
25586758
25586789
25586820
25586853
25586880
25586888
25586915
25586948
25586979
25587011
25587043
25587056
25587076
25587108
25587138
25587171
25587196
25587203
25587235
25587268
25587298
25587330
25587344
25587362
25587394
25587427
25587458
25587490
25587502
25587522
25587554
25587586
25587618
25587649
25587655
25587680
25587712
25587744
25587776
25587808
25587834
25587838
25587870
25587901
25587934
25587965
25587980
25587998
25588029
25588062
25588094
25588126
25588157
25588171
25588188
25588218
25588251
25588283
25588314
25588345
25588364
25588377
25588409
25588441
25588474
25588490
25588505
25588536
25588567
25588599
25588632
25588637
25588663
25588694
25588726
25588762
25588783
25588791
25588822
25588854
25588886
25588919
25588951
25588980
25589008
25589011
25589044
25589075
25589107
25589140
25589145
25589171
25589202
25589235
25589251
25589266
25589297
25589328
25589361
25589368
25589393
25589424
25589456
25589488
25589521
25589553
25589570
25589584
25589616
25589649
25589680
25589713
25589744
25589769
25589775
25589807
25589839
25589872
25589903
25589918
25589935
25589967
25589999
25590032
25590051
25590063
25590094
25590126
25590158
25590189
25590213
25590222
25590253
25590285
25590316
25590349
25590367
25590381
25590412
25590443
25590475
25590507
25590539
25590571
25590603
25590632
25590634
25590653
25590666
25590698
25590730
25590762
25590794
25590800
25590825
25590858
25590889
25590920
25590953
25590984
25591007
25591015
25591048
25591079
25591111
25591134
25591143
25591174
25591206
25591238
25591270
25591302
25591311
25591335
25591366
25591398
25591430
25591462
25591494
25591510
25591527
25591558
25591590
25591597
25591623
25591654
25591686
25591718
25591751
25591782
25591801
25591815
25591847
25591878
25591910
25591923
25591943
25591974
25592007
25592038
25592070
25592103
25592135
25592151
25592166
25592199
25592230
25592262
25592294
25592311
25592327
25592359
25592389
25592395
25592422
25592454
25592485
25592517
25592549
25592555
25592582
25592614
25592645
25592678
25592709
25592732
25592742
25592772
25592804
25592836
25592868
25592892
25592899
25592930
25592962
25592994
25593026
25593058
25593086
25593089
25593121
25593153
25593184
25593188
25593215
25593248
25593280
25593311
25593342
25593358
25593373
25593405
25593437
25593469
25593501
25593534
25593565
25593597
25593625
25593630
25593662
25593693
25593725
25593757
25593789
25593821
25593827
25593847
25593852
25593883
25593915
25593917
25593948
25593979
25594011
25594043
25594072
25594075
25594107
25594140
25594171
25594204
25594235
25594240
25594267
25594299
25594331
25594363
25594395
25594398
25594426
25594457
25594489
25594521
25594553
25594556
25594585
25594617
25594649
25594682
25594709
25594713
25594746
25594777
25594810
25594841
25594869
25594873
25594906
25594938
25594969
25595002
25595033
25595065
25595097
25595128
25595159
25595190
25595195
25595222
25595253
25595285
25595317
25595350
25595379
25595412
25595443
25595474
25595505
25595506
25595537
25595569
25595601
25595633
25595664
25595696
25595728
25595759
25595791
25595823
25595831
25595855
25595887
25595918
25595950
25595980
25595982
25596014
25596047
25596078
25596111
25596140
25596173
25596204
25596237
25596269
25596301
25596306
25596333
25596365
25596396
25596429
25596457
25596460
25596492
25596524
25596556
25596588
25596618
25596622
25596650
25596682
25596715
25596747
25596776
25596779
25596810
25596842
25596874
25596906
25596933
25596938
25596972
25597003
25597035
25597067
25597098
25597130
25597162
25597194
25597225
25597253
25597257
25597289
25597322
25597354
25597386
25597416
25597420
25597448
25597480
25597511
25597543
25597576
25597607
25597639
25597671
25597704
25597735
25597737
25597766
25597798
25597830
25597861
25597895
25597896
25597925
25597957
25597989
25598020
25598048
25598052
25598084
25598115
25598148
25598180
25598207
25598211
25598243
25598276
25598308
25598339
25598371
25598377
25598403
25598436
25598467
25598500
25598531
25598562
25598595
25598626
25598657
25598687
25598690
25598719
25598751
25598783
25598815
25598845
25598847
25598879
25598910
25598943
25598974
25599006
25599009
25599039
25599071
25599102
25599134
25599166
25599170
25599198
25599231
25599262
25599294
25599325
25599326
25599358
25599390
25599421
25599454
25599482
25599486
25599518
25599550
25599581
25599613
25599642
25599645
25599676
25599709
25599740
25599773
25599801
25599805
25599836
25599869
25599900
25599932
25599965
25599997
25600029
25600061
25600093
25600124
25600157
25600188
25600220
25600252
25600284
25600316
25600347
25600379
25600411
25600443
25600475
25600506
25600538
25600570
25600603
25600634
25600666
25600698
25600730
25600760
25600792
25600825
25600856
25600887
25600919
25600951
25600984
25601015
25601046
25601065
25601078
25601110
25601130
25601132
25601136
25601138
25601141
25601143
25601144
25601146
25601152
25601159
25601161
25601165
25601167
25601173
25601174
25601175
25601206
25601237
25601270
25601302
25601334
25601365
25601397
25601430
25601445
25601461
25601493
25601525
25601558
25601590
25601621
25601653
25601663
25601685
25601717
25601750
25601781
25601813
25601845
25601876
25601894
25601909
25601940
25601973
25601978
25602004
25602037
25602068
25602101
25602132
25602164
25602181
25602196
25602228
25602261
25602293
25602324
25602344
25602356
25602388
25602421
25602452
25602485
25602516
25602549
25602579
25602612
25602625
25602643
25602675
25602707
25602739
25602771
25602804
25602835
25602860
25602867
25602900
25602932
25602963
25602972
25602995
25603027
25603059
25603092
25603124
25603156
25603187
25603188
25603219
25603251
25603283
25603316
25603348
25603351
25603380
25603411
25603439
25603443
25603474
25603506
25603539
25603571
25603592
25603603
25603635
25603666
25603698
25603730
25603742
25603762
25603794
25603827
25603859
25603890
25603897
25603922
25603954
25603986
25604019
25604050
25604081
25604113
25604138
25604145
25604177
25604209
25604242
25604254
25604274
25604306
25604337
25604369
25604401
25604413
25604433
25604464
25604497
25604528
25604561
25604578
25604592
25604624
25604656
25604688
25604703
25604720
25604752
25604784
25604815
25604847
25604865
25604879
25604911
25604944
25604976
25605008
25605033
25605039
25605071
25605103
25605136
25605167
25605199
25605232
25605247
25605263
25605295
25605328
25605332
25605359
25605391
25605424
25605456
25605487
25605502
25605520
25605551
25605584
25605615
25605648
25605679
25605704
25605710
25605742
25605774
25605806
25605839
25605853
25605871
25605902
25605935
25605966
25605999
25606000
25606030
25606063
25606094
25606126
25606142
25606158
25606191
25606222
25606254
25606287
25606318
25606340
25606350
25606382
25606414
25606446
25606461
25606478
25606510
25606542
25606575
25606606
25606638
25606670
25606677
25606702
25606734
25606766
25606798
25606822
25606829
25606862
25606892
25606925
25606958
25606989
25606993
25607021
25607052
25607084
25607117
25607134
25607149
25607180
25607212
25607245
25607250
25607275
25607307
25607340
25607372
25607403
25607436
25607460
25607468
25607499
25607531
25607563
25607588
25607596
25607627
25607660
25607691
25607723
25607747
25607756
25607788
25607819
25607851
25607883
25607916
25607946
25607949
25607978
25608009
25608040
25608051
25608072
25608104
25608137
25608168
25608200
25608233
25608241
25608263
25608295
25608327
25608360
25608376
25608391
25608423
25608455
25608487
25608519
25608551
25608583
25608613
25608615
25608647
25608678
25608706
25608710
25608742
25608774
25608807
25608838
25608870
25608899
25608902
25608934
25608966
25608999
25609030
25609045
25609062
25609094
25609126
25609158
25609185
25609190
25609222
25609255
25609286
25609319
25609325
25609350
25609382
25609414
25609446
25609476
25609500
25609508
25609540
25609572
25609605
25609637
25609668
25609675
25609699
25609731
25609762
25609794
25609801
25609827
25609859
25609890
25609922
25609954
25609986
25610018
25610019
25610050
25610083
25610114
25610147
25610157
25610178
25610209
25610242
25610274
25610306
25610337
25610357
25610370
25610401
25610434
25610465
25610497
25610513
25610529
25610561
25610593
25610625
25610649
25610657
25610689
25610721
25610753
25610785
25610817
25610831
25610850
25610880
25610912
25610944
25610976
25610995
25611008
25611041
25611072
25611087
25611104
25611136
25611168
25611201
25611233
25611265
25611268
25611297
25611329
25611360
25611392
25611425
25611426
25611456
25611487
25611519
25611551
25611576
25611584
25611615
25611648
25611679
25611712
25611715
25611743
25611775
25611807
25611840
25611871
25611903
25611921
25611936
25611967
25611999
25612031
25612063
25612095
25612128
25612149
25612159
25612192
25612218
25612224
25612254
25612286
25612318
25612350
25612370
25612382
25612413
25612445
25612478
25612507
25612509
25612541
25612573
25612603
25612635
25612668
25612678
25612699
25612731
25612764
25612795
25612828
25612832
25612860
25612891
25612924
25612956
25612987
25613008
25613019
25613051
25613083
25613115
25613147
25613177
25613179
25613212
25613244
25613276
25613307
25613318
25613339
25613372
25613403
25613435
25613467
25613498
25613509
25613531
25613563
25613595
25613626
25613630
25613658
25613691
25613723
25613754
25613786
25613817
25613837
25613850
25613881
25613914
25613946
25613977
25614009
25614042
25614074
25614104
25614105
25614137
25614169
25614201
25614233
25614261
25614266
25614297
25614329
25614362
25614393
25614426
25614448
25614457
25614489
25614521
25614554
25614585
25614617
25614650
25614659
25614682
25614714
25614744
25614746
25614777
25614810
25614841
25614873
25614905
25614937
25614969
25615001
25615032
25615065
25615097
25615129
25615160
25615192
25615225
25615256
25615282
25615289
25615320
25615353
25615385
25615416
25615449
25615481
25615512
25615544
25615562
25615576
25615609
25615611
25615641
25615673
25615705
25615736
25615768
25615800
25615831
25615863
25615876
25615896
25615927
25615960
25615992
25616023
25616055
25616088
25616102
25616119
25616151
25616183
25616215
25616247
25616279
25616311
25616343
25616373
25616405
25616408
25616436
25616467
25616500
25616531
25616562
25616563
25616594
25616626
25616632
25616658
25616690
25616723
25616754
25616786
25616818
25616851
25616862
25616867
25616883
25616915
25616946
25616977
25617009
25617040
25617073
25617104
25617136
25617150
25617168
25617200
25617232
25617264
25617297
25617329
25617361
25617392
25617424
25617456
25617489
25617520
25617552
25617585
25617603
25617616
25617649
25617680
25617689
25617712
25617744
25617776
25617808
25617840
25617842
25617873
25617904
25617936
25617959
25617968
25618000
25618032
25618064
25618068
25618096
25618129
25618160
25618192
25618200
25618225
25618257
25618289
25618320
25618330
25618351
25618383
25618416
25618448
25618480
25618502
25618511
25618543
25618575
25618607
25618638
25618649
25618670
25618702
25618734
25618766
25618798
25618822
25618831
25618863
25618894
25618927
25618959
25618979
25618990
25619022
25619055
25619086
25619118
25619121
25619150
25619182
25619215
25619246
25619278
25619303
25619310
25619342
25619374
25619406
25619436
25619440
25619468
25619500
25619532
25619564
25619596
25619629
25619631
25619660
25619693
25619725
25619756
25619771
25619787
25619820
25619851
25619884
25619916
25619933
25619948
25619979
25620011
25620043
25620075
25620081
25620108
25620139
25620171
25620203
25620235
25620263
25620268
25620300
25620331
25620363
25620395
25620421
25620427
25620459
25620491
25620523
25620555
25620580
25620587
25620619
25620651
25620684
25620715
25620737
25620747
25620780
25620811
25620844
25620875
25620899
25620908
25620939
25620972
25621003
25621035
25621039
25621067
25621100
25621130
25621163
25621194
25621196
25621226
25621259
25621290
25621322
25621353
25621377
25621385
25621418
25621449
25621481
25621514
25621528
25621546
25621577
25621609
25621642
25621674
25621690
25621706
25621738
25621769
25621800
25621832
25621833
25621865
25621896
25621929
25621960
25621992
25622025
25622039
25622056
25622087
25622118
25622151
25622182
25622214
25622246
25622277
25622309
25622341
25622374
25622377
25622405
25622438
25622469
25622500
25622504
25622531
25622564
25622595
25622628
25622660
25622683
25622690
25622722
25622754
25622786
25622806
25622818
25622851
25622883
25622914
25622946
25622960
25622979
25623011
25623043
25623073
25623106
25623131
25623138
25623169
25623201
25623233
25623266
25623297
25623315
25623328
25623361
25623392
25623425
25623456
25623489
25623491
25623519
25623551
25623582
25623614
25623645
25623662
25623678
25623710
25623741
25623762
25623774
25623806
25623838
25623869
25623901
25623934
25623966
25623998
25624029
25624062
25624094
25624126
25624157
25624189
25624222
25624254
25624284
25624317
25624348
25624381
25624412
25624445
25624476
25624510
25624541
25624574
25624605
25624636
25624668
25624700
25624731
25624745
25624747
25624749
25624758
25624762
25624764
25624771
25624795
25624812
25624825
25624857
25624889
25624921
25624953
25624985
25625018
25625041
25625049
25625082
25625113
25625145
25625178
25625210
25625216
25625241
25625273
25625304
25625337
25625364
25625369
25625401
25625433
25625465
25625497
25625518
25625529
25625561
25625592
25625625
25625654
25625656
25625689
25625720
25625752
25625784
25625813
25625816
25625848
25625880
25625912
25625943
25625975
25626007
25626031
25626039
25626070
25626102
25626133
25626165
25626188
25626198
25626229
25626261
25626293
25626326
25626347
25626357
25626390
25626421
25626454
25626474
25626486
25626518
25626550
25626581
25626613
25626645
25626678
25626683
25626709
25626741
25626774
25626796
25626805
25626837
25626869
25626900
25626933
25626965
25626975
25626997
25627029
25627060
25627093
25627115
25627125
25627156
25627188
25627220
25627253
25627261
25627285
25627314
25627347
25627379
25627410
25627442
25627449
25627472
25627505
25627537
25627569
25627586
25627601
25627631
25627663
25627695
25627728
25627759
25627792
25627800
25627824
25627856
25627887
25627919
25627929
25627952
25627983
25628015
25628045
25628077
25628110
25628134
25628142
25628174
25628205
25628237
25628251
25628270
25628301
25628334
25628366
25628382
25628398
25628430
25628461
25628493
25628524
25628557
25628566
25628589
25628619
25628652
25628683
25628716
25628747
25628754
25628779
25628810
25628842
25628874
25628906
25628908
25628938
25628969
25629002
25629034
25629038
25629066
25629098
25629130
25629161
25629172
25629195
25629226
25629257
25629288
25629320
25629343
25629353
25629384
25629416
25629447
25629479
25629506
25629511
25629542
25629575
25629606
25629638
25629671
25629692
25629702
25629735
25629767
25629798
25629829
25629830
25629862
25629894
25629926
25629957
25629990
25630011
25630022
25630054
25630085
25630118
25630149
25630156
25630182
25630214
25630245
25630277
25630310
25630339
25630342
25630373
25630406
25630438
25630470
25630501
25630507
25630533
25630565
25630598
25630630
25630654
25630661
25630693
25630725
25630757
25630791
25630792
25630822
25630854
25630886
25630918
25630950
25630981
25631013
25631020
25631046
25631077
25631108
25631141
25631172
25631204
25631236
25631268
25631301
25631330
25631332
25631365
25631373
25631397
25631429
25631461
25631492
25631516
25631525
25631556
25631588
25631621
25631649
25631652
25631684
25631717
25631746
25631779
25631811
25631843
25631855
25631874
25631907
25631938
25631971
25631988
25632002
25632033
25632066
25632097
25632104
25632131
25632161
25632193
25632225
25632257
25632258
25632289
25632320
25632351
25632384
25632415
25632420
25632447
25632480
25632511
25632542
25632545
25632573
25632605
25632636
25632669
25632699
25632706
25632729
25632731
25632763
25632795
25632827
25632830
25632860
25632891
25632923
25632955
25632985
25632988
25633020
25633051
25633084
25633115
25633148
25633153
25633180
25633212
25633243
25633275
25633307
25633319
25633339
25633370
25633403
25633434
25633467
25633472
25633499
25633530
25633561
25633593
25633625
25633632
25633657
25633689
25633722
25633754
25633785
25633788
25633817
25633850
25633881
25633913
25633945
25633946
25633975
25634007
25634039
25634072
25634104
25634136
25634167
25634198
25634231
25634262
25634266
25634294
25634326
25634359
25634391
25634421
25634453
25634485
25634498
25634518
25634549
25634582
25634589
25634614
25634645
25634678
25634710
25634742
25634744
25634773
25634806
25634837
25634869
25634901
25634925
25634933
25634965
25634996
25635028
25635059
25635092
25635123
25635149
25635156
25635188
25635220
25635227
25635251
25635283
25635314
25635346
25635378
25635389
25635410
25635443
25635474
25635507
25635539
25635571
25635588
25635603
25635634
25635665
25635698
25635729
25635730
25635761
25635793
25635826
25635858
25635867
25635888
25635920
25635952
25635984
25636014
25636016
25636049
25636081
25636113
25636145
25636177
25636185
25636209
25636240
25636272
25636304
25636335
25636344
25636368
25636400
25636430
25636463
25636495
25636505
25636526
25636557
25636588
25636620
25636651
25636659
25636682
25636714
25636746
25636777
25636809
25636817
25636841
25636873
25636906
25636937
25636969
25636974
25637002
25637034
25637066
25637098
25637130
25637137
25637162
25637194
25637226
25637258
25637289
25637298
25637322
25637354
25637385
25637417
25637450
25637471
25637481
25637514
25637545
25637578
25637609
25637622
25637642
25637674
25637705
25637737
25637769
25637780
25637800
25637832
25637863
25637896
25637927
25637938
25637960
25637991
25638023
25638056
25638088
25638097
25638120
25638151
25638183
25638215
25638247
25638257
25638280
25638312
25638343
25638376
25638408
25638431
25638437
25638440
25638471
25638503
25638536
25638568
25638592
25638600
25638632
25638664
25638695
25638712
25638727
25638759
25638791
25638822
25638855
25638862
25638887
25638918
25638951
25638982
25639015
25639033
25639046
25639080
25639110
25639141
25639174
25639179
25639204
25639236
25639269
25639301
25639333
25639342
25639364
25639397
25639429
25639460
25639492
25639508
25639525
25639557
25639588
25639620
25639651
25639660
25639683
25639716
25639748
25639779
25639812
25639813
25639843
25639876
25639907
25639940
25639972
25639973
25640004
25640035
25640067
25640100
25640132
25640161
25640164
25640196
25640227
25640260
25640292
25640301
25640324
25640356
25640388
25640419
25640449
25640452
25640484
25640514
25640545
25640578
25640608
25640610
25640641
25640675
25640705
25640736
25640766
25640768
25640801
25640833
25640864
25640896
25640927
25640929
25640959
25640992
25641023
25641055
25641087
25641093
25641119
25641151
25641182
25641214
25641246
25641247
25641278
25641309
25641341
25641373
25641405
25641407
25641436
25641469
25641501
25641533
25641565
25641566
25641597
25641629
25641661
25641693
25641724
25641756
25641789
25641821
25641852
25641884
25641885
25641917
25641948
25641980
25642013
25642044
25642052
25642074
25642107
25642139
25642171
25642203
25642222
25642236
25642267
25642298
25642330
25642361
25642363
25642396
25642427
25642458
25642491
25642523
25642554
25642587
25642618
25642651
25642681
25642682
25642714
25642747
25642778
25642811
25642841
25642843
25642874
25642906
25642939
25642970
25643003
25643035
25643066
25643098
25643132
25643162
25643168
25643195
25643227
25643259
25643291
25643321
25643326
25643354
25643386
25643418
25643450
25643481
25643483
25643514
25643546
25643577
25643609
25643642
25643643
25643674
25643704
25643736
25643769
25643801
25643805
25643832
25643865
25643896
25643928
25643960
25643977
25643992
25644025
25644056
25644089
25644119
25644121
25644153
25644184
25644217
25644249
25644281
25644288
25644312
25644344
25644380
25644409
25644440
25644446
25644473
25644506
25644536
25644568
25644601
25644609
25644632
25644665
25644696
25644729
25644760
25644762
25644792
25644824
25644855
25644888
25644919
25644938
25644952
25644984
25645016
25645048
25645080
25645083
25645112
25645143
25645176
25645207
25645239
25645240
25645270
25645302
25645335
25645367
25645398
25645414
25645430
25645463
25645494
25645527
25645559
25645560
25645591
25645623
25645655
25645687
25645718
25645723
25645749
25645781
25645813
25645845
25645878
25645910
25645942
25645974
25646005
25646037
25646069
25646081
25646102
25646134
25646166
25646198
25646200
25646229
25646260
25646293
25646324
25646354
25646355
25646387
25646420
25646452
25646484
25646516
25646519
25646548
25646581
25646612
25646643
25646672
25646675
25646707
25646738
25646770
25646801
25646828
25646832
25646864
25646897
25646928
25646960
25646993
25646996
25647025
25647057
25647088
25647120
25647153
25647183
25647215
25647246
25647279
25647311
25647312
25647343
25647374
25647406
25647438
25647469
25647472
25647500
25647532
25647562
25647594
25647627
25647629
25647658
25647691
25647722
25647754
25647785
25647786
25647817
25647849
25647882
25647912
25647944
25647953
25647977
25648009
25648041
25648074
25648104
25648110
25648135
25648167
25648200
25648231
25648263
25648275
25648294
25648325
25648358
25648388
25648420
25648423
25648452
25648483
25648515
25648548
25648575
25648579
25648612
25648644
25648676
25648708
25648739
25648771
25648802
25648834
25648866
25648898
25648899
25648930
25648962
25648994
25649025
25649053
25649056
25649089
25649121
25649152
25649184
25649216
25649220
25649249
25649280
25649312
25649344
25649375
25649376
25649408
25649439
25649471
25649504
25649536
25649541
25649567
25649599
25649631
25649663
25649692
25649694
25649727
25649759
25649789
25649821
25649849
25649853
25649885
25649918
25649950
25649981
25650009
25650014
25650045
25650076
25650109
25650141
25650171
25650177
25650204
25650235
25650268
25650300
25650327
25650331
25650364
25650396
25650428
25650460
25650491
25650498
25650523
25650555
25650586
25650619
25650651
25650664
25650682
25650715
25650746
25650779
25650809
25650810
25650842
25650875
25650906
25650938
25650971
25651002
25651035
25651067
25651099
25651130
25651131
25651162
25651195
25651227
25651258
25651287
25651290
25651322
25651354
25651385
25651418
25651449
25651462
25651480
25651513
25651545
25651577
25651609
25651611
25651641
25651673
25651705
25651737
25651769
25651773
25651801
25651833
25651865
25651897
25651925
25651928
25651961
25651991
25652023
25652056
25652088
25652092
25652119
25652151
25652182
25652215
25652247
25652249
25652279
25652311
25652343
25652375
25652404
25652406
25652439
25652470
25652503
25652534
25652566
25652571
25652599
25652630
25652663
25652695
25652727
25652732
25652758
25652791
25652822
25652855
25652887
25652891
25652919
25652951
25652983
25653014
25653041
25653047
25653079
25653109
25653141
25653172
25653199
25653205
25653237
25653268
25653301
25653332
25653365
25653369
25653398
25653429
25653461
25653492
25653525
25653552
25653557
25653589
25653620
25653652
25653685
25653686
25653717
25653749
25653780
25653813
25653844
25653848
25653877
25653909
25653940
25653972
25653997
25654004
25654036
25654068
25654100
25654131
25654159
25654163
25654195
25654228
25654259
25654290
25654321
25654323
25654353
25654385
25654417
25654448
25654479
25654480
25654512
25654544
25654577
25654610
25654641
25654642
25654672
25654705
25654736
25654768
25654797
25654799
25654830
25654863
25654895
25654927
25654959
25654970
25654990
25655022
25655055
25655087
25655117
25655119
25655150
25655183
25655215
25655246
25655273
25655279
25655311
25655343
25655375
25655406
25655439
25655471
25655502
25655535
25655567
25655599
25655630
25655663
25655695
25655727
25655759
25655790
25655823
25655855
25655886
25655919
25655952
25655983
25656014
25656047
25656078
25656110
25656143
25656174
25656207
25656238
25656271
25656302
25656334
25656349
25656352
25656357
25656366
25656399
25656429
25656461
25656494
25656525
25656540
25656558
25656589
25656620
25656653
25656685
25656716
25656717
25656749
25656781
25656812
25656845
25656874
25656876
25656907
25656940
25656971
25657004
25657030
25657036
25657068
25657100
25657132
25657164
25657195
25657201
25657228
25657259
25657290
25657323
25657350
25657353
25657386
25657417
25657450
25657482
25657513
25657514
25657545
25657577
25657608
25657640
25657672
25657675
25657704
25657737
25657769
25657801
25657831
25657833
25657865
25657897
25657929
25657962
25657992
25657996
25658024
25658057
25658087
25658119
25658151
25658152
25658183
25658216
25658248
25658279
25658311
25658315
25658343
25658375
25658407
25658438
25658469
25658470
25658503
25658534
25658567
25658598
25658630
25658649
25658662
25658694
25658727
25658758
25658790
25658794
25658822
25658853
25658885
25658918
25658947
25658950
25658982
25659014
25659045
25659078
25659107
25659109
25659141
25659174
25659205
25659237
25659269
25659270
25659302
25659333
25659365
25659397
25659430
25659431
25659461
25659493
25659526
25659557
25659589
25659590
25659621
25659653
25659686
25659717
25659749
25659781
25659813
25659845
25659878
25659909
25659916
25659940
25659973
25660005
25660036
25660068
25660072
25660101
25660132
25660165
25660197
25660229
25660231
25660260
25660292
25660324
25660357
25660388
25660391
25660420
25660453
25660484
25660516
25660548
25660554
25660580
25660611
25660644
25660676
25660708
25660739
25660771
25660804
25660836
25660866
25660868
25660900
25660932
25660965
25660996
25661028
25661047
25661060
25661091
25661124
25661155
25661188
25661211
25661220
25661252
25661283
25661316
25661345
25661374
25661406
25661437
25661469
25661501
25661533
25661564
25661597
25661627
25661653
25661658
25661691
25661722
25661754
25661787
25661815
25661819
25661850
25661883
25661915
25661947
25661979
25661983
25662010
25662041
25662073
25662106
25662138
25662169
25662201
25662232
25662265
25662296
25662300
25662329
25662361
25662392
25662425
25662456
25662489
25662521
25662553
25662585
25662617
25662631
25662648
25662681
25662713
25662745
25662777
25662780
25662808
25662841
25662872
25662904
25662937
25662940
25662969
25663000
25663033
25663064
25663092
25663096
25663129
25663161
25663192
25663225
25663257
25663260
25663288
25663320
25663352
25663384
25663416
25663423
25663448
25663479
25663510
25663542
25663575
25663579
25663607
25663639
25663671
25663703
25663734
25663749
25663766
25663798
25663830
25663862
25663893
25663926
25663958
25663990
25664021
25664053
25664055
25664086
25664118
25664150
25664182
25664214
25664216
25664246
25664278
25664310
25664342
25664367
25664374
25664406
25664438
25664469
25664502
25664533
25664565
25664598
25664630
25664662
25664693
25664699
25664726
25664757
25664790
25664822
25664854
25664859
25664884
25664916
25664948
25664981
25665013
25665017
25665044
25665077
25665108
25665141
25665173
25665174
25665205
25665237
25665268
25665300
25665333
25665336
25665365
25665395
25665428
25665459
25665491
25665493
25665524
25665555
25665587
25665619
25665651
25665652
25665683
25665715
25665747
25665778
25665810
25665811
25665841
25665873
25665906
25665938
25665970
25665976
25666002
25666034
25666066
25666097
25666129
25666130
25666162
25666193
25666224
25666256
25666289
25666291
25666319
25666351
25666382
25666415
25666447
25666452
25666479
25666511
25666541
25666574
25666606
25666608
25666638
25666670
25666702
25666734
25666765
25666774
25666797
25666830
25666861
25666894
25666926
25666927
25666957
25666988
25667021
25667053
25667084
25667088
25667116
25667148
25667178
25667211
25667243
25667254
25667274
25667307
25667339
25667370
25667403
25667413
25667435
25667467
25667499
25667531
25667563
25667568
25667594
25667625
25667658
25667689
25667722
25667729
25667754
25667784
25667814
25667846
25667875
25667878
25667911
25667943
25667975
25668007
25668039
25668045
25668071
25668102
25668135
25668167
25668198
25668199
25668230
25668263
25668294
25668326
25668358
25668363
25668390
25668422
25668453
25668485
25668518
25668520
25668549
25668581
25668614
25668645
25668678
25668682
25668710
25668742
25668774
25668806
25668838
25668869
25668901
25668933
25668966
25668998
25669030
25669063
25669093
25669127
25669158
25669165
25669190
25669221
25669254
25669286
25669317
25669323
25669349
25669382
25669414
25669446
25669477
25669481
25669509
25669541
25669573
25669605
25669636
25669638
25669668
25669700
25669732
25669763
25669795
25669796
25669827
25669859
25669890
25669922
25669954
25669956
25669985
25670017
25670049
25670081
25670113
25670121
25670144
25670176
25670207
25670240
25670271
25670272
25670304
25670334
25670367
25670398
25670430
25670432
25670461
25670491
25670523
25670556
25670588
25670592
25670620
25670652
25670684
25670714
25670747
25670749
25670777
25670809
25670841
25670873
25670905
25670907
25670937
25670969
25670999
25671032
25671063
25671072
25671096
25671128
25671160
25671192
25671223
25671226
25671256
25671287
25671320
25671351
25671384
25671385
25671415
25671447
25671480
25671512
25671542
25671575
25671607
25671639
25671671
25671702
25671710
25671735
25671764
25671797
25671830
25671861
25671864
25671892
25671925
25671956
25671989
25672021
25672023
25672053
25672085
25672116
25672148
25672181
25672183
25672212
25672245
25672277
25672309
25672341
25672347
25672373
25672405
25672436
25672468
25672498
25672500
25672532
25672563
25672595
25672627
25672659
25672664
25672690
25672722
25672754
25672786
25672817
25672849
25672881
25672914
25672945
25672978
25672979
25673010
25673042
25673074
25673105
25673133
25673138
25673168
25673199
25673230
25673263
25673295
25673298
25673327
25673359
25673391
25673423
25673455
25673456
25673487
25673519
25673551
25673582
25673615
25673616
25673647
25673679
25673711
25673743
25673774
25673783
25673806
25673839
25673871
25673903
25673934
25673941
25673965
25673998
25674030
25674062
25674093
25674099
25674126
25674158
25674190
25674222
25674253
25674263
25674285
25674317
25674349
25674381
25674413
25674416
25674445
25674477
25674508
25674541
25674573
25674583
25674605
25674636
25674669
25674700
25674732
25674740
25674765
25674797
25674829
25674860
25674894
25674898
25674925
25674957
25674989
25675022
25675052
25675064
25675085
25675116
25675148
25675181
25675212
25675222
25675244
25675275
25675307
25675338
25675371
25675374
25675403
25675435
25675467
25675498
25675530
25675543
25675563
25675595
25675627
25675659
25675691
25675696
25675723
25675756
25675787
25675818
25675850
25675860
25675883
25675914
25675947
25675978
25676011
25676018
25676043
25676074
25676105
25676137
25676169
25676172
25676200
25676232
25676264
25676295
25676328
25676334
25676360
25676392
25676425
25676456
25676488
25676494
25676520
25676552
25676584
25676616
25676647
25676650
25676679
25676711
25676744
25676775
25676807
25676811
25676839
25676872
25676904
25676935
25676967
25676970
25677000
25677032
25677063
25677095
25677127
25677134
25677160
25677191
25677223
25677256
25677287
25677292
25677320
25677352
25677384
25677416
25677447
25677451
25677479
25677511
25677543
25677573
25677605
25677608
25677637
25677670
25677701
25677734
25677766
25677771
25677798
25677830
25677862
25677893
25677926
25677930
25677958
25677990
25678022
25678054
25678086
25678089
25678118
25678150
25678182
25678213
25678245
25678253
25678277
25678309
25678340
25678373
25678405
25678410
25678436
25678467
25678499
25678530
25678561
25678567
25678593
25678626
25678658
25678690
25678721
25678728
25678754
25678785
25678818
25678849
25678880
25678912
25678922
25678944
25678976
25679007
25679039
25679071
25679083
25679104
25679136
25679167
25679199
25679230
25679262
25679295
25679320
25679327
25679358
25679391
25679423
25679437
25679455
25679487
25679518
25679551
25679567
25679582
25679615
25679646
25679678
25679711
25679742
25679775
25679806
25679838
25679871
25679902
25679911
25679935
25679966
25679969
25679998
25680030
25680063
25680095
25680103
25680126
25680158
25680191
25680223
25680241
25680255
25680287
25680319
25680344
25680350
25680382
25680414
25680445
25680478
25680503
25680509
25680540
25680573
25680604
25680636
25680668
25680701
25680728
25680733
25680765
25680796
25680829
25680861
25680893
25680895
25680925
25680957
25680988
25681021
25681039
25681053
25681084
25681116
25681149
25681180
25681182
25681212
25681244
25681275
25681308
25681340
25681345
25681372
25681404
25681435
25681466
25681486
25681499
25681530
25681563
25681595
25681627
25681659
25681690
25681718
25681722
25681755
25681787
25681818
25681851
25681883
25681914
25681921
25681947
25681979
25682012
25682020
25682043
25682075
25682107
25682139
25682170
25682202
25682234
25682248
25682266
25682297
25682330
25682362
25682393
25682425
25682429
25682458
25682489
25682521
25682554
25682555
25682586
25682618
25682650
25682682
25682714
25682717
25682746
25682777
25682810
25682841
25682873
25682906
25682936
25682969
25683001
25683033
25683065
25683097
25683105
25683129
25683161
25683193
25683225
25683256
25683289
25683321
25683352
25683384
25683417
25683449
25683481
25683496
25683513
25683530
25683543
25683575
25683578
25683607
25683615
25683639
25683672
25683704
25683735
25683768
25683799
25683800
25683832
25683864
25683895
25683928
25683942
25683960
25683992
25684024
25684056
25684087
25684089
25684119
25684142
25684151
25684183
25684216
25684248
25684274
25684277
25684308
25684340
25684373
25684405
25684436
25684439
25684468
25684500
25684531
25684564
25684586
25684595
25684626
25684658
25684690
25684721
25684748
25684754
25684786
25684818
25684850
25684882
25684913
25684945
25684978
25685010
25685015
25685041
25685073
25685105
25685136
25685169
25685185
25685200
25685232
25685264
25685297
25685329
25685348
25685361
25685392
25685424
25685457
25685489
25685520
25685543
25685552
25685584
25685617
25685649
25685678
25685681
25685713
25685744
25685777
25685809
25685836
25685841
25685872
25685905
25685936
25685958
25685968
25686000
25686032
25686063
25686096
25686128
25686160
25686185
25686192
25686223
25686255
25686268
25686286
25686318
25686350
25686381
25686414
25686420
25686445
25686478
25686510
25686542
25686574
25686605
25686633
25686637
25686669
25686701
25686732
25686765
25686781
25686797
25686829
25686861
25686893
25686924
25686940
25686957
25686988
25687019
25687051
25687082
25687094
25687115
25687146
25687179
25687210
25687241
25687263
25687273
25687306
25687337
25687368
25687400
25687433
25687450
25687465
25687496
25687528
25687561
25687592
25687623
25687654
25687662
25687686
25687719
25687751
25687765
25687784
25687815
25687846
25687880
25687911
25687913
25687943
25687974
25688006
25688037
25688047
25688070
25688102
25688134
25688165
25688198
25688211
25688229
25688261
25688292
25688321
25688323
25688356
25688388
25688419
25688452
25688483
25688484
25688516
25688547
25688579
25688611
25688643
25688672
25688674
25688707
25688739
25688770
25688803
25688834
25688838
25688867
25688899
25688930
25688962
25688969
25688995
25689026
25689059
25689090
25689126
25689153
25689186
25689197
25689216
25689248
25689281
25689313
25689345
25689373
25689376
25689408
25689440
25689470
25689471
25689503
25689535
25689563
25689567
25689599
25689630
25689663
25689693
25689725
25689757
25689789
25689806
25689822
25689853
25689886
25689918
25689929
25689950
25689980
25690013
25690045
25690077
25690078
25690109
25690141
25690170
25690202
25690233
25690235
25690266
25690299
25690330
25690363
25690394
25690395
25690426
25690459
25690494
25690523
25690552
25690555
25690587
25690619
25690651
25690683
25690713
25690715
25690721
25690753
25690778
25690811
25690843
25690875
25690908
25690919
25690939
25690973
25691002
25691029
25691035
25691067
25691099
25691130
25691163
25691165
25691194
25691226
25691259
25691291
25691322
25691355
25691386
25691403
25691417
25691449
25691481
25691501
25691513
25691545
25691578
25691609
25691643
25691672
25691687
25691705
25691736
25691769
25691801
25691824
25691833
25691865
25691896
25691927
25691960
25691991
25692006
25692023
25692056
25692088
25692119
25692151
25692168
25692183
25692214
25692247
25692279
25692311
25692326
25692343
25692375
25692407
25692437
25692469
25692470
25692501
25692534
25692566
25692597
25692623
25692630
25692662
25692694
25692725
25692758
25692790
25692816
25692822
25692856
25692885
25692918
25692950
25692981
25693013
25693045
25693076
25693082
25693109
25693141
25693172
25693182
25693206
25693237
25693268
25693300
25693333
25693365
25693397
25693406
25693428
25693461
25693479
25693492
25693525
25693532
25693557
25693589
25693621
25693628
25693654
25693685
25693717
25693749
25693782
25693788
25693814
25693844
25693877
25693908
25693940
25693944
25693972
25694004
25694036
25694067
25694100
25694107
25694132
25694163
25694196
25694227
25694260
25694264
25694292
25694323
25694357
25694388
25694421
25694426
25694452
25694484
25694515
25694547
25694580
25694583
25694612
25694643
25694675
25694707
25694738
25694744
25694771
25694802
25694835
25694867
25694898
25694903
25694929
25694962
25694993
25695026
25695057
25695060
25695089
25695122
25695154
25695186
25695218
25695223
25695250
25695282
25695314
25695346
25695378
25695384
25695410
25695442
25695473
25695505
25695539
25695542
25695569
25695602
25695634
25695666
25695697
25695701
25695729
25695762
25695794
25695825
25695858
25695864
25695890
25695921
25695954
25695986
25696018
25696023
25696050
25696082
25696113
25696146
25696178
25696192
25696211
25696242
25696273
25696305
25696338
25696350
25696370
25696402
25696434
25696466
25696498
25696529
25696534
25696561
25696593
25696626
25696658
25696665
25696690
25696721
25696754
25696785
25696818
25696828
25696850
25696881
25696913
25696945
25696978
25697006
25697010
25697041
25697074
25697106
25697137
25697138
25697170
25697201
25697232
25697263
25697296
25697298
25697328
25697360
25697391
25697424
25697455
25697470
25697488
25697520
25697552
25697583
25697616
25697625
25697647
25697680
25697712
25697743
25697775
25697778
25697807
25697838
25697870
25697901
25697934
25697940
25697965
25697997
25698029
25698061
25698093
25698104
25698125
25698156
25698187
25698220
25698251
25698262
25698284
25698316
25698347
25698380
25698412
25698420
25698444
25698475
25698507
25698540
25698572
25698580
25698604
25698635
25698668
25698700
25698731
25698740
25698764
25698795
25698828
25698860
25698892
25698900
25698925
25698955
25698987
25699020
25699052
25699063
25699084
25699116
25699148
25699180
25699211
25699220
25699244
25699276
25699308
25699340
25699371
25699379
25699404
25699435
25699468
25699499
25699531
25699536
25699563
25699595
25699627
25699659
25699691
25699697
25699722
25699755
25699787
25699817
25699849
25699859
25699881
25699913
25699946
25699977
25700010
25700015
25700041
25700073
25700106
25700137
25700169
25700176
25700201
25700233
25700265
25700297
25700329
25700341
25700361
25700393
25700425
25700457
25700488
25700496
25700521
25700552
25700584
25700617
25700649
25700657
25700680
25700712
25700744
25700775
25700808
25700817
25700839
25700870
25700902
25700933
25700965
25700997
25701029
25701030
25701062
25701094
25701125
25701157
25701189
25701217
25701220
25701253
25701284
25701289
25701317
25701349
25701381
25701410
25701443
25701449
25701474
25701506
25701539
25701571
25701600
25701603
25701635
25701667
25701699
25701731
25701763
25701794
25701826
25701858
25701890
25701923
25701927
25701954
25701986
25702018
25702050
25702083
25702114
25702146
25702160
25702178
25702210
25702243
25702260
25702275
25702306
25702339
25702370
25702403
25702435
25702438
25702467
25702498
25702530
25702561
25702573
25702593
25702626
25702656
25702687
25702719
25702750
25702783
25702815
25702847
25702877
25702878
25702910
25702942
25702974
25703005
25703037
25703042
25703069
25703102
25703134
25703165
25703198
25703202
25703229
25703261
25703294
25703326
25703358
25703390
25703421
25703455
25703458
25703485
25703517
25703549
25703580
25703612
25703645
25703677
25703697
25703708
25703742
25703773
25703805
25703837
25703845
25703869
25703901
25703931
25703963
25703995
25703996
25704026
25704059
25704090
25704122
25704152
25704184
25704216
25704246
25704247
25704280
25704311
25704316
25704344
25704376
25704408
25704439
25704471
25704472
25704503
25704535
25704566
25704598
25704629
25704634
25704662
25704693
25704726
25704758
25704790
25704799
25704821
25704854
25704886
25704917
25704950
25704952
25704982
25705013
25705044
25705076
25705107
25705111
25705138
25705170
25705202
25705234
25705266
25705298
25705330
25705362
25705393
25705426
25705457
25705474
25705490
25705522
25705552
25705572
25705583
25705615
25705647
25705679
25705711
25705743
25705770
25705775
25705789
25705807
25705840
25705871
25705903
25705935
25705967
25705981
25705998
25706030
25706062
25706072
25706094
25706127
25706159
25706191
25706223
25706229
25706254
25706288
25706318
25706349
25706381
25706387
25706414
25706445
25706477
25706510
25706542
25706573
25706605
25706637
25706668
25706699
25706728
25706732
25706763
25706795
25706827
25706830
25706859
25706890
25706922
25706955
25706986
25707019
25707051
25707076
25707082
25707114
25707146
25707178
25707179
25707208
25707211
25707242
25707273
25707305
25707336
25707368
25707400
25707415
25707430
25707461
25707492
25707497
25707524
25707556
25707587
25707620
25707651
25707652
25707682
25707715
25707746
25707778
25707811
25707840
25707844
25707873
25707904
25707935
25707966
25707968
25707999
25708031
25708061
25708093
25708126
25708157
25708188
25708221
25708253
25708282
25708286
25708315
25708346
25708377
25708409
25708441
25708472
25708505
25708536
25708541
25708568
25708600
25708632
25708664
25708696
25708727
25708759
25708766
25708791
25708823
25708855
25708887
25708920
25708952
25708983
25709015
25709017
25709048
25709078
25709083
25709111
25709142
25709175
25709206
25709240
25709243
25709269
25709300
25709331
25709363
25709395
25709402
25709427
25709459
25709491
25709524
25709555
25709557
25709586
25709617
25709649
25709680
25709713
25709714
25709744
25709777
25709808
25709840
25709873
25709875
25709904
25709937
25709968
25710000
25710031
25710032
25710064
25710097
25710128
25710160
25710190
25710194
25710222
25710255
25710286
25710319
25710351
25710354
25710382
25710414
25710447
25710478
25710509
25710542
25710574
25710606
25710638
25710668
25710670
25710701
25710734
25710767
25710798
25710830
25710832
25710862
25710894
25710926
25710956
25710988
25710993
25711021
25711053
25711085
25711116
25711148
25711167
25711179
25711211
25711244
25711276
25711308
25711322
25711341
25711372
25711404
25711436
25711468
25711474
25711499
25711531
25711562
25711595
25711627
25711636
25711659
25711689
25711722
25711754
25711785
25711796
25711818
25711849
25711881
25711913
25711945
25711968
25711977
25712009
25712040
25712072
25712104
25712113
25712136
25712169
25712201
25712232
25712265
25712274
25712297
25712329
25712359
25712391
25712424
25712441
25712455
25712488
25712520
25712551
25712584
25712592
25712616
25712648
25712680
25712712
25712743
25712756
25712775
25712807
25712838
25712870
25712903
25712917
25712935
25712967
25712998
25713029
25713062
25713074
25713094
25713125
25713157
25713189
25713220
25713232
25713252
25713283
25713316
25713348
25713380
25713385
25713412
25713444
25713475
25713508
25713540
25713555
25713572
25713603
25713635
25713668
25713699
25713714
25713731
25713763
25713796
25713827
25713860
25713879
25713892
25713924
25713956
25713988
25714019
25714033
25714051
25714084
25714115
25714148
25714180
25714191
25714212
25714244
25714275
25714307
25714339
25714351
25714371
25714403
25714436
25714469
25714500
25714508
25714532
25714564
25714596
25714627
25714660
25714672
25714692
25714723
25714756
25714788
25714820
25714832
25714850
25714882
25714914
25714946
25714978
25714992
25715011
25715042
25715073
25715106
25715138
25715147
25715169
25715201
25715234
25715266
25715298
25715305
25715330
25715361
25715394
25715425
25715458
25715472
25715490
25715522
25715554
25715585
25715618
25715632
25715650
25715682
25715713
25715744
25715777
25715779
25715809
25715841
25715873
25715904
25715937
25715948
25715968
25716001
25716032
25716065
25716097
25716115
25716129
25716161
25716193
25716224
25716257
25716263
25716289
25716321
25716353
25716384
25716415
25716428
25716448
25716479
25716511
25716542
25716572
25716590
25716605
25716637
25716669
25716701
25716732
25716739
25716765
25716796
25716828
25716860
25716891
25716905
25716923
25716955
25716987
25717019
25717051
25717083
25717115
25717147
25717178
25717181
25717211
25717243
25717275
25717307
25717338
25717371
25717394
25717402
25717419
25717435
25717467
25717499
25717512
25717533
25717565
25717595
25717626
25717659
25717671
25717691
25717722
25717754
25717787
25717818
25717850
25717864
25717882
25717914
25717945
25717977
25717978
25718009
25718041
25718072
25718105
25718137
25718151
25718169
25718201
25718233
25718264
25718295
25718328
25718359
25718391
25718423
25718455
25718460
25718487
25718519
25718551
25718583
25718615
25718622
25718647
25718679
25718710
25718742
25718775
25718778
25718806
25718839
25718871
25718903
25718935
25718940
25718967
25719000
25719030
25719063
25719095
25719105
25719127
25719160
25719192
25719224
25719254
25719263
25719285
25719318
25719350
25719382
25719414
25719423
25719445
25719477
25719509
25719540
25719573
25719577
25719605
25719637
25719669
25719701
25719733
25719736
25719764
25719796
25719829
25719861
25719893
25719896
25719925
25719955
25719985
25720017
25720048
25720066
25720080
25720113
25720144
25720177
25720209
25720212
25720241
25720272
25720304
25720336
25720368
25720382
25720399
25720432
25720462
25720495
25720528
25720529
25720559
25720590
25720622
25720655
25720686
25720718
25720719
25720751
25720783
25720814
25720845
25720855
25720878
25720910
25720941
25720972
25721004
25721029
25721036
25721068
25721100
25721132
25721164
25721167
25721196
25721228
25721259
25721291
25721323
25721339
25721355
25721387
25721419
25721452
25721483
25721489
25721514
25721547
25721579
25721611
25721642
25721647
25721673
25721705
25721738
25721769
25721802
25721804
25721834
25721866
25721898
25721929
25721962
25721966
25721993
25722026
25722058
25722090
25722122
25722129
25722153
25722185
25722217
25722250
25722281
25722295
25722313
25722345
25722377
25722409
25722441
25722448
25722472
25722503
25722536
25722568
25722599
25722605
25722632
25722663
25722696
25722727
25722759
25722769
25722792
25722824
25722856
25722887
25722919
25722927
25722951
25722983
25723014
25723045
25723078
25723110
25723142
25723174
25723206
25723238
25723243
25723269
25723301
25723333
25723365
25723397
25723407
25723428
25723461
25723492
25723524
25723556
25723560
25723588
25723619
25723650
25723683
25723714
25723723
25723747
25723778
25723810
25723843
25723875
25723891
25723907
25723939
25723970
25724003
25724034
25724048
25724067
25724098
25724134
25724166
25724193
25724208
25724225
25724256
25724289
25724320
25724351
25724353
25724384
25724417
25724449
25724480
25724513
25724545
25724576
25724607
25724639
25724671
25724703
25724735
25724767
25724798
25724807
25724831
25724863
25724895
25724907
25724929
25724932
25724959
25724991
25725003
25725023
25725055
25725087
25725119
25725150
25725172
25725182
25725214
25725246
25725277
25725309
25725314
25725341
25725372
25725404
25725436
25725468
25725482
25725501
25725533
25725564
25725596
25725628
25725642
25725659
25725692
25725723
25725724
25725756
25725777
25725788
25725819
25725851
25725884
25725916
25725926
25725948
25725982
25726012
25726044
25726076
25726082
25726108
25726140
25726172
25726203
25726235
25726250
25726267
25726299
25726331
25726363
25726394
25726404
25726428
25726459
25726490
25726523
25726555
25726559
25726587
25726618
25726651
25726683
25726715
25726729
25726746
25726778
25726810
25726841
25726873
25726879
25726905
25726937
25726969
25727001
25727033
25727056
25727064
25727095
25727128
25727160
25727190
25727222
25727254
25727287
25727318
25727350
25727357
25727382
25727415
25727445
25727477
25727509
25727513
25727540
25727573
25727605
25727637
25727669
25727675
25727701
25727731
25727763
25727796
25727828
25727847
25727859
25727892
25727923
25727956
25727986
25727995
25728017
25728050
25728082
25728114
25728146
25728159
25728178
25728209
25728242
25728272
25728304
25728336
25728347
25728368
25728399
25728429
25728460
25728471
25728491
25728523
25728556
25728587
25728618
25728630
25728649
25728682
25728714
25728746
25728778
25728788
25728810
25728842
25728874
25728906
25728937
25728944
25728969
25729001
25729032
25729066
25729096
25729105
25729129
25729161
25729193
25729226
25729256
25729263
25729288
25729320
25729350
25729382
25729414
25729422
25729447
25729481
25729511
25729541
25729574
25729585
25729605
25729637
25729670
25729701
25729734
25729740
25729765
25729798
25729830
25729862
25729892
25729907
25729924
25729955
25729989
25730020
25730053
25730061
25730083
25730115
25730147
25730179
25730211
25730227
25730244
25730276
25730307
25730339
25730370
25730381
25730402
25730436
25730464
25730497
25730529
25730537
25730561
25730593
25730624
25730656
25730689
25730691
25730721
25730752
25730785
25730817
25730848
25730867
25730878
25730911
25730942
25730973
25731005
25731009
25731036
25731068
25731102
25731133
25731164
25731195
25731228
25731261
25731293
25731323
25731356
25731387
25731419
25731454
25731484
25731496
25731515
25731545
25731576
25731608
25731641
25731673
25731677
25731701
25731706
25731734
25731737
25731769
25731801
25731832
25731842
25731864
25731896
25731927
25731960
25731970
25731992
25732023
25732055
25732087
25732119
25732128
25732151
25732183
25732214
25732246
25732277
25732287
25732310
25732341
25732374
25732406
25732437
25732457
25732469
25732499
25732532
25732563
25732593
25732603
25732624
25732657
25732690
25732721
25732754
25732767
25732785
25732817
25732849
25732881
25732913
25732918
25732945
25732976
25733008
25733040
25733071
25733077
25733104
25733136
25733168
25733200
25733231
25733243
25733263
25733295
25733327
25733359
25733391
25733403
25733423
25733455
25733485
25733518
25733550
25733567
25733582
25733614
25733647
25733677
25733710
25733722
25733742
25733774
25733807
25733838
25733870
25733882
25733903
25733934
25733966
25733998
25734029
25734049
25734062
25734094
25734126
25734157
25734189
25734196
25734221
25734253
25734286
25734318
25734349
25734359
25734381
25734412
25734444
25734475
25734508
25734519
25734540
25734571
25734603
25734635
25734668
25734678
25734700
25734732
25734763
25734796
25734828
25734842
25734860
25734892
25734925
25734957
25734987
25735006
25735019
25735051
25735083
25735114
25735146
25735152
25735178
25735220
25735242
25735275
25735307
25735322
25735339
25735371
25735403
25735435
25735466
25735480
25735498
25735531
25735562
25735594
25735625
25735649
25735657
25735689
25735721
25735753
25735785
25735803
25735816
25735846
25735878
25735911
25735942
25735949
25735973
25736005
25736037
25736070
25736103
25736110
25736134
25736165
25736197
25736228
25736260
25736265
25736292
25736324
25736354
25736385
25736417
25736432
25736448
25736476
25736508
25736539
25736572
25736579
25736604
25736636
25736668
25736699
25736730
25736746
25736763
25736794
25736826
25736858
25736891
25736895
25736923
25736956
25736987
25737019
25737051
25737065
25737085
25737115
25737145
25737177
25737207
25737221
25737240
25737272
25737302
25737333
25737367
25737373
25737396
25737428
25737460
25737493
25737525
25737557
25737589
25737621
25737632
25737652
25737685
25737700
25737717
25737748
25737780
25737812
25737844
25737876
25737908
25737924
25737940
25737972
25738006
25738037
25738067
25738100
25738121
25738132
25738163
25738196
25738228
25738259
25738292
25738294
25738324
25738356
25738388
25738419
25738452
25738483
25738505
25738516
25738547
25738579
25738612
25738632
25738643
25738653
25738676
25738711
25738742
25738767
25738770
25738803
25738835
25738858
25738868
25738898
25738932
25738962
25738994
25739026
25739030
25739058
25739090
25739123
25739154
25739181
25739185
25739217
25739250
25739282
25739313
25739314
25739346
25739377
25739409
25739441
25739472
25739505
25739520
25739536
25739568
25739600
25739619
25739631
25739663
25739695
25739727
25739759
25739780
25739790
25739823
25739855
25739887
25739919
25739951
25739983
25740014
25740038
25740046
25740078
25740110
25740141
25740144
25740173
25740205
25740209
25740210
25740242
25740273
25740301
25740306
25740338
25740369
25740380
25740402
25740434
25740466
25740499
25740531
25740563
25740595
25740597
25740628
25740662
25740694
25740695
25740724
25740756
25740788
25740821
25740838
25740853
25740885
25740918
25740949
25740981
25741013
25741046
25741078
25741110
25741143
25741175
25741207
25741240
25741246
25741272
25741304
25741337
25741369
25741400
25741401
25741434
25741466
25741498
25741531
25741540
25741563
25741595
25741627
25741660
25741661
25741692
25741724
25741756
25741789
25741821
25741853
25741886
25741918
25741950
25741983
25741998
25742015
25742047
25742079
25742111
25742143
25742144
25742176
25742208
25742241
25742272
25742304
25742337
25742338
25742369
25742401
25742434
25742460
25742466
25742498
25742531
25742563
25742595
25742627
25742628
25742660
25742692
25742724
25742757
25742789
25742814
25742821
25742854
25742886
25742918
25742951
25742983
25743015
25743024
25743048
25743080
25743112
25743122
25743145
25743177
25743209
25743240
25743271
25743304
25743309
25743336
25743368
25743399
25743449
25743464
25743495
25743507
25743528
25743560
25743592
25743623
25743654
25743686
25743718
25743748
25743785
25743812
25743839
25743844
25743876
25743907
25743924
25743956
25743968
25743971
25744002
25744035
25744067
25744083
25744098
25744131
25744163
25744194
25744202
25744227
25744263
25744292
25744295
25744322
25744354
25744386
25744389
25744421
25744450
25744482
25744514
25744546
25744578
25744579
25744610
25744642
25744674
25744678
25744706
25744738
25744770
25744802
25744833
25744865
25744866
25744897
25744929
25744961
25744993
25744995
25745025
25745057
25745088
25745120
25745153
25745178
25745185
25745217
25745249
25745281
25745312
25745343
25745344
25745376
25745408
25745439
25745472
25745504
25745536
25745568
25745601
25745632
25745657
25745664
25745695
25745728
25745760
25745791
25745822
25745823
25745855
25745887
25745919
25745951
25745983
25745990
25746015
25746047
25746078
25746109
25746110
25746142
25746174
25746206
25746237
25746269
25746283
25746302
25746334
25746366
25746398
25746430
25746459
25746462
25746494
25746527
25746559
25746586
25746590
25746622
25746654
25746685
25746719
25746748
25746750
25746782
25746814
25746846
25746878
25746910
25746942
25746953
25746974
25747006
25747038
25747052
25747070
25747102
25747134
25747166
25747198
25747229
25747259
25747261
25747293
25747325
25747357
25747389
25747420
25747421
25747453
25747485
25747517
25747533
25747549
25747581
25747613
25747645
25747677
25747699
25747709
25747741
25747773
25747805
25747837
25747869
25747870
25747902
25747932
25747965
25747997
25748029
25748059
25748061
25748093
25748125
25748156
25748187
25748206
25748219
25748251
25748283
25748315
25748347
25748379
25748393
25748410
25748443
25748475
25748507
25748538
25748571
25748575
25748603
25748634
25748649
25748667
25748699
25748731
25748736
25748737
25748768
25748800
25748827
25748832
25748864
25748896
25748929
25748961
25748978
25748994
25749027
25749059
25749072
25749091
25749123
25749155
25749187
25749219
25749251
25749284
25749292
25749315
25749348
25749380
25749412
25749445
25749458
25749477
25749509
25749542
25749569
25749574
25749606
25749639
25749670
25749702
25749735
25749757
25749767
25749800
25749832
25749864
25749895
25749927
25749959
25749991
25750023
25750055
25750080
25750087
25750103
25750119
25750151
25750183
25750215
25750224
25750247
25750280
25750312
25750344
25750376
25750408
25750409
25750441
25750469
25750473
25750506
25750538
25750570
25750603
25750635
25750639
25750667
25750700
25750732
25750764
25750796
25750800
25750828
25750860
25750892
25750925
25750952
25750957
25750990
25751022
25751053
25751085
25751118
25751121
25751149
25751181
25751214
25751246
25751277
25751278
25751311
25751343
25751375
25751408
25751440
25751447
25751472
25751503
25751536
25751568
25751599
25751632
25751664
25751696
25751728
25751760
25751763
25751792
25751824
25751855
25751887
25751914
25751920
25751951
25751983
25752015
25752048
25752080
25752085
25752112
25752144
25752177
25752209
25752242
25752248
25752275
25752306
25752339
25752371
25752403
25752404
25752436
25752468
25752500
25752533
25752565
25752571
25752597
25752629
25752662
25752694
25752726
25752731
25752759
25752791
25752823
25752856
25752888
25752892
25752920
25752953
25752985
25753017
25753050
25753060
25753066
25753097
25753128
25753158
25753189
25753190
25753223
25753254
25753286
25753319
25753351
25753362
25753383
25753414
25753447
25753479
25753511
25753521
25753542
25753573
25753606
25753638
25753670
25753674
25753702
25753736
25753765
25753797
25753830
25753832
25753861
25753893
25753925
25753957
25753988
25753992
25754020
25754053
25754085
25754117
25754149
25754156
25754182
25754214
25754245
25754276
25754308
25754311
25754340
25754372
25754404
25754435
25754467
25754473
25754499
25754531
25754564
25754595
25754627
25754632
25754660
25754692
25754723
25754756
25754787
25754792
25754819
25754851
25754884
25754915
25754946
25754953
25754978
25755011
25755042
25755074
25755106
25755111
25755139
25755171
25755203
25755234
25755256
25755265
25755275
25755296
25755329
25755361
25755392
25755393
25755424
25755455
25755488
25755519
25755551
25755553
25755583
25755615
25755647
25755679
25755712
25755715
25755742
25755775
25755806
25755838
25755870
25755875
25755903
25755934
25755966
25755999
25756027
25756029
25756061
25756093
25756125
25756158
25756189
25756193
25756221
25756252
25756285
25756316
25756349
25756350
25756381
25756413
25756444
25756477
25756508
25756512
25756540
25756571
25756604
25756636
25756662
25756667
25756700
25756731
25756762
25756795
25756827
25756836
25756859
25756890
25756922
25756953
25756985
25757017
25757050
25757081
25757112
25757145
25757150
25757176
25757208
25757240
25757270
25757302
25757304
25757334
25757352
25757366
25757397
25757430
25757431
25757461
25757494
25757526
25757557
25757590
25757592
25757622
25757653
25757686
25757718
25757749
25757751
25757782
25757814
25757845
25757877
25757910
25757914
25757941
25757973
25758006
25758038
25758066
25758069
25758102
25758133
25758165
25758197
25758228
25758230
25758261
25758293
25758326
25758358
25758390
25758393
25758421
25758453
25758485
25758517
25758550
25758552
25758581
25758613
25758645
25758677
25758709
25758711
25758742
25758773
25758805
25758838
25758870
25758901
25758933
25758965
25758996
25759028
25759031
25759060
25759092
25759125
25759157
25759189
25759191
25759220
25759251
25759283
25759315
25759347
25759350
25759379
25759411
25759443
25759475
25759506
25759512
25759539
25759570
25759602
25759632
25759662
25759664
25759696
25759728
25759760
25759793
25759824
25759828
25759855
25759886
25759919
25759950
25759979
25759988
25760011
25760042
25760075
25760107
25760139
25760140
25760170
25760202
25760235
25760266
25760298
25760302
25760330
25760362
25760395
25760426
25760459
25760463
25760491
25760522
25760555
25760587
25760618
25760621
25760650
25760681
25760713
25760745
25760778
25760779
25760809
25760841
25760873
25760904
25760937
25760940
25760968
25760999
25761032
25761064
25761095
25761097
25761128
25761159
25761192
25761223
25761255
25761257
25761287
25761318
25761351
25761383
25761413
25761414
25761447
25761478
25761510
25761543
25761575
25761580
25761607
25761637
25761670
25761700
25761733
25761736
25761764
25761797
25761828
25761861
25761892
25761899
25761925
25761957
25761989
25762020
25762052
25762055
25762085
25762116
25762148
25762180
25762212
25762213
25762244
25762276
25762306
25762338
25762370
25762371
25762402
25762410
25762434
25762466
25762497
25762500
25762528
25762560
25762593
25762625
25762656
25762660
25762689
25762720
25762752
25762785
25762815
25762816
25762848
25762880
25762911
25762944
25762971
25762975
25763007
25763040
25763072
25763104
25763137
25763139
25763165
25763196
25763229
25763260
25763292
25763296
25763324
25763357
25763388
25763419
25763452
25763454
25763484
25763516
25763547
25763580
25763606
25763611
25763643
25763674
25763706
25763738
25763770
25763773
25763802
25763834
25763865
25763898
25763929
25763937
25763961
25763994
25764026
25764058
25764086
25764090
25764121
25764154
25764185
25764217
25764245
25764250
25764281
25764313
25764345
25764377
25764409
25764410
25764441
25764473
25764506
25764537
25764569
25764570
25764601
25764632
25764664
25764696
25764728
25764732
25764759
25764792
25764823
25764855
25764887
25764890
25764919
25764950
25764982
25765015
25765046
25765049
25765078
25765111
25765143
25765175
25765207
25765210
25765239
25765270
25765302
25765334
25765365
25765369
25765398
25765430
25765461
25765493
25765525
25765526
25765558
25765590
25765621
25765653
25765686
25765690
25765717
25765749
25765781
25765813
25765846
25765850
25765877
25765908
25765940
25765971
25766002
25766013
25766034
25766067
25766098
25766131
25766163
25766195
25766227
25766258
25766290
25766322
25766324
25766354
25766387
25766419
25766450
25766482
25766485
25766515
25766547
25766579
25766611
25766641
25766643
25766674
25766707
25766738
25766770
25766802
25766806
25766834
25766867
25766899
25766931
25766963
25766994
25767026
25767058
25767090
25767121
25767122
25767154
25767188
25767219
25767250
25767283
25767287
25767313
25767345
25767377
25767409
25767442
25767444
25767474
25767506
25767538
25767570
25767602
25767633
25767664
25767696
25767728
25767759
25767761
25767793
25767824
25767857
25767889
25767920
25767928
25767952
25767984
25768016
25768049
25768081
25768093
25768113
25768146
25768177
25768208
25768240
25768272
25768304
25768337
25768368
25768396
25768400
25768433
25768465
25768497
25768528
25768559
25768561
25768593
25768625
25768656
25768689
25768721
25768731
25768752
25768784
25768817
25768849
25768881
25768882
25768914
25768946
25768977
25769008
25769041
25769042
25769072
25769105
25769136
25769169
25769201
25769204
25769233
25769265
25769296
25769328
25769361
25769391
25769422
25769455
25769486
25769516
25769518
25769550
25769583
25769614
25769646
25769678
25769686
25769710
25769743
25769775
25769808
25769840
25769846
25769870
25769903
25769934
25769967
25769999
25770005
25770030
25770063
25770094
25770126
25770159
25770162
25770191
25770222
25770255
25770286
25770318
25770321
25770350
25770383
25770414
25770446
25770479
25770511
25770542
25770575
25770607
25770640
25770644
25770672
25770704
25770737
25770767
25770799
25770804
25770831
25770863
25770895
25770925
25770957
25770962
25770989
25771022
25771053
25771084
25771115
25771119
25771148
25771179
25771211
25771244
25771276
25771289
25771308
25771338
25771371
25771403
25771435
25771438
25771468
25771498
25771529
25771562
25771591
25771593
25771626
25771656
25771689
25771720
25771752
25771754
25771785
25771817
25771848
25771880
25771915
25771917
25771947
25771980
25772011
25772043
25772072
25772077
25772104
25772135
25772168
25772199
25772225
25772231
25772263
25772294
25772327
25772359
25772391
25772399
25772422
25772453
25772486
25772518
25772549
25772568
25772581
25772612
25772644
25772676
25772708
25772712
25772739
25772772
25772803
25772835
25772867
25772875
25772876
25772898
25772931
25772963
25772994
25773000
25773026
25773058
25773090
25773123
25773155
25773187
25773199
25773218
25773251
25773282
25773315
25773322
25773347
25773379
25773411
25773442
25773469
25773474
25773507
25773539
25773572
25773604
25773635
25773640
25773666
25773698
25773731
25773763
25773794
25773796
25773826
25773860
25773891
25773921
25773954
25773958
25773986
25774018
25774049
25774081
25774114
25774116
25774145
25774176
25774209
25774241
25774273
25774275
25774304
25774336
25774368
25774401
25774433
25774434
25774465
25774498
25774529
25774561
25774593
25774595
25774625
25774657
25774689
25774721
25774751
25774757
25774784
25774816
25774848
25774879
25774910
25774913
25774941
25774974
25775006
25775037
25775069
25775070
25775102
25775134
25775166
25775197
25775224
25775229
25775262
25775293
25775326
25775357
25775389
25775422
25775454
25775468
25775485
25775518
25775549
25775551
25775581
25775613
25775645
25775677
25775704
25775709
25775741
25775772
25775805
25775836
25775865
25775868
25775900
25775931
25775964
25775995
25776027
25776031
25776058
25776091
25776123
25776155
25776185
25776187
25776219
25776251
25776284
25776315
25776343
25776346
25776378
25776411
25776442
25776474
25776506
25776538
25776570
25776602
25776633
25776662
25776664
25776697
25776729
25776760
25776794
25776823
25776829
25776855
25776886
25776918
25776949
25776981
25776985
25777014
25777047
25777078
25777109
25777141
25777145
25777172
25777205
25777237
25777269
25777299
25777301
25777332
25777365
25777396
25777429
25777461
25777466
25777493
25777525
25777556
25777588
25777621
25777629
25777653
25777687
25777717
25777748
25777781
25777784
25777812
25777844
25777876
25777908
25777941
25777944
25777973
25778004
25778037
25778069
25778101
25778108
25778132
25778164
25778197
25778229
25778261
25778263
25778292
25778324
25778357
25778388
25778421
25778425
25778453
25778485
25778517
25778549
25778580
25778585
25778611
25778643
25778674
25778705
25778737
25778746
25778770
25778802
25778834
25778866
25778898
25778899
25778929
25778961
25778993
25779026
25779058
25779064
25779090
25779121
25779153
25779185
25779217
25779220
25779249
25779281
25779314
25779345
25779377
25779382
25779409
25779440
25779472
25779504
25779535
25779540
25779567
25779598
25779631
25779662
25779695
25779701
25779727
25779758
25779790
25779823
25779853
25779855
25779886
25779918
25779950
25779981
25780014
25780015
25780045
25780077
25780110
25780141
25780173
25780174
25780205
25780237
25780269
25780300
25780332
25780333
25780363
25780395
25780427
25780459
25780491
25780498
25780523
25780555
25780587
25780619
25780649
25780655
25780681
25780713
25780746
25780777
25780809
25780816
25780841
25780872
25780905
25780937
25780969
25780974
25781001
25781033
25781065
25781097
25781129
25781132
25781161
25781193
25781226
25781257
25781284
25781289
25781321
25781352
25781385
25781416
25781446
25781448
25781480
25781510
25781542
25781573
25781604
25781605
25781635
25781668
25781699
25781731
25781763
25781765
25781796
25781828
25781862
25781891
25781923
25781927
25781955
25781986
25782018
25782050
25782079
25782083
25782115
25782147
25782181
25782212
25782241
25782242
25782273
25782306
25782338
25782369
25782400
25782402
25782434
25782466
25782498
25782531
25782563
25782568
25782595
25782627
25782658
25782689
25782721
25782728
25782752
25782784
25782816
25782848
25782880
25782886
25782912
25782943
25782975
25783007
25783039
25783042
25783071
25783104
25783136
25783167
25783198
25783230
25783262
25783294
25783325
25783358
25783359
25783390
25783422
25783454
25783486
25783515
25783518
25783548
25783581
25783613
25783645
25783677
25783682
25783709
25783741
25783773
25783805
25783837
25783840
25783869
25783901
25783932
25783965
25783996
25784002
25784028
25784060
25784092
25784124
25784156
25784157
25784188
25784220
25784252
25784284
25784316
25784322
25784348
25784380
25784412
25784444
25784476
25784483
25784508
25784541
25784572
25784604
25784636
25784644
25784667
25784699
25784732
25784764
25784795
25784798
25784827
25784859
25784890
25784923
25784954
25784958
25784987
25785019
25785050
25785083
25785115
25785118
25785147
25785179
25785211
25785243
25785275
25785278
25785307
25785339
25785371
25785403
25785435
25785438
25785467
25785499
25785530
25785563
25785595
25785599
25785626
25785658
25785691
25785722
25785754
25785757
25785786
25785818
25785850
25785882
25785914
25785917
25785946
25785978
25786010
25786042
25786074
25786078
25786106
25786138
25786170
25786201
25786234
25786237
25786266
25786298
25786330
25786362
25786394
25786404
25786426
25786458
25786490
25786522
25786554
25786558
25786586
25786618
25786650
25786682
25786714
25786717
25786745
25786777
25786808
25786839
25786871
25786876
25786902
25786935
25786966
25786999
25787031
25787041
25787062
25787094
25787127
25787159
25787191
25787202
25787223
25787255
25787287
25787319
25787348
25787351
25787382
25787414
25787446
25787478
25787511
25787516
25787541
25787574
25787606
25787638
25787670
25787673
25787702
25787733
25787766
25787798
25787829
25787839
25787861
25787893
25787925
25787958
25787989
25787992
25788021
25788052
25788085
25788117
25788150
25788160
25788181
25788211
25788243
25788276
25788306
25788316
25788338
25788371
25788403
25788435
25788468
25788476
25788500
25788532
25788565
25788598
25788629
25788633
25788659
25788691
25788721
25788753
25788785
25788791
25788817
25788849
25788881
25788913
25788945
25788950
25788977
25789009
25789041
25789072
25789104
25789107
25789136
25789167
25789200
25789232
25789263
25789272
25789295
25789327
25789358
25789390
25789418
25789423
25789453
25789486
25789518
25789550
25789581
25789583
25789613
25789646
25789678
25789710
25789743
25789756
25789775
25789806
25789838
25789869
25789898
25789901
25789933
25789965
25789999
25790029
25790061
25790076
25790096
25790125
25790157
25790191
25790221
25790252
25790254
25790284
25790320
25790348
25790380
25790392
25790412
25790443
25790475
25790507
25790539
25790551
25790570
25790601
25790634
25790666
25790695
25790697
25790729
25790761
25790792
25790825
25790857
25790861
25790889
25790921
25790953
25790985
25791017
25791021
25791049
25791081
25791112
25791143
25791175
25791181
25791207
25791238
25791271
25791301
25791333
25791335
25791365
25791398
25791430
25791461
25791493
25791500
25791525
25791557
25791588
25791620
25791661
25791670
25791685
25791717
25791748
25791780
25791813
25791815
25791844
25791876
25791908
25791940
25791972
25791981
25792005
25792036
25792068
25792100
25792132
25792140
25792164
25792196
25792228
25792260
25792292
25792296
25792324
25792356
25792388
25792419
25792452
25792456
25792485
25792517
25792549
25792580
25792612
25792613
25792644
25792676
25792708
25792739
25792771
25792772
25792804
25792837
25792868
25792900
25792932
25792945
25792963
25792995
25793027
25793059
25793091
25793096
25793124
25793155
25793187
25793219
25793249
25793251
25793283
25793315
25793347
25793379
25793410
25793411
25793442
25793474
25793506
25793538
25793570
25793579
25793602
25793634
25793666
25793698
25793730
25793732
25793762
25793794
25793826
25793858
25793890
25793893
25793922
25793954
25793986
25794018
25794050
25794057
25794082
25794114
25794145
25794177
25794209
25794211
25794241
25794274
25794305
25794337
25794368
25794371
25794400
25794432
25794464
25794495
25794522
25794527
25794559
25794591
25794624
25794656
25794688
25794689
25794719
25794751
25794783
25794815
25794847
25794850
25794879
25794910
25794941
25794973
25795002
25795005
25795037
25795070
25795101
25795133
25795165
25795177
25795197
25795229
25795262
25795294
25795325
25795336
25795359
25795388
25795420
25795452
25795484
25795487
25795516
25795549
25795580
25795612
25795641
25795649
25795674
25795706
25795738
25795771
25795802
25795803
25795834
25795865
25795896
25795928
25795960
25795993
25796023
25796055
25796087
25796119
25796123
25796151
25796183
25796216
25796247
25796275
25796279
25796312
25796341
25796374
25796405
25796438
25796443
25796470
25796501
25796532
25796565
25796597
25796601
25796629
25796661
25796693
25796725
25796757
25796789
25796821
25796853
25796885
25796916
25796920
25796949
25796981
25797013
25797045
25797076
25797080
25797108
25797140
25797172
25797204
25797237
25797241
25797268
25797300
25797332
25797366
25797396
25797406
25797428
25797461
25797493
25797525
25797556
25797562
25797589
25797620
25797652
25797684
25797716
25797721
25797748
25797780
25797812
25797844
25797875
25797878
25797907
25797939
25797971
25798003
25798029
25798034
25798067
25798099
25798131
25798163
25798195
25798197
25798227
25798259
25798291
25798323
25798355
25798362
25798387
25798418
25798450
25798482
25798514
25798546
25798577
25798609
25798642
25798673
25798680
25798705
25798738
25798769
25798801
25798832
25798837
25798864
25798896
25798928
25798960
25798992
25798996
25799024
25799056
25799088
25799121
25799153
25799185
25799218
25799250
25799282
25799312
25799316
25799343
25799374
25799407
25799439
25799471
25799476
25799503
25799535
25799567
25799599
25799631
25799633
25799663
25799694
25799727
25799759
25799790
25799795
25799822
25799854
25799886
25799918
25799950
25799954
25799982
25800014
25800046
25800080
25800111
25800116
25800144
25800174
25800206
25800239
25800269
25800270
25800302
25800335
25800366
25800398
25800430
25800450
25800462
25800495
25800525
25800556
25800588
25800591
25800620
25800650
25800683
25800715
25800746
25800750
25800778
25800810
25800842
25800873
25800905
25800906
25800938
25800970
25801001
25801033
25801065
25801069
25801097
25801129
25801160
25801191
25801224
25801231
25801255
25801289
25801320
25801352
25801384
25801388
25801416
25801448
25801480
25801512
25801544
25801550
25801576
25801609
25801640
25801670
25801703
25801706
25801736
25801767
25801799
25801832
25801863
25801872
25801895
25801927
25801962
25801989
25802022
25802023
25802054
25802086
25802118
25802150
25802179
25802182
25802214
25802246
25802278
25802310
25802341
25802346
25802373
25802405
25802437
25802468
25802500
25802503
25802532
25802564
25802596
25802628
25802660
25802666
25802692
25802725
25802756
25802787
25802819
25802823
25802851
25802883
25802915
25802948
25802979
25802985
25803011
25803043
25803075
25803107
25803139
25803142
25803172
25803203
25803235
25803267
25803299
25803310
25803331
25803363
25803395
25803427
25803458
25803459
25803491
25803524
25803554
25803587
25803619
25803627
25803651
25803683
25803715
25803747
25803779
25803790
25803809
25803841
25803872
25803904
25803939
25803940
25803968
25804000
25804033
25804065
25804096
25804104
25804128
25804160
25804192
25804225
25804255
25804265
25804288
25804320
25804352
25804384
25804416
25804421
25804448
25804481
25804511
25804544
25804576
25804580
25804608
25804640
25804672
25804704
25804735
25804736
25804768
25804800
25804832
25804863
25804896
25804901
25804928
25804959
25804991
25805023
25805055
25805059
25805087
25805119
25805151
25805183
25805215
25805218
25805247
25805279
25805311
25805343
25805375
25805377
25805407
25805439
25805471
25805502
25805534
25805539
25805565
25805597
25805629
25805661
25805693
25805695
25805725
25805758
25805788
25805820
25805852
25805859
25805884
25805916
25805948
25805979
25806012
25806019
25806044
25806076
25806108
25806141
25806173
25806178
25806204
25806237
25806269
25806299
25806331
25806333
25806363
25806395
25806427
25806459
25806491
25806498
25806523
25806554
25806586
25806617
25806649
25806658
25806681
25806713
25806744
25806778
25806809
25806814
25806842
25806874
25806906
25806939
25806969
25806979
25807001
25807033
25807066
25807097
25807129
25807141
25807161
25807193
25807225
25807257
25807290
25807295
25807321
25807353
25807385
25807414
25807446
25807455
25807478
25807509
25807541
25807573
25807603
25807611
25807635
25807667
25807699
25807732
25807762
25807773
25807794
25807827
25807859
25807891
25807923
25807940
25807955
25807987
25808019
25808051
25808083
25808090
25808115
25808146
25808180
25808210
25808238
25808242
25808274
25808306
25808338
25808370
25808402
25808408
25808433
25808465
25808518
25808530
25808560
25808575
25808592
25808624
25808656
25808688
25808720
25808735
25808752
25808784
25808816
25808848
25808880
25808883
25808913
25808946
25808976
25809008
25809039
25809046
25809072
25809103
25809135
25809167
25809199
25809200
25809231
25809263
25809295
25809327
25809359
25809362
25809391
25809423
25809455
25809487
25809519
25809523
25809550
25809582
25809614
25809646
25809677
25809678
25809710
25809742
25809774
25809805
25809834
25809837
25809869
25809901
25809933
25809965
25809997
25810005
25810029
25810061
25810093
25810125
25810157
25810159
25810189
25810221
25810253
25810285
25810317
25810321
25810349
25810381
25810413
25810445
25810476
25810485
25810508
25810540
25810572
25810605
25810636
25810645
25810668
25810700
25810732
25810763
25810795
25810827
25810859
25810891
25810923
25810953
25810961
25810984
25811017
25811049
25811082
25811113
25811117
25811145
25811177
25811209
25811241
25811271
25811283
25811303
25811335
25811367
25811399
25811430
25811434
25811463
25811495
25811527
25811559
25811590
25811596
25811622
25811654
25811686
25811718
25811750
25811754
25811782
25811814
25811846
25811878
25811909
25811915
25811941
25811973
25812005
25812037
25812069
25812071
25812101
25812133
25812166
25812197
25812229
25812231
25812261
25812293
25812324
25812357
25812389
25812421
25812453
25812485
25812517
25812549
25812581
25812612
25812644
25812676
25812708
25812710
25812740
25812771
25812804
25812835
25812867
25812869
25812899
25812931
25812963
25812995
25813026
25813034
25813059
25813096
25813120
25813151
25813183
25813214
25813245
25813275
25813307
25813339
25813344
25813371
25813403
25813436
25813469
25813498
25813504
25813531
25813563
25813595
25813627
25813659
25813662
25813693
25813721
25813754
25813786
25813817
25813849
25813882
25813913
25813945
25813977
25814008
25814041
25814073
25814104
25814138
25814141
25814169
25814201
25814233
25814264
25814297
25814299
25814329
25814360
25814393
25814425
25814457
25814461
25814489
25814522
25814553
25814586
25814617
25814624
25814649
25814681
25814713
25814745
25814776
25814777
25814808
25814840
25814872
25814905
25814936
25814944
25814968
25815000
25815032
25815064
25815093
25815096
25815128
25815160
25815191
25815223
25815252
25815257
25815285
25815317
25815349
25815380
25815413
25815416
25815445
25815476
25815508
25815540
25815573
25815575
25815604
25815636
25815670
25815703
25815732
25815744
25815763
25815799
25815827
25815860
25815891
25815896
25815922
25815955
25815987
25816020
25816051
25816056
25816082
25816116
25816147
25816179
25816209
25816211
25816243
25816275
25816306
25816338
25816370
25816402
25816434
25816465
25816498
25816530
25816534
25816562
25816593
25816626
25816658
25816690
25816693
25816721
25816753
25816785
25816817
25816849
25816850
25816881
25816913
25816945
25816977
25817009
25817015
25817040
25817073
25817105
25817136
25817169
25817172
25817200
25817232
25817264
25817296
25817326
25817327
25817359
25817391
25817423
25817455
25817483
25817487
25817519
25817551
25817583
25817615
25817646
25817647
25817679
25817711
25817742
25817774
25817806
25817816
25817837
25817870
25817902
25817934
25817966
25817967
25817998
25818030
25818062
25818094
25818127
25818128
25818158
25818190
25818222
25818254
25818286
25818319
25818351
25818382
25818414
25818444
25818453
25818476
25818508
25818543
25818571
25818604
25818619
25818636
25818668
25818700
25818731
25818763
25818775
25818795
25818827
25818859
25818891
25818923
25818928
25818955
25818987
25819019
25819050
25819081
25819092
25819114
25819146
25819178
25819210
25819242
25819274
25819306
25819338
25819370
25819399
25819401
25819434
25819466
25819498
25819530
25819562
25819594
25819627
25819659
25819691
25819722
25819728
25819754
25819785
25819817
25819849
25819881
25819886
25819913
25819944
25819976
25820008
25820039
25820040
25820071
25820102
25820134
25820166
25820198
25820210
25820230
25820262
25820293
25820325
25820357
25820363
25820389
25820422
25820455
25820486
25820515
25820524
25820548
25820580
25820612
25820645
25820677
25820685
25820709
25820740
25820772
25820805
25820835
25820849
25820868
25820900
25820932
25820964
25820996
25821001
25821028
25821060
25821093
25821124
25821160
25821162
25821189
25821222
25821252
25821284
25821315
25821325
25821347
25821380
25821411
25821443
25821475
25821478
25821507
25821538
25821570
25821602
25821634
25821666
25821698
25821730
25821762
25821794
25821807
25821825
25821858
25821890
25821922
25821954
25821986
25822002
25822017
25822049
25822081
25822113
25822118
25822145
25822176
25822208
25822240
25822272
25822276
25822304
25822335
25822368
25822400
25822431
25822433
25822463
25822495
25822527
25822559
25822591
25822594
25822623
25822655
25822687
25822721
25822751
25822754
25822783
25822815
25822847
25822878
25822909
25822910
25822942
25822974
25823005
25823037
25823069
25823080
25823101
25823133
25823165
25823197
25823227
25823229
25823261
25823294
25823325
25823357
25823385
25823389
25823420
25823452
25823484
25823516
25823548
25823554
25823580
25823612
25823643
25823676
25823708
25823711
25823742
25823773
25823805
25823836
25823868
25823871
25823900
25823932
25823964
25823996
25824027
25824030
25824059
25824092
25824125
25824157
25824189
25824190
25824219
25824251
25824283
25824317
25824348
25824362
25824380
25824411
25824443
25824475
25824507
25824522
25824539
25824571
25824601
25824633
25824665
25824674
25824697
25824729
25824761
25824793
25824825
25824857
25824885
25824889
25824921
25824953
25824985
25824991
25825017
25825048
25825081
25825113
25825145
25825157
25825178
25825209
25825242
25825273
25825305
25825318
25825337
25825369
25825401
25825433
25825465
25825497
25825529
25825562
25825594
25825625
25825634
25825658
25825689
25825721
25825753
25825785
25825817
25825849
25825881
25825913
25825945
25825950
25825981
25826009
25826041
25826074
25826106
25826107
25826139
25826170
25826202
25826235
25826264
25826267
25826296
25826328
25826360
25826392
25826423
25826426
25826457
25826488
25826520
25826552
25826584
25826590
25826616
25826648
25826680
25826712
25826744
25826749
25826775
25826808
25826839
25826871
25826898
25826903
25826935
25826967
25826999
25827031
25827055
25827062
25827094
25827126
25827158
25827190
25827221
25827222
25827254
25827285
25827317
25827349
25827378
25827381
25827413
25827445
25827477
25827509
25827541
25827573
25827605
25827637
25827667
25827699
25827704
25827732
25827762
25827793
25827825
25827857
25827859
25827889
25827921
25827953
25827985
25828016
25828023
25828049
25828080
25828112
25828144
25828172
25828176
25828209
25828240
25828272
25828304
25828335
25828336
25828367
25828399
25828430
25828462
25828493
25828494
25828526
25828557
25828588
25828620
25828652
25828654
25828684
25828716
25828748
25828780
25828812
25828821
25828844
25828876
25828908
25828939
25828970
25828971
25829003
25829035
25829067
25829099
25829131
25829137
25829163
25829194
25829226
25829258
25829290
25829293
25829322
25829354
25829387
25829423
25829450
25829459
25829482
25829514
25829546
25829578
25829610
25829624
25829642
25829674
25829706
25829738
25829770
25829776
25829802
25829834
25829866
25829897
25829929
25829933
25829962
25829996
25830026
25830058
25830090
25830093
25830122
25830154
25830186
25830218
25830247
25830250
25830281
25830313
25830345
25830377
25830409
25830414
25830441
25830473
25830504
25830536
25830569
25830571
25830601
25830631
25830661
25830693
25830723
25830726
25830758
25830790
25830827
25830855
25830887
25830890
25830919
25830952
25830984
25831014
25831046
25831055
25831078
25831109
25831141
25831173
25831205
25831209
25831237
25831268
25831300
25831332
25831364
25831365
25831396
25831428
25831460
25831492
25831525
25831557
25831589
25831620
25831652
25831681
25831684
25831715
25831748
25831779
25831811
25831843
25831875
25831907
25831939
25831971
25832003
25832007
25832035
25832067
25832099
25832132
25832164
25832165
25832196
25832227
25832259
25832290
25832320
25832323
25832354
25832386
25832418
25832450
25832482
25832484
25832514
25832546
25832578
25832610
25832638
25832642
25832674
25832706
25832737
25832768
25832794
25832800
25832831
25832863
25832895
25832926
25832958
25832989
25833020
25833052
25833084
25833116
25833121
25833148
25833180
25833212
25833243
25833276
25833279
25833307
25833339
25833371
25833403
25833434
25833466
25833498
25833530
25833562
25833593
25833598
25833624
25833656
25833688
25833719
25833751
25833752
25833784
25833816
25833848
25833880
25833912
25833917
25833944
25833976
25834008
25834040
25834070
25834072
25834104
25834136
25834168
25834200
25834232
25834233
25834264
25834297
25834328
25834360
25834392
25834393
25834423
25834455
25834487
25834519
25834551
25834553
25834583
25834615
25834647
25834679
25834708
25834710
25834743
25834775
25834809
25834839
25834868
25834871
25834903
25834935
25834966
25834999
25835030
25835031
25835063
25835095
25835128
25835159
25835189
25835190
25835222
25835253
25835286
25835318
25835345
25835350
25835381
25835414
25835446
25835479
25835508
25835510
25835541
25835572
25835604
25835635
25835667
25835668
25835700
25835731
25835764
25835796
25835822
25835828
25835861
25835891
25835923
25835955
25835983
25835987
25836019
25836051
25836083
25836115
25836146
25836148
25836179
25836210
25836242
25836274
25836306
25836338
25836370
25836402
25836434
25836466
25836468
25836498
25836530
25836562
25836594
25836626
25836629
25836657
25836689
25836721
25836753
25836785
25836789
25836816
25836849
25836880
25836913
25836945
25836948
25836977
25837010
25837041
25837073
25837105
25837108
25837137
25837168
25837201
25837231
25837263
25837295
25837327
25837358
25837391
25837421
25837423
25837455
25837487
25837519
25837551
25837583
25837599
25837614
25837646
25837679
25837711
25837743
25837744
25837775
25837806
25837837
25837870
25837898
25837902
25837934
25837966
25837997
25838029
25838061
25838062
25838093
25838123
25838155
25838187
25838219
25838221
25838251
25838283
25838315
25838347
25838379
25838380
25838411
25838443
25838474
25838505
25838538
25838571
25838602
25838634
25838666
25838697
25838698
25838730
25838762
25838794
25838826
25838852
25838857
25838890
25838921
25838953
25838985
25839017
25839020
25839049
25839081
25839113
25839145
25839177
25839209
25839242
25839273
25839306
25839338
25839339
25839370
25839403
25839435
25839463
25839496
25839528
25839560
25839592
25839624
25839650
25839656
25839688
25839720
25839753
25839785
25839816
25839819
25839848
25839880
25839912
25839944
25839974
25839976
25840009
25840040
25840072
25840104
25840135
25840136
25840168
25840199
25840230
25840262
25840288
25840294
25840326
25840357
25840390
25840422
25840454
25840486
25840518
25840550
25840581
25840613
25840645
25840678
25840708
25840741
25840773
25840774
25840805
25840837
25840866
25840898
25840928
25840930
25840962
25840994
25841026
25841058
25841091
25841093
25841122
25841154
25841186
25841217
25841248
25841252
25841280
25841313
25841345
25841376
25841407
25841408
25841440
25841472
25841504
25841536
25841563
25841567
25841599
25841630
25841662
25841694
25841720
25841726
25841758
25841789
25841821
25841853
25841880
25841885
25841917
25841949
25841981
25842012
25842038
25842044
25842076
25842108
25842140
25842172
25842203
25842235
25842267
25842297
25842330
25842362
25842365
25842394
25842426
25842458
25842490
25842522
25842554
25842585
25842617
25842649
25842680
25842681
25842712
25842744
25842777
25842809
25842841
25842845
25842873
25842905
25842937
25842967
25842999
25843001
25843031
25843063
25843094
25843126
25843159
25843160
25843190
25843222
25843254
25843286
25843318
25843321
25843349
25843382
25843414
25843446
25843478
25843483
25843510
25843543
25843575
25843606
25843637
25843638
25843670
25843702
25843733
25843766
25843795
25843798
25843830
25843863
25843894
25843926
25843958
25843990
25844022
25844054
25844086
25844119
25844120
25844150
25844182
25844214
25844246
25844276
25844278
25844309
25844342
25844374
25844406
25844430
25844438
25844470
25844502
25844534
25844567
25844598
25844600
25844630
25844663
25844692
25844723
25844752
25844755
25844787
25844819
25844851
25844883
25844914
25844915
25844946
25844978
25845010
25845042
25845070
25845074
25845106
25845137
25845169
25845200
25845232
25845233
25845264
25845296
25845328
25845360
25845391
25845392
25845423
25845454
25845487
25845518
25845550
25845555
25845582
25845614
25845646
25845678
25845710
25845712
25845743
25845774
25845806
25845838
25845870
25845881
25845902
25845934
25845966
25845998
25846029
25846032
25846062
25846094
25846126
25846158
25846190
25846222
25846254
25846260
25846286
25846318
25846348
25846380
25846381
25846412
25846444
25846476
25846508
25846536
25846540
25846572
25846604
25846636
25846668
25846680
25846700
25846732
25846764
25846795
25846828
25846840
25846860
25846891
25846924
25846956
25846988
25847020
25847040
25847052
25847084
25847117
25847148
25847163
25847180
25847212
25847244
25847276
25847308
25847340
25847372
25847381
25847404
25847436
25847468
25847500
25847519
25847533
25847565
25847593
25847626
25847658
25847690
25847722
25847744
25847754
25847786
25847803
25847818
25847850
25847882
25847915
25847946
25847974
25847978
25848010
25848042
25848073
25848105
25848106
25848138
25848169
25848202
25848234
25848261
25848265
25848297
25848329
25848361
25848394
25848426
25848430
25848459
25848489
25848521
25848553
25848580
25848584
25848616
25848648
25848680
25848712
25848744
25848746
25848777
25848808
25848840
25848872
25848901
25848904
25848936
25848968
25849000
25849032
25849064
25849096
25849128
25849160
25849191
25849223
25849224
25849256
25849288
25849320
25849353
25849382
25849383
25849414
25849446
25849478
25849511
25849542
25849544
25849574
25849606
25849638
25849670
25849702
25849703
25849734
25849766
25849798
25849830
25849861
25849863
25849893
25849925
25849956
25849988
25850019
25850020
25850052
25850084
25850116
25850149
25850180
25850186
25850212
25850243
25850276
25850308
25850337
25850340
25850372
25850406
25850436
25850468
25850500
25850504
25850531
25850563
25850595
25850627
25850659
25850663
25850691
25850726
25850755
25850787
25850816
25850819
25850851
25850882
25850917
25850947
25850979
25850986
25851012
25851043
25851074
25851107
25851140
25851169
25851201
25851233
25851265
25851297
25851305
25851329
25851361
25851393
25851425
25851456
25851461
25851489
25851521
25851553
25851585
25851612
25851618
25851649
25851681
25851713
25851745
25851777
25851781
25851809
25851841
25851873
25851906
25851935
25851938
25851970
25852000
25852031
25852063
25852089
25852095
25852127
25852159
25852190
25852220
25852252
25852253
25852285
25852317
25852349
25852380
25852411
25852418
25852443
25852475
25852507
25852540
25852566
25852570
25852603
25852635
25852667
25852699
25852729
25852731
25852763
25852794
25852827
25852859
25852891
25852892
25852923
25852955
25852987
25853019
25853050
25853057
25853083
25853115
25853147
25853179
25853209
25853210
25853243
25853275
25853307
25853338
25853369
25853372
25853402
25853434
25853466
25853498
25853527
25853530
25853562
25853594
25853626
25853658
25853690
25853692
25853721
25853753
25853784
25853816
25853848
25853850
25853880
25853911
25853943
25853975
25854006
25854008
25854039
25854071
25854102
25854134
25854160
25854165
25854197
25854228
25854262
25854292
25854324
25854333
25854355
25854387
25854419
25854451
25854483
25854489
25854515
25854547
25854579
25854611
25854642
25854649
25854675
25854708
25854739
25854771
25854803
25854810
25854835
25854867
25854898
25854934
25854961
25854972
25854993
25855024
25855056
25855088
25855120
25855121
25855152
25855184
25855216
25855248
25855280
25855282
25855312
25855344
25855376
25855408
25855440
25855443
25855473
25855504
25855536
25855568
25855600
25855601
25855633
25855663
25855695
25855727
25855759
25855760
25855790
25855822
25855854
25855886
25855917
25855949
25855980
25856012
25856044
25856076
25856108
25856140
25856172
25856204
25856236
25856267
25856300
25856332
25856364
25856396
25856397
25856429
25856461
25856492
25856525
25856552
25856555
25856588
25856620
25856652
25856683
25856715
25856716
25856748
25856779
25856811
25856843
25856874
25856877
25856907
25856940
25856972
25857003
25857034
25857066
25857097
25857129
25857160
25857191
25857192
25857224
25857256
25857288
25857319
25857351
25857355
25857382
25857415
25857446
25857476
25857508
25857509
25857540
25857576
25857605
25857637
25857670
25857671
25857702
25857732
25857764
25857796
25857828
25857832
25857860
25857893
25857924
25857956
25857988
25857990
25858020
25858052
25858083
25858116
25858147
25858152
25858181
25858212
25858244
25858276
25858305
25858306
25858339
25858370
25858401
25858434
25858466
25858497
25858530
25858562
25858594
25858626
25858627
25858658
25858690
25858722
25858754
25858786
25858787
25858818
25858850
25858882
25858914
25858943
25858946
25858979
25859010
25859042
25859074
25859107
25859109
25859138
25859170
25859201
25859234
25859259
25859266
25859298
25859330
25859360
25859393
25859425
25859427
25859458
25859490
25859522
25859553
25859585
25859587
25859617
25859649
25859682
25859713
25859745
25859750
25859777
25859809
25859841
25859873
25859899
25859905
25859939
25859969
25860001
25860033
25860064
25860065
25860096
25860128
25860160
25860193
25860223
25860224
25860255
25860286
25860318
25860351
25860380
25860381
25860413
25860445
25860476
25860509
25860541
25860572
25860605
25860637
25860668
25860694
25860700
25860732
25860764
25860796
25860827
25860860
25860866
25860892
25860924
25860955
25860985
25861012
25861017
25861049
25861081
25861113
25861146
25861171
25861176
25861208
25861239
25861272
25861304
25861333
25861335
25861368
25861398
25861429
25861461
25861492
25861494
25861525
25861557
25861589
25861621
25861651
25861653
25861685
25861717
25861749
25861781
25861810
25861813
25861845
25861877
25861909
25861941
25861973
25861974
25862006
25862038
25862068
25862101
25862133
25862139
25862165
25862197
25862229
25862261
25862293
25862295
25862325
25862357
25862389
25862420
25862452
25862453
25862485
25862517
25862549
25862581
25862613
25862616
25862645
25862677
25862708
25862739
25862771
25862772
25862803
25862835
25862867
25862899
25862931
25862935
25862963
25862995
25863027
25863059
25863090
25863091
25863122
25863154
25863186
25863218
25863250
25863282
25863314
25863347
25863378
25863404
25863410
25863442
25863473
25863506
25863538
25863570
25863574
25863602
25863635
25863666
25863698
25863729
25863730
25863761
25863793
25863825
25863857
25863889
25863892
25863921
25863953
25863984
25864017
25864049
25864081
25864112
25864145
25864177
25864206
25864209
25864241
25864273
25864305
25864337
25864369
25864401
25864433
25864466
25864497
25864528
25864531
25864559
25864591
25864623
25864655
25864681
25864686
25864718
25864750
25864781
25864814
25864846
25864847
25864878
25864912
25864943
25864974
25865004
25865006
25865038
25865070
25865101
25865133
25865162
25865164
25865197
25865229
25865261
25865293
25865323
25865325
25865357
25865389
25865420
25865453
25865484
25865485
25865517
25865550
25865582
25865614
25865644
25865676
25865709
25865741
25865772
25865802
25865804
25865836
25865868
25865900
25865930
25865962
25865963
25865994
25866025
25866058
25866090
25866121
25866122
25866154
25866186
25866218
25866250
25866275
25866282
25866313
25866345
25866377
25866409
25866441
25866442
25866473
25866505
25866537
25866569
25866601
25866608
25866633
25866665
25866697
25866729
25866756
25866761
25866793
25866824
25866857
25866887
25866917
25866920
25866952
25866984
25867016
25867048
25867079
25867111
25867142
25867174
25867206
25867238
25867247
25867270
25867302
25867334
25867366
25867397
25867403
25867429
25867461
25867493
25867525
25867558
25867561
25867590
25867622
25867652
25867685
25867717
25867732
25867749
25867780
25867811
25867844
25867876
25867887
25867908
25867941
25867974
25868004
25868036
25868043
25868068
25868099
25868131
25868163
25868195
25868202
25868227
25868259
25868291
25868323
25868353
25868355
25868387
25868420
25868450
25868483
25868515
25868518
25868547
25868579
25868611
25868643
25868670
25868674
25868705
25868737
25868769
25868801
25868832
25868835
25868864
25868896
25868928
25868960
25868991
25868999
25869024
25869056
25869088
25869120
25869152
25869184
25869217
25869248
25869280
25869313
25869315
25869344
25869378
25869408
25869440
25869471
25869472
25869504
25869536
25869569
25869599
25869631
25869637
25869663
25869695
25869727
25869759
25869791
25869795
25869823
25869854
25869887
25869919
25869951
25869957
25869983
25870015
25870046
25870078
25870110
25870116
25870141
25870174
25870206
25870238
25870270
25870274
25870302
25870334
25870366
25870398
25870429
25870435
25870461
25870492
25870524
25870557
25870587
25870600
25870620
25870652
25870684
25870716
25870748
25870753
25870781
25870812
25870843
25870876
25870908
25870913
25870940
25870972
25871004
25871036
25871068
25871076
25871100
25871132
25871163
25871195
25871226
25871231
25871258
25871290
25871323
25871355
25871386
25871389
25871419
25871450
25871483
25871514
25871546
25871556
25871578
25871610
25871642
25871673
25871706
25871707
25871738
25871770
25871801
25871833
25871865
25871867
25871897
25871927
25871959
25871991
25872024
25872033
25872055
25872087
25872119
25872151
25872184
25872188
25872215
25872247
25872279
25872311
25872343
25872348
25872375
25872406
25872437
25872469
25872501
25872511
25872531
25872563
25872596
25872628
25872660
25872668
25872692
25872724
25872756
25872788
25872819
25872825
25872850
25872882
25872915
25872947
25872972
25872979
25873012
25873044
25873075
25873107
25873138
25873140
25873172
25873202
25873235
25873268
25873300
25873317
25873334
25873364
25873395
25873427
25873459
25873491
25873523
25873554
25873586
25873619
25873624
25873650
25873682
25873714
25873747
25873778
25873809
25873842
25873874
25873906
25873937
25873942
25873969
25874002
25874034
25874066
25874101
25874102
25874130
25874160
25874194
25874225
25874257
25874259
25874289
25874321
25874353
25874385
25874417
25874422
25874448
25874479
25874511
25874543
25874574
25874584
25874606
25874638
25874670
25874702
25874734
25874740
25874766
25874797
25874828
25874860
25874892
25874899
25874924
25874956
25874988
25875020
25875051
25875083
25875115
25875147
25875179
25875211
25875221
25875243
25875274
25875307
25875339
25875370
25875378
25875404
25875434
25875467
25875496
25875528
25875532
25875560
25875591
25875623
25875655
25875686
25875687
25875719
25875751
25875783
25875815
25875847
25875851
25875878
25875911
25875943
25875975
25876007
25876012
25876039
25876071
25876103
25876135
25876166
25876167
25876199
25876231
25876263
25876295
25876327
25876335
25876359
25876391
25876423
25876455
25876487
25876493
25876519
25876551
25876582
25876615
25876647
25876652
25876678
25876710
25876741
25876771
25876805
25876808
25876837
25876868
25876900
25876934
25876963
25876967
25876995
25877027
25877059
25877091
25877124
25877126
25877154
25877186
25877218
25877250
25877282
25877288
25877313
25877345
25877376
25877408
25877440
25877446
25877471
25877503
25877536
25877567
25877599
25877602
25877631
25877663
25877695
25877726
25877759
25877760
25877790
25877823
25877855
25877887
25877919
25877924
25877951
25877983
25878015
25878047
25878079
25878088
25878111
25878144
25878176
25878208
25878238
25878245
25878269
25878300
25878333
25878364
25878396
25878404
25878427
25878459
25878491
25878523
25878556
25878557
25878587
25878619
25878650
25878683
25878715
25878725
25878747
25878778
25878811
25878843
25878874
25878881
25878906
25878938
25878969
25879001
25879032
25879039
25879064
25879096
25879128
25879160
25879193
25879197
25879224
25879256
25879288
25879320
25879352
25879362
25879385
25879417
25879449
25879480
25879511
25879530
25879543
25879575
25879608
25879640
25879672
25879678
25879703
25879735
25879767
25879800
25879831
25879837
25879863
25879894
25879927
25879959
25879991
25879994
25880023
25880055
25880086
25880118
25880150
25880160
25880181
25880213
25880245
25880277
25880309
25880341
25880371
25880403
25880404
25880434
25880466
25880498
25880530
25880561
25880594
25880600
25880626
25880658
25880690
25880722
25880754
25880786
25880799
25880818
25880850
25880881
25880907
25880913
25880945
25880949
25880977
25881009
25881042
25881073
25881105
25881137
25881169
25881179
25881201
25881233
25881264
25881297
25881328
25881360
25881362
25881392
25881424
25881456
25881488
25881509
25881520
25881552
25881584
25881616
25881635
25881647
25881679
25881712
25881744
25881776
25881807
25881808
25881838
25881871
25881900
25881933
25881965
25881997
25882014
25882029
25882060
25882092
25882125
25882157
25882189
25882211
25882221
25882253
25882284
25882317
25882349
25882381
25882394
25882412
25882444
25882475
25882508
25882540
25882572
25882603
25882635
25882668
25882688
25882699
25882703
25882731
25882763
25882795
25882827
25882859
25882891
25882923
25882955
25882987
25883019
25883031
25883051
25883083
25883115
25883117
25883147
25883179
25883211
25883242
25883243
25883277
25883307
25883338
25883371
25883383
25883402
25883434
25883466
25883498
25883530
25883561
25883587
25883593
25883625
25883657
25883662
25883689
25883721
25883753
25883785
25883817
25883819
25883848
25883880
25883913
25883945
25883977
25884009
25884041
25884073
25884102
25884104
25884133
25884136
25884168
25884199
25884232
25884261
25884264
25884296
25884329
25884360
25884375
25884392
25884424
25884456
25884488
25884506
25884519
25884551
25884583
25884615
25884647
25884679
25884711
25884712
25884745
25884776
25884811
25884839
25884841
25884871
25884904
25884935
25884967
25884985
25884999
25885031
25885063
25885093
25885125
25885143
25885157
25885189
25885221
25885253
25885285
25885316
25885317
25885348
25885380
25885412
25885445
25885476
25885477
25885509
25885542
25885573
25885603
25885627
25885634
25885667
25885699
25885730
25885762
25885780
25885794
25885826
25885856
25885889
25885921
25885952
25885976
25885984
25886016
25886048
25886080
25886112
25886131
25886144
25886176
25886208
25886240
25886272
25886280
25886304
25886336
25886367
25886398
25886431
25886463
25886478
25886494
25886526
25886559
25886591
25886623
25886624
25886654
25886684
25886716
25886749
25886781
25886813
25886845
25886877
25886908
25886909
25886941
25886973
25887005
25887038
25887067
25887070
25887101
25887133
25887165
25887197
25887225
25887229
25887261
25887293
25887326
25887356
25887389
25887421
25887451
25887453
25887485
25887517
25887549
25887581
25887605
25887613
25887645
25887677
25887709
25887740
25887768
25887773
25887805
25887836
25887869
25887901
25887933
25887965
25887985
25887997
25888028
25888029
25888060
25888092
25888124
25888156
25888182
25888188
25888221
25888252
25888285
25888317
25888347
25888365
25888396
25888428
25888461
25888493
25888525
25888526
25888558
25888590
25888621
25888654
25888686
25888695
25888718
25888750
25888782
25888814
25888846
25888878
25888909
25888942
25888974
25889006
25889010
25889039
25889071
25889102
25889135
25889166
25889198
25889207
25889231
25889263
25889295
25889318
25889328
25889360
25889392
25889425
25889457
25889483
25889489
25889521
25889553
25889585
25889618
25889641
25889650
25889682
25889714
25889747
25889779
25889807
25889811
25889843
25889875
25889907
25889940
25889963
25889972
25890004
25890036
25890068
25890101
25890133
25890148
25890164
25890197
25890229
25890261
25890291
25890293
25890326
25890358
25890391
25890423
25890455
25890464
25890487
25890520
25890553
25890584
25890616
25890617
25890648
25890681
25890713
25890745
25890773
25890777
25890810
25890842
25890874
25890907
25890939
25890971
25891004
25891036
25891068
25891091
25891101
25891132
25891164
25891197
25891229
25891261
25891294
25891326
25891358
25891392
25891416
25891423
25891455
25891488
25891520
25891552
25891579
25891585
25891617
25891649
25891682
25891716
25891744
25891746
25891778
25891811
25891843
25891876
25891907
25891909
25891940
25891973
25892005
25892037
25892065
25892070
25892102
25892134
25892167
25892199
25892230
25892231
25892263
25892296
25892327
25892360
25892390
25892392
25892424
25892456
25892486
25892516
25892546
25892549
25892580
25892612
25892645
25892677
25892709
25892723
25892742
25892774
25892806
25892839
25892867
25892871
25892903
25892936
25892967
25892998
25893028
25893031
25893063
25893095
25893127
25893160
25893190
25893192
25893225
25893256
25893288
25893321
25893346
25893353
25893385
25893418
25893450
25893482
25893510
25893515
25893547
25893579
25893612
25893644
25893672
25893676
25893709
25893742
25893773
25893806
25893831
25893838
25893870
25893903
25893935
25893967
25893995
25894000
25894032
25894064
25894097
25894129
25894145
25894161
25894194
25894226
25894258
25894291
25894314
25894323
25894355
25894388
25894420
25894453
25894480
25894485
25894515
25894547
25894580
25894612
25894630
25894644
25894677
25894709
25894741
25894774
25894803
25894805
25894837
25894870
25894901
25894933
25894963
25894966
25894998
25895029
25895061
25895094
25895119
25895126
25895158
25895191
25895223
25895255
25895288
25895289
25895320
25895351
25895384
25895415
25895443
25895446
25895479
25895511
25895543
25895576
25895606
25895608
25895640
25895673
25895705
25895736
25895752
25895769
25895801
25895834
25895866
25895898
25895928
25895930
25895963
25895994
25896026
25896059
25896084
25896091
25896123
25896156
25896188
25896220
25896250
25896253
25896285
25896317
25896350
25896383
25896406
25896414
25896447
25896479
25896511
25896544
25896570
25896576
25896608
25896641
25896672
25896702
25896728
25896735
25896767
25896802
25896832
25896865
25896882
25896896
25896929
25896961
25896993
25897026
25897045
25897058
25897091
25897123
25897155
25897187
25897218
25897220
25897252
25897284
25897317
25897349
25897380
25897413
25897445
25897477
25897510
25897530
25897542
25897574
25897607
25897639
25897671
25897701
25897704
25897736
25897768
25897801
25897833
25897857
25897865
25897898
25897929
25897961
25897995
25898011
25898026
25898058
25898091
25898123
25898155
25898174
25898188
25898220
25898251
25898283
25898315
25898331
25898347
25898380
25898412
25898444
25898476
25898501
25898508
25898540
25898573
25898605
25898637
25898654
25898670
25898702
25898733
25898766
25898798
25898828
25898830
25898863
25898894
25898926
25898959
25898988
25898991
25899023
25899056
25899088
25899120
25899135
25899153
25899185
25899217
25899250
25899282
25899310
25899314
25899347
25899379
25899411
25899444
25899471
25899476
25899508
25899541
25899573
25899605
25899632
25899636
25899668
25899700
25899732
25899767
25899794
25899797
25899829
25899861
25899894
25899926
25899945
25899958
25899991
25900023
25900055
25900086
25900108
25900118
25900151
25900183
25900215
25900247
25900277
25900279
25900311
25900343
25900376
25900408
25900439
25900441
25900473
25900505
25900537
25900571
25900588
25900603
25900634
25900667
25900699
25900731
25900761
25900764
25900795
25900828
25900859
25900890
25900922
25900953
25900985
25901017
25901051
25901075
25901081
25901113
25901145
25901177
25901209
25901235
25901242
25901274
25901306
25901339
25901371
25901400
25901403
25901436
25901468
25901500
25901532
25901548
25901564
25901596
25901629
25901661
25901693
25901709
25901725
25901758
25901790
25901822
25901855
25901874
25901887
25901919
25901952
25901984
25902016
25902036
25902049
25902081
25902113
25902146
25902178
25902207
25902210
25902243
25902275
25902306
25902339
25902367
25902371
25902403
25902436
25902468
25902500
25902533
25902534
25902565
25902597
25902629
25902662
25902681
25902694
25902726
25902759
25902791
25902823
25902854
25902856
25902888
25902920
25902953
25902985
25903018
25903051
25903082
25903114
25903147
25903174
25903178
25903211
25903243
25903275
25903307
25903325
25903340
25903372
25903404
25903437
25903469
25903501
25903534
25903566
25903597
25903630
25903659
25903662
25903694
25903727
25903759
25903791
25903809
25903824
25903856
25903889
25903921
25903953
25903985
25903986
25904021
25904051
25904083
25904116
25904145
25904147
25904179
25904211
25904243
25904276
25904293
25904308
25904341
25904372
25904404
25904436
25904458
25904468
25904500
25904532
25904564
25904597
25904622
25904629
25904661
25904694
25904726
25904758
25904786
25904791
25904823
25904854
25904887
25904919
25904946
25904952
25904983
25905015
25905046
25905079
25905109
25905111
25905143
25905177
25905208
25905240
25905268
25905272
25905304
25905336
25905368
25905400
25905430
25905432
25905465
25905497
25905529
25905563
25905583
25905594
25905625
25905657
25905689
25905721
25905750
25905755
25905786
25905818
25905850
25905882
25905909
25905914
25905948
25905979
25906011
25906044
25906074
25906076
25906108
25906141
25906173
25906205
25906236
25906238
25906270
25906302
25906335
25906367
25906398
25906399
25906432
25906464
25906496
25906529
25906553
25906561
25906593
25906626
25906657
25906689
25906718
25906722
25906754
25906786
25906819
25906851
25906869
25906883
25906916
25906948
25906980
25907013
25907039
25907045
25907077
25907109
25907141
25907173
25907197
25907206
25907238
25907270
25907302
25907334
25907364
25907366
25907398
25907430
25907462
25907495
25907524
25907527
25907559
25907592
25907624
25907656
25907687
25907689
25907720
25907752
25907785
25907817
25907842
25907849
25907881
25907914
25907946
25907978
25908005
25908011
25908043
25908075
25908108
25908140
25908162
25908172
25908205
25908237
25908269
25908302
25908326
25908334
25908366
25908399
25908431
25908463
25908489
25908496
25908528
25908560
25908592
25908625
25908653
25908657
25908690
25908722
25908753
25908785
25908807
25908818
25908850
25908883
25908915
25908947
25908976
25908979
25909012
25909044
25909076
25909109
25909118
25909140
25909172
25909205
25909237
25909269
25909298
25909302
25909334
25909367
25909399
25909431
25909460
25909463
25909496
25909528
25909560
25909592
25909618
25909623
25909654
25909687
25909718
25909750
25909777
25909782
25909814
25909846
25909879
25909910
25909940
25909943
25909975
25910006
25910037
25910070
25910098
25910102
25910134
25910166
25910199
25910231
25910260
25910264
25910296
25910328
25910360
25910393
25910418
25910424
25910457
25910489
25910521
25910553
25910581
25910585
25910618
25910650
25910683
25910715
25910745
25910747
25910780
25910812
25910844
25910877
25910899
25910909
25910941
25910974
25911006
25911037
25911066
25911070
25911102
25911134
25911167
25911199
25911211
25911231
25911264
25911295
25911327
25911360
25911373
25911392
25911424
25911456
25911489
25911521
25911550
25911553
25911586
25911618
25911650
25911683
25911715
25911727
25911747
25911780
25911812
25911844
25911874
25911877
25911909
25911941
25911974
25912006
25912032
25912038
25912071
25912103
25912135
25912168
25912196
25912200
25912232
25912264
25912297
25912329
25912358
25912361
25912394
25912425
25912457
25912490
25912522
25912524
25912554
25912586
25912619
25912650
25912682
25912715
25912747
25912780
25912812
25912845
25912848
25912876
25912908
25912940
25912973
25912997
25913005
25913037
25913068
25913101
25913133
25913160
25913165
25913198
25913230
25913262
25913295
25913327
25913330
25913359
25913392
25913424
25913456
25913478
25913489
25913521
25913553
25913585
25913617
25913649
25913672
25913681
25913713
25913746
25913778
25913809
25913810
25913842
25913875
25913906
25913938
25913958
25913971
25914003
25914035
25914070
25914100
25914131
25914135
25914163
25914195
25914226
25914258
25914278
25914291
25914323
25914355
25914388
25914419
25914451
25914455
25914484
25914516
25914549
25914581
25914612
25914613
25914645
25914678
25914709
25914741
25914767
25914774
25914804
25914836
25914869
25914901
25914933
25914936
25914966
25914998
25915030
25915062
25915089
25915095
25915126
25915158
25915191
25915223
25915255
25915256
25915288
25915320
25915352
25915385
25915417
25915419
25915449
25915482
25915514
25915546
25915573
25915579
25915611
25915643
25915676
25915708
25915740
25915747
25915773
25915805
25915837
25915870
25915902
25915933
25915966
25915998
25916030
25916063
25916072
25916095
25916127
25916160
25916192
25916224
25916243
25916257
25916289
25916321
25916353
25916386
25916413
25916418
25916450
25916483
25916515
25916547
25916580
25916584
25916612
25916644
25916676
25916708
25916710
25916740
25916773
25916805
25916837
25916870
25916874
25916902
25916934
25916967
25916999
25917024
25917031
25917062
25917094
25917126
25917159
25917191
25917194
25917223
25917255
25917287
25917319
25917352
25917357
25917384
25917416
25917448
25917481
25917505
25917515
25917546
25917578
25917610
25917643
25917667
25917675
25917707
25917740
25917772
25917804
25917837
25917840
25917869
25917901
25917934
25917964
25917992
25917996
25918029
25918061
25918093
25918126
25918158
25918162
25918190
25918222
25918255
25918287
25918320
25918321
25918352
25918383
25918416
25918448
25918479
25918480
25918513
25918545
25918577
25918609
25918642
25918646
25918674
25918706
25918739
25918771
25918803
25918807
25918836
25918868
25918900
25918932
25918960
25918964
25918996
25919029
25919061
25919093
25919121
25919126
25919158
25919191
25919223
25919255
25919287
25919320
25919352
25919385
25919417
25919449
25919458
25919481
25919514
25919546
25919578
25919611
25919628
25919643
25919675
25919708
25919740
25919773
25919799
25919805
25919837
25919869
25919902
25919933
25919966
25919967
25919998
25920030
25920061
25920094
25920126
25920137
25920158
25920191
25920223
25920255
25920288
25920308
25920319
25920351
25920384
25920415
25920447
25920477
25920480
25920512
25920544
25920576
25920609
25920641
25920647
25920674
25920706
25920737
25920769
25920802
25920817
25920834
25920867
25920898
25920931
25920963
25920989
25920996
25921028
25921060
25921093
25921125
25921157
25921160
25921189
25921221
25921252
25921285
25921317
25921330
25921349
25921382
25921414
25921446
25921478
25921498
25921510
25921542
25921574
25921607
25921639
25921668
25921671
25921704
25921736
25921768
25921801
25921834
25921838
25921865
25921898
25921930
25921962
25921994
25922012
25922026
25922059
25922091
25922123
25922155
25922183
25922188
25922220
25922252
25922284
25922317
25922349
25922354
25922381
25922413
25922446
25922478
25922510
25922526
25922544
25922575
25922608
25922640
25922672
25922695
25922704
25922737
25922769
25922801
25922834
25922866
25922898
25922930
25922960
25922992
25923025
25923032
25923057
25923088
25923120
25923153
25923185
25923200
25923217
25923249
25923281
25923313
25923346
25923371
25923378
25923410
25923442
25923474
25923504
25923537
25923540
25923569
25923601
25923633
25923666
25923698
25923709
25923730
25923764
25923795
25923827
25923860
25923880
25923892
25923924
25923957
25923989
25924021
25924053
25924085
25924089
25924117
25924118
25924149
25924181
25924213
25924246
25924278
25924310
25924343
25924375
25924407
25924429
25924440
25924472
25924504
25924537
25924569
25924599
25924602
25924633
25924664
25924697
